  
 ----------------
 Bad Element Info
 ----------------
  
 Element         3767
          105.47870829337369        8.3609621086264685        0.0000000000000000     
          105.72309806690083        9.2417716996316202        0.0000000000000000     
          105.37910756055541        9.1146547748640927        0.0000000000000000     
          105.08781950935821        8.7962075013967862        0.0000000000000000     
 Problems:
       Maximum Angle      152.73067381921007     
  
 //////////////////////////////////////////////////
  
 ------------------------
 2D Mesh Quality Measures
 ------------------------
  
Signed Area     Aspect Ratio    Condition       Edge Ratio      Jacobian        Minimum Angle   Maximum Angle   Area Sign       
      9.8611E-01      1.0794E+00      1.0438E+00      1.2188E+00      8.8364E-01      7.6405E+01      1.0284E+02      1.0000E+00
      9.7645E-01      1.0271E+00      1.0075E+00      1.0821E+00      9.4280E-01      8.4547E+01      9.5316E+01      1.0000E+00
      9.8903E-01      1.0131E+00      1.0017E+00      1.0381E+00      9.7396E-01      8.7280E+01      9.2596E+01      1.0000E+00
      9.9638E-01      1.0060E+00      1.0004E+00      1.0176E+00      9.8879E-01      8.8647E+01      9.1252E+01      1.0000E+00
      9.9988E-01      1.0022E+00      1.0001E+00      1.0076E+00      9.9641E-01      8.9490E+01      9.0497E+01      1.0000E+00
      1.0045E+00      1.0018E+00      1.0000E+00      1.0049E+00      1.0010E+00      8.9629E+01      9.0243E+01      1.0000E+00
      1.0137E+00      1.0036E+00      1.0002E+00      1.0072E+00      1.0072E+00      8.8878E+01      9.0768E+01      1.0000E+00
      1.0293E+00      1.0079E+00      1.0007E+00      1.0153E+00      1.0173E+00      8.7800E+01      9.1543E+01      1.0000E+00
      1.0451E+00      1.0116E+00      1.0014E+00      1.0266E+00      1.0293E+00      8.7040E+01      9.2353E+01      1.0000E+00
      9.9169E-01      1.0385E+00      1.0021E+00      1.0633E+00      9.5640E-01      8.7542E+01      9.3002E+01      1.0000E+00
      9.2641E-01      1.0202E+00      1.0008E+00      1.0383E+00      8.9844E-01      8.8742E+01      9.2204E+01      1.0000E+00
      9.3359E-01      1.0178E+00      1.0007E+00      1.0341E+00      9.0358E-01      8.8415E+01      9.2099E+01      1.0000E+00
      1.0057E+00      1.0392E+00      1.0019E+00      1.0627E+00      9.7378E-01      8.7681E+01      9.2472E+01      1.0000E+00
      1.0547E+00      1.0150E+00      1.0018E+00      1.0327E+00      1.0354E+00      8.6634E+01      9.2558E+01      1.0000E+00
      1.0332E+00      1.0101E+00      1.0009E+00      1.0185E+00      1.0200E+00      8.7630E+01      9.1700E+01      1.0000E+00
      1.0154E+00      1.0045E+00      1.0002E+00      1.0077E+00      1.0088E+00      8.8798E+01      9.0894E+01      1.0000E+00
      1.0059E+00      1.0016E+00      1.0000E+00      1.0031E+00      1.0032E+00      8.9511E+01      9.0360E+01      1.0000E+00
      1.0018E+00      1.0005E+00      1.0000E+00      1.0011E+00      1.0009E+00      8.9840E+01      9.0114E+01      1.0000E+00
      1.0005E+00      1.0001E+00      1.0000E+00      1.0003E+00      1.0002E+00      8.9958E+01      9.0029E+01      1.0000E+00
      1.0001E+00      1.0000E+00      1.0000E+00      1.0001E+00      1.0000E+00      8.9991E+01      9.0006E+01      1.0000E+00
      1.0000E+00      1.0000E+00      1.0000E+00      1.0000E+00      1.0000E+00      8.9999E+01      9.0001E+01      1.0000E+00
      1.0000E+00      1.0000E+00      1.0000E+00      1.0000E+00      1.0000E+00      9.0000E+01      9.0000E+01      1.0000E+00
      1.0000E+00      1.0000E+00      1.0000E+00      1.0000E+00      1.0000E+00      9.0000E+01      9.0000E+01      1.0000E+00
      1.0000E+00      1.0000E+00      1.0000E+00      1.0000E+00      1.0000E+00      9.0000E+01      9.0000E+01      1.0000E+00
      1.0000E+00      1.0000E+00      1.0000E+00      1.0000E+00      1.0000E+00      9.0000E+01      9.0000E+01      1.0000E+00
      1.0000E+00      1.0000E+00      1.0000E+00      1.0000E+00      1.0000E+00      9.0000E+01      9.0000E+01      1.0000E+00
      1.0000E+00      1.0000E+00      1.0000E+00      1.0000E+00      1.0000E+00      9.0000E+01      9.0000E+01      1.0000E+00
      1.0000E+00      1.0000E+00      1.0000E+00      1.0000E+00      1.0000E+00      9.0000E+01      9.0000E+01      1.0000E+00
      1.0000E+00      1.0000E+00      1.0000E+00      1.0000E+00      1.0000E+00      9.0000E+01      9.0000E+01      1.0000E+00
      1.0000E+00      1.0000E+00      1.0000E+00      1.0000E+00      1.0000E+00      9.0000E+01      9.0000E+01      1.0000E+00
      1.0000E+00      1.0000E+00      1.0000E+00      1.0000E+00      1.0000E+00      9.0000E+01      9.0000E+01      1.0000E+00
      1.0000E+00      1.0000E+00      1.0000E+00      1.0000E+00      1.0000E+00      9.0000E+01      9.0000E+01      1.0000E+00
      1.0000E+00      1.0000E+00      1.0000E+00      1.0000E+00      1.0000E+00      9.0000E+01      9.0000E+01      1.0000E+00
      1.0000E+00      1.0000E+00      1.0000E+00      1.0000E+00      1.0000E+00      9.0000E+01      9.0000E+01      1.0000E+00
      1.0000E+00      1.0000E+00      1.0000E+00      1.0000E+00      1.0000E+00      9.0000E+01      9.0000E+01      1.0000E+00
      1.0000E+00      1.0000E+00      1.0000E+00      1.0000E+00      1.0000E+00      9.0000E+01      9.0000E+01      1.0000E+00
      1.0000E+00      1.0000E+00      1.0000E+00      1.0000E+00      1.0000E+00      9.0000E+01      9.0000E+01      1.0000E+00
      1.0000E+00      1.0000E+00      1.0000E+00      1.0000E+00      1.0000E+00      9.0000E+01      9.0000E+01      1.0000E+00
      1.0000E+00      1.0000E+00      1.0000E+00      1.0000E+00      1.0000E+00      9.0000E+01      9.0000E+01      1.0000E+00
      1.0000E+00      1.0000E+00      1.0000E+00      1.0000E+00      1.0000E+00      9.0000E+01      9.0000E+01      1.0000E+00
      1.0000E+00      1.0000E+00      1.0000E+00      1.0000E+00      1.0000E+00      9.0000E+01      9.0000E+01      1.0000E+00
      1.0000E+00      1.0000E+00      1.0000E+00      1.0000E+00      1.0000E+00      9.0000E+01      9.0000E+01      1.0000E+00
      1.0000E+00      1.0000E+00      1.0000E+00      1.0000E+00      1.0000E+00      9.0000E+01      9.0000E+01      1.0000E+00
      1.0000E+00      1.0000E+00      1.0000E+00      1.0000E+00      1.0000E+00      9.0000E+01      9.0000E+01      1.0000E+00
      1.0000E+00      1.0000E+00      1.0000E+00      1.0000E+00      1.0000E+00      9.0000E+01      9.0000E+01      1.0000E+00
      1.0000E+00      1.0000E+00      1.0000E+00      1.0000E+00      1.0000E+00      9.0000E+01      9.0000E+01      1.0000E+00
      1.0000E+00      1.0000E+00      1.0000E+00      1.0000E+00      1.0000E+00      9.0000E+01      9.0000E+01      1.0000E+00
      1.0000E+00      1.0000E+00      1.0000E+00      1.0000E+00      1.0000E+00      9.0000E+01      9.0000E+01      1.0000E+00
      1.0000E+00      1.0000E+00      1.0000E+00      1.0000E+00      1.0000E+00      9.0000E+01      9.0000E+01      1.0000E+00
      1.0000E+00      1.0000E+00      1.0000E+00      1.0000E+00      1.0000E+00      9.0000E+01      9.0000E+01      1.0000E+00
      1.0000E+00      1.0000E+00      1.0000E+00      1.0000E+00      1.0000E+00      9.0000E+01      9.0000E+01      1.0000E+00
      1.0000E+00      1.0000E+00      1.0000E+00      1.0000E+00      1.0000E+00      9.0000E+01      9.0000E+01      1.0000E+00
      1.0000E+00      1.0000E+00      1.0000E+00      1.0000E+00      1.0000E+00      9.0000E+01      9.0000E+01      1.0000E+00
      1.0000E+00      1.0000E+00      1.0000E+00      1.0000E+00      1.0000E+00      9.0000E+01      9.0000E+01      1.0000E+00
      1.0000E+00      1.0000E+00      1.0000E+00      1.0000E+00      1.0000E+00      9.0000E+01      9.0000E+01      1.0000E+00
      1.0000E+00      1.0000E+00      1.0000E+00      1.0000E+00      1.0000E+00      9.0000E+01      9.0000E+01      1.0000E+00
      1.0000E+00      1.0000E+00      1.0000E+00      1.0000E+00      1.0000E+00      9.0000E+01      9.0000E+01      1.0000E+00
      1.0000E+00      1.0000E+00      1.0000E+00      1.0000E+00      1.0000E+00      9.0000E+01      9.0000E+01      1.0000E+00
      1.0000E+00      1.0000E+00      1.0000E+00      1.0000E+00      1.0000E+00      9.0000E+01      9.0000E+01      1.0000E+00
      1.0000E+00      1.0000E+00      1.0000E+00      1.0000E+00      1.0000E+00      9.0000E+01      9.0000E+01      1.0000E+00
      1.0000E+00      1.0000E+00      1.0000E+00      1.0000E+00      1.0000E+00      9.0000E+01      9.0000E+01      1.0000E+00
      1.0000E+00      1.0000E+00      1.0000E+00      1.0000E+00      1.0000E+00      9.0000E+01      9.0000E+01      1.0000E+00
      1.0000E+00      1.0000E+00      1.0000E+00      1.0000E+00      1.0000E+00      9.0000E+01      9.0000E+01      1.0000E+00
      1.0000E+00      1.0000E+00      1.0000E+00      1.0000E+00      1.0000E+00      8.9999E+01      9.0001E+01      1.0000E+00
      1.0000E+00      1.0000E+00      1.0000E+00      1.0001E+00      1.0000E+00      8.9998E+01      9.0002E+01      1.0000E+00
      1.0001E+00      1.0001E+00      1.0000E+00      1.0001E+00      1.0001E+00      8.9995E+01      9.0005E+01      1.0000E+00
      1.0002E+00      1.0002E+00      1.0000E+00      1.0003E+00      1.0002E+00      8.9987E+01      9.0013E+01      1.0000E+00
      1.0005E+00      1.0004E+00      1.0000E+00      1.0007E+00      1.0004E+00      8.9969E+01      9.0031E+01      1.0000E+00
      1.0012E+00      1.0010E+00      1.0000E+00      1.0016E+00      1.0009E+00      8.9926E+01      9.0075E+01      1.0000E+00
      1.0026E+00      1.0022E+00      1.0000E+00      1.0036E+00      1.0017E+00      8.9831E+01      9.0175E+01      1.0000E+00
      1.0049E+00      1.0046E+00      1.0001E+00      1.0076E+00      1.0029E+00      8.9622E+01      9.0406E+01      1.0000E+00
      1.0072E+00      1.0087E+00      1.0002E+00      1.0149E+00      1.0027E+00      8.9203E+01      9.0920E+01      1.0000E+00
      1.0024E+00      1.0130E+00      1.0007E+00      1.0254E+00      9.9364E-01      8.8602E+01      9.1891E+01      1.0000E+00
      9.6370E-01      1.0171E+00      1.0019E+00      1.0435E+00      9.4213E-01      8.6707E+01      9.2602E+01      1.0000E+00
      8.0823E-01      1.1080E+00      1.0260E+00      1.2296E+00      6.7390E-01      8.3417E+01      1.0249E+02      1.0000E+00
      6.9903E-01      1.3950E+00      1.1496E+00      1.7383E+00      4.2218E-01      7.0701E+01      1.1879E+02      1.0000E+00
      1.1297E+00      1.0689E+00      1.0066E+00      1.1105E+00      1.0537E+00      8.7096E+01      9.4934E+01      1.0000E+00
      1.0270E+00      1.0215E+00      1.0016E+00      1.0335E+00      1.0163E+00      8.7262E+01      9.2619E+01      1.0000E+00
      1.0188E+00      1.0087E+00      1.0012E+00      1.0197E+00      1.0055E+00      8.7156E+01      9.2442E+01      1.0000E+00
      1.0132E+00      1.0088E+00      1.0005E+00      1.0152E+00      1.0037E+00      8.8221E+01      9.1568E+01      1.0000E+00
      1.0086E+00      1.0055E+00      1.0001E+00      1.0085E+00      1.0038E+00      8.9311E+01      9.0630E+01      1.0000E+00
      1.0104E+00      1.0045E+00      1.0001E+00      1.0072E+00      1.0065E+00      8.9482E+01      9.0405E+01      1.0000E+00
      1.0213E+00      1.0061E+00      1.0004E+00      1.0120E+00      1.0145E+00      8.8468E+01      9.1165E+01      1.0000E+00
      1.0485E+00      1.0101E+00      1.0018E+00      1.0219E+00      1.0308E+00      8.6535E+01      9.2739E+01      1.0000E+00
      1.1435E+00      1.0567E+00      1.0158E+00      1.0957E+00      1.0617E+00      7.9940E+01      9.6444E+01      1.0000E+00
      9.9758E-01      1.1345E+00      1.0313E+00      1.2418E+00      8.8602E-01      7.7466E+01      1.0294E+02      1.0000E+00
      7.9745E-01      1.0600E+00      1.0057E+00      1.0995E+00      7.3835E-01      8.7215E+01      9.5890E+01      1.0000E+00
      8.1866E-01      1.0521E+00      1.0058E+00      1.1057E+00      7.5441E-01      8.6984E+01      9.5983E+01      1.0000E+00
      1.0375E+00      1.1296E+00      1.0283E+00      1.2309E+00      9.2424E-01      7.7962E+01      1.0133E+02      1.0000E+00
      1.1658E+00      1.0641E+00      1.0181E+00      1.1081E+00      1.0749E+00      7.9277E+01      9.6838E+01      1.0000E+00
      1.0537E+00      1.0150E+00      1.0020E+00      1.0262E+00      1.0350E+00      8.6437E+01      9.2978E+01      1.0000E+00
      1.0214E+00      1.0042E+00      1.0004E+00      1.0093E+00      1.0153E+00      8.8450E+01      9.1387E+01      1.0000E+00
      1.0085E+00      1.0015E+00      1.0001E+00      1.0040E+00      1.0059E+00      8.9338E+01      9.0571E+01      1.0000E+00
      1.0029E+00      1.0007E+00      1.0000E+00      1.0017E+00      1.0019E+00      8.9762E+01      9.0193E+01      1.0000E+00
      1.0008E+00      1.0003E+00      1.0000E+00      1.0005E+00      1.0005E+00      8.9931E+01      9.0052E+01      1.0000E+00
      1.0002E+00      1.0001E+00      1.0000E+00      1.0001E+00      1.0001E+00      8.9984E+01      9.0011E+01      1.0000E+00
      1.0000E+00      1.0000E+00      1.0000E+00      1.0000E+00      1.0000E+00      8.9997E+01      9.0002E+01      1.0000E+00
      1.0000E+00      1.0000E+00      1.0000E+00      1.0000E+00      1.0000E+00      9.0000E+01      9.0000E+01      1.0000E+00
      1.0000E+00      1.0000E+00      1.0000E+00      1.0000E+00      1.0000E+00      9.0000E+01      9.0000E+01      1.0000E+00
      1.0000E+00      1.0000E+00      1.0000E+00      1.0000E+00      1.0000E+00      9.0000E+01      9.0000E+01      1.0000E+00
      1.0000E+00      1.0000E+00      1.0000E+00      1.0000E+00      1.0000E+00      9.0000E+01      9.0000E+01      1.0000E+00
      1.0000E+00      1.0000E+00      1.0000E+00      1.0000E+00      1.0000E+00      9.0000E+01      9.0000E+01      1.0000E+00
      1.0000E+00      1.0000E+00      1.0000E+00      1.0000E+00      1.0000E+00      9.0000E+01      9.0000E+01      1.0000E+00
      1.0000E+00      1.0000E+00      1.0000E+00      1.0000E+00      1.0000E+00      9.0000E+01      9.0000E+01      1.0000E+00
      1.0000E+00      1.0000E+00      1.0000E+00      1.0000E+00      1.0000E+00      9.0000E+01      9.0000E+01      1.0000E+00
      1.0000E+00      1.0000E+00      1.0000E+00      1.0000E+00      1.0000E+00      9.0000E+01      9.0000E+01      1.0000E+00
      1.0000E+00      1.0000E+00      1.0000E+00      1.0000E+00      1.0000E+00      9.0000E+01      9.0000E+01      1.0000E+00
      1.0000E+00      1.0000E+00      1.0000E+00      1.0000E+00      1.0000E+00      9.0000E+01      9.0000E+01      1.0000E+00
      1.0000E+00      1.0000E+00      1.0000E+00      1.0000E+00      1.0000E+00      9.0000E+01      9.0000E+01      1.0000E+00
      1.0000E+00      1.0000E+00      1.0000E+00      1.0000E+00      1.0000E+00      9.0000E+01      9.0000E+01      1.0000E+00
      1.0000E+00      1.0000E+00      1.0000E+00      1.0000E+00      1.0000E+00      9.0000E+01      9.0000E+01      1.0000E+00
      1.0000E+00      1.0000E+00      1.0000E+00      1.0000E+00      1.0000E+00      9.0000E+01      9.0000E+01      1.0000E+00
      1.0000E+00      1.0000E+00      1.0000E+00      1.0000E+00      1.0000E+00      9.0000E+01      9.0000E+01      1.0000E+00
      1.0000E+00      1.0000E+00      1.0000E+00      1.0000E+00      1.0000E+00      9.0000E+01      9.0000E+01      1.0000E+00
      1.0000E+00      1.0000E+00      1.0000E+00      1.0000E+00      1.0000E+00      9.0000E+01      9.0000E+01      1.0000E+00
      1.0000E+00      1.0000E+00      1.0000E+00      1.0000E+00      1.0000E+00      9.0000E+01      9.0000E+01      1.0000E+00
      1.0000E+00      1.0000E+00      1.0000E+00      1.0000E+00      1.0000E+00      9.0000E+01      9.0000E+01      1.0000E+00
      1.0000E+00      1.0000E+00      1.0000E+00      1.0000E+00      1.0000E+00      9.0000E+01      9.0000E+01      1.0000E+00
      1.0000E+00      1.0000E+00      1.0000E+00      1.0000E+00      1.0000E+00      9.0000E+01      9.0000E+01      1.0000E+00
      1.0000E+00      1.0000E+00      1.0000E+00      1.0000E+00      1.0000E+00      9.0000E+01      9.0000E+01      1.0000E+00
      1.0000E+00      1.0000E+00      1.0000E+00      1.0000E+00      1.0000E+00      9.0000E+01      9.0000E+01      1.0000E+00
      1.0000E+00      1.0000E+00      1.0000E+00      1.0000E+00      1.0000E+00      9.0000E+01      9.0000E+01      1.0000E+00
      1.0000E+00      1.0000E+00      1.0000E+00      1.0000E+00      1.0000E+00      9.0000E+01      9.0000E+01      1.0000E+00
      1.0000E+00      1.0000E+00      1.0000E+00      1.0000E+00      1.0000E+00      9.0000E+01      9.0000E+01      1.0000E+00
      1.0000E+00      1.0000E+00      1.0000E+00      1.0000E+00      1.0000E+00      9.0000E+01      9.0000E+01      1.0000E+00
      1.0000E+00      1.0000E+00      1.0000E+00      1.0000E+00      1.0000E+00      9.0000E+01      9.0000E+01      1.0000E+00
      1.0000E+00      1.0000E+00      1.0000E+00      1.0000E+00      1.0000E+00      9.0000E+01      9.0000E+01      1.0000E+00
      1.0000E+00      1.0000E+00      1.0000E+00      1.0000E+00      1.0000E+00      9.0000E+01      9.0000E+01      1.0000E+00
      1.0000E+00      1.0000E+00      1.0000E+00      1.0000E+00      1.0000E+00      9.0000E+01      9.0000E+01      1.0000E+00
      1.0000E+00      1.0000E+00      1.0000E+00      1.0000E+00      1.0000E+00      9.0000E+01      9.0000E+01      1.0000E+00
      1.0000E+00      1.0000E+00      1.0000E+00      1.0000E+00      1.0000E+00      9.0000E+01      9.0000E+01      1.0000E+00
      1.0000E+00      1.0000E+00      1.0000E+00      1.0000E+00      1.0000E+00      9.0000E+01      9.0000E+01      1.0000E+00
      1.0000E+00      1.0000E+00      1.0000E+00      1.0000E+00      1.0000E+00      9.0000E+01      9.0000E+01      1.0000E+00
      1.0000E+00      1.0000E+00      1.0000E+00      1.0000E+00      1.0000E+00      9.0000E+01      9.0000E+01      1.0000E+00
      1.0000E+00      1.0000E+00      1.0000E+00      1.0000E+00      1.0000E+00      9.0000E+01      9.0000E+01      1.0000E+00
      1.0000E+00      1.0000E+00      1.0000E+00      1.0000E+00      1.0000E+00      9.0000E+01      9.0000E+01      1.0000E+00
      1.0000E+00      1.0000E+00      1.0000E+00      1.0000E+00      1.0000E+00      9.0000E+01      9.0000E+01      1.0000E+00
      1.0000E+00      1.0000E+00      1.0000E+00      1.0000E+00      1.0000E+00      9.0000E+01      9.0000E+01      1.0000E+00
      1.0000E+00      1.0000E+00      1.0000E+00      1.0000E+00      1.0000E+00      9.0000E+01      9.0000E+01      1.0000E+00
      1.0000E+00      1.0000E+00      1.0000E+00      1.0000E+00      1.0000E+00      8.9999E+01      9.0001E+01      1.0000E+00
      1.0000E+00      1.0000E+00      1.0000E+00      1.0000E+00      1.0000E+00      8.9998E+01      9.0002E+01      1.0000E+00
      1.0000E+00      1.0000E+00      1.0000E+00      1.0001E+00      1.0000E+00      8.9996E+01      9.0004E+01      1.0000E+00
      1.0001E+00      1.0001E+00      1.0000E+00      1.0002E+00      1.0001E+00      8.9990E+01      9.0010E+01      1.0000E+00
      1.0003E+00      1.0003E+00      1.0000E+00      1.0004E+00      1.0002E+00      8.9977E+01      9.0023E+01      1.0000E+00
      1.0006E+00      1.0006E+00      1.0000E+00      1.0009E+00      1.0003E+00      8.9946E+01      9.0054E+01      1.0000E+00
      1.0013E+00      1.0012E+00      1.0000E+00      1.0019E+00      1.0007E+00      8.9881E+01      9.0122E+01      1.0000E+00
      1.0024E+00      1.0023E+00      1.0000E+00      1.0037E+00      1.0014E+00      8.9746E+01      9.0263E+01      1.0000E+00
      1.0039E+00      1.0035E+00      1.0001E+00      1.0061E+00      1.0026E+00      8.9492E+01      9.0533E+01      1.0000E+00
      1.0048E+00      1.0039E+00      1.0002E+00      1.0074E+00      1.0042E+00      8.9006E+01      9.0970E+01      1.0000E+00
      1.0058E+00      1.0102E+00      1.0008E+00      1.0148E+00      9.9612E-01      8.7926E+01      9.2320E+01      1.0000E+00
      1.0315E+00      1.0255E+00      1.0046E+00      1.0489E+00      9.9032E-01      8.6818E+01      9.5446E+01      1.0000E+00
      6.8251E-01      1.2977E+00      1.4593E+00      1.4062E+00      3.6876E-01      6.7046E+01      1.3674E+02      1.0000E+00
      9.7885E-01      1.0220E+00      1.0023E+00      1.0449E+00      9.4517E-01      8.6136E+01      9.1979E+01      1.0000E+00
      1.0411E+00      1.0288E+00      1.0033E+00      1.0406E+00      1.0249E+00      8.5846E+01      9.4090E+01      1.0000E+00
      1.0318E+00      1.0219E+00      1.0014E+00      1.0339E+00      1.0189E+00      8.7442E+01      9.2367E+01      1.0000E+00
      1.0182E+00      1.0119E+00      1.0003E+00      1.0190E+00      1.0117E+00      8.9037E+01      9.0869E+01      1.0000E+00
      1.0142E+00      1.0084E+00      1.0001E+00      1.0142E+00      1.0110E+00      8.9541E+01      9.0494E+01      1.0000E+00
      1.0159E+00      1.0087E+00      1.0004E+00      1.0185E+00      1.0141E+00      8.8858E+01      9.1119E+01      1.0000E+00
      9.9967E-01      1.0336E+00      1.0015E+00      1.0567E+00      9.6894E-01      8.7673E+01      9.1227E+01      1.0000E+00
      8.8244E-01      1.1931E+00      1.0957E+00      1.3903E+00      6.8573E-01      7.3483E+01      1.1242E+02      1.0000E+00
      9.0127E-01      1.1953E+00      1.1014E+00      1.3896E+00      7.0060E-01      7.2755E+01      1.1307E+02      1.0000E+00
      9.9836E-01      1.0330E+00      1.0012E+00      1.0569E+00      9.6261E-01      8.7933E+01      9.2058E+01      1.0000E+00
      1.0109E+00      1.0076E+00      1.0003E+00      1.0101E+00      1.0058E+00      8.8796E+01      9.1189E+01      1.0000E+00
      1.0076E+00      1.0020E+00      1.0001E+00      1.0042E+00      1.0062E+00      8.9426E+01      9.0637E+01      1.0000E+00
      1.0034E+00      1.0008E+00      1.0000E+00      1.0019E+00      1.0027E+00      8.9732E+01      9.0250E+01      1.0000E+00
      1.0011E+00      1.0003E+00      1.0000E+00      1.0008E+00      1.0008E+00      8.9910E+01      9.0076E+01      1.0000E+00
      1.0003E+00      1.0001E+00      1.0000E+00      1.0002E+00      1.0002E+00      8.9977E+01      9.0018E+01      1.0000E+00
      1.0001E+00      1.0000E+00      1.0000E+00      1.0000E+00      1.0000E+00      8.9995E+01      9.0004E+01      1.0000E+00
      1.0000E+00      1.0000E+00      1.0000E+00      1.0000E+00      1.0000E+00      8.9999E+01      9.0001E+01      1.0000E+00
      1.0000E+00      1.0000E+00      1.0000E+00      1.0000E+00      1.0000E+00      9.0000E+01      9.0000E+01      1.0000E+00
      1.0000E+00      1.0000E+00      1.0000E+00      1.0000E+00      1.0000E+00      9.0000E+01      9.0000E+01      1.0000E+00
      1.0000E+00      1.0000E+00      1.0000E+00      1.0000E+00      1.0000E+00      9.0000E+01      9.0000E+01      1.0000E+00
      1.0000E+00      1.0000E+00      1.0000E+00      1.0000E+00      1.0000E+00      9.0000E+01      9.0000E+01      1.0000E+00
      1.0000E+00      1.0000E+00      1.0000E+00      1.0000E+00      1.0000E+00      9.0000E+01      9.0000E+01      1.0000E+00
      1.0000E+00      1.0000E+00      1.0000E+00      1.0000E+00      1.0000E+00      9.0000E+01      9.0000E+01      1.0000E+00
      1.0000E+00      1.0000E+00      1.0000E+00      1.0000E+00      1.0000E+00      9.0000E+01      9.0000E+01      1.0000E+00
      1.0000E+00      1.0000E+00      1.0000E+00      1.0000E+00      1.0000E+00      9.0000E+01      9.0000E+01      1.0000E+00
      1.0000E+00      1.0000E+00      1.0000E+00      1.0000E+00      1.0000E+00      9.0000E+01      9.0000E+01      1.0000E+00
      1.0000E+00      1.0000E+00      1.0000E+00      1.0000E+00      1.0000E+00      9.0000E+01      9.0000E+01      1.0000E+00
      1.0000E+00      1.0000E+00      1.0000E+00      1.0000E+00      1.0000E+00      9.0000E+01      9.0000E+01      1.0000E+00
      1.0000E+00      1.0000E+00      1.0000E+00      1.0000E+00      1.0000E+00      9.0000E+01      9.0000E+01      1.0000E+00
      1.0000E+00      1.0000E+00      1.0000E+00      1.0000E+00      1.0000E+00      9.0000E+01      9.0000E+01      1.0000E+00
      1.0000E+00      1.0000E+00      1.0000E+00      1.0000E+00      1.0000E+00      9.0000E+01      9.0000E+01      1.0000E+00
      1.0000E+00      1.0000E+00      1.0000E+00      1.0000E+00      1.0000E+00      9.0000E+01      9.0000E+01      1.0000E+00
      1.0000E+00      1.0000E+00      1.0000E+00      1.0000E+00      1.0000E+00      9.0000E+01      9.0000E+01      1.0000E+00
      1.0000E+00      1.0000E+00      1.0000E+00      1.0000E+00      1.0000E+00      9.0000E+01      9.0000E+01      1.0000E+00
      1.0000E+00      1.0000E+00      1.0000E+00      1.0000E+00      1.0000E+00      9.0000E+01      9.0000E+01      1.0000E+00
      1.0000E+00      1.0000E+00      1.0000E+00      1.0000E+00      1.0000E+00      9.0000E+01      9.0000E+01      1.0000E+00
      1.0000E+00      1.0000E+00      1.0000E+00      1.0000E+00      1.0000E+00      9.0000E+01      9.0000E+01      1.0000E+00
      1.0000E+00      1.0000E+00      1.0000E+00      1.0000E+00      1.0000E+00      9.0000E+01      9.0000E+01      1.0000E+00
      1.0000E+00      1.0000E+00      1.0000E+00      1.0000E+00      1.0000E+00      9.0000E+01      9.0000E+01      1.0000E+00
      1.0000E+00      1.0000E+00      1.0000E+00      1.0000E+00      1.0000E+00      9.0000E+01      9.0000E+01      1.0000E+00
      1.0000E+00      1.0000E+00      1.0000E+00      1.0000E+00      1.0000E+00      9.0000E+01      9.0000E+01      1.0000E+00
      1.0000E+00      1.0000E+00      1.0000E+00      1.0000E+00      1.0000E+00      9.0000E+01      9.0000E+01      1.0000E+00
      1.0000E+00      1.0000E+00      1.0000E+00      1.0000E+00      1.0000E+00      9.0000E+01      9.0000E+01      1.0000E+00
      1.0000E+00      1.0000E+00      1.0000E+00      1.0000E+00      1.0000E+00      9.0000E+01      9.0000E+01      1.0000E+00
      1.0000E+00      1.0000E+00      1.0000E+00      1.0000E+00      1.0000E+00      9.0000E+01      9.0000E+01      1.0000E+00
      1.0000E+00      1.0000E+00      1.0000E+00      1.0000E+00      1.0000E+00      9.0000E+01      9.0000E+01      1.0000E+00
      1.0000E+00      1.0000E+00      1.0000E+00      1.0000E+00      1.0000E+00      9.0000E+01      9.0000E+01      1.0000E+00
      1.0000E+00      1.0000E+00      1.0000E+00      1.0000E+00      1.0000E+00      9.0000E+01      9.0000E+01      1.0000E+00
      1.0000E+00      1.0000E+00      1.0000E+00      1.0000E+00      1.0000E+00      9.0000E+01      9.0000E+01      1.0000E+00
      1.0000E+00      1.0000E+00      1.0000E+00      1.0000E+00      1.0000E+00      9.0000E+01      9.0000E+01      1.0000E+00
      1.0000E+00      1.0000E+00      1.0000E+00      1.0000E+00      1.0000E+00      9.0000E+01      9.0000E+01      1.0000E+00
      1.0000E+00      1.0000E+00      1.0000E+00      1.0000E+00      1.0000E+00      9.0000E+01      9.0000E+01      1.0000E+00
      1.0000E+00      1.0000E+00      1.0000E+00      1.0000E+00      1.0000E+00      9.0000E+01      9.0000E+01      1.0000E+00
      1.0000E+00      1.0000E+00      1.0000E+00      1.0000E+00      1.0000E+00      9.0000E+01      9.0000E+01      1.0000E+00
      1.0000E+00      1.0000E+00      1.0000E+00      1.0000E+00      1.0000E+00      9.0000E+01      9.0000E+01      1.0000E+00
      1.0000E+00      1.0000E+00      1.0000E+00      1.0000E+00      1.0000E+00      9.0000E+01      9.0000E+01      1.0000E+00
      1.0000E+00      1.0000E+00      1.0000E+00      1.0000E+00      1.0000E+00      9.0000E+01      9.0000E+01      1.0000E+00
      1.0000E+00      1.0000E+00      1.0000E+00      1.0000E+00      1.0000E+00      9.0000E+01      9.0000E+01      1.0000E+00
      1.0000E+00      1.0000E+00      1.0000E+00      1.0000E+00      1.0000E+00      9.0000E+01      9.0000E+01      1.0000E+00
      1.0000E+00      1.0000E+00      1.0000E+00      1.0000E+00      1.0000E+00      8.9999E+01      9.0001E+01      1.0000E+00
      1.0000E+00      1.0000E+00      1.0000E+00      1.0000E+00      1.0000E+00      8.9998E+01      9.0002E+01      1.0000E+00
      1.0000E+00      1.0000E+00      1.0000E+00      1.0001E+00      1.0000E+00      8.9995E+01      9.0005E+01      1.0000E+00
      1.0001E+00      1.0001E+00      1.0000E+00      1.0002E+00      1.0000E+00      8.9989E+01      9.0011E+01      1.0000E+00
      1.0002E+00      1.0002E+00      1.0000E+00      1.0003E+00      1.0001E+00      8.9975E+01      9.0025E+01      1.0000E+00
      1.0006E+00      1.0005E+00      1.0000E+00      1.0008E+00      1.0003E+00      8.9943E+01      9.0056E+01      1.0000E+00
      1.0014E+00      1.0009E+00      1.0000E+00      1.0016E+00      1.0009E+00      8.9869E+01      9.0122E+01      1.0000E+00
      1.0036E+00      1.0014E+00      1.0000E+00      1.0031E+00      1.0029E+00      8.9699E+01      9.0273E+01      1.0000E+00
      1.0098E+00      1.0029E+00      1.0001E+00      1.0067E+00      1.0072E+00      8.9322E+01      9.0762E+01      1.0000E+00
      1.0264E+00      1.0058E+00      1.0005E+00      1.0142E+00      1.0170E+00      8.8549E+01      9.1810E+01      1.0000E+00
      1.0686E+00      1.0168E+00      1.0019E+00      1.0333E+00      1.0465E+00      8.7064E+01      9.3414E+01      1.0000E+00
      6.6872E-01      1.3472E+00      1.5251E+00      1.4905E+00      3.3181E-01      6.6788E+01      1.3901E+02      1.0000E+00
      1.1295E+00      1.1030E+00      1.0236E+00      1.1541E+00      1.0580E+00      7.9275E+01      9.9499E+01      1.0000E+00
      1.0608E+00      1.0424E+00      1.0039E+00      1.0700E+00      1.0400E+00      8.6324E+01      9.3330E+01      1.0000E+00
      1.0287E+00      1.0193E+00      1.0007E+00      1.0332E+00      1.0214E+00      8.8869E+01      9.1028E+01      1.0000E+00
      1.0202E+00      1.0148E+00      1.0004E+00      1.0254E+00      1.0150E+00      8.9359E+01      9.0693E+01      1.0000E+00
      1.0285E+00      1.0286E+00      1.0020E+00      1.0432E+00      1.0149E+00      8.7310E+01      9.2721E+01      1.0000E+00
      1.0537E+00      1.0916E+00      1.0202E+00      1.1254E+00      9.8980E-01      7.9827E+01      9.9974E+01      1.0000E+00
      5.4667E-01      1.4464E+00      1.4349E+00      1.6372E+00      2.9251E-01      6.2261E+01      1.3564E+02      1.0000E+00
      5.6218E-01      1.4439E+00      1.4764E+00      1.6080E+00      3.0300E-01      6.0479E+01      1.3714E+02      1.0000E+00
      1.0303E+00      1.0466E+00      1.0092E+00      1.0857E+00      9.8284E-01      8.2507E+01      9.6874E+01      1.0000E+00
      1.0123E+00      1.0053E+00      1.0006E+00      1.0082E+00      1.0064E+00      8.8090E+01      9.1705E+01      1.0000E+00
      1.0073E+00      1.0011E+00      1.0001E+00      1.0030E+00      1.0063E+00      8.9262E+01      9.0735E+01      1.0000E+00
      1.0037E+00      1.0008E+00      1.0000E+00      1.0020E+00      1.0031E+00      8.9684E+01      9.0309E+01      1.0000E+00
      1.0014E+00      1.0004E+00      1.0000E+00      1.0009E+00      1.0011E+00      8.9885E+01      9.0103E+01      1.0000E+00
      1.0004E+00      1.0001E+00      1.0000E+00      1.0003E+00      1.0003E+00      8.9967E+01      9.0027E+01      1.0000E+00
      1.0001E+00      1.0000E+00      1.0000E+00      1.0001E+00      1.0001E+00      8.9993E+01      9.0006E+01      1.0000E+00
      1.0000E+00      1.0000E+00      1.0000E+00      1.0000E+00      1.0000E+00      8.9999E+01      9.0001E+01      1.0000E+00
      1.0000E+00      1.0000E+00      1.0000E+00      1.0000E+00      1.0000E+00      9.0000E+01      9.0000E+01      1.0000E+00
      1.0000E+00      1.0000E+00      1.0000E+00      1.0000E+00      1.0000E+00      9.0000E+01      9.0000E+01      1.0000E+00
      1.0000E+00      1.0000E+00      1.0000E+00      1.0000E+00      1.0000E+00      9.0000E+01      9.0000E+01      1.0000E+00
      1.0000E+00      1.0000E+00      1.0000E+00      1.0000E+00      1.0000E+00      9.0000E+01      9.0000E+01      1.0000E+00
      1.0000E+00      1.0000E+00      1.0000E+00      1.0000E+00      1.0000E+00      9.0000E+01      9.0000E+01      1.0000E+00
      1.0000E+00      1.0000E+00      1.0000E+00      1.0000E+00      1.0000E+00      9.0000E+01      9.0000E+01      1.0000E+00
      1.0000E+00      1.0000E+00      1.0000E+00      1.0000E+00      1.0000E+00      9.0000E+01      9.0000E+01      1.0000E+00
      1.0000E+00      1.0000E+00      1.0000E+00      1.0000E+00      1.0000E+00      9.0000E+01      9.0000E+01      1.0000E+00
      1.0000E+00      1.0000E+00      1.0000E+00      1.0000E+00      1.0000E+00      9.0000E+01      9.0000E+01      1.0000E+00
      1.0000E+00      1.0000E+00      1.0000E+00      1.0000E+00      1.0000E+00      9.0000E+01      9.0000E+01      1.0000E+00
      1.0000E+00      1.0000E+00      1.0000E+00      1.0000E+00      1.0000E+00      9.0000E+01      9.0000E+01      1.0000E+00
      1.0000E+00      1.0000E+00      1.0000E+00      1.0000E+00      1.0000E+00      9.0000E+01      9.0000E+01      1.0000E+00
      1.0000E+00      1.0000E+00      1.0000E+00      1.0000E+00      1.0000E+00      9.0000E+01      9.0000E+01      1.0000E+00
      1.0000E+00      1.0000E+00      1.0000E+00      1.0000E+00      1.0000E+00      9.0000E+01      9.0000E+01      1.0000E+00
      1.0000E+00      1.0000E+00      1.0000E+00      1.0000E+00      1.0000E+00      9.0000E+01      9.0000E+01      1.0000E+00
      1.0000E+00      1.0000E+00      1.0000E+00      1.0000E+00      1.0000E+00      9.0000E+01      9.0000E+01      1.0000E+00
      1.0000E+00      1.0000E+00      1.0000E+00      1.0000E+00      1.0000E+00      9.0000E+01      9.0000E+01      1.0000E+00
      1.0000E+00      1.0000E+00      1.0000E+00      1.0000E+00      1.0000E+00      9.0000E+01      9.0000E+01      1.0000E+00
      1.0000E+00      1.0000E+00      1.0000E+00      1.0000E+00      1.0000E+00      9.0000E+01      9.0000E+01      1.0000E+00
      1.0000E+00      1.0000E+00      1.0000E+00      1.0000E+00      1.0000E+00      9.0000E+01      9.0000E+01      1.0000E+00
      1.0000E+00      1.0000E+00      1.0000E+00      1.0000E+00      1.0000E+00      9.0000E+01      9.0000E+01      1.0000E+00
      1.0000E+00      1.0000E+00      1.0000E+00      1.0000E+00      1.0000E+00      9.0000E+01      9.0000E+01      1.0000E+00
      1.0000E+00      1.0000E+00      1.0000E+00      1.0000E+00      1.0000E+00      9.0000E+01      9.0000E+01      1.0000E+00
      1.0000E+00      1.0000E+00      1.0000E+00      1.0000E+00      1.0000E+00      9.0000E+01      9.0000E+01      1.0000E+00
      1.0000E+00      1.0000E+00      1.0000E+00      1.0000E+00      1.0000E+00      9.0000E+01      9.0000E+01      1.0000E+00
      1.0000E+00      1.0000E+00      1.0000E+00      1.0000E+00      1.0000E+00      9.0000E+01      9.0000E+01      1.0000E+00
      1.0000E+00      1.0000E+00      1.0000E+00      1.0000E+00      1.0000E+00      9.0000E+01      9.0000E+01      1.0000E+00
      1.0000E+00      1.0000E+00      1.0000E+00      1.0000E+00      1.0000E+00      9.0000E+01      9.0000E+01      1.0000E+00
      1.0000E+00      1.0000E+00      1.0000E+00      1.0000E+00      1.0000E+00      9.0000E+01      9.0000E+01      1.0000E+00
      1.0000E+00      1.0000E+00      1.0000E+00      1.0000E+00      1.0000E+00      9.0000E+01      9.0000E+01      1.0000E+00
      1.0000E+00      1.0000E+00      1.0000E+00      1.0000E+00      1.0000E+00      9.0000E+01      9.0000E+01      1.0000E+00
      1.0000E+00      1.0000E+00      1.0000E+00      1.0000E+00      1.0000E+00      9.0000E+01      9.0000E+01      1.0000E+00
      1.0000E+00      1.0000E+00      1.0000E+00      1.0000E+00      1.0000E+00      9.0000E+01      9.0000E+01      1.0000E+00
      1.0000E+00      1.0000E+00      1.0000E+00      1.0000E+00      1.0000E+00      9.0000E+01      9.0000E+01      1.0000E+00
      1.0000E+00      1.0000E+00      1.0000E+00      1.0000E+00      1.0000E+00      9.0000E+01      9.0000E+01      1.0000E+00
      1.0000E+00      1.0000E+00      1.0000E+00      1.0000E+00      1.0000E+00      9.0000E+01      9.0000E+01      1.0000E+00
      1.0000E+00      1.0000E+00      1.0000E+00      1.0000E+00      1.0000E+00      9.0000E+01      9.0000E+01      1.0000E+00
      1.0000E+00      1.0000E+00      1.0000E+00      1.0000E+00      1.0000E+00      9.0000E+01      9.0000E+01      1.0000E+00
      1.0000E+00      1.0000E+00      1.0000E+00      1.0000E+00      1.0000E+00      9.0000E+01      9.0000E+01      1.0000E+00
      1.0000E+00      1.0000E+00      1.0000E+00      1.0000E+00      1.0000E+00      9.0000E+01      9.0000E+01      1.0000E+00
      1.0000E+00      1.0000E+00      1.0000E+00      1.0000E+00      1.0000E+00      9.0000E+01      9.0000E+01      1.0000E+00
      1.0000E+00      1.0000E+00      1.0000E+00      1.0000E+00      1.0000E+00      9.0000E+01      9.0000E+01      1.0000E+00
      1.0000E+00      1.0000E+00      1.0000E+00      1.0000E+00      1.0000E+00      9.0000E+01      9.0000E+01      1.0000E+00
      1.0000E+00      1.0000E+00      1.0000E+00      1.0000E+00      1.0000E+00      8.9999E+01      9.0001E+01      1.0000E+00
      1.0000E+00      1.0000E+00      1.0000E+00      1.0000E+00      1.0000E+00      8.9999E+01      9.0001E+01      1.0000E+00
      1.0000E+00      1.0000E+00      1.0000E+00      1.0000E+00      1.0000E+00      8.9996E+01      9.0003E+01      1.0000E+00
      1.0001E+00      1.0001E+00      1.0000E+00      1.0001E+00      1.0000E+00      8.9991E+01      9.0008E+01      1.0000E+00
      1.0003E+00      1.0002E+00      1.0000E+00      1.0003E+00      1.0002E+00      8.9978E+01      9.0019E+01      1.0000E+00
      1.0010E+00      1.0004E+00      1.0000E+00      1.0009E+00      1.0008E+00      8.9941E+01      9.0048E+01      1.0000E+00
      1.0035E+00      1.0010E+00      1.0000E+00      1.0025E+00      1.0030E+00      8.9835E+01      9.0161E+01      1.0000E+00
      1.0110E+00      1.0029E+00      1.0001E+00      1.0071E+00      1.0090E+00      8.9568E+01      9.0471E+01      1.0000E+00
      1.0293E+00      1.0062E+00      1.0003E+00      1.0160E+00      1.0235E+00      8.9041E+01      9.1074E+01      1.0000E+00
      1.0628E+00      1.0088E+00      1.0007E+00      1.0255E+00      1.0524E+00      8.8373E+01      9.1726E+01      1.0000E+00
      1.1159E+00      1.1066E+00      1.0154E+00      1.1745E+00      1.0702E+00      8.6060E+01      9.4243E+01      1.0000E+00
      1.0638E+00      1.0406E+00      1.0027E+00      1.0766E+00      1.0573E+00      8.9086E+01      9.0836E+01      1.0000E+00
      1.0307E+00      1.0183E+00      1.0007E+00      1.0362E+00      1.0299E+00      8.9582E+01      9.0435E+01      1.0000E+00
      1.0187E+00      1.0156E+00      1.0005E+00      1.0303E+00      1.0148E+00      8.9804E+01      9.0349E+01      1.0000E+00
      1.0225E+00      1.0314E+00      1.0015E+00      1.0517E+00      1.0077E+00      8.8818E+01      9.1383E+01      1.0000E+00
      1.0510E+00      1.0907E+00      1.0139E+00      1.1251E+00      9.8390E-01      8.2318E+01      9.7052E+01      1.0000E+00
      9.8462E-01      1.0723E+00      1.0225E+00      1.1816E+00      8.9661E-01      7.9954E+01      9.9240E+01      1.0000E+00
      9.8881E-01      1.0171E+00      1.0012E+00      1.0460E+00      9.6562E-01      8.8131E+01      9.1978E+01      1.0000E+00
      1.0003E+00      1.0046E+00      1.0001E+00      1.0110E+00      9.9462E-01      8.9403E+01      9.0577E+01      1.0000E+00
      1.0026E+00      1.0013E+00      1.0000E+00      1.0020E+00      1.0013E+00      8.9707E+01      9.0324E+01      1.0000E+00
      1.0015E+00      1.0003E+00      1.0000E+00      1.0008E+00      1.0013E+00      8.9876E+01      9.0129E+01      1.0000E+00
      1.0006E+00      1.0002E+00      1.0000E+00      1.0004E+00      1.0004E+00      8.9955E+01      9.0039E+01      1.0000E+00
      1.0001E+00      1.0001E+00      1.0000E+00      1.0001E+00      1.0001E+00      8.9988E+01      9.0009E+01      1.0000E+00
      1.0000E+00      1.0000E+00      1.0000E+00      1.0000E+00      1.0000E+00      8.9998E+01      9.0002E+01      1.0000E+00
      1.0000E+00      1.0000E+00      1.0000E+00      1.0000E+00      1.0000E+00      9.0000E+01      9.0000E+01      1.0000E+00
      1.0000E+00      1.0000E+00      1.0000E+00      1.0000E+00      1.0000E+00      9.0000E+01      9.0000E+01      1.0000E+00
      1.0000E+00      1.0000E+00      1.0000E+00      1.0000E+00      1.0000E+00      9.0000E+01      9.0000E+01      1.0000E+00
      1.0000E+00      1.0000E+00      1.0000E+00      1.0000E+00      1.0000E+00      9.0000E+01      9.0000E+01      1.0000E+00
      1.0000E+00      1.0000E+00      1.0000E+00      1.0000E+00      1.0000E+00      9.0000E+01      9.0000E+01      1.0000E+00
      1.0000E+00      1.0000E+00      1.0000E+00      1.0000E+00      1.0000E+00      9.0000E+01      9.0000E+01      1.0000E+00
      1.0000E+00      1.0000E+00      1.0000E+00      1.0000E+00      1.0000E+00      9.0000E+01      9.0000E+01      1.0000E+00
      1.0000E+00      1.0000E+00      1.0000E+00      1.0000E+00      1.0000E+00      9.0000E+01      9.0000E+01      1.0000E+00
      1.0000E+00      1.0000E+00      1.0000E+00      1.0000E+00      1.0000E+00      9.0000E+01      9.0000E+01      1.0000E+00
      1.0000E+00      1.0000E+00      1.0000E+00      1.0000E+00      1.0000E+00      9.0000E+01      9.0000E+01      1.0000E+00
      1.0000E+00      1.0000E+00      1.0000E+00      1.0000E+00      1.0000E+00      9.0000E+01      9.0000E+01      1.0000E+00
      1.0000E+00      1.0000E+00      1.0000E+00      1.0000E+00      1.0000E+00      9.0000E+01      9.0000E+01      1.0000E+00
      1.0000E+00      1.0000E+00      1.0000E+00      1.0000E+00      1.0000E+00      9.0000E+01      9.0000E+01      1.0000E+00
      1.0000E+00      1.0000E+00      1.0000E+00      1.0000E+00      1.0000E+00      9.0000E+01      9.0000E+01      1.0000E+00
      1.0000E+00      1.0000E+00      1.0000E+00      1.0000E+00      1.0000E+00      9.0000E+01      9.0000E+01      1.0000E+00
      1.0000E+00      1.0000E+00      1.0000E+00      1.0000E+00      1.0000E+00      9.0000E+01      9.0000E+01      1.0000E+00
      1.0000E+00      1.0000E+00      1.0000E+00      1.0000E+00      1.0000E+00      9.0000E+01      9.0000E+01      1.0000E+00
      1.0000E+00      1.0000E+00      1.0000E+00      1.0000E+00      1.0000E+00      9.0000E+01      9.0000E+01      1.0000E+00
      1.0000E+00      1.0000E+00      1.0000E+00      1.0000E+00      1.0000E+00      9.0000E+01      9.0000E+01      1.0000E+00
      1.0000E+00      1.0000E+00      1.0000E+00      1.0000E+00      1.0000E+00      9.0000E+01      9.0000E+01      1.0000E+00
      1.0000E+00      1.0000E+00      1.0000E+00      1.0000E+00      1.0000E+00      9.0000E+01      9.0000E+01      1.0000E+00
      1.0000E+00      1.0000E+00      1.0000E+00      1.0000E+00      1.0000E+00      9.0000E+01      9.0000E+01      1.0000E+00
      1.0000E+00      1.0000E+00      1.0000E+00      1.0000E+00      1.0000E+00      9.0000E+01      9.0000E+01      1.0000E+00
      1.0000E+00      1.0000E+00      1.0000E+00      1.0000E+00      1.0000E+00      9.0000E+01      9.0000E+01      1.0000E+00
      1.0000E+00      1.0000E+00      1.0000E+00      1.0000E+00      1.0000E+00      9.0000E+01      9.0000E+01      1.0000E+00
      1.0000E+00      1.0000E+00      1.0000E+00      1.0000E+00      1.0000E+00      9.0000E+01      9.0000E+01      1.0000E+00
      1.0000E+00      1.0000E+00      1.0000E+00      1.0000E+00      1.0000E+00      9.0000E+01      9.0000E+01      1.0000E+00
      1.0000E+00      1.0000E+00      1.0000E+00      1.0000E+00      1.0000E+00      9.0000E+01      9.0000E+01      1.0000E+00
      1.0000E+00      1.0000E+00      1.0000E+00      1.0000E+00      1.0000E+00      9.0000E+01      9.0000E+01      1.0000E+00
      1.0000E+00      1.0000E+00      1.0000E+00      1.0000E+00      1.0000E+00      9.0000E+01      9.0000E+01      1.0000E+00
      1.0000E+00      1.0000E+00      1.0000E+00      1.0000E+00      1.0000E+00      9.0000E+01      9.0000E+01      1.0000E+00
      1.0000E+00      1.0000E+00      1.0000E+00      1.0000E+00      1.0000E+00      9.0000E+01      9.0000E+01      1.0000E+00
      1.0000E+00      1.0000E+00      1.0000E+00      1.0000E+00      1.0000E+00      9.0000E+01      9.0000E+01      1.0000E+00
      1.0000E+00      1.0000E+00      1.0000E+00      1.0000E+00      1.0000E+00      9.0000E+01      9.0000E+01      1.0000E+00
      1.0000E+00      1.0000E+00      1.0000E+00      1.0000E+00      1.0000E+00      9.0000E+01      9.0000E+01      1.0000E+00
      1.0000E+00      1.0000E+00      1.0000E+00      1.0000E+00      1.0000E+00      9.0000E+01      9.0000E+01      1.0000E+00
      1.0000E+00      1.0000E+00      1.0000E+00      1.0000E+00      1.0000E+00      9.0000E+01      9.0000E+01      1.0000E+00
      1.0000E+00      1.0000E+00      1.0000E+00      1.0000E+00      1.0000E+00      9.0000E+01      9.0000E+01      1.0000E+00
      1.0000E+00      1.0000E+00      1.0000E+00      1.0000E+00      1.0000E+00      9.0000E+01      9.0000E+01      1.0000E+00
      1.0000E+00      1.0000E+00      1.0000E+00      1.0000E+00      1.0000E+00      9.0000E+01      9.0000E+01      1.0000E+00
      1.0000E+00      1.0000E+00      1.0000E+00      1.0000E+00      1.0000E+00      9.0000E+01      9.0000E+01      1.0000E+00
      1.0000E+00      1.0000E+00      1.0000E+00      1.0000E+00      1.0000E+00      9.0000E+01      9.0000E+01      1.0000E+00
      1.0000E+00      1.0000E+00      1.0000E+00      1.0000E+00      1.0000E+00      9.0000E+01      9.0000E+01      1.0000E+00
      1.0000E+00      1.0000E+00      1.0000E+00      1.0000E+00      1.0000E+00      9.0000E+01      9.0000E+01      1.0000E+00
      1.0000E+00      1.0000E+00      1.0000E+00      1.0000E+00      1.0000E+00      9.0000E+01      9.0000E+01      1.0000E+00
      1.0000E+00      1.0000E+00      1.0000E+00      1.0000E+00      1.0000E+00      8.9999E+01      9.0001E+01      1.0000E+00
      1.0000E+00      1.0000E+00      1.0000E+00      1.0000E+00      1.0000E+00      8.9998E+01      9.0002E+01      1.0000E+00
      1.0002E+00      1.0001E+00      1.0000E+00      1.0002E+00      1.0001E+00      8.9993E+01      9.0006E+01      1.0000E+00
      1.0008E+00      1.0003E+00      1.0000E+00      1.0007E+00      1.0007E+00      8.9975E+01      9.0023E+01      1.0000E+00
      1.0032E+00      1.0011E+00      1.0000E+00      1.0025E+00      1.0029E+00      8.9916E+01      9.0084E+01      1.0000E+00
      1.0104E+00      1.0034E+00      1.0000E+00      1.0077E+00      1.0092E+00      8.9762E+01      9.0250E+01      1.0000E+00
      1.0268E+00      1.0079E+00      1.0002E+00      1.0182E+00      1.0239E+00      8.9476E+01      9.0555E+01      1.0000E+00
      1.0529E+00      1.0137E+00      1.0006E+00      1.0315E+00      1.0483E+00      8.9210E+01      9.0810E+01      1.0000E+00
      1.1145E+00      1.0932E+00      1.0142E+00      1.1526E+00      1.0789E+00      8.4363E+01      9.5576E+01      1.0000E+00
      1.0622E+00      1.0350E+00      1.0023E+00      1.0677E+00      1.0595E+00      8.8938E+01      9.1085E+01      1.0000E+00
      1.0302E+00      1.0174E+00      1.0006E+00      1.0349E+00      1.0291E+00      8.9598E+01      9.0450E+01      1.0000E+00
      1.0140E+00      1.0131E+00      1.0005E+00      1.0298E+00      1.0103E+00      8.9595E+01      9.0414E+01      1.0000E+00
      9.9638E-01      1.0186E+00      1.0011E+00      1.0474E+00      9.8579E-01      8.9332E+01      9.0723E+01      1.0000E+00
      9.2839E-01      1.0305E+00      1.0041E+00      1.0917E+00      8.9405E-01      8.8145E+01      9.2355E+01      1.0000E+00
      7.6322E-01      1.1217E+00      1.0376E+00      1.2573E+00      6.5323E-01      8.4049E+01      1.0404E+02      1.0000E+00
      9.4596E-01      1.0256E+00      1.0011E+00      1.0469E+00      9.2797E-01      8.8689E+01      9.0883E+01      1.0000E+00
      9.9231E-01      1.0051E+00      1.0001E+00      1.0090E+00      9.8970E-01      8.9229E+01      9.0688E+01      1.0000E+00
      1.0019E+00      1.0003E+00      1.0000E+00      1.0006E+00      1.0017E+00      8.9590E+01      9.0403E+01      1.0000E+00
      1.0021E+00      1.0005E+00      1.0000E+00      1.0011E+00      1.0015E+00      8.9784E+01      9.0183E+01      1.0000E+00
      1.0009E+00      1.0003E+00      1.0000E+00      1.0006E+00      1.0006E+00      8.9916E+01      9.0065E+01      1.0000E+00
      1.0003E+00      1.0001E+00      1.0000E+00      1.0002E+00      1.0002E+00      8.9975E+01      9.0018E+01      1.0000E+00
      1.0001E+00      1.0000E+00      1.0000E+00      1.0001E+00      1.0000E+00      8.9994E+01      9.0004E+01      1.0000E+00
      1.0000E+00      1.0000E+00      1.0000E+00      1.0000E+00      1.0000E+00      8.9999E+01      9.0001E+01      1.0000E+00
      1.0000E+00      1.0000E+00      1.0000E+00      1.0000E+00      1.0000E+00      9.0000E+01      9.0000E+01      1.0000E+00
      1.0000E+00      1.0000E+00      1.0000E+00      1.0000E+00      1.0000E+00      9.0000E+01      9.0000E+01      1.0000E+00
      1.0000E+00      1.0000E+00      1.0000E+00      1.0000E+00      1.0000E+00      9.0000E+01      9.0000E+01      1.0000E+00
      1.0000E+00      1.0000E+00      1.0000E+00      1.0000E+00      1.0000E+00      9.0000E+01      9.0000E+01      1.0000E+00
      1.0000E+00      1.0000E+00      1.0000E+00      1.0000E+00      1.0000E+00      9.0000E+01      9.0000E+01      1.0000E+00
      1.0000E+00      1.0000E+00      1.0000E+00      1.0000E+00      1.0000E+00      9.0000E+01      9.0000E+01      1.0000E+00
      1.0000E+00      1.0000E+00      1.0000E+00      1.0000E+00      1.0000E+00      9.0000E+01      9.0000E+01      1.0000E+00
      1.0000E+00      1.0000E+00      1.0000E+00      1.0000E+00      1.0000E+00      9.0000E+01      9.0000E+01      1.0000E+00
      1.0000E+00      1.0000E+00      1.0000E+00      1.0000E+00      1.0000E+00      9.0000E+01      9.0000E+01      1.0000E+00
      1.0000E+00      1.0000E+00      1.0000E+00      1.0000E+00      1.0000E+00      9.0000E+01      9.0000E+01      1.0000E+00
      1.0000E+00      1.0000E+00      1.0000E+00      1.0000E+00      1.0000E+00      9.0000E+01      9.0000E+01      1.0000E+00
      1.0000E+00      1.0000E+00      1.0000E+00      1.0000E+00      1.0000E+00      9.0000E+01      9.0000E+01      1.0000E+00
      1.0000E+00      1.0000E+00      1.0000E+00      1.0000E+00      1.0000E+00      9.0000E+01      9.0000E+01      1.0000E+00
      1.0000E+00      1.0000E+00      1.0000E+00      1.0000E+00      1.0000E+00      9.0000E+01      9.0000E+01      1.0000E+00
      1.0000E+00      1.0000E+00      1.0000E+00      1.0000E+00      1.0000E+00      9.0000E+01      9.0000E+01      1.0000E+00
      1.0000E+00      1.0000E+00      1.0000E+00      1.0000E+00      1.0000E+00      9.0000E+01      9.0000E+01      1.0000E+00
      1.0000E+00      1.0000E+00      1.0000E+00      1.0000E+00      1.0000E+00      9.0000E+01      9.0000E+01      1.0000E+00
      1.0000E+00      1.0000E+00      1.0000E+00      1.0000E+00      1.0000E+00      9.0000E+01      9.0000E+01      1.0000E+00
      1.0000E+00      1.0000E+00      1.0000E+00      1.0000E+00      1.0000E+00      9.0000E+01      9.0000E+01      1.0000E+00
      1.0000E+00      1.0000E+00      1.0000E+00      1.0000E+00      1.0000E+00      9.0000E+01      9.0000E+01      1.0000E+00
      1.0000E+00      1.0000E+00      1.0000E+00      1.0000E+00      1.0000E+00      9.0000E+01      9.0000E+01      1.0000E+00
      1.0000E+00      1.0000E+00      1.0000E+00      1.0000E+00      1.0000E+00      9.0000E+01      9.0000E+01      1.0000E+00
      1.0000E+00      1.0000E+00      1.0000E+00      1.0000E+00      1.0000E+00      9.0000E+01      9.0000E+01      1.0000E+00
      1.0000E+00      1.0000E+00      1.0000E+00      1.0000E+00      1.0000E+00      9.0000E+01      9.0000E+01      1.0000E+00
      1.0000E+00      1.0000E+00      1.0000E+00      1.0000E+00      1.0000E+00      9.0000E+01      9.0000E+01      1.0000E+00
      1.0000E+00      1.0000E+00      1.0000E+00      1.0000E+00      1.0000E+00      9.0000E+01      9.0000E+01      1.0000E+00
      1.0000E+00      1.0000E+00      1.0000E+00      1.0000E+00      1.0000E+00      9.0000E+01      9.0000E+01      1.0000E+00
      1.0000E+00      1.0000E+00      1.0000E+00      1.0000E+00      1.0000E+00      9.0000E+01      9.0000E+01      1.0000E+00
      1.0000E+00      1.0000E+00      1.0000E+00      1.0000E+00      1.0000E+00      9.0000E+01      9.0000E+01      1.0000E+00
      1.0000E+00      1.0000E+00      1.0000E+00      1.0000E+00      1.0000E+00      9.0000E+01      9.0000E+01      1.0000E+00
      1.0000E+00      1.0000E+00      1.0000E+00      1.0000E+00      1.0000E+00      9.0000E+01      9.0000E+01      1.0000E+00
      1.0000E+00      1.0000E+00      1.0000E+00      1.0000E+00      1.0000E+00      9.0000E+01      9.0000E+01      1.0000E+00
      1.0000E+00      1.0000E+00      1.0000E+00      1.0000E+00      1.0000E+00      9.0000E+01      9.0000E+01      1.0000E+00
      1.0000E+00      1.0000E+00      1.0000E+00      1.0000E+00      1.0000E+00      9.0000E+01      9.0000E+01      1.0000E+00
      1.0000E+00      1.0000E+00      1.0000E+00      1.0000E+00      1.0000E+00      9.0000E+01      9.0000E+01      1.0000E+00
      1.0000E+00      1.0000E+00      1.0000E+00      1.0000E+00      1.0000E+00      9.0000E+01      9.0000E+01      1.0000E+00
      1.0000E+00      1.0000E+00      1.0000E+00      1.0000E+00      1.0000E+00      9.0000E+01      9.0000E+01      1.0000E+00
      1.0000E+00      1.0000E+00      1.0000E+00      1.0000E+00      1.0000E+00      9.0000E+01      9.0000E+01      1.0000E+00
      1.0000E+00      1.0000E+00      1.0000E+00      1.0000E+00      1.0000E+00      9.0000E+01      9.0000E+01      1.0000E+00
      1.0000E+00      1.0000E+00      1.0000E+00      1.0000E+00      1.0000E+00      9.0000E+01      9.0000E+01      1.0000E+00
      1.0000E+00      1.0000E+00      1.0000E+00      1.0000E+00      1.0000E+00      9.0000E+01      9.0000E+01      1.0000E+00
      1.0000E+00      1.0000E+00      1.0000E+00      1.0000E+00      1.0000E+00      9.0000E+01      9.0000E+01      1.0000E+00
      1.0000E+00      1.0000E+00      1.0000E+00      1.0000E+00      1.0000E+00      9.0000E+01      9.0000E+01      1.0000E+00
      1.0000E+00      1.0000E+00      1.0000E+00      1.0000E+00      1.0000E+00      9.0000E+01      9.0000E+01      1.0000E+00
      1.0000E+00      1.0000E+00      1.0000E+00      1.0000E+00      1.0000E+00      9.0000E+01      9.0000E+01      1.0000E+00
      1.0000E+00      1.0000E+00      1.0000E+00      1.0000E+00      1.0000E+00      8.9999E+01      9.0000E+01      1.0000E+00
      1.0001E+00      1.0001E+00      1.0000E+00      1.0001E+00      1.0001E+00      8.9997E+01      9.0002E+01      1.0000E+00
      1.0007E+00      1.0003E+00      1.0000E+00      1.0006E+00      1.0007E+00      8.9989E+01      9.0010E+01      1.0000E+00
      1.0030E+00      1.0012E+00      1.0000E+00      1.0026E+00      1.0028E+00      8.9961E+01      9.0040E+01      1.0000E+00
      1.0096E+00      1.0038E+00      1.0000E+00      1.0081E+00      1.0090E+00      8.9883E+01      9.0120E+01      1.0000E+00
      1.0243E+00      1.0092E+00      1.0002E+00      1.0198E+00      1.0229E+00      8.9743E+01      9.0264E+01      1.0000E+00
      1.0464E+00      1.0169E+00      1.0006E+00      1.0357E+00      1.0444E+00      8.9637E+01      9.0366E+01      1.0000E+00
      5.2811E-01      1.4579E+00      1.2552E+00      1.6757E+00      3.2572E-01      6.4089E+01      1.2683E+02      1.0000E+00
      1.0703E+00      1.1183E+00      1.0261E+00      1.1668E+00      9.8545E-01      7.9074E+01      1.0115E+02      1.0000E+00
      1.0481E+00      1.0418E+00      1.0025E+00      1.0627E+00      1.0265E+00      8.7796E+01      9.2199E+01      1.0000E+00
      1.0299E+00      1.0166E+00      1.0004E+00      1.0283E+00      1.0244E+00      8.9537E+01      9.0430E+01      1.0000E+00
      1.0244E+00      1.0124E+00      1.0003E+00      1.0243E+00      1.0203E+00      8.9388E+01      9.0418E+01      1.0000E+00
      1.0290E+00      1.0320E+00      1.0014E+00      1.0511E+00      1.0110E+00      8.8898E+01      9.1371E+01      1.0000E+00
      1.0554E+00      1.1033E+00      1.0179E+00      1.1476E+00      9.8020E-01      8.1218E+01      9.8488E+01      1.0000E+00
      5.8015E-01      1.4442E+00      1.3738E+00      1.5709E+00      3.5164E-01      5.9823E+01      1.3307E+02      1.0000E+00
      1.0317E+00      1.0542E+00      1.0124E+00      1.1210E+00      9.6089E-01      8.1256E+01      9.7263E+01      1.0000E+00
      1.0059E+00      1.0059E+00      1.0005E+00      1.0166E+00      9.9572E-01      8.8201E+01      9.1514E+01      1.0000E+00
      1.0045E+00      1.0013E+00      1.0001E+00      1.0025E+00      1.0031E+00      8.9421E+01      9.0503E+01      1.0000E+00
      1.0035E+00      1.0005E+00      1.0000E+00      1.0012E+00      1.0027E+00      8.9693E+01      9.0267E+01      1.0000E+00
      1.0018E+00      1.0004E+00      1.0000E+00      1.0009E+00      1.0012E+00      8.9853E+01      9.0115E+01      1.0000E+00
      1.0006E+00      1.0002E+00      1.0000E+00      1.0004E+00      1.0004E+00      8.9947E+01      9.0038E+01      1.0000E+00
      1.0002E+00      1.0001E+00      1.0000E+00      1.0001E+00      1.0001E+00      8.9986E+01      9.0010E+01      1.0000E+00
      1.0000E+00      1.0000E+00      1.0000E+00      1.0000E+00      1.0000E+00      8.9997E+01      9.0002E+01      1.0000E+00
      1.0000E+00      1.0000E+00      1.0000E+00      1.0000E+00      1.0000E+00      9.0000E+01      9.0000E+01      1.0000E+00
      1.0000E+00      1.0000E+00      1.0000E+00      1.0000E+00      1.0000E+00      9.0000E+01      9.0000E+01      1.0000E+00
      1.0000E+00      1.0000E+00      1.0000E+00      1.0000E+00      1.0000E+00      9.0000E+01      9.0000E+01      1.0000E+00
      1.0000E+00      1.0000E+00      1.0000E+00      1.0000E+00      1.0000E+00      9.0000E+01      9.0000E+01      1.0000E+00
      1.0000E+00      1.0000E+00      1.0000E+00      1.0000E+00      1.0000E+00      9.0000E+01      9.0000E+01      1.0000E+00
      1.0000E+00      1.0000E+00      1.0000E+00      1.0000E+00      1.0000E+00      9.0000E+01      9.0000E+01      1.0000E+00
      1.0000E+00      1.0000E+00      1.0000E+00      1.0000E+00      1.0000E+00      9.0000E+01      9.0000E+01      1.0000E+00
      1.0000E+00      1.0000E+00      1.0000E+00      1.0000E+00      1.0000E+00      9.0000E+01      9.0000E+01      1.0000E+00
      1.0000E+00      1.0000E+00      1.0000E+00      1.0000E+00      1.0000E+00      9.0000E+01      9.0000E+01      1.0000E+00
      1.0000E+00      1.0000E+00      1.0000E+00      1.0000E+00      1.0000E+00      9.0000E+01      9.0000E+01      1.0000E+00
      1.0000E+00      1.0000E+00      1.0000E+00      1.0000E+00      1.0000E+00      9.0000E+01      9.0000E+01      1.0000E+00
      1.0000E+00      1.0000E+00      1.0000E+00      1.0000E+00      1.0000E+00      9.0000E+01      9.0000E+01      1.0000E+00
      1.0000E+00      1.0000E+00      1.0000E+00      1.0000E+00      1.0000E+00      9.0000E+01      9.0000E+01      1.0000E+00
      1.0000E+00      1.0000E+00      1.0000E+00      1.0000E+00      1.0000E+00      9.0000E+01      9.0000E+01      1.0000E+00
      1.0000E+00      1.0000E+00      1.0000E+00      1.0000E+00      1.0000E+00      9.0000E+01      9.0000E+01      1.0000E+00
      1.0000E+00      1.0000E+00      1.0000E+00      1.0000E+00      1.0000E+00      9.0000E+01      9.0000E+01      1.0000E+00
      1.0000E+00      1.0000E+00      1.0000E+00      1.0000E+00      1.0000E+00      9.0000E+01      9.0000E+01      1.0000E+00
      1.0000E+00      1.0000E+00      1.0000E+00      1.0000E+00      1.0000E+00      9.0000E+01      9.0000E+01      1.0000E+00
      1.0000E+00      1.0000E+00      1.0000E+00      1.0000E+00      1.0000E+00      9.0000E+01      9.0000E+01      1.0000E+00
      1.0000E+00      1.0000E+00      1.0000E+00      1.0000E+00      1.0000E+00      9.0000E+01      9.0000E+01      1.0000E+00
      1.0000E+00      1.0000E+00      1.0000E+00      1.0000E+00      1.0000E+00      9.0000E+01      9.0000E+01      1.0000E+00
      1.0000E+00      1.0000E+00      1.0000E+00      1.0000E+00      1.0000E+00      9.0000E+01      9.0000E+01      1.0000E+00
      1.0000E+00      1.0000E+00      1.0000E+00      1.0000E+00      1.0000E+00      9.0000E+01      9.0000E+01      1.0000E+00
      1.0000E+00      1.0000E+00      1.0000E+00      1.0000E+00      1.0000E+00      9.0000E+01      9.0000E+01      1.0000E+00
      1.0000E+00      1.0000E+00      1.0000E+00      1.0000E+00      1.0000E+00      9.0000E+01      9.0000E+01      1.0000E+00
      1.0000E+00      1.0000E+00      1.0000E+00      1.0000E+00      1.0000E+00      9.0000E+01      9.0000E+01      1.0000E+00
      1.0000E+00      1.0000E+00      1.0000E+00      1.0000E+00      1.0000E+00      9.0000E+01      9.0000E+01      1.0000E+00
      1.0000E+00      1.0000E+00      1.0000E+00      1.0000E+00      1.0000E+00      9.0000E+01      9.0000E+01      1.0000E+00
      1.0000E+00      1.0000E+00      1.0000E+00      1.0000E+00      1.0000E+00      9.0000E+01      9.0000E+01      1.0000E+00
      1.0000E+00      1.0000E+00      1.0000E+00      1.0000E+00      1.0000E+00      9.0000E+01      9.0000E+01      1.0000E+00
      1.0000E+00      1.0000E+00      1.0000E+00      1.0000E+00      1.0000E+00      9.0000E+01      9.0000E+01      1.0000E+00
      1.0000E+00      1.0000E+00      1.0000E+00      1.0000E+00      1.0000E+00      9.0000E+01      9.0000E+01      1.0000E+00
      1.0000E+00      1.0000E+00      1.0000E+00      1.0000E+00      1.0000E+00      9.0000E+01      9.0000E+01      1.0000E+00
      1.0000E+00      1.0000E+00      1.0000E+00      1.0000E+00      1.0000E+00      9.0000E+01      9.0000E+01      1.0000E+00
      1.0000E+00      1.0000E+00      1.0000E+00      1.0000E+00      1.0000E+00      9.0000E+01      9.0000E+01      1.0000E+00
      1.0000E+00      1.0000E+00      1.0000E+00      1.0000E+00      1.0000E+00      9.0000E+01      9.0000E+01      1.0000E+00
      1.0000E+00      1.0000E+00      1.0000E+00      1.0000E+00      1.0000E+00      9.0000E+01      9.0000E+01      1.0000E+00
      1.0000E+00      1.0000E+00      1.0000E+00      1.0000E+00      1.0000E+00      9.0000E+01      9.0000E+01      1.0000E+00
      1.0000E+00      1.0000E+00      1.0000E+00      1.0000E+00      1.0000E+00      9.0000E+01      9.0000E+01      1.0000E+00
      1.0000E+00      1.0000E+00      1.0000E+00      1.0000E+00      1.0000E+00      9.0000E+01      9.0000E+01      1.0000E+00
      1.0000E+00      1.0000E+00      1.0000E+00      1.0000E+00      1.0000E+00      9.0000E+01      9.0000E+01      1.0000E+00
      1.0000E+00      1.0000E+00      1.0000E+00      1.0000E+00      1.0000E+00      9.0000E+01      9.0000E+01      1.0000E+00
      1.0000E+00      1.0000E+00      1.0000E+00      1.0000E+00      1.0000E+00      9.0000E+01      9.0000E+01      1.0000E+00
      1.0000E+00      1.0000E+00      1.0000E+00      1.0000E+00      1.0000E+00      9.0000E+01      9.0000E+01      1.0000E+00
      1.0000E+00      1.0000E+00      1.0000E+00      1.0000E+00      1.0000E+00      9.0000E+01      9.0000E+01      1.0000E+00
      1.0000E+00      1.0000E+00      1.0000E+00      1.0000E+00      1.0000E+00      9.0000E+01      9.0000E+01      1.0000E+00
      1.0001E+00      1.0001E+00      1.0000E+00      1.0001E+00      1.0001E+00      8.9999E+01      9.0001E+01      1.0000E+00
      1.0007E+00      1.0003E+00      1.0000E+00      1.0006E+00      1.0007E+00      8.9995E+01      9.0004E+01      1.0000E+00
      1.0028E+00      1.0013E+00      1.0000E+00      1.0026E+00      1.0027E+00      8.9982E+01      9.0018E+01      1.0000E+00
      1.0091E+00      1.0041E+00      1.0000E+00      1.0084E+00      1.0088E+00      8.9946E+01      9.0055E+01      1.0000E+00
      1.0228E+00      1.0100E+00      1.0002E+00      1.0206E+00      1.0222E+00      8.9882E+01      9.0119E+01      1.0000E+00
      1.0430E+00      1.0186E+00      1.0007E+00      1.0381E+00      1.0421E+00      8.9839E+01      9.0161E+01      1.0000E+00
      5.6813E-01      1.3738E+00      1.1688E+00      1.5743E+00      4.0652E-01      6.5066E+01      1.2017E+02      1.0000E+00
      1.0132E+00      1.0231E+00      1.0022E+00      1.0435E+00      9.8871E-01      8.6681E+01      9.3633E+01      1.0000E+00
      1.0254E+00      1.0106E+00      1.0004E+00      1.0201E+00      1.0192E+00      8.8782E+01      9.1515E+01      1.0000E+00
      1.0247E+00      1.0088E+00      1.0003E+00      1.0180E+00      1.0145E+00      8.8659E+01      9.0800E+01      1.0000E+00
      1.0356E+00      1.0071E+00      1.0006E+00      1.0108E+00      1.0326E+00      8.8155E+01      9.1830E+01      1.0000E+00
      1.0479E+00      1.0231E+00      1.0025E+00      1.0320E+00      1.0324E+00      8.6259E+01      9.3593E+01      1.0000E+00
      1.0951E+00      1.0851E+00      1.0220E+00      1.1330E+00      1.0141E+00      7.8622E+01      9.9902E+01      1.0000E+00
      6.7213E-01      1.3386E+00      1.2482E+00      1.5218E+00      4.2800E-01      6.6916E+01      1.2645E+02      1.0000E+00
      1.0027E+00      1.0711E+00      1.0231E+00      1.1767E+00      9.0325E-01      7.8771E+01      9.8842E+01      1.0000E+00
      9.7716E-01      1.0199E+00      1.0029E+00      1.0576E+00      9.4655E-01      8.6824E+01      9.3553E+01      1.0000E+00
      9.9714E-01      1.0048E+00      1.0001E+00      1.0150E+00      9.8851E-01      8.9568E+01      9.0555E+01      1.0000E+00
      1.0045E+00      1.0011E+00      1.0000E+00      1.0023E+00      1.0034E+00      8.9684E+01      9.0368E+01      1.0000E+00
      1.0035E+00      1.0007E+00      1.0000E+00      1.0014E+00      1.0024E+00      8.9724E+01      9.0224E+01      1.0000E+00
      1.0015E+00      1.0004E+00      1.0000E+00      1.0008E+00      1.0008E+00      8.9876E+01      9.0090E+01      1.0000E+00
      1.0004E+00      1.0001E+00      1.0000E+00      1.0003E+00      1.0002E+00      8.9962E+01      9.0026E+01      1.0000E+00
      1.0001E+00      1.0000E+00      1.0000E+00      1.0001E+00      1.0000E+00      8.9991E+01      9.0006E+01      1.0000E+00
      1.0000E+00      1.0000E+00      1.0000E+00      1.0000E+00      1.0000E+00      8.9998E+01      9.0001E+01      1.0000E+00
      1.0000E+00      1.0000E+00      1.0000E+00      1.0000E+00      1.0000E+00      9.0000E+01      9.0000E+01      1.0000E+00
      1.0000E+00      1.0000E+00      1.0000E+00      1.0000E+00      1.0000E+00      9.0000E+01      9.0000E+01      1.0000E+00
      1.0000E+00      1.0000E+00      1.0000E+00      1.0000E+00      1.0000E+00      9.0000E+01      9.0000E+01      1.0000E+00
      1.0000E+00      1.0000E+00      1.0000E+00      1.0000E+00      1.0000E+00      9.0000E+01      9.0000E+01      1.0000E+00
      1.0000E+00      1.0000E+00      1.0000E+00      1.0000E+00      1.0000E+00      9.0000E+01      9.0000E+01      1.0000E+00
      1.0000E+00      1.0000E+00      1.0000E+00      1.0000E+00      1.0000E+00      9.0000E+01      9.0000E+01      1.0000E+00
      1.0000E+00      1.0000E+00      1.0000E+00      1.0000E+00      1.0000E+00      9.0000E+01      9.0000E+01      1.0000E+00
      1.0000E+00      1.0000E+00      1.0000E+00      1.0000E+00      1.0000E+00      9.0000E+01      9.0000E+01      1.0000E+00
      1.0000E+00      1.0000E+00      1.0000E+00      1.0000E+00      1.0000E+00      9.0000E+01      9.0000E+01      1.0000E+00
      1.0000E+00      1.0000E+00      1.0000E+00      1.0000E+00      1.0000E+00      9.0000E+01      9.0000E+01      1.0000E+00
      1.0000E+00      1.0000E+00      1.0000E+00      1.0000E+00      1.0000E+00      9.0000E+01      9.0000E+01      1.0000E+00
      1.0000E+00      1.0000E+00      1.0000E+00      1.0000E+00      1.0000E+00      9.0000E+01      9.0000E+01      1.0000E+00
      1.0000E+00      1.0000E+00      1.0000E+00      1.0000E+00      1.0000E+00      9.0000E+01      9.0000E+01      1.0000E+00
      1.0000E+00      1.0000E+00      1.0000E+00      1.0000E+00      1.0000E+00      9.0000E+01      9.0000E+01      1.0000E+00
      1.0000E+00      1.0000E+00      1.0000E+00      1.0000E+00      1.0000E+00      9.0000E+01      9.0000E+01      1.0000E+00
      1.0000E+00      1.0000E+00      1.0000E+00      1.0000E+00      1.0000E+00      9.0000E+01      9.0000E+01      1.0000E+00
      1.0000E+00      1.0000E+00      1.0000E+00      1.0000E+00      1.0000E+00      9.0000E+01      9.0000E+01      1.0000E+00
      1.0000E+00      1.0000E+00      1.0000E+00      1.0000E+00      1.0000E+00      9.0000E+01      9.0000E+01      1.0000E+00
      1.0000E+00      1.0000E+00      1.0000E+00      1.0000E+00      1.0000E+00      9.0000E+01      9.0000E+01      1.0000E+00
      1.0000E+00      1.0000E+00      1.0000E+00      1.0000E+00      1.0000E+00      9.0000E+01      9.0000E+01      1.0000E+00
      1.0000E+00      1.0000E+00      1.0000E+00      1.0000E+00      1.0000E+00      9.0000E+01      9.0000E+01      1.0000E+00
      1.0000E+00      1.0000E+00      1.0000E+00      1.0000E+00      1.0000E+00      9.0000E+01      9.0000E+01      1.0000E+00
      1.0000E+00      1.0000E+00      1.0000E+00      1.0000E+00      1.0000E+00      9.0000E+01      9.0000E+01      1.0000E+00
      1.0000E+00      1.0000E+00      1.0000E+00      1.0000E+00      1.0000E+00      9.0000E+01      9.0000E+01      1.0000E+00
      1.0000E+00      1.0000E+00      1.0000E+00      1.0000E+00      1.0000E+00      9.0000E+01      9.0000E+01      1.0000E+00
      1.0000E+00      1.0000E+00      1.0000E+00      1.0000E+00      1.0000E+00      9.0000E+01      9.0000E+01      1.0000E+00
      1.0000E+00      1.0000E+00      1.0000E+00      1.0000E+00      1.0000E+00      9.0000E+01      9.0000E+01      1.0000E+00
      1.0000E+00      1.0000E+00      1.0000E+00      1.0000E+00      1.0000E+00      9.0000E+01      9.0000E+01      1.0000E+00
      1.0000E+00      1.0000E+00      1.0000E+00      1.0000E+00      1.0000E+00      9.0000E+01      9.0000E+01      1.0000E+00
      1.0000E+00      1.0000E+00      1.0000E+00      1.0000E+00      1.0000E+00      9.0000E+01      9.0000E+01      1.0000E+00
      1.0000E+00      1.0000E+00      1.0000E+00      1.0000E+00      1.0000E+00      9.0000E+01      9.0000E+01      1.0000E+00
      1.0000E+00      1.0000E+00      1.0000E+00      1.0000E+00      1.0000E+00      9.0000E+01      9.0000E+01      1.0000E+00
      1.0000E+00      1.0000E+00      1.0000E+00      1.0000E+00      1.0000E+00      9.0000E+01      9.0000E+01      1.0000E+00
      1.0000E+00      1.0000E+00      1.0000E+00      1.0000E+00      1.0000E+00      9.0000E+01      9.0000E+01      1.0000E+00
      1.0000E+00      1.0000E+00      1.0000E+00      1.0000E+00      1.0000E+00      9.0000E+01      9.0000E+01      1.0000E+00
      1.0000E+00      1.0000E+00      1.0000E+00      1.0000E+00      1.0000E+00      9.0000E+01      9.0000E+01      1.0000E+00
      1.0000E+00      1.0000E+00      1.0000E+00      1.0000E+00      1.0000E+00      9.0000E+01      9.0000E+01      1.0000E+00
      1.0000E+00      1.0000E+00      1.0000E+00      1.0000E+00      1.0000E+00      9.0000E+01      9.0000E+01      1.0000E+00
      1.0000E+00      1.0000E+00      1.0000E+00      1.0000E+00      1.0000E+00      9.0000E+01      9.0000E+01      1.0000E+00
      1.0000E+00      1.0000E+00      1.0000E+00      1.0000E+00      1.0000E+00      9.0000E+01      9.0000E+01      1.0000E+00
      1.0000E+00      1.0000E+00      1.0000E+00      1.0000E+00      1.0000E+00      9.0000E+01      9.0000E+01      1.0000E+00
      1.0000E+00      1.0000E+00      1.0000E+00      1.0000E+00      1.0000E+00      9.0000E+01      9.0000E+01      1.0000E+00
      1.0000E+00      1.0000E+00      1.0000E+00      1.0000E+00      1.0000E+00      9.0000E+01      9.0000E+01      1.0000E+00
      1.0000E+00      1.0000E+00      1.0000E+00      1.0000E+00      1.0000E+00      9.0000E+01      9.0000E+01      1.0000E+00
      1.0000E+00      1.0000E+00      1.0000E+00      1.0000E+00      1.0000E+00      9.0000E+01      9.0000E+01      1.0000E+00
      1.0001E+00      1.0001E+00      1.0000E+00      1.0001E+00      1.0001E+00      9.0000E+01      9.0000E+01      1.0000E+00
      1.0007E+00      1.0003E+00      1.0000E+00      1.0006E+00      1.0007E+00      8.9998E+01      9.0002E+01      1.0000E+00
      1.0027E+00      1.0013E+00      1.0000E+00      1.0027E+00      1.0027E+00      8.9992E+01      9.0008E+01      1.0000E+00
      1.0088E+00      1.0042E+00      1.0000E+00      1.0085E+00      1.0087E+00      8.9976E+01      9.0024E+01      1.0000E+00
      1.0220E+00      1.0104E+00      1.0002E+00      1.0211E+00      1.0218E+00      8.9948E+01      9.0052E+01      1.0000E+00
      1.0414E+00      1.0194E+00      1.0007E+00      1.0392E+00      1.0410E+00      8.9930E+01      9.0070E+01      1.0000E+00
      7.4462E-01      1.2462E+00      1.3642E+00      1.3142E+00      4.4980E-01      6.8251E+01      1.3286E+02      1.0000E+00
      9.9874E-01      1.0176E+00      1.0025E+00      1.0391E+00      9.7113E-01      8.7414E+01      9.3892E+01      1.0000E+00
      1.0049E+00      1.0287E+00      1.0010E+00      1.0539E+00      9.6760E-01      8.8035E+01      9.2292E+01      1.0000E+00
      1.0482E+00      1.0076E+00      1.0014E+00      1.0118E+00      1.0439E+00      8.6978E+01      9.2853E+01      1.0000E+00
      1.0327E+00      1.0100E+00      1.0024E+00      1.0155E+00      1.0219E+00      8.6590E+01      9.3940E+01      1.0000E+00
      9.8614E-01      1.0228E+00      1.0046E+00      1.0434E+00      9.6180E-01      8.5968E+01      9.5340E+01      1.0000E+00
      8.4070E-01      1.0853E+00      1.0093E+00      1.1461E+00      7.9316E-01      8.5271E+01      9.3040E+01      1.0000E+00
      7.7508E-01      1.0636E+00      1.0223E+00      1.1727E+00      7.0325E-01      8.3189E+01      9.9872E+01      1.0000E+00
      8.8876E-01      1.0595E+00      1.0089E+00      1.1159E+00      8.2738E-01      8.6529E+01      9.7206E+01      1.0000E+00
      9.8915E-01      1.0150E+00      1.0003E+00      1.0265E+00      9.8057E-01      8.9155E+01      9.0551E+01      1.0000E+00
      1.0113E+00      1.0038E+00      1.0002E+00      1.0084E+00      1.0072E+00      8.8920E+01      9.0900E+01      1.0000E+00
      1.0084E+00      1.0020E+00      1.0001E+00      1.0040E+00      1.0047E+00      8.9277E+01      9.0516E+01      1.0000E+00
      1.0035E+00      1.0009E+00      1.0000E+00      1.0019E+00      1.0019E+00      8.9697E+01      9.0212E+01      1.0000E+00
      1.0011E+00      1.0003E+00      1.0000E+00      1.0007E+00      1.0005E+00      8.9906E+01      9.0065E+01      1.0000E+00
      1.0003E+00      1.0001E+00      1.0000E+00      1.0002E+00      1.0001E+00      8.9977E+01      9.0016E+01      1.0000E+00
      1.0000E+00      1.0000E+00      1.0000E+00      1.0000E+00      1.0000E+00      8.9996E+01      9.0003E+01      1.0000E+00
      1.0000E+00      1.0000E+00      1.0000E+00      1.0000E+00      1.0000E+00      8.9999E+01      9.0000E+01      1.0000E+00
      1.0000E+00      1.0000E+00      1.0000E+00      1.0000E+00      1.0000E+00      9.0000E+01      9.0000E+01      1.0000E+00
      1.0000E+00      1.0000E+00      1.0000E+00      1.0000E+00      1.0000E+00      9.0000E+01      9.0000E+01      1.0000E+00
      1.0000E+00      1.0000E+00      1.0000E+00      1.0000E+00      1.0000E+00      9.0000E+01      9.0000E+01      1.0000E+00
      1.0000E+00      1.0000E+00      1.0000E+00      1.0000E+00      1.0000E+00      9.0000E+01      9.0000E+01      1.0000E+00
      1.0000E+00      1.0000E+00      1.0000E+00      1.0000E+00      1.0000E+00      9.0000E+01      9.0000E+01      1.0000E+00
      1.0000E+00      1.0000E+00      1.0000E+00      1.0000E+00      1.0000E+00      9.0000E+01      9.0000E+01      1.0000E+00
      1.0000E+00      1.0000E+00      1.0000E+00      1.0000E+00      1.0000E+00      9.0000E+01      9.0000E+01      1.0000E+00
      1.0000E+00      1.0000E+00      1.0000E+00      1.0000E+00      1.0000E+00      9.0000E+01      9.0000E+01      1.0000E+00
      1.0000E+00      1.0000E+00      1.0000E+00      1.0000E+00      1.0000E+00      9.0000E+01      9.0000E+01      1.0000E+00
      1.0000E+00      1.0000E+00      1.0000E+00      1.0000E+00      1.0000E+00      9.0000E+01      9.0000E+01      1.0000E+00
      1.0000E+00      1.0000E+00      1.0000E+00      1.0000E+00      1.0000E+00      9.0000E+01      9.0000E+01      1.0000E+00
      1.0000E+00      1.0000E+00      1.0000E+00      1.0000E+00      1.0000E+00      9.0000E+01      9.0000E+01      1.0000E+00
      1.0000E+00      1.0000E+00      1.0000E+00      1.0000E+00      1.0000E+00      9.0000E+01      9.0000E+01      1.0000E+00
      1.0000E+00      1.0000E+00      1.0000E+00      1.0000E+00      1.0000E+00      9.0000E+01      9.0000E+01      1.0000E+00
      1.0000E+00      1.0000E+00      1.0000E+00      1.0000E+00      1.0000E+00      9.0000E+01      9.0000E+01      1.0000E+00
      1.0000E+00      1.0000E+00      1.0000E+00      1.0000E+00      1.0000E+00      9.0000E+01      9.0000E+01      1.0000E+00
      1.0000E+00      1.0000E+00      1.0000E+00      1.0000E+00      1.0000E+00      9.0000E+01      9.0000E+01      1.0000E+00
      1.0000E+00      1.0000E+00      1.0000E+00      1.0000E+00      1.0000E+00      9.0000E+01      9.0000E+01      1.0000E+00
      1.0000E+00      1.0000E+00      1.0000E+00      1.0000E+00      1.0000E+00      9.0000E+01      9.0000E+01      1.0000E+00
      1.0000E+00      1.0000E+00      1.0000E+00      1.0000E+00      1.0000E+00      9.0000E+01      9.0000E+01      1.0000E+00
      1.0000E+00      1.0000E+00      1.0000E+00      1.0000E+00      1.0000E+00      9.0000E+01      9.0000E+01      1.0000E+00
      1.0000E+00      1.0000E+00      1.0000E+00      1.0000E+00      1.0000E+00      9.0000E+01      9.0000E+01      1.0000E+00
      1.0000E+00      1.0000E+00      1.0000E+00      1.0000E+00      1.0000E+00      9.0000E+01      9.0000E+01      1.0000E+00
      1.0000E+00      1.0000E+00      1.0000E+00      1.0000E+00      1.0000E+00      9.0000E+01      9.0000E+01      1.0000E+00
      1.0000E+00      1.0000E+00      1.0000E+00      1.0000E+00      1.0000E+00      9.0000E+01      9.0000E+01      1.0000E+00
      1.0000E+00      1.0000E+00      1.0000E+00      1.0000E+00      1.0000E+00      9.0000E+01      9.0000E+01      1.0000E+00
      1.0000E+00      1.0000E+00      1.0000E+00      1.0000E+00      1.0000E+00      9.0000E+01      9.0000E+01      1.0000E+00
      1.0000E+00      1.0000E+00      1.0000E+00      1.0000E+00      1.0000E+00      9.0000E+01      9.0000E+01      1.0000E+00
      1.0000E+00      1.0000E+00      1.0000E+00      1.0000E+00      1.0000E+00      9.0000E+01      9.0000E+01      1.0000E+00
      1.0000E+00      1.0000E+00      1.0000E+00      1.0000E+00      1.0000E+00      9.0000E+01      9.0000E+01      1.0000E+00
      1.0000E+00      1.0000E+00      1.0000E+00      1.0000E+00      1.0000E+00      9.0000E+01      9.0000E+01      1.0000E+00
      1.0000E+00      1.0000E+00      1.0000E+00      1.0000E+00      1.0000E+00      9.0000E+01      9.0000E+01      1.0000E+00
      1.0000E+00      1.0000E+00      1.0000E+00      1.0000E+00      1.0000E+00      9.0000E+01      9.0000E+01      1.0000E+00
      1.0000E+00      1.0000E+00      1.0000E+00      1.0000E+00      1.0000E+00      9.0000E+01      9.0000E+01      1.0000E+00
      1.0000E+00      1.0000E+00      1.0000E+00      1.0000E+00      1.0000E+00      9.0000E+01      9.0000E+01      1.0000E+00
      1.0000E+00      1.0000E+00      1.0000E+00      1.0000E+00      1.0000E+00      9.0000E+01      9.0000E+01      1.0000E+00
      1.0000E+00      1.0000E+00      1.0000E+00      1.0000E+00      1.0000E+00      9.0000E+01      9.0000E+01      1.0000E+00
      1.0000E+00      1.0000E+00      1.0000E+00      1.0000E+00      1.0000E+00      9.0000E+01      9.0000E+01      1.0000E+00
      1.0000E+00      1.0000E+00      1.0000E+00      1.0000E+00      1.0000E+00      9.0000E+01      9.0000E+01      1.0000E+00
      1.0000E+00      1.0000E+00      1.0000E+00      1.0000E+00      1.0000E+00      9.0000E+01      9.0000E+01      1.0000E+00
      1.0000E+00      1.0000E+00      1.0000E+00      1.0000E+00      1.0000E+00      9.0000E+01      9.0000E+01      1.0000E+00
      1.0000E+00      1.0000E+00      1.0000E+00      1.0000E+00      1.0000E+00      9.0000E+01      9.0000E+01      1.0000E+00
      1.0000E+00      1.0000E+00      1.0000E+00      1.0000E+00      1.0000E+00      9.0000E+01      9.0000E+01      1.0000E+00
      1.0000E+00      1.0000E+00      1.0000E+00      1.0000E+00      1.0000E+00      9.0000E+01      9.0000E+01      1.0000E+00
      1.0001E+00      1.0001E+00      1.0000E+00      1.0001E+00      1.0001E+00      9.0000E+01      9.0000E+01      1.0000E+00
      1.0007E+00      1.0003E+00      1.0000E+00      1.0007E+00      1.0007E+00      8.9999E+01      9.0001E+01      1.0000E+00
      1.0027E+00      1.0013E+00      1.0000E+00      1.0027E+00      1.0027E+00      8.9997E+01      9.0003E+01      1.0000E+00
      1.0087E+00      1.0043E+00      1.0000E+00      1.0086E+00      1.0087E+00      8.9989E+01      9.0011E+01      1.0000E+00
      1.0217E+00      1.0106E+00      1.0002E+00      1.0213E+00      1.0216E+00      8.9977E+01      9.0023E+01      1.0000E+00
      1.0406E+00      1.0198E+00      1.0008E+00      1.0397E+00      1.0405E+00      8.9970E+01      9.0030E+01      1.0000E+00
      6.1021E-01      1.3245E+00      1.3288E+00      1.5020E+00      3.6565E-01      6.5990E+01      1.3088E+02      1.0000E+00
      9.4477E-01      1.1443E+00      1.0494E+00      1.2806E+00      7.9782E-01      7.6857E+01      1.0643E+02      1.0000E+00
      1.1130E+00      1.0490E+00      1.0121E+00      1.0791E+00      1.0612E+00      8.1330E+01      9.6564E+01      1.0000E+00
      1.0399E+00      1.0212E+00      1.0043E+00      1.0297E+00      1.0246E+00      8.4817E+01      9.4776E+01      1.0000E+00
      9.7341E-01      1.0318E+00      1.0049E+00      1.0456E+00      9.5484E-01      8.4717E+01      9.4966E+01      1.0000E+00
      8.5183E-01      1.0682E+00      1.0104E+00      1.1046E+00      8.2225E-01      8.4044E+01      9.6606E+01      1.0000E+00
      6.0153E-01      1.0963E+00      1.0342E+00      1.2325E+00      5.3004E-01      8.2725E+01      1.0240E+02      1.0000E+00
      8.1152E-01      1.1716E+00      1.0480E+00      1.2358E+00      6.8896E-01      7.6875E+01      1.0736E+02      1.0000E+00
      1.0429E+00      1.0245E+00      1.0041E+00      1.0630E+00      1.0132E+00      8.5475E+01      9.3826E+01      1.0000E+00
      1.0384E+00      1.0118E+00      1.0016E+00      1.0243E+00      1.0185E+00      8.6750E+01      9.2267E+01      1.0000E+00
      1.0180E+00      1.0047E+00      1.0003E+00      1.0095E+00      1.0101E+00      8.8549E+01      9.1025E+01      1.0000E+00
      1.0065E+00      1.0018E+00      1.0000E+00      1.0039E+00      1.0038E+00      8.9479E+01      9.0389E+01      1.0000E+00
      1.0019E+00      1.0006E+00      1.0000E+00      1.0012E+00      1.0011E+00      8.9846E+01      9.0117E+01      1.0000E+00
      1.0004E+00      1.0001E+00      1.0000E+00      1.0003E+00      1.0003E+00      8.9963E+01      9.0028E+01      1.0000E+00
      1.0001E+00      1.0000E+00      1.0000E+00      1.0001E+00      1.0000E+00      8.9993E+01      9.0006E+01      1.0000E+00
      1.0000E+00      1.0000E+00      1.0000E+00      1.0000E+00      1.0000E+00      8.9999E+01      9.0001E+01      1.0000E+00
      1.0000E+00      1.0000E+00      1.0000E+00      1.0000E+00      1.0000E+00      9.0000E+01      9.0000E+01      1.0000E+00
      1.0000E+00      1.0000E+00      1.0000E+00      1.0000E+00      1.0000E+00      9.0000E+01      9.0000E+01      1.0000E+00
      1.0000E+00      1.0000E+00      1.0000E+00      1.0000E+00      1.0000E+00      9.0000E+01      9.0000E+01      1.0000E+00
      1.0000E+00      1.0000E+00      1.0000E+00      1.0000E+00      1.0000E+00      9.0000E+01      9.0000E+01      1.0000E+00
      1.0000E+00      1.0000E+00      1.0000E+00      1.0000E+00      1.0000E+00      9.0000E+01      9.0000E+01      1.0000E+00
      1.0000E+00      1.0000E+00      1.0000E+00      1.0000E+00      1.0000E+00      9.0000E+01      9.0000E+01      1.0000E+00
      1.0000E+00      1.0000E+00      1.0000E+00      1.0000E+00      1.0000E+00      9.0000E+01      9.0000E+01      1.0000E+00
      1.0000E+00      1.0000E+00      1.0000E+00      1.0000E+00      1.0000E+00      9.0000E+01      9.0000E+01      1.0000E+00
      1.0000E+00      1.0000E+00      1.0000E+00      1.0000E+00      1.0000E+00      9.0000E+01      9.0000E+01      1.0000E+00
      1.0000E+00      1.0000E+00      1.0000E+00      1.0000E+00      1.0000E+00      9.0000E+01      9.0000E+01      1.0000E+00
      1.0000E+00      1.0000E+00      1.0000E+00      1.0000E+00      1.0000E+00      9.0000E+01      9.0000E+01      1.0000E+00
      1.0000E+00      1.0000E+00      1.0000E+00      1.0000E+00      1.0000E+00      9.0000E+01      9.0000E+01      1.0000E+00
      1.0000E+00      1.0000E+00      1.0000E+00      1.0000E+00      1.0000E+00      9.0000E+01      9.0000E+01      1.0000E+00
      1.0000E+00      1.0000E+00      1.0000E+00      1.0000E+00      1.0000E+00      9.0000E+01      9.0000E+01      1.0000E+00
      1.0000E+00      1.0000E+00      1.0000E+00      1.0000E+00      1.0000E+00      9.0000E+01      9.0000E+01      1.0000E+00
      1.0000E+00      1.0000E+00      1.0000E+00      1.0000E+00      1.0000E+00      9.0000E+01      9.0000E+01      1.0000E+00
      1.0000E+00      1.0000E+00      1.0000E+00      1.0000E+00      1.0000E+00      9.0000E+01      9.0000E+01      1.0000E+00
      1.0000E+00      1.0000E+00      1.0000E+00      1.0000E+00      1.0000E+00      9.0000E+01      9.0000E+01      1.0000E+00
      1.0000E+00      1.0000E+00      1.0000E+00      1.0000E+00      1.0000E+00      9.0000E+01      9.0000E+01      1.0000E+00
      1.0000E+00      1.0000E+00      1.0000E+00      1.0000E+00      1.0000E+00      9.0000E+01      9.0000E+01      1.0000E+00
      1.0000E+00      1.0000E+00      1.0000E+00      1.0000E+00      1.0000E+00      9.0000E+01      9.0000E+01      1.0000E+00
      1.0000E+00      1.0000E+00      1.0000E+00      1.0000E+00      1.0000E+00      9.0000E+01      9.0000E+01      1.0000E+00
      1.0000E+00      1.0000E+00      1.0000E+00      1.0000E+00      1.0000E+00      9.0000E+01      9.0000E+01      1.0000E+00
      1.0000E+00      1.0000E+00      1.0000E+00      1.0000E+00      1.0000E+00      9.0000E+01      9.0000E+01      1.0000E+00
      1.0000E+00      1.0000E+00      1.0000E+00      1.0000E+00      1.0000E+00      9.0000E+01      9.0000E+01      1.0000E+00
      1.0000E+00      1.0000E+00      1.0000E+00      1.0000E+00      1.0000E+00      9.0000E+01      9.0000E+01      1.0000E+00
      1.0000E+00      1.0000E+00      1.0000E+00      1.0000E+00      1.0000E+00      9.0000E+01      9.0000E+01      1.0000E+00
      1.0000E+00      1.0000E+00      1.0000E+00      1.0000E+00      1.0000E+00      9.0000E+01      9.0000E+01      1.0000E+00
      1.0000E+00      1.0000E+00      1.0000E+00      1.0000E+00      1.0000E+00      9.0000E+01      9.0000E+01      1.0000E+00
      1.0000E+00      1.0000E+00      1.0000E+00      1.0000E+00      1.0000E+00      9.0000E+01      9.0000E+01      1.0000E+00
      1.0000E+00      1.0000E+00      1.0000E+00      1.0000E+00      1.0000E+00      9.0000E+01      9.0000E+01      1.0000E+00
      1.0000E+00      1.0000E+00      1.0000E+00      1.0000E+00      1.0000E+00      9.0000E+01      9.0000E+01      1.0000E+00
      1.0000E+00      1.0000E+00      1.0000E+00      1.0000E+00      1.0000E+00      9.0000E+01      9.0000E+01      1.0000E+00
      1.0000E+00      1.0000E+00      1.0000E+00      1.0000E+00      1.0000E+00      9.0000E+01      9.0000E+01      1.0000E+00
      1.0000E+00      1.0000E+00      1.0000E+00      1.0000E+00      1.0000E+00      9.0000E+01      9.0000E+01      1.0000E+00
      1.0000E+00      1.0000E+00      1.0000E+00      1.0000E+00      1.0000E+00      9.0000E+01      9.0000E+01      1.0000E+00
      1.0000E+00      1.0000E+00      1.0000E+00      1.0000E+00      1.0000E+00      9.0000E+01      9.0000E+01      1.0000E+00
      1.0000E+00      1.0000E+00      1.0000E+00      1.0000E+00      1.0000E+00      9.0000E+01      9.0000E+01      1.0000E+00
      1.0000E+00      1.0000E+00      1.0000E+00      1.0000E+00      1.0000E+00      9.0000E+01      9.0000E+01      1.0000E+00
      1.0000E+00      1.0000E+00      1.0000E+00      1.0000E+00      1.0000E+00      9.0000E+01      9.0000E+01      1.0000E+00
      1.0000E+00      1.0000E+00      1.0000E+00      1.0000E+00      1.0000E+00      9.0000E+01      9.0000E+01      1.0000E+00
      1.0000E+00      1.0000E+00      1.0000E+00      1.0000E+00      1.0000E+00      9.0000E+01      9.0000E+01      1.0000E+00
      1.0000E+00      1.0000E+00      1.0000E+00      1.0000E+00      1.0000E+00      9.0000E+01      9.0000E+01      1.0000E+00
      1.0000E+00      1.0000E+00      1.0000E+00      1.0000E+00      1.0000E+00      9.0000E+01      9.0000E+01      1.0000E+00
      1.0001E+00      1.0001E+00      1.0000E+00      1.0001E+00      1.0001E+00      9.0000E+01      9.0000E+01      1.0000E+00
      1.0007E+00      1.0003E+00      1.0000E+00      1.0007E+00      1.0007E+00      9.0000E+01      9.0000E+01      1.0000E+00
      1.0027E+00      1.0013E+00      1.0000E+00      1.0027E+00      1.0027E+00      8.9998E+01      9.0002E+01      1.0000E+00
      1.0086E+00      1.0043E+00      1.0000E+00      1.0086E+00      1.0086E+00      8.9995E+01      9.0005E+01      1.0000E+00
      1.0215E+00      1.0107E+00      1.0002E+00      1.0214E+00      1.0215E+00      8.9989E+01      9.0011E+01      1.0000E+00
      1.0402E+00      1.0200E+00      1.0008E+00      1.0400E+00      1.0402E+00      8.9986E+01      9.0014E+01      1.0000E+00
      7.3823E-01      1.2997E+00      1.4295E+00      1.4322E+00      4.0120E-01      6.7743E+01      1.3558E+02      1.0000E+00
      1.0268E+00      1.0099E+00      1.0031E+00      1.0160E+00      1.0154E+00      8.5467E+01      9.3946E+01      1.0000E+00
      1.0091E+00      1.0307E+00      1.0069E+00      1.0546E+00      9.6889E-01      8.3319E+01      9.5039E+01      1.0000E+00
      8.8679E-01      1.0519E+00      1.0070E+00      1.1110E+00      8.2847E-01      8.3462E+01      9.3118E+01      1.0000E+00
      8.8149E-01      1.1408E+00      1.0983E+00      1.2380E+00      6.7672E-01      7.8412E+01      1.1440E+02      1.0000E+00
      1.0765E+00      1.0236E+00      1.0048E+00      1.0504E+00      1.0383E+00      8.4395E+01      9.3974E+01      1.0000E+00
      1.0205E+00      1.0061E+00      1.0004E+00      1.0147E+00      1.0151E+00      8.8565E+01      9.1296E+01      1.0000E+00
      1.0058E+00      1.0021E+00      1.0000E+00      1.0048E+00      1.0051E+00      8.9600E+01      9.0409E+01      1.0000E+00
      1.0016E+00      1.0007E+00      1.0000E+00      1.0015E+00      1.0014E+00      8.9891E+01      9.0115E+01      1.0000E+00
      1.0004E+00      1.0002E+00      1.0000E+00      1.0004E+00      1.0003E+00      8.9974E+01      9.0028E+01      1.0000E+00
      1.0001E+00      1.0000E+00      1.0000E+00      1.0001E+00      1.0001E+00      8.9995E+01      9.0006E+01      1.0000E+00
      1.0000E+00      1.0000E+00      1.0000E+00      1.0000E+00      1.0000E+00      8.9999E+01      9.0001E+01      1.0000E+00
      1.0000E+00      1.0000E+00      1.0000E+00      1.0000E+00      1.0000E+00      9.0000E+01      9.0000E+01      1.0000E+00
      1.0000E+00      1.0000E+00      1.0000E+00      1.0000E+00      1.0000E+00      9.0000E+01      9.0000E+01      1.0000E+00
      1.0000E+00      1.0000E+00      1.0000E+00      1.0000E+00      1.0000E+00      9.0000E+01      9.0000E+01      1.0000E+00
      1.0000E+00      1.0000E+00      1.0000E+00      1.0000E+00      1.0000E+00      9.0000E+01      9.0000E+01      1.0000E+00
      1.0000E+00      1.0000E+00      1.0000E+00      1.0000E+00      1.0000E+00      9.0000E+01      9.0000E+01      1.0000E+00
      1.0000E+00      1.0000E+00      1.0000E+00      1.0000E+00      1.0000E+00      9.0000E+01      9.0000E+01      1.0000E+00
      1.0000E+00      1.0000E+00      1.0000E+00      1.0000E+00      1.0000E+00      9.0000E+01      9.0000E+01      1.0000E+00
      1.0000E+00      1.0000E+00      1.0000E+00      1.0000E+00      1.0000E+00      9.0000E+01      9.0000E+01      1.0000E+00
      1.0000E+00      1.0000E+00      1.0000E+00      1.0000E+00      1.0000E+00      9.0000E+01      9.0000E+01      1.0000E+00
      1.0000E+00      1.0000E+00      1.0000E+00      1.0000E+00      1.0000E+00      9.0000E+01      9.0000E+01      1.0000E+00
      1.0000E+00      1.0000E+00      1.0000E+00      1.0000E+00      1.0000E+00      9.0000E+01      9.0000E+01      1.0000E+00
      1.0000E+00      1.0000E+00      1.0000E+00      1.0000E+00      1.0000E+00      9.0000E+01      9.0000E+01      1.0000E+00
      1.0000E+00      1.0000E+00      1.0000E+00      1.0000E+00      1.0000E+00      9.0000E+01      9.0000E+01      1.0000E+00
      1.0000E+00      1.0000E+00      1.0000E+00      1.0000E+00      1.0000E+00      9.0000E+01      9.0000E+01      1.0000E+00
      1.0000E+00      1.0000E+00      1.0000E+00      1.0000E+00      1.0000E+00      9.0000E+01      9.0000E+01      1.0000E+00
      1.0000E+00      1.0000E+00      1.0000E+00      1.0000E+00      1.0000E+00      9.0000E+01      9.0000E+01      1.0000E+00
      1.0000E+00      1.0000E+00      1.0000E+00      1.0000E+00      1.0000E+00      9.0000E+01      9.0000E+01      1.0000E+00
      1.0000E+00      1.0000E+00      1.0000E+00      1.0000E+00      1.0000E+00      9.0000E+01      9.0000E+01      1.0000E+00
      1.0000E+00      1.0000E+00      1.0000E+00      1.0000E+00      1.0000E+00      9.0000E+01      9.0000E+01      1.0000E+00
      1.0000E+00      1.0000E+00      1.0000E+00      1.0000E+00      1.0000E+00      9.0000E+01      9.0000E+01      1.0000E+00
      1.0000E+00      1.0000E+00      1.0000E+00      1.0000E+00      1.0000E+00      9.0000E+01      9.0000E+01      1.0000E+00
      1.0000E+00      1.0000E+00      1.0000E+00      1.0000E+00      1.0000E+00      9.0000E+01      9.0000E+01      1.0000E+00
      1.0000E+00      1.0000E+00      1.0000E+00      1.0000E+00      1.0000E+00      9.0000E+01      9.0000E+01      1.0000E+00
      1.0000E+00      1.0000E+00      1.0000E+00      1.0000E+00      1.0000E+00      9.0000E+01      9.0000E+01      1.0000E+00
      1.0000E+00      1.0000E+00      1.0000E+00      1.0000E+00      1.0000E+00      9.0000E+01      9.0000E+01      1.0000E+00
      1.0000E+00      1.0000E+00      1.0000E+00      1.0000E+00      1.0000E+00      9.0000E+01      9.0000E+01      1.0000E+00
      1.0000E+00      1.0000E+00      1.0000E+00      1.0000E+00      1.0000E+00      9.0000E+01      9.0000E+01      1.0000E+00
      1.0000E+00      1.0000E+00      1.0000E+00      1.0000E+00      1.0000E+00      9.0000E+01      9.0000E+01      1.0000E+00
      1.0000E+00      1.0000E+00      1.0000E+00      1.0000E+00      1.0000E+00      9.0000E+01      9.0000E+01      1.0000E+00
      1.0000E+00      1.0000E+00      1.0000E+00      1.0000E+00      1.0000E+00      9.0000E+01      9.0000E+01      1.0000E+00
      1.0000E+00      1.0000E+00      1.0000E+00      1.0000E+00      1.0000E+00      9.0000E+01      9.0000E+01      1.0000E+00
      1.0000E+00      1.0000E+00      1.0000E+00      1.0000E+00      1.0000E+00      9.0000E+01      9.0000E+01      1.0000E+00
      1.0000E+00      1.0000E+00      1.0000E+00      1.0000E+00      1.0000E+00      9.0000E+01      9.0000E+01      1.0000E+00
      1.0000E+00      1.0000E+00      1.0000E+00      1.0000E+00      1.0000E+00      9.0000E+01      9.0000E+01      1.0000E+00
      1.0000E+00      1.0000E+00      1.0000E+00      1.0000E+00      1.0000E+00      9.0000E+01      9.0000E+01      1.0000E+00
      1.0000E+00      1.0000E+00      1.0000E+00      1.0000E+00      1.0000E+00      9.0000E+01      9.0000E+01      1.0000E+00
      1.0000E+00      1.0000E+00      1.0000E+00      1.0000E+00      1.0000E+00      9.0000E+01      9.0000E+01      1.0000E+00
      1.0000E+00      1.0000E+00      1.0000E+00      1.0000E+00      1.0000E+00      9.0000E+01      9.0000E+01      1.0000E+00
      1.0000E+00      1.0000E+00      1.0000E+00      1.0000E+00      1.0000E+00      9.0000E+01      9.0000E+01      1.0000E+00
      1.0000E+00      1.0000E+00      1.0000E+00      1.0000E+00      1.0000E+00      9.0000E+01      9.0000E+01      1.0000E+00
      1.0000E+00      1.0000E+00      1.0000E+00      1.0000E+00      1.0000E+00      9.0000E+01      9.0000E+01      1.0000E+00
      1.0000E+00      1.0000E+00      1.0000E+00      1.0000E+00      1.0000E+00      9.0000E+01      9.0000E+01      1.0000E+00
      1.0000E+00      1.0000E+00      1.0000E+00      1.0000E+00      1.0000E+00      9.0000E+01      9.0000E+01      1.0000E+00
      1.0000E+00      1.0000E+00      1.0000E+00      1.0000E+00      1.0000E+00      9.0000E+01      9.0000E+01      1.0000E+00
      1.0001E+00      1.0001E+00      1.0000E+00      1.0001E+00      1.0001E+00      9.0000E+01      9.0000E+01      1.0000E+00
      1.0007E+00      1.0003E+00      1.0000E+00      1.0007E+00      1.0007E+00      9.0000E+01      9.0000E+01      1.0000E+00
      1.0027E+00      1.0013E+00      1.0000E+00      1.0027E+00      1.0027E+00      8.9998E+01      9.0002E+01      1.0000E+00
      1.0086E+00      1.0043E+00      1.0000E+00      1.0087E+00      1.0086E+00      8.9994E+01      9.0005E+01      1.0000E+00
      1.0213E+00      1.0108E+00      1.0002E+00      1.0215E+00      1.0213E+00      8.9988E+01      9.0012E+01      1.0000E+00
      1.0399E+00      1.0201E+00      1.0008E+00      1.0403E+00      1.0399E+00      8.9985E+01      9.0015E+01      1.0000E+00
      7.2656E-01      1.3147E+00      1.4488E+00      1.4487E+00      3.8252E-01      6.7978E+01      1.3635E+02      1.0000E+00
      1.1521E+00      1.1076E+00      1.0235E+00      1.1540E+00      1.0594E+00      7.9061E+01      9.9388E+01      1.0000E+00
      1.1113E+00      1.1351E+00      1.0214E+00      1.2397E+00      9.8334E-01      8.0577E+01      9.8476E+01      1.0000E+00
      9.2808E-01      1.1048E+00      1.0184E+00      1.1582E+00      8.2843E-01      8.2990E+01      1.0074E+02      1.0000E+00
      9.8199E-01      1.0257E+00      1.0012E+00      1.0484E+00      9.5729E-01      8.9094E+01      9.1985E+01      1.0000E+00
      9.9616E-01      1.0068E+00      1.0001E+00      1.0143E+00      9.8993E-01      8.9662E+01      9.0378E+01      1.0000E+00
      9.9930E-01      1.0017E+00      1.0000E+00      1.0039E+00      9.9778E-01      8.9898E+01      9.0072E+01      1.0000E+00
      9.9989E-01      1.0004E+00      1.0000E+00      1.0009E+00      9.9955E-01      8.9975E+01      9.0013E+01      1.0000E+00
      9.9998E-01      1.0001E+00      1.0000E+00      1.0002E+00      9.9992E-01      8.9995E+01      9.0003E+01      1.0000E+00
      1.0000E+00      1.0000E+00      1.0000E+00      1.0000E+00      9.9999E-01      8.9999E+01      9.0000E+01      1.0000E+00
      1.0000E+00      1.0000E+00      1.0000E+00      1.0000E+00      1.0000E+00      9.0000E+01      9.0000E+01      1.0000E+00
      1.0000E+00      1.0000E+00      1.0000E+00      1.0000E+00      1.0000E+00      9.0000E+01      9.0000E+01      1.0000E+00
      1.0000E+00      1.0000E+00      1.0000E+00      1.0000E+00      1.0000E+00      9.0000E+01      9.0000E+01      1.0000E+00
      1.0000E+00      1.0000E+00      1.0000E+00      1.0000E+00      1.0000E+00      9.0000E+01      9.0000E+01      1.0000E+00
      1.0000E+00      1.0000E+00      1.0000E+00      1.0000E+00      1.0000E+00      9.0000E+01      9.0000E+01      1.0000E+00
      1.0000E+00      1.0000E+00      1.0000E+00      1.0000E+00      1.0000E+00      9.0000E+01      9.0000E+01      1.0000E+00
      1.0000E+00      1.0000E+00      1.0000E+00      1.0000E+00      1.0000E+00      9.0000E+01      9.0000E+01      1.0000E+00
      1.0000E+00      1.0000E+00      1.0000E+00      1.0000E+00      1.0000E+00      9.0000E+01      9.0000E+01      1.0000E+00
      1.0000E+00      1.0000E+00      1.0000E+00      1.0000E+00      1.0000E+00      9.0000E+01      9.0000E+01      1.0000E+00
      1.0000E+00      1.0000E+00      1.0000E+00      1.0000E+00      1.0000E+00      9.0000E+01      9.0000E+01      1.0000E+00
      1.0000E+00      1.0000E+00      1.0000E+00      1.0000E+00      1.0000E+00      9.0000E+01      9.0000E+01      1.0000E+00
      1.0000E+00      1.0000E+00      1.0000E+00      1.0000E+00      1.0000E+00      9.0000E+01      9.0000E+01      1.0000E+00
      1.0000E+00      1.0000E+00      1.0000E+00      1.0000E+00      1.0000E+00      9.0000E+01      9.0000E+01      1.0000E+00
      1.0000E+00      1.0000E+00      1.0000E+00      1.0000E+00      1.0000E+00      9.0000E+01      9.0000E+01      1.0000E+00
      1.0000E+00      1.0000E+00      1.0000E+00      1.0000E+00      1.0000E+00      9.0000E+01      9.0000E+01      1.0000E+00
      1.0000E+00      1.0000E+00      1.0000E+00      1.0000E+00      1.0000E+00      9.0000E+01      9.0000E+01      1.0000E+00
      1.0000E+00      1.0000E+00      1.0000E+00      1.0000E+00      1.0000E+00      9.0000E+01      9.0000E+01      1.0000E+00
      1.0000E+00      1.0000E+00      1.0000E+00      1.0000E+00      1.0000E+00      9.0000E+01      9.0000E+01      1.0000E+00
      1.0000E+00      1.0000E+00      1.0000E+00      1.0000E+00      1.0000E+00      9.0000E+01      9.0000E+01      1.0000E+00
      1.0000E+00      1.0000E+00      1.0000E+00      1.0000E+00      1.0000E+00      9.0000E+01      9.0000E+01      1.0000E+00
      1.0000E+00      1.0000E+00      1.0000E+00      1.0000E+00      1.0000E+00      9.0000E+01      9.0000E+01      1.0000E+00
      1.0000E+00      1.0000E+00      1.0000E+00      1.0000E+00      1.0000E+00      9.0000E+01      9.0000E+01      1.0000E+00
      1.0000E+00      1.0000E+00      1.0000E+00      1.0000E+00      1.0000E+00      9.0000E+01      9.0000E+01      1.0000E+00
      1.0000E+00      1.0000E+00      1.0000E+00      1.0000E+00      1.0000E+00      9.0000E+01      9.0000E+01      1.0000E+00
      1.0000E+00      1.0000E+00      1.0000E+00      1.0000E+00      1.0000E+00      9.0000E+01      9.0000E+01      1.0000E+00
      1.0000E+00      1.0000E+00      1.0000E+00      1.0000E+00      1.0000E+00      9.0000E+01      9.0000E+01      1.0000E+00
      1.0000E+00      1.0000E+00      1.0000E+00      1.0000E+00      1.0000E+00      9.0000E+01      9.0000E+01      1.0000E+00
      1.0000E+00      1.0000E+00      1.0000E+00      1.0000E+00      1.0000E+00      9.0000E+01      9.0000E+01      1.0000E+00
      1.0000E+00      1.0000E+00      1.0000E+00      1.0000E+00      1.0000E+00      9.0000E+01      9.0000E+01      1.0000E+00
      1.0000E+00      1.0000E+00      1.0000E+00      1.0000E+00      1.0000E+00      9.0000E+01      9.0000E+01      1.0000E+00
      1.0000E+00      1.0000E+00      1.0000E+00      1.0000E+00      1.0000E+00      9.0000E+01      9.0000E+01      1.0000E+00
      1.0000E+00      1.0000E+00      1.0000E+00      1.0000E+00      1.0000E+00      9.0000E+01      9.0000E+01      1.0000E+00
      1.0000E+00      1.0000E+00      1.0000E+00      1.0000E+00      1.0000E+00      9.0000E+01      9.0000E+01      1.0000E+00
      1.0000E+00      1.0000E+00      1.0000E+00      1.0000E+00      1.0000E+00      9.0000E+01      9.0000E+01      1.0000E+00
      1.0000E+00      1.0000E+00      1.0000E+00      1.0000E+00      1.0000E+00      9.0000E+01      9.0000E+01      1.0000E+00
      1.0000E+00      1.0000E+00      1.0000E+00      1.0000E+00      1.0000E+00      9.0000E+01      9.0000E+01      1.0000E+00
      1.0000E+00      1.0000E+00      1.0000E+00      1.0000E+00      1.0000E+00      9.0000E+01      9.0000E+01      1.0000E+00
      1.0000E+00      1.0000E+00      1.0000E+00      1.0000E+00      1.0000E+00      9.0000E+01      9.0000E+01      1.0000E+00
      1.0000E+00      1.0000E+00      1.0000E+00      1.0000E+00      1.0000E+00      9.0000E+01      9.0000E+01      1.0000E+00
      1.0000E+00      1.0000E+00      1.0000E+00      1.0000E+00      1.0000E+00      9.0000E+01      9.0000E+01      1.0000E+00
      1.0000E+00      1.0000E+00      1.0000E+00      1.0000E+00      1.0000E+00      9.0000E+01      9.0000E+01      1.0000E+00
      1.0000E+00      1.0000E+00      1.0000E+00      1.0000E+00      1.0000E+00      9.0000E+01      9.0000E+01      1.0000E+00
      1.0000E+00      1.0000E+00      1.0000E+00      1.0000E+00      1.0000E+00      9.0000E+01      9.0000E+01      1.0000E+00
      1.0000E+00      1.0000E+00      1.0000E+00      1.0000E+00      1.0000E+00      9.0000E+01      9.0000E+01      1.0000E+00
      1.0001E+00      1.0001E+00      1.0000E+00      1.0001E+00      1.0001E+00      9.0000E+01      9.0000E+01      1.0000E+00
      1.0006E+00      1.0003E+00      1.0000E+00      1.0007E+00      1.0006E+00      8.9999E+01      9.0001E+01      1.0000E+00
      1.0027E+00      1.0014E+00      1.0000E+00      1.0027E+00      1.0026E+00      8.9996E+01      9.0003E+01      1.0000E+00
      1.0085E+00      1.0044E+00      1.0000E+00      1.0088E+00      1.0085E+00      8.9989E+01      9.0011E+01      1.0000E+00
      1.0212E+00      1.0109E+00      1.0002E+00      1.0218E+00      1.0210E+00      8.9975E+01      9.0024E+01      1.0000E+00
      1.0395E+00      1.0203E+00      1.0008E+00      1.0409E+00      1.0394E+00      8.9968E+01      9.0032E+01      1.0000E+00
      1.1241E+00      1.1186E+00      1.0151E+00      1.1662E+00      1.0327E+00      8.5413E+01      9.5478E+01      1.0000E+00
      1.1933E+00      1.0966E+00      1.0240E+00      1.1569E+00      1.0791E+00      7.8079E+01      9.8096E+01      1.0000E+00
      8.9473E-01      1.2035E+00      1.1013E+00      1.4015E+00      6.9777E-01      7.2231E+01      1.1292E+02      1.0000E+00
      5.4539E-01      1.3981E+00      1.3995E+00      1.5685E+00      3.0629E-01      6.3251E+01      1.3421E+02      1.0000E+00
      9.3285E-01      1.1060E+00      1.0199E+00      1.1559E+00      8.3256E-01      8.2216E+01      1.0134E+02      1.0000E+00
      9.8396E-01      1.0266E+00      1.0013E+00      1.0484E+00      9.5882E-01      8.8873E+01      9.2301E+01      1.0000E+00
      9.9678E-01      1.0072E+00      1.0001E+00      1.0145E+00      9.9038E-01      8.9753E+01      9.0488E+01      1.0000E+00
      9.9946E-01      1.0018E+00      1.0000E+00      1.0039E+00      9.9789E-01      8.9922E+01      9.0101E+01      1.0000E+00
      9.9992E-01      1.0004E+00      1.0000E+00      1.0009E+00      9.9958E-01      8.9980E+01      9.0020E+01      1.0000E+00
      9.9999E-01      1.0001E+00      1.0000E+00      1.0002E+00      9.9992E-01      8.9996E+01      9.0003E+01      1.0000E+00
      1.0000E+00      1.0000E+00      1.0000E+00      1.0000E+00      9.9999E-01      8.9999E+01      9.0001E+01      1.0000E+00
      1.0000E+00      1.0000E+00      1.0000E+00      1.0000E+00      1.0000E+00      9.0000E+01      9.0000E+01      1.0000E+00
      1.0000E+00      1.0000E+00      1.0000E+00      1.0000E+00      1.0000E+00      9.0000E+01      9.0000E+01      1.0000E+00
      1.0000E+00      1.0000E+00      1.0000E+00      1.0000E+00      1.0000E+00      9.0000E+01      9.0000E+01      1.0000E+00
      1.0000E+00      1.0000E+00      1.0000E+00      1.0000E+00      1.0000E+00      9.0000E+01      9.0000E+01      1.0000E+00
      1.0000E+00      1.0000E+00      1.0000E+00      1.0000E+00      1.0000E+00      9.0000E+01      9.0000E+01      1.0000E+00
      1.0000E+00      1.0000E+00      1.0000E+00      1.0000E+00      1.0000E+00      9.0000E+01      9.0000E+01      1.0000E+00
      1.0000E+00      1.0000E+00      1.0000E+00      1.0000E+00      1.0000E+00      9.0000E+01      9.0000E+01      1.0000E+00
      1.0000E+00      1.0000E+00      1.0000E+00      1.0000E+00      1.0000E+00      9.0000E+01      9.0000E+01      1.0000E+00
      1.0000E+00      1.0000E+00      1.0000E+00      1.0000E+00      1.0000E+00      9.0000E+01      9.0000E+01      1.0000E+00
      1.0000E+00      1.0000E+00      1.0000E+00      1.0000E+00      1.0000E+00      9.0000E+01      9.0000E+01      1.0000E+00
      1.0000E+00      1.0000E+00      1.0000E+00      1.0000E+00      1.0000E+00      9.0000E+01      9.0000E+01      1.0000E+00
      1.0000E+00      1.0000E+00      1.0000E+00      1.0000E+00      1.0000E+00      9.0000E+01      9.0000E+01      1.0000E+00
      1.0000E+00      1.0000E+00      1.0000E+00      1.0000E+00      1.0000E+00      9.0000E+01      9.0000E+01      1.0000E+00
      1.0000E+00      1.0000E+00      1.0000E+00      1.0000E+00      1.0000E+00      9.0000E+01      9.0000E+01      1.0000E+00
      1.0000E+00      1.0000E+00      1.0000E+00      1.0000E+00      1.0000E+00      9.0000E+01      9.0000E+01      1.0000E+00
      1.0000E+00      1.0000E+00      1.0000E+00      1.0000E+00      1.0000E+00      9.0000E+01      9.0000E+01      1.0000E+00
      1.0000E+00      1.0000E+00      1.0000E+00      1.0000E+00      1.0000E+00      9.0000E+01      9.0000E+01      1.0000E+00
      1.0000E+00      1.0000E+00      1.0000E+00      1.0000E+00      1.0000E+00      9.0000E+01      9.0000E+01      1.0000E+00
      1.0000E+00      1.0000E+00      1.0000E+00      1.0000E+00      1.0000E+00      9.0000E+01      9.0000E+01      1.0000E+00
      1.0000E+00      1.0000E+00      1.0000E+00      1.0000E+00      1.0000E+00      9.0000E+01      9.0000E+01      1.0000E+00
      1.0000E+00      1.0000E+00      1.0000E+00      1.0000E+00      1.0000E+00      9.0000E+01      9.0000E+01      1.0000E+00
      1.0000E+00      1.0000E+00      1.0000E+00      1.0000E+00      1.0000E+00      9.0000E+01      9.0000E+01      1.0000E+00
      1.0000E+00      1.0000E+00      1.0000E+00      1.0000E+00      1.0000E+00      9.0000E+01      9.0000E+01      1.0000E+00
      1.0000E+00      1.0000E+00      1.0000E+00      1.0000E+00      1.0000E+00      9.0000E+01      9.0000E+01      1.0000E+00
      1.0000E+00      1.0000E+00      1.0000E+00      1.0000E+00      1.0000E+00      9.0000E+01      9.0000E+01      1.0000E+00
      1.0000E+00      1.0000E+00      1.0000E+00      1.0000E+00      1.0000E+00      9.0000E+01      9.0000E+01      1.0000E+00
      1.0000E+00      1.0000E+00      1.0000E+00      1.0000E+00      1.0000E+00      9.0000E+01      9.0000E+01      1.0000E+00
      1.0000E+00      1.0000E+00      1.0000E+00      1.0000E+00      1.0000E+00      9.0000E+01      9.0000E+01      1.0000E+00
      1.0000E+00      1.0000E+00      1.0000E+00      1.0000E+00      1.0000E+00      9.0000E+01      9.0000E+01      1.0000E+00
      1.0000E+00      1.0000E+00      1.0000E+00      1.0000E+00      1.0000E+00      9.0000E+01      9.0000E+01      1.0000E+00
      1.0000E+00      1.0000E+00      1.0000E+00      1.0000E+00      1.0000E+00      9.0000E+01      9.0000E+01      1.0000E+00
      1.0000E+00      1.0000E+00      1.0000E+00      1.0000E+00      1.0000E+00      9.0000E+01      9.0000E+01      1.0000E+00
      1.0000E+00      1.0000E+00      1.0000E+00      1.0000E+00      1.0000E+00      9.0000E+01      9.0000E+01      1.0000E+00
      1.0000E+00      1.0000E+00      1.0000E+00      1.0000E+00      1.0000E+00      9.0000E+01      9.0000E+01      1.0000E+00
      1.0000E+00      1.0000E+00      1.0000E+00      1.0000E+00      1.0000E+00      9.0000E+01      9.0000E+01      1.0000E+00
      1.0000E+00      1.0000E+00      1.0000E+00      1.0000E+00      1.0000E+00      9.0000E+01      9.0000E+01      1.0000E+00
      1.0000E+00      1.0000E+00      1.0000E+00      1.0000E+00      1.0000E+00      9.0000E+01      9.0000E+01      1.0000E+00
      1.0000E+00      1.0000E+00      1.0000E+00      1.0000E+00      1.0000E+00      9.0000E+01      9.0000E+01      1.0000E+00
      1.0000E+00      1.0000E+00      1.0000E+00      1.0000E+00      1.0000E+00      9.0000E+01      9.0000E+01      1.0000E+00
      1.0000E+00      1.0000E+00      1.0000E+00      1.0000E+00      1.0000E+00      9.0000E+01      9.0000E+01      1.0000E+00
      1.0000E+00      1.0000E+00      1.0000E+00      1.0000E+00      1.0000E+00      9.0000E+01      9.0000E+01      1.0000E+00
      1.0000E+00      1.0000E+00      1.0000E+00      1.0000E+00      1.0000E+00      9.0000E+01      9.0000E+01      1.0000E+00
      1.0000E+00      1.0000E+00      1.0000E+00      1.0000E+00      1.0000E+00      8.9999E+01      9.0000E+01      1.0000E+00
      1.0000E+00      1.0000E+00      1.0000E+00      1.0000E+00      1.0000E+00      8.9999E+01      9.0001E+01      1.0000E+00
      1.0001E+00      1.0001E+00      1.0000E+00      1.0001E+00      1.0001E+00      8.9999E+01      9.0001E+01      1.0000E+00
      1.0007E+00      1.0003E+00      1.0000E+00      1.0007E+00      1.0006E+00      8.9999E+01      9.0001E+01      1.0000E+00
      1.0026E+00      1.0014E+00      1.0000E+00      1.0028E+00      1.0026E+00      8.9993E+01      9.0006E+01      1.0000E+00
      1.0084E+00      1.0044E+00      1.0000E+00      1.0090E+00      1.0083E+00      8.9976E+01      9.0022E+01      1.0000E+00
      1.0208E+00      1.0111E+00      1.0002E+00      1.0224E+00      1.0205E+00      8.9948E+01      9.0050E+01      1.0000E+00
      1.0388E+00      1.0207E+00      1.0008E+00      1.0419E+00      1.0384E+00      8.9928E+01      9.0072E+01      1.0000E+00
      9.5873E-01      1.0456E+00      1.0074E+00      1.1092E+00      9.1309E-01      8.4669E+01      9.3591E+01      1.0000E+00
      1.0290E+00      1.0334E+00      1.0039E+00      1.0617E+00      9.9479E-01      8.5203E+01      9.3114E+01      1.0000E+00
      9.7364E-01      1.0326E+00      1.0012E+00      1.0555E+00      9.3989E-01      8.8098E+01      9.2093E+01      1.0000E+00
      9.7385E-01      1.0555E+00      1.0100E+00      1.0767E+00      9.3202E-01      8.2526E+01      9.6743E+01      1.0000E+00
      8.0714E-01      1.1669E+00      1.0447E+00      1.2915E+00      7.0409E-01      7.5080E+01      1.0497E+02      1.0000E+00
      9.2317E-01      1.1533E+00      1.1417E+00      1.2604E+00      6.9220E-01      7.3717E+01      1.1865E+02      1.0000E+00
      1.0919E+00      1.0191E+00      1.0030E+00      1.0515E+00      1.0549E+00      8.5545E+01      9.3388E+01      1.0000E+00
      1.0249E+00      1.0057E+00      1.0003E+00      1.0160E+00      1.0198E+00      8.8939E+01      9.1045E+01      1.0000E+00
      1.0071E+00      1.0027E+00      1.0000E+00      1.0059E+00      1.0059E+00      8.9714E+01      9.0324E+01      1.0000E+00
      1.0019E+00      1.0009E+00      1.0000E+00      1.0017E+00      1.0016E+00      8.9920E+01      9.0092E+01      1.0000E+00
      1.0004E+00      1.0002E+00      1.0000E+00      1.0004E+00      1.0004E+00      8.9980E+01      9.0023E+01      1.0000E+00
      1.0001E+00      1.0000E+00      1.0000E+00      1.0001E+00      1.0001E+00      8.9996E+01      9.0005E+01      1.0000E+00
      1.0000E+00      1.0000E+00      1.0000E+00      1.0000E+00      1.0000E+00      8.9999E+01      9.0001E+01      1.0000E+00
      1.0000E+00      1.0000E+00      1.0000E+00      1.0000E+00      1.0000E+00      9.0000E+01      9.0000E+01      1.0000E+00
      1.0000E+00      1.0000E+00      1.0000E+00      1.0000E+00      1.0000E+00      9.0000E+01      9.0000E+01      1.0000E+00
      1.0000E+00      1.0000E+00      1.0000E+00      1.0000E+00      1.0000E+00      9.0000E+01      9.0000E+01      1.0000E+00
      1.0000E+00      1.0000E+00      1.0000E+00      1.0000E+00      1.0000E+00      9.0000E+01      9.0000E+01      1.0000E+00
      1.0000E+00      1.0000E+00      1.0000E+00      1.0000E+00      1.0000E+00      9.0000E+01      9.0000E+01      1.0000E+00
      1.0000E+00      1.0000E+00      1.0000E+00      1.0000E+00      1.0000E+00      9.0000E+01      9.0000E+01      1.0000E+00
      1.0000E+00      1.0000E+00      1.0000E+00      1.0000E+00      1.0000E+00      9.0000E+01      9.0000E+01      1.0000E+00
      1.0000E+00      1.0000E+00      1.0000E+00      1.0000E+00      1.0000E+00      9.0000E+01      9.0000E+01      1.0000E+00
      1.0000E+00      1.0000E+00      1.0000E+00      1.0000E+00      1.0000E+00      9.0000E+01      9.0000E+01      1.0000E+00
      1.0000E+00      1.0000E+00      1.0000E+00      1.0000E+00      1.0000E+00      9.0000E+01      9.0000E+01      1.0000E+00
      1.0000E+00      1.0000E+00      1.0000E+00      1.0000E+00      1.0000E+00      9.0000E+01      9.0000E+01      1.0000E+00
      1.0000E+00      1.0000E+00      1.0000E+00      1.0000E+00      1.0000E+00      9.0000E+01      9.0000E+01      1.0000E+00
      1.0000E+00      1.0000E+00      1.0000E+00      1.0000E+00      1.0000E+00      9.0000E+01      9.0000E+01      1.0000E+00
      1.0000E+00      1.0000E+00      1.0000E+00      1.0000E+00      1.0000E+00      9.0000E+01      9.0000E+01      1.0000E+00
      1.0000E+00      1.0000E+00      1.0000E+00      1.0000E+00      1.0000E+00      9.0000E+01      9.0000E+01      1.0000E+00
      1.0000E+00      1.0000E+00      1.0000E+00      1.0000E+00      1.0000E+00      9.0000E+01      9.0000E+01      1.0000E+00
      1.0000E+00      1.0000E+00      1.0000E+00      1.0000E+00      1.0000E+00      9.0000E+01      9.0000E+01      1.0000E+00
      1.0000E+00      1.0000E+00      1.0000E+00      1.0000E+00      1.0000E+00      9.0000E+01      9.0000E+01      1.0000E+00
      1.0000E+00      1.0000E+00      1.0000E+00      1.0000E+00      1.0000E+00      9.0000E+01      9.0000E+01      1.0000E+00
      1.0000E+00      1.0000E+00      1.0000E+00      1.0000E+00      1.0000E+00      9.0000E+01      9.0000E+01      1.0000E+00
      1.0000E+00      1.0000E+00      1.0000E+00      1.0000E+00      1.0000E+00      9.0000E+01      9.0000E+01      1.0000E+00
      1.0000E+00      1.0000E+00      1.0000E+00      1.0000E+00      1.0000E+00      9.0000E+01      9.0000E+01      1.0000E+00
      1.0000E+00      1.0000E+00      1.0000E+00      1.0000E+00      1.0000E+00      9.0000E+01      9.0000E+01      1.0000E+00
      1.0000E+00      1.0000E+00      1.0000E+00      1.0000E+00      1.0000E+00      9.0000E+01      9.0000E+01      1.0000E+00
      1.0000E+00      1.0000E+00      1.0000E+00      1.0000E+00      1.0000E+00      9.0000E+01      9.0000E+01      1.0000E+00
      1.0000E+00      1.0000E+00      1.0000E+00      1.0000E+00      1.0000E+00      9.0000E+01      9.0000E+01      1.0000E+00
      1.0000E+00      1.0000E+00      1.0000E+00      1.0000E+00      1.0000E+00      9.0000E+01      9.0000E+01      1.0000E+00
      1.0000E+00      1.0000E+00      1.0000E+00      1.0000E+00      1.0000E+00      9.0000E+01      9.0000E+01      1.0000E+00
      1.0000E+00      1.0000E+00      1.0000E+00      1.0000E+00      1.0000E+00      9.0000E+01      9.0000E+01      1.0000E+00
      1.0000E+00      1.0000E+00      1.0000E+00      1.0000E+00      1.0000E+00      9.0000E+01      9.0000E+01      1.0000E+00
      1.0000E+00      1.0000E+00      1.0000E+00      1.0000E+00      1.0000E+00      9.0000E+01      9.0000E+01      1.0000E+00
      1.0000E+00      1.0000E+00      1.0000E+00      1.0000E+00      1.0000E+00      9.0000E+01      9.0000E+01      1.0000E+00
      1.0000E+00      1.0000E+00      1.0000E+00      1.0000E+00      1.0000E+00      9.0000E+01      9.0000E+01      1.0000E+00
      1.0000E+00      1.0000E+00      1.0000E+00      1.0000E+00      1.0000E+00      9.0000E+01      9.0000E+01      1.0000E+00
      1.0000E+00      1.0000E+00      1.0000E+00      1.0000E+00      1.0000E+00      9.0000E+01      9.0000E+01      1.0000E+00
      1.0000E+00      1.0000E+00      1.0000E+00      1.0000E+00      1.0000E+00      9.0000E+01      9.0000E+01      1.0000E+00
      1.0000E+00      1.0000E+00      1.0000E+00      1.0000E+00      1.0000E+00      9.0000E+01      9.0000E+01      1.0000E+00
      1.0000E+00      1.0000E+00      1.0000E+00      1.0000E+00      1.0000E+00      9.0000E+01      9.0000E+01      1.0000E+00
      1.0000E+00      1.0000E+00      1.0000E+00      1.0000E+00      1.0000E+00      9.0000E+01      9.0000E+01      1.0000E+00
      1.0000E+00      1.0000E+00      1.0000E+00      1.0000E+00      1.0000E+00      9.0000E+01      9.0000E+01      1.0000E+00
      1.0000E+00      1.0000E+00      1.0000E+00      1.0000E+00      1.0000E+00      9.0000E+01      9.0000E+01      1.0000E+00
      1.0000E+00      1.0000E+00      1.0000E+00      1.0000E+00      1.0000E+00      8.9998E+01      9.0001E+01      1.0000E+00
      1.0001E+00      1.0000E+00      1.0000E+00      1.0000E+00      1.0000E+00      8.9995E+01      9.0003E+01      1.0000E+00
      1.0001E+00      1.0000E+00      1.0000E+00      1.0001E+00      1.0001E+00      8.9992E+01      9.0006E+01      1.0000E+00
      1.0002E+00      1.0001E+00      1.0000E+00      1.0001E+00      1.0002E+00      8.9992E+01      9.0008E+01      1.0000E+00
      1.0007E+00      1.0003E+00      1.0000E+00      1.0006E+00      1.0007E+00      8.9994E+01      9.0005E+01      1.0000E+00
      1.0027E+00      1.0014E+00      1.0000E+00      1.0028E+00      1.0026E+00      8.9993E+01      9.0006E+01      1.0000E+00
      1.0084E+00      1.0046E+00      1.0000E+00      1.0093E+00      1.0081E+00      8.9955E+01      9.0039E+01      1.0000E+00
      1.0205E+00      1.0114E+00      1.0003E+00      1.0233E+00      1.0198E+00      8.9898E+01      9.0091E+01      1.0000E+00
      1.0375E+00      1.0214E+00      1.0009E+00      1.0438E+00      1.0365E+00      8.9845E+01      9.0154E+01      1.0000E+00
      9.4362E-01      1.0271E+00      1.0036E+00      1.0752E+00      9.1728E-01      8.7365E+01      9.3109E+01      1.0000E+00
      9.9168E-01      1.0130E+00      1.0012E+00      1.0368E+00      9.7885E-01      8.8012E+01      9.1892E+01      1.0000E+00
      9.9155E-01      1.0102E+00      1.0002E+00      1.0165E+00      9.8080E-01      8.8920E+01      9.0776E+01      1.0000E+00
      9.8053E-01      1.0248E+00      1.0006E+00      1.0497E+00      9.5566E-01      8.8588E+01      9.1496E+01      1.0000E+00
      9.1406E-01      1.1238E+00      1.0454E+00      1.2173E+00      7.7370E-01      7.8811E+01      1.0670E+02      1.0000E+00
      1.0169E+00      1.0800E+00      1.0205E+00      1.1524E+00      9.3050E-01      8.0615E+01      1.0085E+02      1.0000E+00
      1.0360E+00      1.0248E+00      1.0022E+00      1.0374E+00      1.0134E+00      8.6489E+01      9.3106E+01      1.0000E+00
      1.0185E+00      1.0085E+00      1.0003E+00      1.0146E+00      1.0109E+00      8.8700E+01      9.0999E+01      1.0000E+00
      1.0069E+00      1.0028E+00      1.0000E+00      1.0053E+00      1.0045E+00      8.9559E+01      9.0318E+01      1.0000E+00
      1.0020E+00      1.0008E+00      1.0000E+00      1.0016E+00      1.0013E+00      8.9870E+01      9.0091E+01      1.0000E+00
      1.0005E+00      1.0002E+00      1.0000E+00      1.0004E+00      1.0003E+00      8.9968E+01      9.0023E+01      1.0000E+00
      1.0001E+00      1.0000E+00      1.0000E+00      1.0001E+00      1.0001E+00      8.9994E+01      9.0005E+01      1.0000E+00
      1.0000E+00      1.0000E+00      1.0000E+00      1.0000E+00      1.0000E+00      8.9999E+01      9.0001E+01      1.0000E+00
      1.0000E+00      1.0000E+00      1.0000E+00      1.0000E+00      1.0000E+00      9.0000E+01      9.0000E+01      1.0000E+00
      1.0000E+00      1.0000E+00      1.0000E+00      1.0000E+00      1.0000E+00      9.0000E+01      9.0000E+01      1.0000E+00
      1.0000E+00      1.0000E+00      1.0000E+00      1.0000E+00      1.0000E+00      9.0000E+01      9.0000E+01      1.0000E+00
      1.0000E+00      1.0000E+00      1.0000E+00      1.0000E+00      1.0000E+00      9.0000E+01      9.0000E+01      1.0000E+00
      1.0000E+00      1.0000E+00      1.0000E+00      1.0000E+00      1.0000E+00      9.0000E+01      9.0000E+01      1.0000E+00
      1.0000E+00      1.0000E+00      1.0000E+00      1.0000E+00      1.0000E+00      9.0000E+01      9.0000E+01      1.0000E+00
      1.0000E+00      1.0000E+00      1.0000E+00      1.0000E+00      1.0000E+00      9.0000E+01      9.0000E+01      1.0000E+00
      1.0000E+00      1.0000E+00      1.0000E+00      1.0000E+00      1.0000E+00      9.0000E+01      9.0000E+01      1.0000E+00
      1.0000E+00      1.0000E+00      1.0000E+00      1.0000E+00      1.0000E+00      9.0000E+01      9.0000E+01      1.0000E+00
      1.0000E+00      1.0000E+00      1.0000E+00      1.0000E+00      1.0000E+00      9.0000E+01      9.0000E+01      1.0000E+00
      1.0000E+00      1.0000E+00      1.0000E+00      1.0000E+00      1.0000E+00      9.0000E+01      9.0000E+01      1.0000E+00
      1.0000E+00      1.0000E+00      1.0000E+00      1.0000E+00      1.0000E+00      9.0000E+01      9.0000E+01      1.0000E+00
      1.0000E+00      1.0000E+00      1.0000E+00      1.0000E+00      1.0000E+00      9.0000E+01      9.0000E+01      1.0000E+00
      1.0000E+00      1.0000E+00      1.0000E+00      1.0000E+00      1.0000E+00      9.0000E+01      9.0000E+01      1.0000E+00
      1.0000E+00      1.0000E+00      1.0000E+00      1.0000E+00      1.0000E+00      9.0000E+01      9.0000E+01      1.0000E+00
      1.0000E+00      1.0000E+00      1.0000E+00      1.0000E+00      1.0000E+00      9.0000E+01      9.0000E+01      1.0000E+00
      1.0000E+00      1.0000E+00      1.0000E+00      1.0000E+00      1.0000E+00      9.0000E+01      9.0000E+01      1.0000E+00
      1.0000E+00      1.0000E+00      1.0000E+00      1.0000E+00      1.0000E+00      9.0000E+01      9.0000E+01      1.0000E+00
      1.0000E+00      1.0000E+00      1.0000E+00      1.0000E+00      1.0000E+00      9.0000E+01      9.0000E+01      1.0000E+00
      1.0000E+00      1.0000E+00      1.0000E+00      1.0000E+00      1.0000E+00      9.0000E+01      9.0000E+01      1.0000E+00
      1.0000E+00      1.0000E+00      1.0000E+00      1.0000E+00      1.0000E+00      9.0000E+01      9.0000E+01      1.0000E+00
      1.0000E+00      1.0000E+00      1.0000E+00      1.0000E+00      1.0000E+00      9.0000E+01      9.0000E+01      1.0000E+00
      1.0000E+00      1.0000E+00      1.0000E+00      1.0000E+00      1.0000E+00      9.0000E+01      9.0000E+01      1.0000E+00
      1.0000E+00      1.0000E+00      1.0000E+00      1.0000E+00      1.0000E+00      9.0000E+01      9.0000E+01      1.0000E+00
      1.0000E+00      1.0000E+00      1.0000E+00      1.0000E+00      1.0000E+00      9.0000E+01      9.0000E+01      1.0000E+00
      1.0000E+00      1.0000E+00      1.0000E+00      1.0000E+00      1.0000E+00      9.0000E+01      9.0000E+01      1.0000E+00
      1.0000E+00      1.0000E+00      1.0000E+00      1.0000E+00      1.0000E+00      9.0000E+01      9.0000E+01      1.0000E+00
      1.0000E+00      1.0000E+00      1.0000E+00      1.0000E+00      1.0000E+00      9.0000E+01      9.0000E+01      1.0000E+00
      1.0000E+00      1.0000E+00      1.0000E+00      1.0000E+00      1.0000E+00      9.0000E+01      9.0000E+01      1.0000E+00
      1.0000E+00      1.0000E+00      1.0000E+00      1.0000E+00      1.0000E+00      9.0000E+01      9.0000E+01      1.0000E+00
      1.0000E+00      1.0000E+00      1.0000E+00      1.0000E+00      1.0000E+00      9.0000E+01      9.0000E+01      1.0000E+00
      1.0000E+00      1.0000E+00      1.0000E+00      1.0000E+00      1.0000E+00      9.0000E+01      9.0000E+01      1.0000E+00
      1.0000E+00      1.0000E+00      1.0000E+00      1.0000E+00      1.0000E+00      9.0000E+01      9.0000E+01      1.0000E+00
      1.0000E+00      1.0000E+00      1.0000E+00      1.0000E+00      1.0000E+00      9.0000E+01      9.0000E+01      1.0000E+00
      1.0000E+00      1.0000E+00      1.0000E+00      1.0000E+00      1.0000E+00      9.0000E+01      9.0000E+01      1.0000E+00
      1.0000E+00      1.0000E+00      1.0000E+00      1.0000E+00      1.0000E+00      9.0000E+01      9.0000E+01      1.0000E+00
      1.0000E+00      1.0000E+00      1.0000E+00      1.0000E+00      1.0000E+00      9.0000E+01      9.0000E+01      1.0000E+00
      1.0000E+00      1.0000E+00      1.0000E+00      1.0000E+00      1.0000E+00      9.0000E+01      9.0000E+01      1.0000E+00
      1.0000E+00      1.0000E+00      1.0000E+00      1.0000E+00      1.0000E+00      9.0000E+01      9.0000E+01      1.0000E+00
      1.0000E+00      1.0000E+00      1.0000E+00      1.0000E+00      1.0000E+00      8.9999E+01      9.0000E+01      1.0000E+00
      1.0000E+00      1.0000E+00      1.0000E+00      1.0000E+00      1.0000E+00      8.9997E+01      9.0002E+01      1.0000E+00
      1.0001E+00      1.0000E+00      1.0000E+00      1.0001E+00      1.0000E+00      8.9990E+01      9.0007E+01      1.0000E+00
      1.0003E+00      1.0001E+00      1.0000E+00      1.0002E+00      1.0001E+00      8.9974E+01      9.0018E+01      1.0000E+00
      1.0005E+00      1.0001E+00      1.0000E+00      1.0003E+00      1.0003E+00      8.9957E+01      9.0033E+01      1.0000E+00
      1.0007E+00      1.0001E+00      1.0000E+00      1.0003E+00      1.0006E+00      8.9957E+01      9.0040E+01      1.0000E+00
      1.0009E+00      1.0002E+00      1.0000E+00      1.0003E+00      1.0008E+00      8.9965E+01      9.0027E+01      1.0000E+00
      1.0030E+00      1.0012E+00      1.0000E+00      1.0024E+00      1.0029E+00      8.9981E+01      9.0022E+01      1.0000E+00
      1.0089E+00      1.0047E+00      1.0000E+00      1.0095E+00      1.0083E+00      8.9932E+01      9.0049E+01      1.0000E+00
      1.0207E+00      1.0120E+00      1.0003E+00      1.0246E+00      1.0194E+00      8.9834E+01      9.0129E+01      1.0000E+00
      1.0358E+00      1.0225E+00      1.0011E+00      1.0470E+00      1.0336E+00      8.9677E+01      9.0310E+01      1.0000E+00
      9.5592E-01      1.0341E+00      1.0033E+00      1.0833E+00      9.3002E-01      8.8276E+01      9.1302E+01      1.0000E+00
      9.9351E-01      1.0190E+00      1.0010E+00      1.0449E+00      9.7795E-01      8.9249E+01      9.1024E+01      1.0000E+00
      1.0082E+00      1.0095E+00      1.0002E+00      1.0200E+00      9.9937E-01      8.9513E+01      9.0933E+01      1.0000E+00
      1.0289E+00      1.0057E+00      1.0005E+00      1.0165E+00      1.0176E+00      8.8565E+01      9.1759E+01      1.0000E+00
      1.1034E+00      1.0229E+00      1.0034E+00      1.0529E+00      1.0659E+00      8.5299E+01      9.3697E+01      1.0000E+00
      9.5506E-01      1.1422E+00      1.1203E+00      1.2326E+00      7.3375E-01      7.5037E+01      1.1671E+02      1.0000E+00
      1.0226E+00      1.1049E+00      1.0233E+00      1.1811E+00      9.3264E-01      7.8991E+01      1.0150E+02      1.0000E+00
      1.0190E+00      1.0208E+00      1.0006E+00      1.0294E+00      1.0056E+00      8.8785E+01      9.1289E+01      1.0000E+00
      1.0104E+00      1.0047E+00      1.0000E+00      1.0088E+00      1.0089E+00      8.9760E+01      9.0288E+01      1.0000E+00
      1.0041E+00      1.0015E+00      1.0000E+00      1.0032E+00      1.0035E+00      8.9833E+01      9.0141E+01      1.0000E+00
      1.0012E+00      1.0005E+00      1.0000E+00      1.0010E+00      1.0009E+00      8.9937E+01      9.0047E+01      1.0000E+00
      1.0003E+00      1.0001E+00      1.0000E+00      1.0002E+00      1.0002E+00      8.9983E+01      9.0012E+01      1.0000E+00
      1.0001E+00      1.0000E+00      1.0000E+00      1.0000E+00      1.0000E+00      8.9997E+01      9.0002E+01      1.0000E+00
      1.0000E+00      1.0000E+00      1.0000E+00      1.0000E+00      1.0000E+00      8.9999E+01      9.0000E+01      1.0000E+00
      1.0000E+00      1.0000E+00      1.0000E+00      1.0000E+00      1.0000E+00      9.0000E+01      9.0000E+01      1.0000E+00
      1.0000E+00      1.0000E+00      1.0000E+00      1.0000E+00      1.0000E+00      9.0000E+01      9.0000E+01      1.0000E+00
      1.0000E+00      1.0000E+00      1.0000E+00      1.0000E+00      1.0000E+00      9.0000E+01      9.0000E+01      1.0000E+00
      1.0000E+00      1.0000E+00      1.0000E+00      1.0000E+00      1.0000E+00      9.0000E+01      9.0000E+01      1.0000E+00
      1.0000E+00      1.0000E+00      1.0000E+00      1.0000E+00      1.0000E+00      9.0000E+01      9.0000E+01      1.0000E+00
      1.0000E+00      1.0000E+00      1.0000E+00      1.0000E+00      1.0000E+00      9.0000E+01      9.0000E+01      1.0000E+00
      1.0000E+00      1.0000E+00      1.0000E+00      1.0000E+00      1.0000E+00      9.0000E+01      9.0000E+01      1.0000E+00
      1.0000E+00      1.0000E+00      1.0000E+00      1.0000E+00      1.0000E+00      9.0000E+01      9.0000E+01      1.0000E+00
      1.0000E+00      1.0000E+00      1.0000E+00      1.0000E+00      1.0000E+00      9.0000E+01      9.0000E+01      1.0000E+00
      1.0000E+00      1.0000E+00      1.0000E+00      1.0000E+00      1.0000E+00      9.0000E+01      9.0000E+01      1.0000E+00
      1.0000E+00      1.0000E+00      1.0000E+00      1.0000E+00      1.0000E+00      9.0000E+01      9.0000E+01      1.0000E+00
      1.0000E+00      1.0000E+00      1.0000E+00      1.0000E+00      1.0000E+00      9.0000E+01      9.0000E+01      1.0000E+00
      1.0000E+00      1.0000E+00      1.0000E+00      1.0000E+00      1.0000E+00      9.0000E+01      9.0000E+01      1.0000E+00
      1.0000E+00      1.0000E+00      1.0000E+00      1.0000E+00      1.0000E+00      9.0000E+01      9.0000E+01      1.0000E+00
      1.0000E+00      1.0000E+00      1.0000E+00      1.0000E+00      1.0000E+00      9.0000E+01      9.0000E+01      1.0000E+00
      1.0000E+00      1.0000E+00      1.0000E+00      1.0000E+00      1.0000E+00      9.0000E+01      9.0000E+01      1.0000E+00
      1.0000E+00      1.0000E+00      1.0000E+00      1.0000E+00      1.0000E+00      9.0000E+01      9.0000E+01      1.0000E+00
      1.0000E+00      1.0000E+00      1.0000E+00      1.0000E+00      1.0000E+00      9.0000E+01      9.0000E+01      1.0000E+00
      1.0000E+00      1.0000E+00      1.0000E+00      1.0000E+00      1.0000E+00      9.0000E+01      9.0000E+01      1.0000E+00
      1.0000E+00      1.0000E+00      1.0000E+00      1.0000E+00      1.0000E+00      9.0000E+01      9.0000E+01      1.0000E+00
      1.0000E+00      1.0000E+00      1.0000E+00      1.0000E+00      1.0000E+00      9.0000E+01      9.0000E+01      1.0000E+00
      1.0000E+00      1.0000E+00      1.0000E+00      1.0000E+00      1.0000E+00      9.0000E+01      9.0000E+01      1.0000E+00
      1.0000E+00      1.0000E+00      1.0000E+00      1.0000E+00      1.0000E+00      9.0000E+01      9.0000E+01      1.0000E+00
      1.0000E+00      1.0000E+00      1.0000E+00      1.0000E+00      1.0000E+00      9.0000E+01      9.0000E+01      1.0000E+00
      1.0000E+00      1.0000E+00      1.0000E+00      1.0000E+00      1.0000E+00      9.0000E+01      9.0000E+01      1.0000E+00
      1.0000E+00      1.0000E+00      1.0000E+00      1.0000E+00      1.0000E+00      9.0000E+01      9.0000E+01      1.0000E+00
      1.0000E+00      1.0000E+00      1.0000E+00      1.0000E+00      1.0000E+00      9.0000E+01      9.0000E+01      1.0000E+00
      1.0000E+00      1.0000E+00      1.0000E+00      1.0000E+00      1.0000E+00      9.0000E+01      9.0000E+01      1.0000E+00
      1.0000E+00      1.0000E+00      1.0000E+00      1.0000E+00      1.0000E+00      9.0000E+01      9.0000E+01      1.0000E+00
      1.0000E+00      1.0000E+00      1.0000E+00      1.0000E+00      1.0000E+00      9.0000E+01      9.0000E+01      1.0000E+00
      1.0000E+00      1.0000E+00      1.0000E+00      1.0000E+00      1.0000E+00      9.0000E+01      9.0000E+01      1.0000E+00
      1.0000E+00      1.0000E+00      1.0000E+00      1.0000E+00      1.0000E+00      9.0000E+01      9.0000E+01      1.0000E+00
      1.0000E+00      1.0000E+00      1.0000E+00      1.0000E+00      1.0000E+00      9.0000E+01      9.0000E+01      1.0000E+00
      1.0000E+00      1.0000E+00      1.0000E+00      1.0000E+00      1.0000E+00      9.0000E+01      9.0000E+01      1.0000E+00
      1.0000E+00      1.0000E+00      1.0000E+00      1.0000E+00      1.0000E+00      9.0000E+01      9.0000E+01      1.0000E+00
      1.0000E+00      1.0000E+00      1.0000E+00      1.0000E+00      1.0000E+00      9.0000E+01      9.0000E+01      1.0000E+00
      1.0000E+00      1.0000E+00      1.0000E+00      1.0000E+00      1.0000E+00      9.0000E+01      9.0000E+01      1.0000E+00
      1.0000E+00      1.0000E+00      1.0000E+00      1.0000E+00      1.0000E+00      9.0000E+01      9.0000E+01      1.0000E+00
      1.0000E+00      1.0000E+00      1.0000E+00      1.0000E+00      1.0000E+00      8.9999E+01      9.0000E+01      1.0000E+00
      1.0000E+00      1.0000E+00      1.0000E+00      1.0000E+00      1.0000E+00      8.9996E+01      9.0002E+01      1.0000E+00
      1.0002E+00      1.0001E+00      1.0000E+00      1.0001E+00      1.0001E+00      8.9984E+01      9.0010E+01      1.0000E+00
      1.0005E+00      1.0002E+00      1.0000E+00      1.0003E+00      1.0002E+00      8.9952E+01      9.0031E+01      1.0000E+00
      1.0013E+00      1.0004E+00      1.0000E+00      1.0008E+00      1.0006E+00      8.9890E+01      9.0077E+01      1.0000E+00
      1.0022E+00      1.0006E+00      1.0000E+00      1.0014E+00      1.0014E+00      8.9821E+01      9.0140E+01      1.0000E+00
      1.0024E+00      1.0006E+00      1.0000E+00      1.0015E+00      1.0020E+00      8.9824E+01      9.0168E+01      1.0000E+00
      1.0015E+00      1.0011E+00      1.0000E+00      1.0022E+00      1.0008E+00      8.9848E+01      9.0111E+01      1.0000E+00
      1.0041E+00      1.0006E+00      1.0000E+00      1.0015E+00      1.0032E+00      8.9852E+01      9.0178E+01      1.0000E+00
      1.0111E+00      1.0041E+00      1.0000E+00      1.0086E+00      1.0102E+00      8.9924E+01      9.0043E+01      1.0000E+00
      1.0236E+00      1.0123E+00      1.0003E+00      1.0244E+00      1.0220E+00      8.9831E+01      9.0091E+01      1.0000E+00
      1.0366E+00      1.0237E+00      1.0013E+00      1.0509E+00      1.0315E+00      8.9362E+01      9.0550E+01      1.0000E+00
      9.9251E-01      1.0537E+00      1.0053E+00      1.1076E+00      9.5683E-01      8.7201E+01      9.1337E+01      1.0000E+00
      1.0143E+00      1.0296E+00      1.0015E+00      1.0564E+00      9.9663E-01      8.8587E+01      9.0621E+01      1.0000E+00
      1.0159E+00      1.0117E+00      1.0003E+00      1.0241E+00      1.0092E+00      8.9754E+01      9.0506E+01      1.0000E+00
      1.0220E+00      1.0091E+00      1.0004E+00      1.0172E+00      1.0151E+00      8.8506E+01      9.1153E+01      1.0000E+00
      1.0338E+00      1.0289E+00      1.0032E+00      1.0417E+00      1.0121E+00      8.5829E+01      9.4100E+01      1.0000E+00
      1.0062E+00      1.0988E+00      1.0295E+00      1.1710E+00      9.0356E-01      7.8975E+01      1.0335E+02      1.0000E+00
      1.0058E+00      1.1164E+00      1.0307E+00      1.1841E+00      9.1161E-01      7.7360E+01      1.0355E+02      1.0000E+00
      1.0071E+00      1.0271E+00      1.0019E+00      1.0402E+00      9.8696E-01      8.7287E+01      9.3149E+01      1.0000E+00
      1.0046E+00      1.0076E+00      1.0002E+00      1.0128E+00      1.0000E+00      8.9291E+01      9.0843E+01      1.0000E+00
      1.0019E+00      1.0021E+00      1.0000E+00      1.0037E+00      1.0009E+00      8.9800E+01      9.0230E+01      1.0000E+00
      1.0006E+00      1.0005E+00      1.0000E+00      1.0009E+00      1.0004E+00      8.9948E+01      9.0056E+01      1.0000E+00
      1.0001E+00      1.0001E+00      1.0000E+00      1.0002E+00      1.0001E+00      8.9989E+01      9.0012E+01      1.0000E+00
      1.0000E+00      1.0000E+00      1.0000E+00      1.0000E+00      1.0000E+00      8.9998E+01      9.0002E+01      1.0000E+00
      1.0000E+00      1.0000E+00      1.0000E+00      1.0000E+00      1.0000E+00      9.0000E+01      9.0000E+01      1.0000E+00
      1.0000E+00      1.0000E+00      1.0000E+00      1.0000E+00      1.0000E+00      9.0000E+01      9.0000E+01      1.0000E+00
      1.0000E+00      1.0000E+00      1.0000E+00      1.0000E+00      1.0000E+00      9.0000E+01      9.0000E+01      1.0000E+00
      1.0000E+00      1.0000E+00      1.0000E+00      1.0000E+00      1.0000E+00      9.0000E+01      9.0000E+01      1.0000E+00
      1.0000E+00      1.0000E+00      1.0000E+00      1.0000E+00      1.0000E+00      9.0000E+01      9.0000E+01      1.0000E+00
      1.0000E+00      1.0000E+00      1.0000E+00      1.0000E+00      1.0000E+00      9.0000E+01      9.0000E+01      1.0000E+00
      1.0000E+00      1.0000E+00      1.0000E+00      1.0000E+00      1.0000E+00      9.0000E+01      9.0000E+01      1.0000E+00
      1.0000E+00      1.0000E+00      1.0000E+00      1.0000E+00      1.0000E+00      9.0000E+01      9.0000E+01      1.0000E+00
      1.0000E+00      1.0000E+00      1.0000E+00      1.0000E+00      1.0000E+00      9.0000E+01      9.0000E+01      1.0000E+00
      1.0000E+00      1.0000E+00      1.0000E+00      1.0000E+00      1.0000E+00      9.0000E+01      9.0000E+01      1.0000E+00
      1.0000E+00      1.0000E+00      1.0000E+00      1.0000E+00      1.0000E+00      9.0000E+01      9.0000E+01      1.0000E+00
      1.0000E+00      1.0000E+00      1.0000E+00      1.0000E+00      1.0000E+00      9.0000E+01      9.0000E+01      1.0000E+00
      1.0000E+00      1.0000E+00      1.0000E+00      1.0000E+00      1.0000E+00      9.0000E+01      9.0000E+01      1.0000E+00
      1.0000E+00      1.0000E+00      1.0000E+00      1.0000E+00      1.0000E+00      9.0000E+01      9.0000E+01      1.0000E+00
      1.0000E+00      1.0000E+00      1.0000E+00      1.0000E+00      1.0000E+00      9.0000E+01      9.0000E+01      1.0000E+00
      1.0000E+00      1.0000E+00      1.0000E+00      1.0000E+00      1.0000E+00      9.0000E+01      9.0000E+01      1.0000E+00
      1.0000E+00      1.0000E+00      1.0000E+00      1.0000E+00      1.0000E+00      9.0000E+01      9.0000E+01      1.0000E+00
      1.0000E+00      1.0000E+00      1.0000E+00      1.0000E+00      1.0000E+00      9.0000E+01      9.0000E+01      1.0000E+00
      1.0000E+00      1.0000E+00      1.0000E+00      1.0000E+00      1.0000E+00      9.0000E+01      9.0000E+01      1.0000E+00
      1.0000E+00      1.0000E+00      1.0000E+00      1.0000E+00      1.0000E+00      9.0000E+01      9.0000E+01      1.0000E+00
      1.0000E+00      1.0000E+00      1.0000E+00      1.0000E+00      1.0000E+00      9.0000E+01      9.0000E+01      1.0000E+00
      1.0000E+00      1.0000E+00      1.0000E+00      1.0000E+00      1.0000E+00      9.0000E+01      9.0000E+01      1.0000E+00
      1.0000E+00      1.0000E+00      1.0000E+00      1.0000E+00      1.0000E+00      9.0000E+01      9.0000E+01      1.0000E+00
      1.0000E+00      1.0000E+00      1.0000E+00      1.0000E+00      1.0000E+00      9.0000E+01      9.0000E+01      1.0000E+00
      1.0000E+00      1.0000E+00      1.0000E+00      1.0000E+00      1.0000E+00      9.0000E+01      9.0000E+01      1.0000E+00
      1.0000E+00      1.0000E+00      1.0000E+00      1.0000E+00      1.0000E+00      9.0000E+01      9.0000E+01      1.0000E+00
      1.0000E+00      1.0000E+00      1.0000E+00      1.0000E+00      1.0000E+00      9.0000E+01      9.0000E+01      1.0000E+00
      1.0000E+00      1.0000E+00      1.0000E+00      1.0000E+00      1.0000E+00      9.0000E+01      9.0000E+01      1.0000E+00
      1.0000E+00      1.0000E+00      1.0000E+00      1.0000E+00      1.0000E+00      9.0000E+01      9.0000E+01      1.0000E+00
      1.0000E+00      1.0000E+00      1.0000E+00      1.0000E+00      1.0000E+00      9.0000E+01      9.0000E+01      1.0000E+00
      1.0000E+00      1.0000E+00      1.0000E+00      1.0000E+00      1.0000E+00      9.0000E+01      9.0000E+01      1.0000E+00
      1.0000E+00      1.0000E+00      1.0000E+00      1.0000E+00      1.0000E+00      9.0000E+01      9.0000E+01      1.0000E+00
      1.0000E+00      1.0000E+00      1.0000E+00      1.0000E+00      1.0000E+00      9.0000E+01      9.0000E+01      1.0000E+00
      1.0000E+00      1.0000E+00      1.0000E+00      1.0000E+00      1.0000E+00      9.0000E+01      9.0000E+01      1.0000E+00
      1.0000E+00      1.0000E+00      1.0000E+00      1.0000E+00      1.0000E+00      9.0000E+01      9.0000E+01      1.0000E+00
      1.0000E+00      1.0000E+00      1.0000E+00      1.0000E+00      1.0000E+00      9.0000E+01      9.0000E+01      1.0000E+00
      1.0000E+00      1.0000E+00      1.0000E+00      1.0000E+00      1.0000E+00      9.0000E+01      9.0000E+01      1.0000E+00
      1.0000E+00      1.0000E+00      1.0000E+00      1.0000E+00      1.0000E+00      9.0000E+01      9.0000E+01      1.0000E+00
      1.0000E+00      1.0000E+00      1.0000E+00      1.0000E+00      1.0000E+00      8.9999E+01      9.0000E+01      1.0000E+00
      1.0000E+00      1.0000E+00      1.0000E+00      1.0000E+00      1.0000E+00      8.9996E+01      9.0002E+01      1.0000E+00
      1.0002E+00      1.0001E+00      1.0000E+00      1.0001E+00      1.0001E+00      8.9983E+01      9.0011E+01      1.0000E+00
      1.0007E+00      1.0002E+00      1.0000E+00      1.0004E+00      1.0003E+00      8.9939E+01      9.0039E+01      1.0000E+00
      1.0020E+00      1.0006E+00      1.0000E+00      1.0012E+00      1.0010E+00      8.9828E+01      9.0114E+01      1.0000E+00
      1.0046E+00      1.0012E+00      1.0000E+00      1.0026E+00      1.0025E+00      8.9626E+01      9.0266E+01      1.0000E+00
      1.0077E+00      1.0019E+00      1.0001E+00      1.0043E+00      1.0049E+00      8.9402E+01      9.0470E+01      1.0000E+00
      1.0083E+00      1.0022E+00      1.0001E+00      1.0053E+00      1.0067E+00      8.9398E+01      9.0574E+01      1.0000E+00
      1.0020E+00      1.0053E+00      1.0001E+00      1.0103E+00      9.9805E-01      8.9491E+01      9.0302E+01      1.0000E+00
      1.0062E+00      1.0056E+00      1.0001E+00      1.0091E+00      1.0015E+00      8.9351E+01      9.0798E+01      1.0000E+00
      1.0164E+00      1.0015E+00      1.0000E+00      1.0050E+00      1.0144E+00      8.9815E+01      9.0186E+01      1.0000E+00
      1.0331E+00      1.0110E+00      1.0003E+00      1.0227E+00      1.0289E+00      8.9619E+01      9.0186E+01      1.0000E+00
      1.0506E+00      1.0256E+00      1.0014E+00      1.0526E+00      1.0404E+00      8.8939E+01      9.0551E+01      1.0000E+00
      1.1469E+00      1.1137E+00      1.0160E+00      1.1777E+00      1.0587E+00      8.2943E+01      9.5519E+01      1.0000E+00
      1.0608E+00      1.0402E+00      1.0023E+00      1.0673E+00      1.0399E+00      8.8785E+01      9.1590E+01      1.0000E+00
      1.0268E+00      1.0146E+00      1.0004E+00      1.0256E+00      1.0220E+00      8.9513E+01      9.0551E+01      1.0000E+00
      1.0162E+00      1.0084E+00      1.0001E+00      1.0151E+00      1.0136E+00      8.9529E+01      9.0414E+01      1.0000E+00
      1.0106E+00      1.0218E+00      1.0007E+00      1.0378E+00      9.9306E-01      8.8597E+01      9.0754E+01      1.0000E+00
      9.6930E-01      1.1041E+00      1.0165E+00      1.1584E+00      8.6700E-01      8.3596E+01      9.9737E+01      1.0000E+00
      9.6818E-01      1.1053E+00      1.0168E+00      1.1550E+00      8.7106E-01      8.3430E+01      9.9493E+01      1.0000E+00
      1.0002E+00      1.0239E+00      1.0008E+00      1.0415E+00      9.8088E-01      8.8807E+01      9.1041E+01      1.0000E+00
      1.0027E+00      1.0060E+00      1.0001E+00      1.0114E+00      9.9904E-01      8.9537E+01      9.0286E+01      1.0000E+00
      1.0013E+00      1.0015E+00      1.0000E+00      1.0030E+00      1.0006E+00      8.9856E+01      9.0109E+01      1.0000E+00
      1.0004E+00      1.0003E+00      1.0000E+00      1.0007E+00      1.0003E+00      8.9964E+01      9.0032E+01      1.0000E+00
      1.0001E+00      1.0001E+00      1.0000E+00      1.0001E+00      1.0001E+00      8.9993E+01      9.0007E+01      1.0000E+00
      1.0000E+00      1.0000E+00      1.0000E+00      1.0000E+00      1.0000E+00      8.9999E+01      9.0001E+01      1.0000E+00
      1.0000E+00      1.0000E+00      1.0000E+00      1.0000E+00      1.0000E+00      9.0000E+01      9.0000E+01      1.0000E+00
      1.0000E+00      1.0000E+00      1.0000E+00      1.0000E+00      1.0000E+00      9.0000E+01      9.0000E+01      1.0000E+00
      1.0000E+00      1.0000E+00      1.0000E+00      1.0000E+00      1.0000E+00      9.0000E+01      9.0000E+01      1.0000E+00
      1.0000E+00      1.0000E+00      1.0000E+00      1.0000E+00      1.0000E+00      9.0000E+01      9.0000E+01      1.0000E+00
      1.0000E+00      1.0000E+00      1.0000E+00      1.0000E+00      1.0000E+00      9.0000E+01      9.0000E+01      1.0000E+00
      1.0000E+00      1.0000E+00      1.0000E+00      1.0000E+00      1.0000E+00      9.0000E+01      9.0000E+01      1.0000E+00
      1.0000E+00      1.0000E+00      1.0000E+00      1.0000E+00      1.0000E+00      9.0000E+01      9.0000E+01      1.0000E+00
      1.0000E+00      1.0000E+00      1.0000E+00      1.0000E+00      1.0000E+00      9.0000E+01      9.0000E+01      1.0000E+00
      1.0000E+00      1.0000E+00      1.0000E+00      1.0000E+00      1.0000E+00      9.0000E+01      9.0000E+01      1.0000E+00
      1.0000E+00      1.0000E+00      1.0000E+00      1.0000E+00      1.0000E+00      9.0000E+01      9.0000E+01      1.0000E+00
      1.0000E+00      1.0000E+00      1.0000E+00      1.0000E+00      1.0000E+00      9.0000E+01      9.0000E+01      1.0000E+00
      1.0000E+00      1.0000E+00      1.0000E+00      1.0000E+00      1.0000E+00      9.0000E+01      9.0000E+01      1.0000E+00
      1.0000E+00      1.0000E+00      1.0000E+00      1.0000E+00      1.0000E+00      9.0000E+01      9.0000E+01      1.0000E+00
      1.0000E+00      1.0000E+00      1.0000E+00      1.0000E+00      1.0000E+00      9.0000E+01      9.0000E+01      1.0000E+00
      1.0000E+00      1.0000E+00      1.0000E+00      1.0000E+00      1.0000E+00      9.0000E+01      9.0000E+01      1.0000E+00
      1.0000E+00      1.0000E+00      1.0000E+00      1.0000E+00      1.0000E+00      9.0000E+01      9.0000E+01      1.0000E+00
      1.0000E+00      1.0000E+00      1.0000E+00      1.0000E+00      1.0000E+00      9.0000E+01      9.0000E+01      1.0000E+00
      1.0000E+00      1.0000E+00      1.0000E+00      1.0000E+00      1.0000E+00      9.0000E+01      9.0000E+01      1.0000E+00
      1.0000E+00      1.0000E+00      1.0000E+00      1.0000E+00      1.0000E+00      9.0000E+01      9.0000E+01      1.0000E+00
      1.0000E+00      1.0000E+00      1.0000E+00      1.0000E+00      1.0000E+00      9.0000E+01      9.0000E+01      1.0000E+00
      1.0000E+00      1.0000E+00      1.0000E+00      1.0000E+00      1.0000E+00      9.0000E+01      9.0000E+01      1.0000E+00
      1.0000E+00      1.0000E+00      1.0000E+00      1.0000E+00      1.0000E+00      9.0000E+01      9.0000E+01      1.0000E+00
      1.0000E+00      1.0000E+00      1.0000E+00      1.0000E+00      1.0000E+00      9.0000E+01      9.0000E+01      1.0000E+00
      1.0000E+00      1.0000E+00      1.0000E+00      1.0000E+00      1.0000E+00      9.0000E+01      9.0000E+01      1.0000E+00
      1.0000E+00      1.0000E+00      1.0000E+00      1.0000E+00      1.0000E+00      9.0000E+01      9.0000E+01      1.0000E+00
      1.0000E+00      1.0000E+00      1.0000E+00      1.0000E+00      1.0000E+00      9.0000E+01      9.0000E+01      1.0000E+00
      1.0000E+00      1.0000E+00      1.0000E+00      1.0000E+00      1.0000E+00      9.0000E+01      9.0000E+01      1.0000E+00
      1.0000E+00      1.0000E+00      1.0000E+00      1.0000E+00      1.0000E+00      9.0000E+01      9.0000E+01      1.0000E+00
      1.0000E+00      1.0000E+00      1.0000E+00      1.0000E+00      1.0000E+00      9.0000E+01      9.0000E+01      1.0000E+00
      1.0000E+00      1.0000E+00      1.0000E+00      1.0000E+00      1.0000E+00      9.0000E+01      9.0000E+01      1.0000E+00
      1.0000E+00      1.0000E+00      1.0000E+00      1.0000E+00      1.0000E+00      9.0000E+01      9.0000E+01      1.0000E+00
      1.0000E+00      1.0000E+00      1.0000E+00      1.0000E+00      1.0000E+00      9.0000E+01      9.0000E+01      1.0000E+00
      1.0000E+00      1.0000E+00      1.0000E+00      1.0000E+00      1.0000E+00      9.0000E+01      9.0000E+01      1.0000E+00
      1.0000E+00      1.0000E+00      1.0000E+00      1.0000E+00      1.0000E+00      9.0000E+01      9.0000E+01      1.0000E+00
      1.0000E+00      1.0000E+00      1.0000E+00      1.0000E+00      1.0000E+00      9.0000E+01      9.0000E+01      1.0000E+00
      1.0000E+00      1.0000E+00      1.0000E+00      1.0000E+00      1.0000E+00      9.0000E+01      9.0000E+01      1.0000E+00
      1.0000E+00      1.0000E+00      1.0000E+00      1.0000E+00      1.0000E+00      9.0000E+01      9.0000E+01      1.0000E+00
      1.0000E+00      1.0000E+00      1.0000E+00      1.0000E+00      1.0000E+00      8.9999E+01      9.0000E+01      1.0000E+00
      1.0000E+00      1.0000E+00      1.0000E+00      1.0000E+00      1.0000E+00      8.9996E+01      9.0002E+01      1.0000E+00
      1.0002E+00      1.0001E+00      1.0000E+00      1.0001E+00      1.0001E+00      8.9984E+01      9.0010E+01      1.0000E+00
      1.0007E+00      1.0002E+00      1.0000E+00      1.0004E+00      1.0003E+00      8.9939E+01      9.0040E+01      1.0000E+00
      1.0022E+00      1.0006E+00      1.0000E+00      1.0012E+00      1.0011E+00      8.9812E+01      9.0126E+01      1.0000E+00
      1.0060E+00      1.0015E+00      1.0000E+00      1.0030E+00      1.0032E+00      8.9519E+01      9.0327E+01      1.0000E+00
      1.0130E+00      1.0030E+00      1.0002E+00      1.0063E+00      1.0077E+00      8.9005E+01      9.0714E+01      1.0000E+00
      1.0220E+00      1.0050E+00      1.0004E+00      1.0109E+00      1.0143E+00      8.8399E+01      9.1252E+01      1.0000E+00
      1.0259E+00      1.0064E+00      1.0005E+00      1.0156E+00      1.0193E+00      8.8156E+01      9.1667E+01      1.0000E+00
      9.9570E-01      1.0215E+00      1.0007E+00      1.0383E+00      9.7654E-01      8.8668E+01      9.0884E+01      1.0000E+00
      1.0066E+00      1.0252E+00      1.0017E+00      1.0363E+00      9.8568E-01      8.7305E+01      9.3178E+01      1.0000E+00
      1.0225E+00      1.0169E+00      1.0006E+00      1.0269E+00      1.0070E+00      8.8404E+01      9.1814E+01      1.0000E+00
      1.0469E+00      1.0123E+00      1.0010E+00      1.0343E+00      1.0288E+00      8.7947E+01      9.2002E+01      1.0000E+00
      1.1200E+00      1.0366E+00      1.0017E+00      1.0591E+00      1.0881E+00      8.7986E+01      9.1299E+01      1.0000E+00
      7.1439E-01      1.3366E+00      1.2604E+00      1.5319E+00      4.3569E-01      6.8478E+01      1.2731E+02      1.0000E+00
      1.1712E+00      1.1068E+00      1.0300E+00      1.1571E+00      1.0746E+00      7.6989E+01      1.0066E+02      1.0000E+00
      1.0728E+00      1.0349E+00      1.0037E+00      1.0609E+00      1.0476E+00      8.5703E+01      9.3379E+01      1.0000E+00
      1.0306E+00      1.0128E+00      1.0004E+00      1.0233E+00      1.0237E+00      8.8701E+01      9.1034E+01      1.0000E+00
      1.0198E+00      1.0066E+00      1.0001E+00      1.0118E+00      1.0158E+00      8.9526E+01      9.0329E+01      1.0000E+00
      1.0350E+00      1.0098E+00      1.0009E+00      1.0197E+00      1.0211E+00      8.7633E+01      9.1647E+01      1.0000E+00
      1.1033E+00      1.0361E+00      1.0102E+00      1.0650E+00      1.0415E+00      8.1868E+01      9.4951E+01      1.0000E+00
      9.6483E-01      1.1088E+00      1.0180E+00      1.1599E+00      8.6606E-01      8.3282E+01      9.9765E+01      1.0000E+00
      9.9533E-01      1.1205E+00      1.0305E+00      1.1828E+00      9.0048E-01      7.7771E+01      1.0335E+02      1.0000E+00
      9.9554E-01      1.1204E+00      1.0304E+00      1.1831E+00      9.0076E-01      7.7785E+01      1.0332E+02      1.0000E+00
      9.6520E-01      1.1079E+00      1.0178E+00      1.1577E+00      8.6707E-01      8.3241E+01      9.9756E+01      1.0000E+00
      1.1021E+00      1.0361E+00      1.0102E+00      1.0646E+00      1.0392E+00      8.1843E+01      9.4903E+01      1.0000E+00
      1.0302E+00      1.0090E+00      1.0008E+00      1.0189E+00      1.0169E+00      8.7689E+01      9.1663E+01      1.0000E+00
      1.0091E+00      1.0028E+00      1.0001E+00      1.0062E+00      1.0060E+00      8.9314E+01      9.0545E+01      1.0000E+00
      1.0025E+00      1.0008E+00      1.0000E+00      1.0018E+00      1.0017E+00      8.9809E+01      9.0157E+01      1.0000E+00
      1.0006E+00      1.0002E+00      1.0000E+00      1.0005E+00      1.0004E+00      8.9954E+01      9.0038E+01      1.0000E+00
      1.0001E+00      1.0000E+00      1.0000E+00      1.0001E+00      1.0001E+00      8.9991E+01      9.0008E+01      1.0000E+00
      1.0000E+00      1.0000E+00      1.0000E+00      1.0000E+00      1.0000E+00      8.9998E+01      9.0001E+01      1.0000E+00
      1.0000E+00      1.0000E+00      1.0000E+00      1.0000E+00      1.0000E+00      9.0000E+01      9.0000E+01      1.0000E+00
      1.0000E+00      1.0000E+00      1.0000E+00      1.0000E+00      1.0000E+00      9.0000E+01      9.0000E+01      1.0000E+00
      1.0000E+00      1.0000E+00      1.0000E+00      1.0000E+00      1.0000E+00      9.0000E+01      9.0000E+01      1.0000E+00
      1.0000E+00      1.0000E+00      1.0000E+00      1.0000E+00      1.0000E+00      9.0000E+01      9.0000E+01      1.0000E+00
      1.0000E+00      1.0000E+00      1.0000E+00      1.0000E+00      1.0000E+00      9.0000E+01      9.0000E+01      1.0000E+00
      1.0000E+00      1.0000E+00      1.0000E+00      1.0000E+00      1.0000E+00      9.0000E+01      9.0000E+01      1.0000E+00
      1.0000E+00      1.0000E+00      1.0000E+00      1.0000E+00      1.0000E+00      9.0000E+01      9.0000E+01      1.0000E+00
      1.0000E+00      1.0000E+00      1.0000E+00      1.0000E+00      1.0000E+00      9.0000E+01      9.0000E+01      1.0000E+00
      1.0000E+00      1.0000E+00      1.0000E+00      1.0000E+00      1.0000E+00      9.0000E+01      9.0000E+01      1.0000E+00
      1.0000E+00      1.0000E+00      1.0000E+00      1.0000E+00      1.0000E+00      9.0000E+01      9.0000E+01      1.0000E+00
      1.0000E+00      1.0000E+00      1.0000E+00      1.0000E+00      1.0000E+00      9.0000E+01      9.0000E+01      1.0000E+00
      1.0000E+00      1.0000E+00      1.0000E+00      1.0000E+00      1.0000E+00      9.0000E+01      9.0000E+01      1.0000E+00
      1.0000E+00      1.0000E+00      1.0000E+00      1.0000E+00      1.0000E+00      9.0000E+01      9.0000E+01      1.0000E+00
      1.0000E+00      1.0000E+00      1.0000E+00      1.0000E+00      1.0000E+00      9.0000E+01      9.0000E+01      1.0000E+00
      1.0000E+00      1.0000E+00      1.0000E+00      1.0000E+00      1.0000E+00      9.0000E+01      9.0000E+01      1.0000E+00
      1.0000E+00      1.0000E+00      1.0000E+00      1.0000E+00      1.0000E+00      9.0000E+01      9.0000E+01      1.0000E+00
      1.0000E+00      1.0000E+00      1.0000E+00      1.0000E+00      1.0000E+00      9.0000E+01      9.0000E+01      1.0000E+00
      1.0000E+00      1.0000E+00      1.0000E+00      1.0000E+00      1.0000E+00      9.0000E+01      9.0000E+01      1.0000E+00
      1.0000E+00      1.0000E+00      1.0000E+00      1.0000E+00      1.0000E+00      9.0000E+01      9.0000E+01      1.0000E+00
      1.0000E+00      1.0000E+00      1.0000E+00      1.0000E+00      1.0000E+00      9.0000E+01      9.0000E+01      1.0000E+00
      1.0000E+00      1.0000E+00      1.0000E+00      1.0000E+00      1.0000E+00      9.0000E+01      9.0000E+01      1.0000E+00
      1.0000E+00      1.0000E+00      1.0000E+00      1.0000E+00      1.0000E+00      9.0000E+01      9.0000E+01      1.0000E+00
      1.0000E+00      1.0000E+00      1.0000E+00      1.0000E+00      1.0000E+00      9.0000E+01      9.0000E+01      1.0000E+00
      1.0000E+00      1.0000E+00      1.0000E+00      1.0000E+00      1.0000E+00      9.0000E+01      9.0000E+01      1.0000E+00
      1.0000E+00      1.0000E+00      1.0000E+00      1.0000E+00      1.0000E+00      9.0000E+01      9.0000E+01      1.0000E+00
      1.0000E+00      1.0000E+00      1.0000E+00      1.0000E+00      1.0000E+00      9.0000E+01      9.0000E+01      1.0000E+00
      1.0000E+00      1.0000E+00      1.0000E+00      1.0000E+00      1.0000E+00      9.0000E+01      9.0000E+01      1.0000E+00
      1.0000E+00      1.0000E+00      1.0000E+00      1.0000E+00      1.0000E+00      9.0000E+01      9.0000E+01      1.0000E+00
      1.0000E+00      1.0000E+00      1.0000E+00      1.0000E+00      1.0000E+00      9.0000E+01      9.0000E+01      1.0000E+00
      1.0000E+00      1.0000E+00      1.0000E+00      1.0000E+00      1.0000E+00      9.0000E+01      9.0000E+01      1.0000E+00
      1.0000E+00      1.0000E+00      1.0000E+00      1.0000E+00      1.0000E+00      9.0000E+01      9.0000E+01      1.0000E+00
      1.0000E+00      1.0000E+00      1.0000E+00      1.0000E+00      1.0000E+00      9.0000E+01      9.0000E+01      1.0000E+00
      1.0000E+00      1.0000E+00      1.0000E+00      1.0000E+00      1.0000E+00      9.0000E+01      9.0000E+01      1.0000E+00
      1.0000E+00      1.0000E+00      1.0000E+00      1.0000E+00      1.0000E+00      9.0000E+01      9.0000E+01      1.0000E+00
      1.0000E+00      1.0000E+00      1.0000E+00      1.0000E+00      1.0000E+00      9.0000E+01      9.0000E+01      1.0000E+00
      1.0000E+00      1.0000E+00      1.0000E+00      1.0000E+00      1.0000E+00      9.0000E+01      9.0000E+01      1.0000E+00
      1.0000E+00      1.0000E+00      1.0000E+00      1.0000E+00      1.0000E+00      8.9999E+01      9.0000E+01      1.0000E+00
      1.0000E+00      1.0000E+00      1.0000E+00      1.0000E+00      1.0000E+00      8.9997E+01      9.0002E+01      1.0000E+00
      1.0002E+00      1.0001E+00      1.0000E+00      1.0001E+00      1.0001E+00      8.9986E+01      9.0009E+01      1.0000E+00
      1.0006E+00      1.0002E+00      1.0000E+00      1.0004E+00      1.0003E+00      8.9945E+01      9.0037E+01      1.0000E+00
      1.0020E+00      1.0006E+00      1.0000E+00      1.0011E+00      1.0010E+00      8.9828E+01      9.0120E+01      1.0000E+00
      1.0057E+00      1.0015E+00      1.0000E+00      1.0027E+00      1.0032E+00      8.9545E+01      9.0329E+01      1.0000E+00
      1.0138E+00      1.0032E+00      1.0002E+00      1.0058E+00      1.0085E+00      8.8965E+01      9.0760E+01      1.0000E+00
      1.0288E+00      1.0060E+00      1.0006E+00      1.0112E+00      1.0188E+00      8.7975E+01      9.1469E+01      1.0000E+00
      1.0501E+00      1.0099E+00      1.0017E+00      1.0201E+00      1.0341E+00      8.6695E+01      9.2553E+01      1.0000E+00
      1.0830E+00      1.0241E+00      1.0055E+00      1.0500E+00      1.0476E+00      8.4033E+01      9.4485E+01      1.0000E+00
      9.5283E-01      1.0926E+00      1.0130E+00      1.1422E+00      8.6214E-01      8.4501E+01      9.8528E+01      1.0000E+00
      1.0008E+00      1.1137E+00      1.0318E+00      1.1873E+00      9.0523E-01      7.7270E+01      1.0370E+02      1.0000E+00
      1.0194E+00      1.1017E+00      1.0265E+00      1.1846E+00      9.2606E-01      7.8545E+01      1.0217E+02      1.0000E+00
      1.0139E+00      1.0730E+00      1.0169E+00      1.1537E+00      9.1921E-01      8.2631E+01      9.9730E+01      1.0000E+00
      9.4389E-01      1.1600E+00      1.1695E+00      1.2539E+00      7.0825E-01      7.2038E+01      1.2095E+02      1.0000E+00
      1.0223E+00      1.0783E+00      1.0208E+00      1.1858E+00      9.2350E-01      8.1507E+01      9.9765E+01      1.0000E+00
      1.0699E+00      1.0127E+00      1.0012E+00      1.0281E+00      1.0605E+00      8.7386E+01      9.2339E+01      1.0000E+00
      1.0443E+00      1.0162E+00      1.0010E+00      1.0299E+00      1.0321E+00      8.7676E+01      9.1763E+01      1.0000E+00
      1.0212E+00      1.0084E+00      1.0002E+00      1.0150E+00      1.0155E+00      8.9010E+01      9.0769E+01      1.0000E+00
      1.0132E+00      1.0045E+00      1.0000E+00      1.0071E+00      1.0098E+00      8.9713E+01      9.0204E+01      1.0000E+00
      1.0187E+00      1.0046E+00      1.0002E+00      1.0085E+00      1.0108E+00      8.8728E+01      9.0865E+01      1.0000E+00
      1.0303E+00      1.0090E+00      1.0008E+00      1.0191E+00      1.0175E+00      8.7736E+01      9.1651E+01      1.0000E+00
      9.9778E-01      1.0253E+00      1.0010E+00      1.0445E+00      9.7713E-01      8.8850E+01      9.1239E+01      1.0000E+00
      9.9930E-01      1.0279E+00      1.0017E+00      1.0455E+00      9.7830E-01      8.7851E+01      9.2813E+01      1.0000E+00
      9.9934E-01      1.0278E+00      1.0017E+00      1.0454E+00      9.7835E-01      8.7854E+01      9.2805E+01      1.0000E+00
      9.9781E-01      1.0250E+00      1.0010E+00      1.0440E+00      9.7735E-01      8.8873E+01      9.1238E+01      1.0000E+00
      1.0297E+00      1.0091E+00      1.0008E+00      1.0191E+00      1.0167E+00      8.7727E+01      9.1636E+01      1.0000E+00
      1.0163E+00      1.0040E+00      1.0003E+00      1.0078E+00      1.0087E+00      8.8698E+01      9.0870E+01      1.0000E+00
      1.0062E+00      1.0017E+00      1.0000E+00      1.0036E+00      1.0033E+00      8.9491E+01      9.0351E+01      1.0000E+00
      1.0019E+00      1.0006E+00      1.0000E+00      1.0012E+00      1.0010E+00      8.9844E+01      9.0109E+01      1.0000E+00
      1.0004E+00      1.0001E+00      1.0000E+00      1.0003E+00      1.0002E+00      8.9961E+01      9.0027E+01      1.0000E+00
      1.0001E+00      1.0000E+00      1.0000E+00      1.0001E+00      1.0000E+00      8.9992E+01      9.0005E+01      1.0000E+00
      1.0000E+00      1.0000E+00      1.0000E+00      1.0000E+00      1.0000E+00      8.9999E+01      9.0001E+01      1.0000E+00
      1.0000E+00      1.0000E+00      1.0000E+00      1.0000E+00      1.0000E+00      9.0000E+01      9.0000E+01      1.0000E+00
      1.0000E+00      1.0000E+00      1.0000E+00      1.0000E+00      1.0000E+00      9.0000E+01      9.0000E+01      1.0000E+00
      1.0000E+00      1.0000E+00      1.0000E+00      1.0000E+00      1.0000E+00      9.0000E+01      9.0000E+01      1.0000E+00
      1.0000E+00      1.0000E+00      1.0000E+00      1.0000E+00      1.0000E+00      9.0000E+01      9.0000E+01      1.0000E+00
      1.0000E+00      1.0000E+00      1.0000E+00      1.0000E+00      1.0000E+00      9.0000E+01      9.0000E+01      1.0000E+00
      1.0000E+00      1.0000E+00      1.0000E+00      1.0000E+00      1.0000E+00      9.0000E+01      9.0000E+01      1.0000E+00
      1.0000E+00      1.0000E+00      1.0000E+00      1.0000E+00      1.0000E+00      9.0000E+01      9.0000E+01      1.0000E+00
      1.0000E+00      1.0000E+00      1.0000E+00      1.0000E+00      1.0000E+00      9.0000E+01      9.0000E+01      1.0000E+00
      1.0000E+00      1.0000E+00      1.0000E+00      1.0000E+00      1.0000E+00      9.0000E+01      9.0000E+01      1.0000E+00
      1.0000E+00      1.0000E+00      1.0000E+00      1.0000E+00      1.0000E+00      9.0000E+01      9.0000E+01      1.0000E+00
      1.0000E+00      1.0000E+00      1.0000E+00      1.0000E+00      1.0000E+00      9.0000E+01      9.0000E+01      1.0000E+00
      1.0000E+00      1.0000E+00      1.0000E+00      1.0000E+00      1.0000E+00      9.0000E+01      9.0000E+01      1.0000E+00
      1.0000E+00      1.0000E+00      1.0000E+00      1.0000E+00      1.0000E+00      9.0000E+01      9.0000E+01      1.0000E+00
      1.0000E+00      1.0000E+00      1.0000E+00      1.0000E+00      1.0000E+00      9.0000E+01      9.0000E+01      1.0000E+00
      1.0000E+00      1.0000E+00      1.0000E+00      1.0000E+00      1.0000E+00      9.0000E+01      9.0000E+01      1.0000E+00
      1.0000E+00      1.0000E+00      1.0000E+00      1.0000E+00      1.0000E+00      9.0000E+01      9.0000E+01      1.0000E+00
      1.0000E+00      1.0000E+00      1.0000E+00      1.0000E+00      1.0000E+00      9.0000E+01      9.0000E+01      1.0000E+00
      1.0000E+00      1.0000E+00      1.0000E+00      1.0000E+00      1.0000E+00      9.0000E+01      9.0000E+01      1.0000E+00
      1.0000E+00      1.0000E+00      1.0000E+00      1.0000E+00      1.0000E+00      9.0000E+01      9.0000E+01      1.0000E+00
      1.0000E+00      1.0000E+00      1.0000E+00      1.0000E+00      1.0000E+00      9.0000E+01      9.0000E+01      1.0000E+00
      1.0000E+00      1.0000E+00      1.0000E+00      1.0000E+00      1.0000E+00      9.0000E+01      9.0000E+01      1.0000E+00
      1.0000E+00      1.0000E+00      1.0000E+00      1.0000E+00      1.0000E+00      9.0000E+01      9.0000E+01      1.0000E+00
      1.0000E+00      1.0000E+00      1.0000E+00      1.0000E+00      1.0000E+00      9.0000E+01      9.0000E+01      1.0000E+00
      1.0000E+00      1.0000E+00      1.0000E+00      1.0000E+00      1.0000E+00      9.0000E+01      9.0000E+01      1.0000E+00
      1.0000E+00      1.0000E+00      1.0000E+00      1.0000E+00      1.0000E+00      9.0000E+01      9.0000E+01      1.0000E+00
      1.0000E+00      1.0000E+00      1.0000E+00      1.0000E+00      1.0000E+00      9.0000E+01      9.0000E+01      1.0000E+00
      1.0000E+00      1.0000E+00      1.0000E+00      1.0000E+00      1.0000E+00      9.0000E+01      9.0000E+01      1.0000E+00
      1.0000E+00      1.0000E+00      1.0000E+00      1.0000E+00      1.0000E+00      9.0000E+01      9.0000E+01      1.0000E+00
      1.0000E+00      1.0000E+00      1.0000E+00      1.0000E+00      1.0000E+00      9.0000E+01      9.0000E+01      1.0000E+00
      1.0000E+00      1.0000E+00      1.0000E+00      1.0000E+00      1.0000E+00      9.0000E+01      9.0000E+01      1.0000E+00
      1.0000E+00      1.0000E+00      1.0000E+00      1.0000E+00      1.0000E+00      9.0000E+01      9.0000E+01      1.0000E+00
      1.0000E+00      1.0000E+00      1.0000E+00      1.0000E+00      1.0000E+00      9.0000E+01      9.0000E+01      1.0000E+00
      1.0000E+00      1.0000E+00      1.0000E+00      1.0000E+00      1.0000E+00      9.0000E+01      9.0000E+01      1.0000E+00
      1.0000E+00      1.0000E+00      1.0000E+00      1.0000E+00      1.0000E+00      9.0000E+01      9.0000E+01      1.0000E+00
      1.0000E+00      1.0000E+00      1.0000E+00      1.0000E+00      1.0000E+00      9.0000E+01      9.0000E+01      1.0000E+00
      1.0000E+00      1.0000E+00      1.0000E+00      1.0000E+00      1.0000E+00      9.0000E+01      9.0000E+01      1.0000E+00
      1.0000E+00      1.0000E+00      1.0000E+00      1.0000E+00      1.0000E+00      8.9998E+01      9.0001E+01      1.0000E+00
      1.0001E+00      1.0000E+00      1.0000E+00      1.0001E+00      1.0000E+00      8.9988E+01      9.0007E+01      1.0000E+00
      1.0005E+00      1.0002E+00      1.0000E+00      1.0003E+00      1.0002E+00      8.9952E+01      9.0032E+01      1.0000E+00
      1.0018E+00      1.0005E+00      1.0000E+00      1.0010E+00      1.0009E+00      8.9844E+01      9.0109E+01      1.0000E+00
      1.0050E+00      1.0014E+00      1.0000E+00      1.0024E+00      1.0028E+00      8.9591E+01      9.0303E+01      1.0000E+00
      1.0117E+00      1.0029E+00      1.0001E+00      1.0049E+00      1.0077E+00      8.9111E+01      9.0704E+01      1.0000E+00
      1.0249E+00      1.0053E+00      1.0005E+00      1.0088E+00      1.0178E+00      8.8287E+01      9.1412E+01      1.0000E+00
      1.0498E+00      1.0089E+00      1.0015E+00      1.0154E+00      1.0364E+00      8.6891E+01      9.2502E+01      1.0000E+00
      1.0747E+00      1.0062E+00      1.0019E+00      1.0097E+00      1.0656E+00      8.6479E+01      9.3078E+01      1.0000E+00
      8.7692E-01      1.1450E+00      1.1060E+00      1.2440E+00      6.5503E-01      7.8741E+01      1.1529E+02      1.0000E+00
      5.5380E-01      1.4960E+00      1.3296E+00      1.5860E+00      3.4682E-01      5.9534E+01      1.3118E+02      1.0000E+00
      1.0466E+00      1.0671E+00      1.0216E+00      1.1526E+00      9.6514E-01      7.9209E+01      9.9877E+01      1.0000E+00
      1.0392E+00      1.0224E+00      1.0024E+00      1.0410E+00      1.0138E+00      8.6177E+01      9.3300E+01      1.0000E+00
      1.0263E+00      1.0110E+00      1.0005E+00      1.0179E+00      1.0153E+00      8.8313E+01      9.1296E+01      1.0000E+00
      1.0131E+00      1.0049E+00      1.0001E+00      1.0087E+00      1.0086E+00      8.9358E+01      9.0455E+01      1.0000E+00
      1.0070E+00      1.0023E+00      1.0000E+00      1.0031E+00      1.0055E+00      8.9903E+01      9.0099E+01      1.0000E+00
      1.0075E+00      1.0016E+00      1.0000E+00      1.0035E+00      1.0046E+00      8.9524E+01      9.0344E+01      1.0000E+00
      1.0091E+00      1.0027E+00      1.0001E+00      1.0060E+00      1.0062E+00      8.9344E+01      9.0531E+01      1.0000E+00
      1.0015E+00      1.0065E+00      1.0001E+00      1.0125E+00      9.9711E-01      8.9563E+01      9.0213E+01      1.0000E+00
      1.0007E+00      1.0074E+00      1.0001E+00      1.0144E+00      9.9560E-01      8.9624E+01      9.0646E+01      1.0000E+00
      1.0007E+00      1.0074E+00      1.0001E+00      1.0144E+00      9.9561E-01      8.9624E+01      9.0645E+01      1.0000E+00
      1.0015E+00      1.0064E+00      1.0001E+00      1.0124E+00      9.9713E-01      8.9568E+01      9.0211E+01      1.0000E+00
      1.0088E+00      1.0028E+00      1.0001E+00      1.0061E+00      1.0059E+00      8.9338E+01      9.0528E+01      1.0000E+00
      1.0062E+00      1.0017E+00      1.0000E+00      1.0036E+00      1.0033E+00      8.9495E+01      9.0348E+01      1.0000E+00
      1.0027E+00      1.0007E+00      1.0000E+00      1.0014E+00      1.0013E+00      8.9772E+01      9.0148E+01      1.0000E+00
      1.0008E+00      1.0003E+00      1.0000E+00      1.0005E+00      1.0004E+00      8.9926E+01      9.0048E+01      1.0000E+00
      1.0002E+00      1.0001E+00      1.0000E+00      1.0001E+00      1.0001E+00      8.9981E+01      9.0012E+01      1.0000E+00
      1.0000E+00      1.0000E+00      1.0000E+00      1.0000E+00      1.0000E+00      8.9996E+01      9.0002E+01      1.0000E+00
      1.0000E+00      1.0000E+00      1.0000E+00      1.0000E+00      1.0000E+00      8.9999E+01      9.0000E+01      1.0000E+00
      1.0000E+00      1.0000E+00      1.0000E+00      1.0000E+00      1.0000E+00      9.0000E+01      9.0000E+01      1.0000E+00
      1.0000E+00      1.0000E+00      1.0000E+00      1.0000E+00      1.0000E+00      9.0000E+01      9.0000E+01      1.0000E+00
      1.0000E+00      1.0000E+00      1.0000E+00      1.0000E+00      1.0000E+00      9.0000E+01      9.0000E+01      1.0000E+00
      1.0000E+00      1.0000E+00      1.0000E+00      1.0000E+00      1.0000E+00      9.0000E+01      9.0000E+01      1.0000E+00
      1.0000E+00      1.0000E+00      1.0000E+00      1.0000E+00      1.0000E+00      9.0000E+01      9.0000E+01      1.0000E+00
      1.0000E+00      1.0000E+00      1.0000E+00      1.0000E+00      1.0000E+00      9.0000E+01      9.0000E+01      1.0000E+00
      1.0000E+00      1.0000E+00      1.0000E+00      1.0000E+00      1.0000E+00      9.0000E+01      9.0000E+01      1.0000E+00
      1.0000E+00      1.0000E+00      1.0000E+00      1.0000E+00      1.0000E+00      9.0000E+01      9.0000E+01      1.0000E+00
      1.0000E+00      1.0000E+00      1.0000E+00      1.0000E+00      1.0000E+00      9.0000E+01      9.0000E+01      1.0000E+00
      1.0000E+00      1.0000E+00      1.0000E+00      1.0000E+00      1.0000E+00      9.0000E+01      9.0000E+01      1.0000E+00
      1.0000E+00      1.0000E+00      1.0000E+00      1.0000E+00      1.0000E+00      9.0000E+01      9.0000E+01      1.0000E+00
      1.0000E+00      1.0000E+00      1.0000E+00      1.0000E+00      1.0000E+00      9.0000E+01      9.0000E+01      1.0000E+00
      1.0000E+00      1.0000E+00      1.0000E+00      1.0000E+00      1.0000E+00      9.0000E+01      9.0000E+01      1.0000E+00
      1.0000E+00      1.0000E+00      1.0000E+00      1.0000E+00      1.0000E+00      9.0000E+01      9.0000E+01      1.0000E+00
      1.0000E+00      1.0000E+00      1.0000E+00      1.0000E+00      1.0000E+00      9.0000E+01      9.0000E+01      1.0000E+00
      1.0000E+00      1.0000E+00      1.0000E+00      1.0000E+00      1.0000E+00      9.0000E+01      9.0000E+01      1.0000E+00
      1.0000E+00      1.0000E+00      1.0000E+00      1.0000E+00      1.0000E+00      9.0000E+01      9.0000E+01      1.0000E+00
      1.0000E+00      1.0000E+00      1.0000E+00      1.0000E+00      1.0000E+00      9.0000E+01      9.0000E+01      1.0000E+00
      1.0000E+00      1.0000E+00      1.0000E+00      1.0000E+00      1.0000E+00      9.0000E+01      9.0000E+01      1.0000E+00
      1.0000E+00      1.0000E+00      1.0000E+00      1.0000E+00      1.0000E+00      9.0000E+01      9.0000E+01      1.0000E+00
      1.0000E+00      1.0000E+00      1.0000E+00      1.0000E+00      1.0000E+00      9.0000E+01      9.0000E+01      1.0000E+00
      1.0000E+00      1.0000E+00      1.0000E+00      1.0000E+00      1.0000E+00      9.0000E+01      9.0000E+01      1.0000E+00
      1.0000E+00      1.0000E+00      1.0000E+00      1.0000E+00      1.0000E+00      9.0000E+01      9.0000E+01      1.0000E+00
      1.0000E+00      1.0000E+00      1.0000E+00      1.0000E+00      1.0000E+00      9.0000E+01      9.0000E+01      1.0000E+00
      1.0000E+00      1.0000E+00      1.0000E+00      1.0000E+00      1.0000E+00      9.0000E+01      9.0000E+01      1.0000E+00
      1.0000E+00      1.0000E+00      1.0000E+00      1.0000E+00      1.0000E+00      9.0000E+01      9.0000E+01      1.0000E+00
      1.0000E+00      1.0000E+00      1.0000E+00      1.0000E+00      1.0000E+00      9.0000E+01      9.0000E+01      1.0000E+00
      1.0000E+00      1.0000E+00      1.0000E+00      1.0000E+00      1.0000E+00      9.0000E+01      9.0000E+01      1.0000E+00
      1.0000E+00      1.0000E+00      1.0000E+00      1.0000E+00      1.0000E+00      9.0000E+01      9.0000E+01      1.0000E+00
      1.0000E+00      1.0000E+00      1.0000E+00      1.0000E+00      1.0000E+00      9.0000E+01      9.0000E+01      1.0000E+00
      1.0000E+00      1.0000E+00      1.0000E+00      1.0000E+00      1.0000E+00      9.0000E+01      9.0000E+01      1.0000E+00
      1.0000E+00      1.0000E+00      1.0000E+00      1.0000E+00      1.0000E+00      9.0000E+01      9.0000E+01      1.0000E+00
      1.0000E+00      1.0000E+00      1.0000E+00      1.0000E+00      1.0000E+00      9.0000E+01      9.0000E+01      1.0000E+00
      1.0000E+00      1.0000E+00      1.0000E+00      1.0000E+00      1.0000E+00      9.0000E+01      9.0000E+01      1.0000E+00
      1.0000E+00      1.0000E+00      1.0000E+00      1.0000E+00      1.0000E+00      9.0000E+01      9.0000E+01      1.0000E+00
      1.0000E+00      1.0000E+00      1.0000E+00      1.0000E+00      1.0000E+00      8.9998E+01      9.0001E+01      1.0000E+00
      1.0001E+00      1.0000E+00      1.0000E+00      1.0001E+00      1.0000E+00      8.9992E+01      9.0005E+01      1.0000E+00
      1.0004E+00      1.0001E+00      1.0000E+00      1.0003E+00      1.0002E+00      8.9962E+01      9.0025E+01      1.0000E+00
      1.0016E+00      1.0004E+00      1.0000E+00      1.0009E+00      1.0007E+00      8.9863E+01      9.0093E+01      1.0000E+00
      1.0046E+00      1.0012E+00      1.0000E+00      1.0023E+00      1.0025E+00      8.9608E+01      9.0281E+01      1.0000E+00
      1.0109E+00      1.0028E+00      1.0001E+00      1.0050E+00      1.0068E+00      8.9122E+01      9.0676E+01      1.0000E+00
      1.0208E+00      1.0051E+00      1.0004E+00      1.0082E+00      1.0153E+00      8.8480E+01      9.1304E+01      1.0000E+00
      1.0350E+00      1.0075E+00      1.0008E+00      1.0099E+00      1.0299E+00      8.7791E+01      9.2162E+01      1.0000E+00
      1.0798E+00      1.0192E+00      1.0040E+00      1.0324E+00      1.0549E+00      8.4882E+01      9.4247E+01      1.0000E+00
      8.8302E-01      1.1418E+00      1.1018E+00      1.2370E+00      6.6515E-01      7.8719E+01      1.1483E+02      1.0000E+00
      6.5884E-01      1.2181E+00      1.0552E+00      1.3586E+00      5.7829E-01      8.3014E+01      9.9631E+01      1.0000E+00
      9.4030E-01      1.0414E+00      1.0025E+00      1.0707E+00      9.2443E-01      8.9074E+01      9.1189E+01      1.0000E+00
      1.0080E+00      1.0055E+00      1.0001E+00      1.0131E+00      1.0059E+00      8.9724E+01      9.0279E+01      1.0000E+00
      1.0150E+00      1.0020E+00      1.0000E+00      1.0043E+00      1.0111E+00      8.9686E+01      9.0124E+01      1.0000E+00
      1.0089E+00      1.0013E+00      1.0000E+00      1.0035E+00      1.0068E+00      8.9884E+01      9.0125E+01      1.0000E+00
      1.0043E+00      1.0006E+00      1.0000E+00      1.0014E+00      1.0035E+00      8.9926E+01      9.0111E+01      1.0000E+00
      1.0029E+00      1.0004E+00      1.0000E+00      1.0009E+00      1.0023E+00      8.9847E+01      9.0135E+01      1.0000E+00
      1.0027E+00      1.0007E+00      1.0000E+00      1.0017E+00      1.0021E+00      8.9818E+01      9.0160E+01      1.0000E+00
      1.0009E+00      1.0016E+00      1.0000E+00      1.0034E+00      9.9991E-01      8.9862E+01      9.0087E+01      1.0000E+00
      1.0005E+00      1.0019E+00      1.0000E+00      1.0041E+00      9.9923E-01      8.9902E+01      9.0153E+01      1.0000E+00
      1.0004E+00      1.0019E+00      1.0000E+00      1.0041E+00      9.9922E-01      8.9903E+01      9.0152E+01      1.0000E+00
      1.0008E+00      1.0016E+00      1.0000E+00      1.0033E+00      9.9989E-01      8.9867E+01      9.0085E+01      1.0000E+00
      1.0024E+00      1.0008E+00      1.0000E+00      1.0018E+00      1.0017E+00      8.9819E+01      9.0151E+01      1.0000E+00
      1.0019E+00      1.0006E+00      1.0000E+00      1.0012E+00      1.0010E+00      8.9845E+01      9.0108E+01      1.0000E+00
      1.0008E+00      1.0003E+00      1.0000E+00      1.0005E+00      1.0004E+00      8.9926E+01      9.0048E+01      1.0000E+00
      1.0003E+00      1.0001E+00      1.0000E+00      1.0002E+00      1.0001E+00      8.9975E+01      9.0015E+01      1.0000E+00
      1.0001E+00      1.0000E+00      1.0000E+00      1.0000E+00      1.0000E+00      8.9994E+01      9.0004E+01      1.0000E+00
      1.0000E+00      1.0000E+00      1.0000E+00      1.0000E+00      1.0000E+00      8.9999E+01      9.0001E+01      1.0000E+00
      1.0000E+00      1.0000E+00      1.0000E+00      1.0000E+00      1.0000E+00      9.0000E+01      9.0000E+01      1.0000E+00
      1.0000E+00      1.0000E+00      1.0000E+00      1.0000E+00      1.0000E+00      9.0000E+01      9.0000E+01      1.0000E+00
      1.0000E+00      1.0000E+00      1.0000E+00      1.0000E+00      1.0000E+00      9.0000E+01      9.0000E+01      1.0000E+00
      1.0000E+00      1.0000E+00      1.0000E+00      1.0000E+00      1.0000E+00      9.0000E+01      9.0000E+01      1.0000E+00
      1.0000E+00      1.0000E+00      1.0000E+00      1.0000E+00      1.0000E+00      9.0000E+01      9.0000E+01      1.0000E+00
      1.0000E+00      1.0000E+00      1.0000E+00      1.0000E+00      1.0000E+00      9.0000E+01      9.0000E+01      1.0000E+00
      1.0000E+00      1.0000E+00      1.0000E+00      1.0000E+00      1.0000E+00      9.0000E+01      9.0000E+01      1.0000E+00
      1.0000E+00      1.0000E+00      1.0000E+00      1.0000E+00      1.0000E+00      9.0000E+01      9.0000E+01      1.0000E+00
      1.0000E+00      1.0000E+00      1.0000E+00      1.0000E+00      1.0000E+00      9.0000E+01      9.0000E+01      1.0000E+00
      1.0000E+00      1.0000E+00      1.0000E+00      1.0000E+00      1.0000E+00      9.0000E+01      9.0000E+01      1.0000E+00
      1.0000E+00      1.0000E+00      1.0000E+00      1.0000E+00      1.0000E+00      9.0000E+01      9.0000E+01      1.0000E+00
      1.0000E+00      1.0000E+00      1.0000E+00      1.0000E+00      1.0000E+00      9.0000E+01      9.0000E+01      1.0000E+00
      1.0000E+00      1.0000E+00      1.0000E+00      1.0000E+00      1.0000E+00      9.0000E+01      9.0000E+01      1.0000E+00
      1.0000E+00      1.0000E+00      1.0000E+00      1.0000E+00      1.0000E+00      9.0000E+01      9.0000E+01      1.0000E+00
      1.0000E+00      1.0000E+00      1.0000E+00      1.0000E+00      1.0000E+00      9.0000E+01      9.0000E+01      1.0000E+00
      1.0000E+00      1.0000E+00      1.0000E+00      1.0000E+00      1.0000E+00      9.0000E+01      9.0000E+01      1.0000E+00
      1.0000E+00      1.0000E+00      1.0000E+00      1.0000E+00      1.0000E+00      9.0000E+01      9.0000E+01      1.0000E+00
      1.0000E+00      1.0000E+00      1.0000E+00      1.0000E+00      1.0000E+00      9.0000E+01      9.0000E+01      1.0000E+00
      1.0000E+00      1.0000E+00      1.0000E+00      1.0000E+00      1.0000E+00      9.0000E+01      9.0000E+01      1.0000E+00
      1.0000E+00      1.0000E+00      1.0000E+00      1.0000E+00      1.0000E+00      9.0000E+01      9.0000E+01      1.0000E+00
      1.0000E+00      1.0000E+00      1.0000E+00      1.0000E+00      1.0000E+00      9.0000E+01      9.0000E+01      1.0000E+00
      1.0000E+00      1.0000E+00      1.0000E+00      1.0000E+00      1.0000E+00      9.0000E+01      9.0000E+01      1.0000E+00
      1.0000E+00      1.0000E+00      1.0000E+00      1.0000E+00      1.0000E+00      9.0000E+01      9.0000E+01      1.0000E+00
      1.0000E+00      1.0000E+00      1.0000E+00      1.0000E+00      1.0000E+00      9.0000E+01      9.0000E+01      1.0000E+00
      1.0000E+00      1.0000E+00      1.0000E+00      1.0000E+00      1.0000E+00      9.0000E+01      9.0000E+01      1.0000E+00
      1.0000E+00      1.0000E+00      1.0000E+00      1.0000E+00      1.0000E+00      9.0000E+01      9.0000E+01      1.0000E+00
      1.0000E+00      1.0000E+00      1.0000E+00      1.0000E+00      1.0000E+00      9.0000E+01      9.0000E+01      1.0000E+00
      1.0000E+00      1.0000E+00      1.0000E+00      1.0000E+00      1.0000E+00      9.0000E+01      9.0000E+01      1.0000E+00
      1.0000E+00      1.0000E+00      1.0000E+00      1.0000E+00      1.0000E+00      9.0000E+01      9.0000E+01      1.0000E+00
      1.0000E+00      1.0000E+00      1.0000E+00      1.0000E+00      1.0000E+00      9.0000E+01      9.0000E+01      1.0000E+00
      1.0000E+00      1.0000E+00      1.0000E+00      1.0000E+00      1.0000E+00      9.0000E+01      9.0000E+01      1.0000E+00
      1.0000E+00      1.0000E+00      1.0000E+00      1.0000E+00      1.0000E+00      9.0000E+01      9.0000E+01      1.0000E+00
      1.0000E+00      1.0000E+00      1.0000E+00      1.0000E+00      1.0000E+00      9.0000E+01      9.0000E+01      1.0000E+00
      1.0000E+00      1.0000E+00      1.0000E+00      1.0000E+00      1.0000E+00      9.0000E+01      9.0000E+01      1.0000E+00
      1.0000E+00      1.0000E+00      1.0000E+00      1.0000E+00      1.0000E+00      9.0000E+01      9.0000E+01      1.0000E+00
      1.0000E+00      1.0000E+00      1.0000E+00      1.0000E+00      1.0000E+00      8.9999E+01      9.0001E+01      1.0000E+00
      1.0001E+00      1.0000E+00      1.0000E+00      1.0000E+00      1.0000E+00      8.9995E+01      9.0003E+01      1.0000E+00
      1.0003E+00      1.0001E+00      1.0000E+00      1.0002E+00      1.0001E+00      8.9974E+01      9.0016E+01      1.0000E+00
      1.0012E+00      1.0004E+00      1.0000E+00      1.0007E+00      1.0005E+00      8.9898E+01      9.0069E+01      1.0000E+00
      1.0039E+00      1.0010E+00      1.0000E+00      1.0021E+00      1.0020E+00      8.9668E+01      9.0232E+01      1.0000E+00
      1.0105E+00      1.0024E+00      1.0001E+00      1.0048E+00      1.0060E+00      8.9131E+01      9.0635E+01      1.0000E+00
      1.0226E+00      1.0055E+00      1.0005E+00      1.0096E+00      1.0144E+00      8.8204E+01      9.1383E+01      1.0000E+00
      1.0355E+00      1.0090E+00      1.0011E+00      1.0151E+00      1.0274E+00      8.7382E+01      9.2259E+01      1.0000E+00
      1.0219E+00      1.0156E+00      1.0012E+00      1.0365E+00      1.0025E+00      8.7278E+01      9.1967E+01      1.0000E+00
      9.1097E-01      1.1048E+00      1.0387E+00      1.2163E+00      7.6228E-01      8.1618E+01      1.0529E+02      1.0000E+00
      6.1630E-01      1.4111E+00      1.2224E+00      1.5412E+00      4.2562E-01      6.2715E+01      1.2483E+02      1.0000E+00
      1.0486E+00      1.0578E+00      1.0176E+00      1.1392E+00      9.6560E-01      7.9822E+01      9.8327E+01      1.0000E+00
      1.0219E+00      1.0088E+00      1.0008E+00      1.0232E+00      1.0071E+00      8.7696E+01      9.1835E+01      1.0000E+00
      1.0162E+00      1.0027E+00      1.0001E+00      1.0049E+00      1.0122E+00      8.9125E+01      9.0674E+01      1.0000E+00
      1.0101E+00      1.0013E+00      1.0000E+00      1.0031E+00      1.0077E+00      8.9476E+01      9.0428E+01      1.0000E+00
      1.0051E+00      1.0008E+00      1.0000E+00      1.0018E+00      1.0036E+00      8.9699E+01      9.0235E+01      1.0000E+00
      1.0023E+00      1.0003E+00      1.0000E+00      1.0007E+00      1.0018E+00      8.9852E+01      9.0122E+01      1.0000E+00
      1.0012E+00      1.0002E+00      1.0000E+00      1.0004E+00      1.0010E+00      8.9925E+01      9.0069E+01      1.0000E+00
      1.0004E+00      1.0004E+00      1.0000E+00      1.0009E+00      1.0001E+00      8.9952E+01      9.0035E+01      1.0000E+00
      1.0002E+00      1.0004E+00      1.0000E+00      1.0010E+00      9.9993E-01      8.9972E+01      9.0036E+01      1.0000E+00
      1.0002E+00      1.0004E+00      1.0000E+00      1.0010E+00      9.9989E-01      8.9977E+01      9.0033E+01      1.0000E+00
      1.0003E+00      1.0004E+00      1.0000E+00      1.0008E+00      1.0001E+00      8.9967E+01      9.0026E+01      1.0000E+00
      1.0006E+00      1.0002E+00      1.0000E+00      1.0004E+00      1.0004E+00      8.9957E+01      9.0036E+01      1.0000E+00
      1.0004E+00      1.0001E+00      1.0000E+00      1.0003E+00      1.0002E+00      8.9962E+01      9.0027E+01      1.0000E+00
      1.0002E+00      1.0001E+00      1.0000E+00      1.0001E+00      1.0001E+00      8.9981E+01      9.0012E+01      1.0000E+00
      1.0001E+00      1.0000E+00      1.0000E+00      1.0000E+00      1.0000E+00      8.9994E+01      9.0004E+01      1.0000E+00
      1.0000E+00      1.0000E+00      1.0000E+00      1.0000E+00      1.0000E+00      8.9999E+01      9.0001E+01      1.0000E+00
      1.0000E+00      1.0000E+00      1.0000E+00      1.0000E+00      1.0000E+00      9.0000E+01      9.0000E+01      1.0000E+00
      1.0000E+00      1.0000E+00      1.0000E+00      1.0000E+00      1.0000E+00      9.0000E+01      9.0000E+01      1.0000E+00
      1.0000E+00      1.0000E+00      1.0000E+00      1.0000E+00      1.0000E+00      9.0000E+01      9.0000E+01      1.0000E+00
      1.0000E+00      1.0000E+00      1.0000E+00      1.0000E+00      1.0000E+00      9.0000E+01      9.0000E+01      1.0000E+00
      1.0000E+00      1.0000E+00      1.0000E+00      1.0000E+00      1.0000E+00      9.0000E+01      9.0000E+01      1.0000E+00
      1.0000E+00      1.0000E+00      1.0000E+00      1.0000E+00      1.0000E+00      9.0000E+01      9.0000E+01      1.0000E+00
      1.0000E+00      1.0000E+00      1.0000E+00      1.0000E+00      1.0000E+00      9.0000E+01      9.0000E+01      1.0000E+00
      1.0000E+00      1.0000E+00      1.0000E+00      1.0000E+00      1.0000E+00      9.0000E+01      9.0000E+01      1.0000E+00
      1.0000E+00      1.0000E+00      1.0000E+00      1.0000E+00      1.0000E+00      9.0000E+01      9.0000E+01      1.0000E+00
      1.0000E+00      1.0000E+00      1.0000E+00      1.0000E+00      1.0000E+00      9.0000E+01      9.0000E+01      1.0000E+00
      1.0000E+00      1.0000E+00      1.0000E+00      1.0000E+00      1.0000E+00      9.0000E+01      9.0000E+01      1.0000E+00
      1.0000E+00      1.0000E+00      1.0000E+00      1.0000E+00      1.0000E+00      9.0000E+01      9.0000E+01      1.0000E+00
      1.0000E+00      1.0000E+00      1.0000E+00      1.0000E+00      1.0000E+00      9.0000E+01      9.0000E+01      1.0000E+00
      1.0000E+00      1.0000E+00      1.0000E+00      1.0000E+00      1.0000E+00      9.0000E+01      9.0000E+01      1.0000E+00
      1.0000E+00      1.0000E+00      1.0000E+00      1.0000E+00      1.0000E+00      9.0000E+01      9.0000E+01      1.0000E+00
      1.0000E+00      1.0000E+00      1.0000E+00      1.0000E+00      1.0000E+00      9.0000E+01      9.0000E+01      1.0000E+00
      1.0000E+00      1.0000E+00      1.0000E+00      1.0000E+00      1.0000E+00      9.0000E+01      9.0000E+01      1.0000E+00
      1.0000E+00      1.0000E+00      1.0000E+00      1.0000E+00      1.0000E+00      9.0000E+01      9.0000E+01      1.0000E+00
      1.0000E+00      1.0000E+00      1.0000E+00      1.0000E+00      1.0000E+00      9.0000E+01      9.0000E+01      1.0000E+00
      1.0000E+00      1.0000E+00      1.0000E+00      1.0000E+00      1.0000E+00      9.0000E+01      9.0000E+01      1.0000E+00
      1.0000E+00      1.0000E+00      1.0000E+00      1.0000E+00      1.0000E+00      9.0000E+01      9.0000E+01      1.0000E+00
      1.0000E+00      1.0000E+00      1.0000E+00      1.0000E+00      1.0000E+00      9.0000E+01      9.0000E+01      1.0000E+00
      1.0000E+00      1.0000E+00      1.0000E+00      1.0000E+00      1.0000E+00      9.0000E+01      9.0000E+01      1.0000E+00
      1.0000E+00      1.0000E+00      1.0000E+00      1.0000E+00      1.0000E+00      9.0000E+01      9.0000E+01      1.0000E+00
      1.0000E+00      1.0000E+00      1.0000E+00      1.0000E+00      1.0000E+00      9.0000E+01      9.0000E+01      1.0000E+00
      1.0000E+00      1.0000E+00      1.0000E+00      1.0000E+00      1.0000E+00      9.0000E+01      9.0000E+01      1.0000E+00
      1.0000E+00      1.0000E+00      1.0000E+00      1.0000E+00      1.0000E+00      9.0000E+01      9.0000E+01      1.0000E+00
      1.0000E+00      1.0000E+00      1.0000E+00      1.0000E+00      1.0000E+00      9.0000E+01      9.0000E+01      1.0000E+00
      1.0000E+00      1.0000E+00      1.0000E+00      1.0000E+00      1.0000E+00      9.0000E+01      9.0000E+01      1.0000E+00
      1.0000E+00      1.0000E+00      1.0000E+00      1.0000E+00      1.0000E+00      9.0000E+01      9.0000E+01      1.0000E+00
      1.0000E+00      1.0000E+00      1.0000E+00      1.0000E+00      1.0000E+00      9.0000E+01      9.0000E+01      1.0000E+00
      1.0000E+00      1.0000E+00      1.0000E+00      1.0000E+00      1.0000E+00      9.0000E+01      9.0000E+01      1.0000E+00
      1.0000E+00      1.0000E+00      1.0000E+00      1.0000E+00      1.0000E+00      9.0000E+01      9.0000E+01      1.0000E+00
      1.0000E+00      1.0000E+00      1.0000E+00      1.0000E+00      1.0000E+00      9.0000E+01      9.0000E+01      1.0000E+00
      1.0000E+00      1.0000E+00      1.0000E+00      1.0000E+00      1.0000E+00      9.0000E+01      9.0000E+01      1.0000E+00
      1.0000E+00      1.0000E+00      1.0000E+00      1.0000E+00      1.0000E+00      9.0000E+01      9.0000E+01      1.0000E+00
      1.0000E+00      1.0000E+00      1.0000E+00      1.0000E+00      1.0000E+00      8.9997E+01      9.0002E+01      1.0000E+00
      1.0002E+00      1.0001E+00      1.0000E+00      1.0001E+00      1.0001E+00      8.9985E+01      9.0010E+01      1.0000E+00
      1.0007E+00      1.0002E+00      1.0000E+00      1.0005E+00      1.0004E+00      8.9935E+01      9.0043E+01      1.0000E+00
      1.0027E+00      1.0008E+00      1.0000E+00      1.0016E+00      1.0014E+00      8.9772E+01      9.0159E+01      1.0000E+00
      1.0080E+00      1.0020E+00      1.0001E+00      1.0042E+00      1.0047E+00      8.9344E+01      9.0481E+01      1.0000E+00
      1.0201E+00      1.0044E+00      1.0004E+00      1.0090E+00      1.0126E+00      8.8402E+01      9.1215E+01      1.0000E+00
      1.0439E+00      1.0097E+00      1.0018E+00      1.0174E+00      1.0276E+00      8.6553E+01      9.2608E+01      1.0000E+00
      1.0841E+00      1.0265E+00      1.0070E+00      1.0480E+00      1.0480E+00      8.3242E+01      9.4968E+01      1.0000E+00
      1.1095E+00      1.0596E+00      1.0166E+00      1.1218E+00      1.0533E+00      8.0026E+01      9.8017E+01      1.0000E+00
      8.1688E-01      1.2442E+00      1.0703E+00      1.3530E+00      6.7841E-01      7.4481E+01      1.0733E+02      1.0000E+00
      9.5612E-01      1.1126E+00      1.0476E+00      1.2504E+00      8.3505E-01      7.6438E+01      1.0514E+02      1.0000E+00
      9.9744E-01      1.0192E+00      1.0013E+00      1.0462E+00      9.7017E-01      8.8091E+01      9.2448E+01      1.0000E+00
      1.0133E+00      1.0029E+00      1.0001E+00      1.0074E+00      1.0091E+00      8.9154E+01      9.0788E+01      1.0000E+00
      1.0138E+00      1.0013E+00      1.0001E+00      1.0024E+00      1.0119E+00      8.9170E+01      9.0745E+01      1.0000E+00
      1.0090E+00      1.0014E+00      1.0001E+00      1.0028E+00      1.0063E+00      8.9364E+01      9.0487E+01      1.0000E+00
      1.0045E+00      1.0009E+00      1.0000E+00      1.0018E+00      1.0028E+00      8.9654E+01      9.0250E+01      1.0000E+00
      1.0018E+00      1.0004E+00      1.0000E+00      1.0008E+00      1.0011E+00      8.9850E+01      9.0106E+01      1.0000E+00
      1.0007E+00      1.0002E+00      1.0000E+00      1.0005E+00      1.0003E+00      8.9941E+01      9.0041E+01      1.0000E+00
      1.0002E+00      1.0001E+00      1.0000E+00      1.0003E+00      1.0001E+00      8.9977E+01      9.0018E+01      1.0000E+00
      1.0001E+00      1.0001E+00      1.0000E+00      1.0002E+00      1.0000E+00      8.9995E+01      9.0005E+01      1.0000E+00
      1.0001E+00      1.0001E+00      1.0000E+00      1.0002E+00      1.0000E+00      8.9994E+01      9.0005E+01      1.0000E+00
      1.0001E+00      1.0000E+00      1.0000E+00      1.0001E+00      1.0001E+00      8.9992E+01      9.0007E+01      1.0000E+00
      1.0001E+00      1.0000E+00      1.0000E+00      1.0001E+00      1.0000E+00      8.9992E+01      9.0005E+01      1.0000E+00
      1.0000E+00      1.0000E+00      1.0000E+00      1.0000E+00      1.0000E+00      8.9996E+01      9.0002E+01      1.0000E+00
      1.0000E+00      1.0000E+00      1.0000E+00      1.0000E+00      1.0000E+00      8.9999E+01      9.0001E+01      1.0000E+00
      1.0000E+00      1.0000E+00      1.0000E+00      1.0000E+00      1.0000E+00      9.0000E+01      9.0000E+01      1.0000E+00
      1.0000E+00      1.0000E+00      1.0000E+00      1.0000E+00      1.0000E+00      9.0000E+01      9.0000E+01      1.0000E+00
      1.0000E+00      1.0000E+00      1.0000E+00      1.0000E+00      1.0000E+00      9.0000E+01      9.0000E+01      1.0000E+00
      1.0000E+00      1.0000E+00      1.0000E+00      1.0000E+00      1.0000E+00      9.0000E+01      9.0000E+01      1.0000E+00
      1.0000E+00      1.0000E+00      1.0000E+00      1.0000E+00      1.0000E+00      9.0000E+01      9.0000E+01      1.0000E+00
      1.0000E+00      1.0000E+00      1.0000E+00      1.0000E+00      1.0000E+00      9.0000E+01      9.0000E+01      1.0000E+00
      1.0000E+00      1.0000E+00      1.0000E+00      1.0000E+00      1.0000E+00      9.0000E+01      9.0000E+01      1.0000E+00
      1.0000E+00      1.0000E+00      1.0000E+00      1.0000E+00      1.0000E+00      9.0000E+01      9.0000E+01      1.0000E+00
      1.0000E+00      1.0000E+00      1.0000E+00      1.0000E+00      1.0000E+00      9.0000E+01      9.0000E+01      1.0000E+00
      1.0000E+00      1.0000E+00      1.0000E+00      1.0000E+00      1.0000E+00      9.0000E+01      9.0000E+01      1.0000E+00
      1.0000E+00      1.0000E+00      1.0000E+00      1.0000E+00      1.0000E+00      9.0000E+01      9.0000E+01      1.0000E+00
      1.0000E+00      1.0000E+00      1.0000E+00      1.0000E+00      1.0000E+00      9.0000E+01      9.0000E+01      1.0000E+00
      1.0000E+00      1.0000E+00      1.0000E+00      1.0000E+00      1.0000E+00      9.0000E+01      9.0000E+01      1.0000E+00
      1.0000E+00      1.0000E+00      1.0000E+00      1.0000E+00      1.0000E+00      9.0000E+01      9.0000E+01      1.0000E+00
      1.0000E+00      1.0000E+00      1.0000E+00      1.0000E+00      1.0000E+00      9.0000E+01      9.0000E+01      1.0000E+00
      1.0000E+00      1.0000E+00      1.0000E+00      1.0000E+00      1.0000E+00      9.0000E+01      9.0000E+01      1.0000E+00
      1.0000E+00      1.0000E+00      1.0000E+00      1.0000E+00      1.0000E+00      9.0000E+01      9.0000E+01      1.0000E+00
      1.0000E+00      1.0000E+00      1.0000E+00      1.0000E+00      1.0000E+00      9.0000E+01      9.0000E+01      1.0000E+00
      1.0000E+00      1.0000E+00      1.0000E+00      1.0000E+00      1.0000E+00      9.0000E+01      9.0000E+01      1.0000E+00
      1.0000E+00      1.0000E+00      1.0000E+00      1.0000E+00      1.0000E+00      9.0000E+01      9.0000E+01      1.0000E+00
      1.0000E+00      1.0000E+00      1.0000E+00      1.0000E+00      1.0000E+00      9.0000E+01      9.0000E+01      1.0000E+00
      1.0000E+00      1.0000E+00      1.0000E+00      1.0000E+00      1.0000E+00      9.0000E+01      9.0000E+01      1.0000E+00
      1.0000E+00      1.0000E+00      1.0000E+00      1.0000E+00      1.0000E+00      9.0000E+01      9.0000E+01      1.0000E+00
      1.0000E+00      1.0000E+00      1.0000E+00      1.0000E+00      1.0000E+00      9.0000E+01      9.0000E+01      1.0000E+00
      1.0000E+00      1.0000E+00      1.0000E+00      1.0000E+00      1.0000E+00      9.0000E+01      9.0000E+01      1.0000E+00
      1.0000E+00      1.0000E+00      1.0000E+00      1.0000E+00      1.0000E+00      9.0000E+01      9.0000E+01      1.0000E+00
      1.0000E+00      1.0000E+00      1.0000E+00      1.0000E+00      1.0000E+00      9.0000E+01      9.0000E+01      1.0000E+00
      1.0000E+00      1.0000E+00      1.0000E+00      1.0000E+00      1.0000E+00      9.0000E+01      9.0000E+01      1.0000E+00
      1.0000E+00      1.0000E+00      1.0000E+00      1.0000E+00      1.0000E+00      9.0000E+01      9.0000E+01      1.0000E+00
      1.0000E+00      1.0000E+00      1.0000E+00      1.0000E+00      1.0000E+00      9.0000E+01      9.0000E+01      1.0000E+00
      1.0000E+00      1.0000E+00      1.0000E+00      1.0000E+00      1.0000E+00      9.0000E+01      9.0000E+01      1.0000E+00
      1.0000E+00      1.0000E+00      1.0000E+00      1.0000E+00      1.0000E+00      9.0000E+01      9.0000E+01      1.0000E+00
      1.0000E+00      1.0000E+00      1.0000E+00      1.0000E+00      1.0000E+00      9.0000E+01      9.0000E+01      1.0000E+00
      1.0000E+00      1.0000E+00      1.0000E+00      1.0000E+00      1.0000E+00      9.0000E+01      9.0000E+01      1.0000E+00
      1.0000E+00      1.0000E+00      1.0000E+00      1.0000E+00      1.0000E+00      9.0000E+01      9.0000E+01      1.0000E+00
      1.0000E+00      1.0000E+00      1.0000E+00      1.0000E+00      1.0000E+00      9.0000E+01      9.0000E+01      1.0000E+00
      1.0000E+00      1.0000E+00      1.0000E+00      1.0000E+00      1.0000E+00      8.9998E+01      9.0001E+01      1.0000E+00
      1.0001E+00      1.0000E+00      1.0000E+00      1.0001E+00      1.0000E+00      8.9991E+01      9.0006E+01      1.0000E+00
      1.0005E+00      1.0002E+00      1.0000E+00      1.0003E+00      1.0002E+00      8.9959E+01      9.0027E+01      1.0000E+00
      1.0018E+00      1.0006E+00      1.0000E+00      1.0011E+00      1.0009E+00      8.9850E+01      9.0103E+01      1.0000E+00
      1.0055E+00      1.0015E+00      1.0000E+00      1.0031E+00      1.0033E+00      8.9557E+01      9.0323E+01      1.0000E+00
      1.0137E+00      1.0032E+00      1.0002E+00      1.0066E+00      1.0094E+00      8.8946E+01      9.0830E+01      1.0000E+00
      1.0287E+00      1.0054E+00      1.0007E+00      1.0113E+00      1.0222E+00      8.7927E+01      9.1796E+01      1.0000E+00
      1.0576E+00      1.0100E+00      1.0024E+00      1.0214E+00      1.0456E+00      8.6067E+01      9.3557E+01      1.0000E+00
      1.1501E+00      1.0464E+00      1.0165E+00      1.0813E+00      1.0893E+00      7.9681E+01      9.7571E+01      1.0000E+00
      8.2228E-01      1.2579E+00      1.3173E+00      1.3947E+00      4.7829E-01      7.2033E+01      1.3061E+02      1.0000E+00
      9.8210E-01      1.1537E+00      1.1379E+00      1.1991E+00      7.6378E-01      7.2846E+01      1.1850E+02      1.0000E+00
      9.7820E-01      1.1385E+00      1.0391E+00      1.2486E+00      8.6583E-01      7.5297E+01      1.0414E+02      1.0000E+00
      6.1688E-01      1.3141E+00      1.3186E+00      1.4617E+00      3.7832E-01      6.6003E+01      1.3048E+02      1.0000E+00
      9.8503E-01      1.0176E+00      1.0017E+00      1.0379E+00      9.6395E-01      8.7955E+01      9.3084E+01      1.0000E+00
      1.0174E+00      1.0053E+00      1.0006E+00      1.0117E+00      1.0111E+00      8.8339E+01      9.1915E+01      1.0000E+00
      1.0234E+00      1.0030E+00      1.0004E+00      1.0068E+00      1.0186E+00      8.8353E+01      9.1501E+01      1.0000E+00
      1.0174E+00      1.0029E+00      1.0002E+00      1.0056E+00      1.0124E+00      8.8740E+01      9.1009E+01      1.0000E+00
      1.0097E+00      1.0018E+00      1.0001E+00      1.0035E+00      1.0062E+00      8.9252E+01      9.0555E+01      1.0000E+00
      1.0044E+00      1.0009E+00      1.0000E+00      1.0018E+00      1.0027E+00      8.9643E+01      9.0259E+01      1.0000E+00
      1.0019E+00      1.0005E+00      1.0000E+00      1.0010E+00      1.0011E+00      8.9843E+01      9.0113E+01      1.0000E+00
      1.0008E+00      1.0002E+00      1.0000E+00      1.0005E+00      1.0004E+00      8.9932E+01      9.0048E+01      1.0000E+00
      1.0003E+00      1.0001E+00      1.0000E+00      1.0002E+00      1.0001E+00      8.9973E+01      9.0017E+01      1.0000E+00
      1.0001E+00      1.0000E+00      1.0000E+00      1.0001E+00      1.0000E+00      8.9992E+01      9.0005E+01      1.0000E+00
      1.0000E+00      1.0000E+00      1.0000E+00      1.0000E+00      1.0000E+00      8.9999E+01      9.0001E+01      1.0000E+00
      1.0000E+00      1.0000E+00      1.0000E+00      1.0000E+00      1.0000E+00      8.9999E+01      9.0001E+01      1.0000E+00
      1.0000E+00      1.0000E+00      1.0000E+00      1.0000E+00      1.0000E+00      8.9999E+01      9.0000E+01      1.0000E+00
      1.0000E+00      1.0000E+00      1.0000E+00      1.0000E+00      1.0000E+00      9.0000E+01      9.0000E+01      1.0000E+00
      1.0000E+00      1.0000E+00      1.0000E+00      1.0000E+00      1.0000E+00      9.0000E+01      9.0000E+01      1.0000E+00
      1.0000E+00      1.0000E+00      1.0000E+00      1.0000E+00      1.0000E+00      9.0000E+01      9.0000E+01      1.0000E+00
      1.0000E+00      1.0000E+00      1.0000E+00      1.0000E+00      1.0000E+00      9.0000E+01      9.0000E+01      1.0000E+00
      1.0000E+00      1.0000E+00      1.0000E+00      1.0000E+00      1.0000E+00      9.0000E+01      9.0000E+01      1.0000E+00
      1.0000E+00      1.0000E+00      1.0000E+00      1.0000E+00      1.0000E+00      9.0000E+01      9.0000E+01      1.0000E+00
      1.0000E+00      1.0000E+00      1.0000E+00      1.0000E+00      1.0000E+00      9.0000E+01      9.0000E+01      1.0000E+00
      1.0000E+00      1.0000E+00      1.0000E+00      1.0000E+00      1.0000E+00      9.0000E+01      9.0000E+01      1.0000E+00
      1.0000E+00      1.0000E+00      1.0000E+00      1.0000E+00      1.0000E+00      9.0000E+01      9.0000E+01      1.0000E+00
      1.0000E+00      1.0000E+00      1.0000E+00      1.0000E+00      1.0000E+00      9.0000E+01      9.0000E+01      1.0000E+00
      1.0000E+00      1.0000E+00      1.0000E+00      1.0000E+00      1.0000E+00      9.0000E+01      9.0000E+01      1.0000E+00
      1.0000E+00      1.0000E+00      1.0000E+00      1.0000E+00      1.0000E+00      9.0000E+01      9.0000E+01      1.0000E+00
      1.0000E+00      1.0000E+00      1.0000E+00      1.0000E+00      1.0000E+00      9.0000E+01      9.0000E+01      1.0000E+00
      1.0000E+00      1.0000E+00      1.0000E+00      1.0000E+00      1.0000E+00      9.0000E+01      9.0000E+01      1.0000E+00
      1.0000E+00      1.0000E+00      1.0000E+00      1.0000E+00      1.0000E+00      9.0000E+01      9.0000E+01      1.0000E+00
      1.0000E+00      1.0000E+00      1.0000E+00      1.0000E+00      1.0000E+00      9.0000E+01      9.0000E+01      1.0000E+00
      1.0000E+00      1.0000E+00      1.0000E+00      1.0000E+00      1.0000E+00      9.0000E+01      9.0000E+01      1.0000E+00
      1.0000E+00      1.0000E+00      1.0000E+00      1.0000E+00      1.0000E+00      9.0000E+01      9.0000E+01      1.0000E+00
      1.0000E+00      1.0000E+00      1.0000E+00      1.0000E+00      1.0000E+00      9.0000E+01      9.0000E+01      1.0000E+00
      1.0000E+00      1.0000E+00      1.0000E+00      1.0000E+00      1.0000E+00      9.0000E+01      9.0000E+01      1.0000E+00
      1.0000E+00      1.0000E+00      1.0000E+00      1.0000E+00      1.0000E+00      9.0000E+01      9.0000E+01      1.0000E+00
      1.0000E+00      1.0000E+00      1.0000E+00      1.0000E+00      1.0000E+00      9.0000E+01      9.0000E+01      1.0000E+00
      1.0000E+00      1.0000E+00      1.0000E+00      1.0000E+00      1.0000E+00      9.0000E+01      9.0000E+01      1.0000E+00
      1.0000E+00      1.0000E+00      1.0000E+00      1.0000E+00      1.0000E+00      9.0000E+01      9.0000E+01      1.0000E+00
      1.0000E+00      1.0000E+00      1.0000E+00      1.0000E+00      1.0000E+00      9.0000E+01      9.0000E+01      1.0000E+00
      1.0000E+00      1.0000E+00      1.0000E+00      1.0000E+00      1.0000E+00      9.0000E+01      9.0000E+01      1.0000E+00
      1.0000E+00      1.0000E+00      1.0000E+00      1.0000E+00      1.0000E+00      9.0000E+01      9.0000E+01      1.0000E+00
      1.0000E+00      1.0000E+00      1.0000E+00      1.0000E+00      1.0000E+00      9.0000E+01      9.0000E+01      1.0000E+00
      1.0000E+00      1.0000E+00      1.0000E+00      1.0000E+00      1.0000E+00      9.0000E+01      9.0000E+01      1.0000E+00
      1.0000E+00      1.0000E+00      1.0000E+00      1.0000E+00      1.0000E+00      9.0000E+01      9.0000E+01      1.0000E+00
      1.0000E+00      1.0000E+00      1.0000E+00      1.0000E+00      1.0000E+00      9.0000E+01      9.0000E+01      1.0000E+00
      1.0000E+00      1.0000E+00      1.0000E+00      1.0000E+00      1.0000E+00      9.0000E+01      9.0000E+01      1.0000E+00
      1.0000E+00      1.0000E+00      1.0000E+00      1.0000E+00      1.0000E+00      9.0000E+01      9.0000E+01      1.0000E+00
      1.0000E+00      1.0000E+00      1.0000E+00      1.0000E+00      1.0000E+00      9.0000E+01      9.0000E+01      1.0000E+00
      1.0000E+00      1.0000E+00      1.0000E+00      1.0000E+00      1.0000E+00      9.0000E+01      9.0000E+01      1.0000E+00
      1.0000E+00      1.0000E+00      1.0000E+00      1.0000E+00      1.0000E+00      9.0000E+01      9.0000E+01      1.0000E+00
      1.0000E+00      1.0000E+00      1.0000E+00      1.0000E+00      1.0000E+00      8.9999E+01      9.0001E+01      1.0000E+00
      1.0001E+00      1.0000E+00      1.0000E+00      1.0000E+00      1.0000E+00      8.9994E+01      9.0004E+01      1.0000E+00
      1.0003E+00      1.0001E+00      1.0000E+00      1.0002E+00      1.0001E+00      8.9974E+01      9.0017E+01      1.0000E+00
      1.0012E+00      1.0004E+00      1.0000E+00      1.0008E+00      1.0006E+00      8.9899E+01      9.0068E+01      1.0000E+00
      1.0040E+00      1.0012E+00      1.0000E+00      1.0024E+00      1.0022E+00      8.9673E+01      9.0229E+01      1.0000E+00
      1.0107E+00      1.0029E+00      1.0001E+00      1.0057E+00      1.0068E+00      8.9151E+01      9.0626E+01      1.0000E+00
      1.0225E+00      1.0052E+00      1.0004E+00      1.0098E+00      1.0164E+00      8.8306E+01      9.1363E+01      1.0000E+00
      1.0322E+00      1.0041E+00      1.0007E+00      1.0072E+00      1.0315E+00      8.7810E+01      9.2174E+01      1.0000E+00
      1.0111E+00      1.0325E+00      1.0023E+00      1.0527E+00      9.7215E-01      8.6395E+01      9.2100E+01      1.0000E+00
      9.2546E-01      1.1712E+00      1.0531E+00      1.3264E+00      7.5277E-01      7.7448E+01      1.0728E+02      1.0000E+00
      9.9609E-01      1.0865E+00      1.0318E+00      1.1536E+00      8.9739E-01      7.8890E+01      1.0387E+02      1.0000E+00
      8.7000E-01      1.0932E+00      1.0143E+00      1.1829E+00      7.6554E-01      8.1579E+01      9.5407E+01      1.0000E+00
      7.1539E-01      1.2668E+00      1.4163E+00      1.3427E+00      4.1249E-01      6.7417E+01      1.3508E+02      1.0000E+00
      1.0369E+00      1.0065E+00      1.0008E+00      1.0145E+00      1.0314E+00      8.7964E+01      9.2201E+01      1.0000E+00
      1.0412E+00      1.0045E+00      1.0009E+00      1.0100E+00      1.0336E+00      8.7518E+01      9.2203E+01      1.0000E+00
      1.0308E+00      1.0043E+00      1.0007E+00      1.0079E+00      1.0231E+00      8.7934E+01      9.1652E+01      1.0000E+00
      1.0178E+00      1.0029E+00      1.0003E+00      1.0056E+00      1.0126E+00      8.8668E+01      9.1066E+01      1.0000E+00
      1.0091E+00      1.0015E+00      1.0001E+00      1.0030E+00      1.0065E+00      8.9301E+01      9.0554E+01      1.0000E+00
      1.0050E+00      1.0010E+00      1.0000E+00      1.0022E+00      1.0033E+00      8.9609E+01      9.0307E+01      1.0000E+00
      1.0027E+00      1.0007E+00      1.0000E+00      1.0014E+00      1.0015E+00      8.9779E+01      9.0162E+01      1.0000E+00
      1.0012E+00      1.0003E+00      1.0000E+00      1.0007E+00      1.0006E+00      8.9894E+01      9.0072E+01      1.0000E+00
      1.0004E+00      1.0001E+00      1.0000E+00      1.0003E+00      1.0002E+00      8.9960E+01      9.0026E+01      1.0000E+00
      1.0001E+00      1.0000E+00      1.0000E+00      1.0001E+00      1.0000E+00      8.9988E+01      9.0007E+01      1.0000E+00
      1.0000E+00      1.0000E+00      1.0000E+00      1.0000E+00      1.0000E+00      8.9997E+01      9.0002E+01      1.0000E+00
      1.0000E+00      1.0000E+00      1.0000E+00      1.0000E+00      1.0000E+00      9.0000E+01      9.0000E+01      1.0000E+00
      1.0000E+00      1.0000E+00      1.0000E+00      1.0000E+00      1.0000E+00      9.0000E+01      9.0000E+01      1.0000E+00
      1.0000E+00      1.0000E+00      1.0000E+00      1.0000E+00      1.0000E+00      9.0000E+01      9.0000E+01      1.0000E+00
      1.0000E+00      1.0000E+00      1.0000E+00      1.0000E+00      1.0000E+00      9.0000E+01      9.0000E+01      1.0000E+00
      1.0000E+00      1.0000E+00      1.0000E+00      1.0000E+00      1.0000E+00      9.0000E+01      9.0000E+01      1.0000E+00
      1.0000E+00      1.0000E+00      1.0000E+00      1.0000E+00      1.0000E+00      9.0000E+01      9.0000E+01      1.0000E+00
      1.0000E+00      1.0000E+00      1.0000E+00      1.0000E+00      1.0000E+00      9.0000E+01      9.0000E+01      1.0000E+00
      1.0000E+00      1.0000E+00      1.0000E+00      1.0000E+00      1.0000E+00      9.0000E+01      9.0000E+01      1.0000E+00
      1.0000E+00      1.0000E+00      1.0000E+00      1.0000E+00      1.0000E+00      9.0000E+01      9.0000E+01      1.0000E+00
      1.0000E+00      1.0000E+00      1.0000E+00      1.0000E+00      1.0000E+00      9.0000E+01      9.0000E+01      1.0000E+00
      1.0000E+00      1.0000E+00      1.0000E+00      1.0000E+00      1.0000E+00      9.0000E+01      9.0000E+01      1.0000E+00
      1.0000E+00      1.0000E+00      1.0000E+00      1.0000E+00      1.0000E+00      9.0000E+01      9.0000E+01      1.0000E+00
      1.0000E+00      1.0000E+00      1.0000E+00      1.0000E+00      1.0000E+00      9.0000E+01      9.0000E+01      1.0000E+00
      1.0000E+00      1.0000E+00      1.0000E+00      1.0000E+00      1.0000E+00      9.0000E+01      9.0000E+01      1.0000E+00
      1.0000E+00      1.0000E+00      1.0000E+00      1.0000E+00      1.0000E+00      9.0000E+01      9.0000E+01      1.0000E+00
      1.0000E+00      1.0000E+00      1.0000E+00      1.0000E+00      1.0000E+00      9.0000E+01      9.0000E+01      1.0000E+00
      1.0000E+00      1.0000E+00      1.0000E+00      1.0000E+00      1.0000E+00      9.0000E+01      9.0000E+01      1.0000E+00
      1.0000E+00      1.0000E+00      1.0000E+00      1.0000E+00      1.0000E+00      9.0000E+01      9.0000E+01      1.0000E+00
      1.0000E+00      1.0000E+00      1.0000E+00      1.0000E+00      1.0000E+00      9.0000E+01      9.0000E+01      1.0000E+00
      1.0000E+00      1.0000E+00      1.0000E+00      1.0000E+00      1.0000E+00      9.0000E+01      9.0000E+01      1.0000E+00
      1.0000E+00      1.0000E+00      1.0000E+00      1.0000E+00      1.0000E+00      9.0000E+01      9.0000E+01      1.0000E+00
      1.0000E+00      1.0000E+00      1.0000E+00      1.0000E+00      1.0000E+00      9.0000E+01      9.0000E+01      1.0000E+00
      1.0000E+00      1.0000E+00      1.0000E+00      1.0000E+00      1.0000E+00      9.0000E+01      9.0000E+01      1.0000E+00
      1.0000E+00      1.0000E+00      1.0000E+00      1.0000E+00      1.0000E+00      9.0000E+01      9.0000E+01      1.0000E+00
      1.0000E+00      1.0000E+00      1.0000E+00      1.0000E+00      1.0000E+00      9.0000E+01      9.0000E+01      1.0000E+00
      1.0000E+00      1.0000E+00      1.0000E+00      1.0000E+00      1.0000E+00      9.0000E+01      9.0000E+01      1.0000E+00
      1.0000E+00      1.0000E+00      1.0000E+00      1.0000E+00      1.0000E+00      9.0000E+01      9.0000E+01      1.0000E+00
      1.0000E+00      1.0000E+00      1.0000E+00      1.0000E+00      1.0000E+00      9.0000E+01      9.0000E+01      1.0000E+00
      1.0000E+00      1.0000E+00      1.0000E+00      1.0000E+00      1.0000E+00      8.9999E+01      9.0001E+01      1.0000E+00
      1.0000E+00      1.0000E+00      1.0000E+00      1.0000E+00      1.0000E+00      8.9999E+01      9.0001E+01      1.0000E+00
      1.0000E+00      1.0000E+00      1.0000E+00      1.0000E+00      1.0000E+00      9.0000E+01      9.0000E+01      1.0000E+00
      1.0000E+00      1.0000E+00      1.0000E+00      1.0000E+00      1.0000E+00      9.0000E+01      9.0000E+01      1.0000E+00
      1.0000E+00      1.0000E+00      1.0000E+00      1.0000E+00      1.0000E+00      9.0000E+01      9.0000E+01      1.0000E+00
      1.0000E+00      1.0000E+00      1.0000E+00      1.0000E+00      1.0000E+00      9.0000E+01      9.0000E+01      1.0000E+00
      1.0000E+00      1.0000E+00      1.0000E+00      1.0000E+00      1.0000E+00      9.0000E+01      9.0000E+01      1.0000E+00
      1.0000E+00      1.0000E+00      1.0000E+00      1.0000E+00      1.0000E+00      9.0000E+01      9.0000E+01      1.0000E+00
      1.0000E+00      1.0000E+00      1.0000E+00      1.0000E+00      1.0000E+00      8.9999E+01      9.0000E+01      1.0000E+00
      1.0000E+00      1.0000E+00      1.0000E+00      1.0000E+00      1.0000E+00      8.9996E+01      9.0003E+01      1.0000E+00
      1.0002E+00      1.0001E+00      1.0000E+00      1.0001E+00      1.0001E+00      8.9982E+01      9.0012E+01      1.0000E+00
      1.0008E+00      1.0003E+00      1.0000E+00      1.0005E+00      1.0004E+00      8.9932E+01      9.0046E+01      1.0000E+00
      1.0027E+00      1.0008E+00      1.0000E+00      1.0016E+00      1.0015E+00      8.9777E+01      9.0156E+01      1.0000E+00
      1.0080E+00      1.0022E+00      1.0001E+00      1.0045E+00      1.0049E+00      8.9361E+01      9.0467E+01      1.0000E+00
      1.0205E+00      1.0053E+00      1.0004E+00      1.0104E+00      1.0132E+00      8.8429E+01      9.1169E+01      1.0000E+00
      1.0435E+00      1.0117E+00      1.0017E+00      1.0202E+00      1.0286E+00      8.6718E+01      9.2549E+01      1.0000E+00
      1.0716E+00      1.0234E+00      1.0053E+00      1.0372E+00      1.0451E+00      8.4142E+01      9.5063E+01      1.0000E+00
      1.0359E+00      1.0280E+00      1.0105E+00      1.0582E+00      9.8803E-01      8.3938E+01      9.8146E+01      1.0000E+00
      5.8744E-01      1.3731E+00      1.3413E+00      1.5825E+00      3.3201E-01      6.6363E+01      1.3158E+02      1.0000E+00
      1.0848E+00      1.1933E+00      1.0449E+00      1.3200E+00      8.7875E-01      7.4752E+01      9.9172E+01      1.0000E+00
      6.9850E-01      1.3396E+00      1.2139E+00      1.5247E+00      4.6683E-01      6.6537E+01      1.2406E+02      1.0000E+00
      7.4620E-01      1.2593E+00      1.3887E+00      1.3470E+00      4.3373E-01      6.8533E+01      1.3393E+02      1.0000E+00
      1.0671E+00      1.0084E+00      1.0020E+00      1.0161E+00      1.0531E+00      8.6345E+01      9.3020E+01      1.0000E+00
      1.0460E+00      1.0063E+00      1.0014E+00      1.0125E+00      1.0353E+00      8.7023E+01      9.2494E+01      1.0000E+00
      1.0247E+00      1.0039E+00      1.0006E+00      1.0077E+00      1.0194E+00      8.8059E+01      9.1786E+01      1.0000E+00
      1.0141E+00      1.0013E+00      1.0002E+00      1.0026E+00      1.0131E+00      8.8973E+01      9.0986E+01      1.0000E+00
      1.0114E+00      1.0018E+00      1.0001E+00      1.0043E+00      1.0089E+00      8.9156E+01      9.0747E+01      1.0000E+00
      1.0080E+00      1.0018E+00      1.0001E+00      1.0039E+00      1.0050E+00      8.9366E+01      9.0488E+01      1.0000E+00
      1.0042E+00      1.0011E+00      1.0000E+00      1.0023E+00      1.0022E+00      8.9646E+01      9.0247E+01      1.0000E+00
      1.0017E+00      1.0005E+00      1.0000E+00      1.0009E+00      1.0008E+00      8.9853E+01      9.0097E+01      1.0000E+00
      1.0005E+00      1.0002E+00      1.0000E+00      1.0003E+00      1.0002E+00      8.9953E+01      9.0029E+01      1.0000E+00
      1.0001E+00      1.0000E+00      1.0000E+00      1.0001E+00      1.0000E+00      8.9988E+01      9.0007E+01      1.0000E+00
      1.0000E+00      1.0000E+00      1.0000E+00      1.0000E+00      1.0000E+00      8.9998E+01      9.0001E+01      1.0000E+00
      1.0000E+00      1.0000E+00      1.0000E+00      1.0000E+00      1.0000E+00      9.0000E+01      9.0000E+01      1.0000E+00
      1.0000E+00      1.0000E+00      1.0000E+00      1.0000E+00      1.0000E+00      9.0000E+01      9.0000E+01      1.0000E+00
      1.0000E+00      1.0000E+00      1.0000E+00      1.0000E+00      1.0000E+00      9.0000E+01      9.0000E+01      1.0000E+00
      1.0000E+00      1.0000E+00      1.0000E+00      1.0000E+00      1.0000E+00      9.0000E+01      9.0000E+01      1.0000E+00
      1.0000E+00      1.0000E+00      1.0000E+00      1.0000E+00      1.0000E+00      9.0000E+01      9.0000E+01      1.0000E+00
      1.0000E+00      1.0000E+00      1.0000E+00      1.0000E+00      1.0000E+00      9.0000E+01      9.0000E+01      1.0000E+00
      1.0000E+00      1.0000E+00      1.0000E+00      1.0000E+00      1.0000E+00      9.0000E+01      9.0000E+01      1.0000E+00
      1.0000E+00      1.0000E+00      1.0000E+00      1.0000E+00      1.0000E+00      9.0000E+01      9.0000E+01      1.0000E+00
      1.0000E+00      1.0000E+00      1.0000E+00      1.0000E+00      1.0000E+00      9.0000E+01      9.0000E+01      1.0000E+00
      1.0000E+00      1.0000E+00      1.0000E+00      1.0000E+00      1.0000E+00      9.0000E+01      9.0000E+01      1.0000E+00
      1.0000E+00      1.0000E+00      1.0000E+00      1.0000E+00      1.0000E+00      9.0000E+01      9.0000E+01      1.0000E+00
      1.0000E+00      1.0000E+00      1.0000E+00      1.0000E+00      1.0000E+00      9.0000E+01      9.0000E+01      1.0000E+00
      1.0000E+00      1.0000E+00      1.0000E+00      1.0000E+00      1.0000E+00      9.0000E+01      9.0000E+01      1.0000E+00
      1.0000E+00      1.0000E+00      1.0000E+00      1.0000E+00      1.0000E+00      9.0000E+01      9.0000E+01      1.0000E+00
      1.0000E+00      1.0000E+00      1.0000E+00      1.0000E+00      1.0000E+00      9.0000E+01      9.0000E+01      1.0000E+00
      1.0000E+00      1.0000E+00      1.0000E+00      1.0000E+00      1.0000E+00      9.0000E+01      9.0000E+01      1.0000E+00
      1.0000E+00      1.0000E+00      1.0000E+00      1.0000E+00      1.0000E+00      9.0000E+01      9.0000E+01      1.0000E+00
      1.0000E+00      1.0000E+00      1.0000E+00      1.0000E+00      1.0000E+00      9.0000E+01      9.0000E+01      1.0000E+00
      1.0000E+00      1.0000E+00      1.0000E+00      1.0000E+00      1.0000E+00      9.0000E+01      9.0000E+01      1.0000E+00
      1.0000E+00      1.0000E+00      1.0000E+00      1.0000E+00      1.0000E+00      9.0000E+01      9.0000E+01      1.0000E+00
      1.0000E+00      1.0000E+00      1.0000E+00      1.0000E+00      1.0000E+00      9.0000E+01      9.0000E+01      1.0000E+00
      1.0000E+00      1.0000E+00      1.0000E+00      1.0000E+00      1.0000E+00      8.9999E+01      9.0001E+01      1.0000E+00
      1.0000E+00      1.0000E+00      1.0000E+00      1.0000E+00      1.0000E+00      8.9998E+01      9.0001E+01      1.0000E+00
      1.0000E+00      1.0000E+00      1.0000E+00      1.0000E+00      1.0000E+00      8.9998E+01      9.0002E+01      1.0000E+00
      1.0000E+00      1.0000E+00      1.0000E+00      1.0001E+00      1.0000E+00      8.9999E+01      9.0002E+01      1.0000E+00
      1.0000E+00      1.0001E+00      1.0000E+00      1.0001E+00      1.0000E+00      8.9999E+01      9.0003E+01      1.0000E+00
      1.0001E+00      1.0001E+00      1.0000E+00      1.0001E+00      1.0001E+00      8.9998E+01      9.0001E+01      1.0000E+00
      1.0001E+00      1.0001E+00      1.0000E+00      1.0001E+00      1.0001E+00      8.9995E+01      9.0004E+01      1.0000E+00
      1.0001E+00      1.0000E+00      1.0000E+00      1.0001E+00      1.0000E+00      8.9996E+01      9.0004E+01      1.0000E+00
      1.0000E+00      1.0000E+00      1.0000E+00      1.0000E+00      1.0000E+00      8.9998E+01      9.0002E+01      1.0000E+00
      1.0000E+00      1.0000E+00      1.0000E+00      1.0000E+00      1.0000E+00      8.9999E+01      9.0001E+01      1.0000E+00
      1.0000E+00      1.0000E+00      1.0000E+00      1.0000E+00      1.0000E+00      9.0000E+01      9.0000E+01      1.0000E+00
      1.0000E+00      1.0000E+00      1.0000E+00      1.0000E+00      1.0000E+00      9.0000E+01      9.0000E+01      1.0000E+00
      1.0000E+00      1.0000E+00      1.0000E+00      1.0000E+00      1.0000E+00      9.0000E+01      9.0000E+01      1.0000E+00
      1.0000E+00      1.0000E+00      1.0000E+00      1.0000E+00      1.0000E+00      8.9999E+01      9.0000E+01      1.0000E+00
      1.0000E+00      1.0000E+00      1.0000E+00      1.0000E+00      1.0000E+00      8.9996E+01      9.0002E+01      1.0000E+00
      1.0002E+00      1.0001E+00      1.0000E+00      1.0001E+00      1.0001E+00      8.9985E+01      9.0010E+01      1.0000E+00
      1.0006E+00      1.0002E+00      1.0000E+00      1.0004E+00      1.0003E+00      8.9945E+01      9.0037E+01      1.0000E+00
      1.0019E+00      1.0006E+00      1.0000E+00      1.0011E+00      1.0011E+00      8.9838E+01      9.0116E+01      1.0000E+00
      1.0053E+00      1.0014E+00      1.0000E+00      1.0028E+00      1.0034E+00      8.9581E+01      9.0311E+01      1.0000E+00
      1.0132E+00      1.0030E+00      1.0002E+00      1.0064E+00      1.0093E+00      8.9005E+01      9.0806E+01      1.0000E+00
      1.0308E+00      1.0061E+00      1.0007E+00      1.0135E+00      1.0229E+00      8.7855E+01      9.1837E+01      1.0000E+00
      1.0683E+00      1.0135E+00      1.0029E+00      1.0283E+00      1.0504E+00      8.5688E+01      9.3624E+01      1.0000E+00
      1.1775E+00      1.0555E+00      1.0196E+00      1.0950E+00      1.0988E+00      7.8779E+01      9.7428E+01      1.0000E+00
      8.4156E-01      1.2665E+00      1.2827E+00      1.3909E+00      5.1833E-01      7.0198E+01      1.2876E+02      1.0000E+00
      9.0843E-01      1.1353E+00      1.0966E+00      1.2240E+00      7.0250E-01      7.7757E+01      1.1422E+02      1.0000E+00
      1.1852E+00      1.1359E+00      1.0183E+00      1.2202E+00      1.0612E+00      8.3423E+01      9.7157E+01      1.0000E+00
      7.6479E-01      1.2399E+00      1.3568E+00      1.3273E+00      4.5388E-01      6.9771E+01      1.3252E+02      1.0000E+00
      1.0543E+00      1.0090E+00      1.0022E+00      1.0233E+00      1.0399E+00      8.6193E+01      9.3500E+01      1.0000E+00
      1.0168E+00      1.0063E+00      1.0011E+00      1.0115E+00      1.0078E+00      8.7775E+01      9.2714E+01      1.0000E+00
      1.0127E+00      1.0092E+00      1.0005E+00      1.0150E+00      1.0032E+00      8.8217E+01      9.1428E+01      1.0000E+00
      1.0250E+00      1.0032E+00      1.0005E+00      1.0088E+00      1.0214E+00      8.8305E+01      9.1679E+01      1.0000E+00
      1.0216E+00      1.0043E+00      1.0004E+00      1.0096E+00      1.0141E+00      8.8377E+01      9.1281E+01      1.0000E+00
      1.0122E+00      1.0028E+00      1.0001E+00      1.0057E+00      1.0068E+00      8.9019E+01      9.0698E+01      1.0000E+00
      1.0051E+00      1.0014E+00      1.0000E+00      1.0027E+00      1.0025E+00      8.9567E+01      9.0290E+01      1.0000E+00
      1.0017E+00      1.0005E+00      1.0000E+00      1.0010E+00      1.0007E+00      8.9853E+01      9.0094E+01      1.0000E+00
      1.0004E+00      1.0001E+00      1.0000E+00      1.0003E+00      1.0002E+00      8.9961E+01      9.0025E+01      1.0000E+00
      1.0001E+00      1.0000E+00      1.0000E+00      1.0001E+00      1.0000E+00      8.9992E+01      9.0005E+01      1.0000E+00
      1.0000E+00      1.0000E+00      1.0000E+00      1.0000E+00      1.0000E+00      8.9999E+01      9.0001E+01      1.0000E+00
      1.0000E+00      1.0000E+00      1.0000E+00      1.0000E+00      1.0000E+00      9.0000E+01      9.0000E+01      1.0000E+00
      1.0000E+00      1.0000E+00      1.0000E+00      1.0000E+00      1.0000E+00      9.0000E+01      9.0000E+01      1.0000E+00
      1.0000E+00      1.0000E+00      1.0000E+00      1.0000E+00      1.0000E+00      9.0000E+01      9.0000E+01      1.0000E+00
      1.0000E+00      1.0000E+00      1.0000E+00      1.0000E+00      1.0000E+00      9.0000E+01      9.0000E+01      1.0000E+00
      1.0000E+00      1.0000E+00      1.0000E+00      1.0000E+00      1.0000E+00      9.0000E+01      9.0000E+01      1.0000E+00
      1.0000E+00      1.0000E+00      1.0000E+00      1.0000E+00      1.0000E+00      9.0000E+01      9.0000E+01      1.0000E+00
      1.0000E+00      1.0000E+00      1.0000E+00      1.0000E+00      1.0000E+00      9.0000E+01      9.0000E+01      1.0000E+00
      1.0000E+00      1.0000E+00      1.0000E+00      1.0000E+00      1.0000E+00      9.0000E+01      9.0000E+01      1.0000E+00
      1.0000E+00      1.0000E+00      1.0000E+00      1.0000E+00      1.0000E+00      9.0000E+01      9.0000E+01      1.0000E+00
      1.0000E+00      1.0000E+00      1.0000E+00      1.0000E+00      1.0000E+00      9.0000E+01      9.0000E+01      1.0000E+00
      1.0000E+00      1.0000E+00      1.0000E+00      1.0000E+00      1.0000E+00      9.0000E+01      9.0000E+01      1.0000E+00
      1.0000E+00      1.0000E+00      1.0000E+00      1.0000E+00      1.0000E+00      9.0000E+01      9.0000E+01      1.0000E+00
      1.0000E+00      1.0000E+00      1.0000E+00      1.0000E+00      1.0000E+00      9.0000E+01      9.0000E+01      1.0000E+00
      1.0000E+00      1.0000E+00      1.0000E+00      1.0000E+00      1.0000E+00      9.0000E+01      9.0000E+01      1.0000E+00
      1.0000E+00      1.0000E+00      1.0000E+00      1.0000E+00      1.0000E+00      9.0000E+01      9.0000E+01      1.0000E+00
      1.0000E+00      1.0000E+00      1.0000E+00      1.0000E+00      1.0000E+00      9.0000E+01      9.0000E+01      1.0000E+00
      1.0000E+00      1.0000E+00      1.0000E+00      1.0000E+00      1.0000E+00      9.0000E+01      9.0000E+01      1.0000E+00
      1.0000E+00      1.0000E+00      1.0000E+00      1.0000E+00      1.0000E+00      9.0000E+01      9.0000E+01      1.0000E+00
      1.0000E+00      1.0000E+00      1.0000E+00      1.0000E+00      1.0000E+00      8.9999E+01      9.0000E+01      1.0000E+00
      1.0000E+00      1.0000E+00      1.0000E+00      1.0000E+00      1.0000E+00      8.9998E+01      9.0001E+01      1.0000E+00
      1.0001E+00      1.0000E+00      1.0000E+00      1.0000E+00      1.0000E+00      8.9995E+01      9.0003E+01      1.0000E+00
      1.0001E+00      1.0000E+00      1.0000E+00      1.0001E+00      1.0001E+00      8.9990E+01      9.0007E+01      1.0000E+00
      1.0001E+00      1.0001E+00      1.0000E+00      1.0002E+00      1.0001E+00      8.9989E+01      9.0010E+01      1.0000E+00
      1.0001E+00      1.0002E+00      1.0000E+00      1.0004E+00      1.0000E+00      8.9992E+01      9.0013E+01      1.0000E+00
      1.0002E+00      1.0003E+00      1.0000E+00      1.0006E+00      1.0001E+00      8.9994E+01      9.0015E+01      1.0000E+00
      1.0004E+00      1.0003E+00      1.0000E+00      1.0006E+00      1.0004E+00      8.9988E+01      9.0008E+01      1.0000E+00
      1.0005E+00      1.0003E+00      1.0000E+00      1.0005E+00      1.0004E+00      8.9975E+01      9.0022E+01      1.0000E+00
      1.0003E+00      1.0002E+00      1.0000E+00      1.0003E+00      1.0002E+00      8.9977E+01      9.0019E+01      1.0000E+00
      1.0002E+00      1.0001E+00      1.0000E+00      1.0002E+00      1.0001E+00      8.9986E+01      9.0010E+01      1.0000E+00
      1.0001E+00      1.0000E+00      1.0000E+00      1.0001E+00      1.0000E+00      8.9994E+01      9.0004E+01      1.0000E+00
      1.0000E+00      1.0000E+00      1.0000E+00      1.0000E+00      1.0000E+00      8.9998E+01      9.0001E+01      1.0000E+00
      1.0000E+00      1.0000E+00      1.0000E+00      1.0000E+00      1.0000E+00      9.0000E+01      9.0000E+01      1.0000E+00
      1.0000E+00      1.0000E+00      1.0000E+00      1.0000E+00      1.0000E+00      9.0000E+01      9.0000E+01      1.0000E+00
      1.0000E+00      1.0000E+00      1.0000E+00      1.0000E+00      1.0000E+00      8.9997E+01      9.0002E+01      1.0000E+00
      1.0002E+00      1.0001E+00      1.0000E+00      1.0001E+00      1.0001E+00      8.9986E+01      9.0009E+01      1.0000E+00
      1.0006E+00      1.0002E+00      1.0000E+00      1.0004E+00      1.0003E+00      8.9947E+01      9.0035E+01      1.0000E+00
      1.0019E+00      1.0006E+00      1.0000E+00      1.0011E+00      1.0010E+00      8.9840E+01      9.0112E+01      1.0000E+00
      1.0047E+00      1.0013E+00      1.0000E+00      1.0024E+00      1.0028E+00      8.9621E+01      9.0288E+01      1.0000E+00
      1.0096E+00      1.0024E+00      1.0001E+00      1.0043E+00      1.0069E+00      8.9255E+01      9.0616E+01      1.0000E+00
      1.0178E+00      1.0037E+00      1.0003E+00      1.0072E+00      1.0147E+00      8.8650E+01      9.1192E+01      1.0000E+00
      1.0305E+00      1.0063E+00      1.0009E+00      1.0125E+00      1.0261E+00      8.7873E+01      9.2311E+01      1.0000E+00
      1.0281E+00      1.0326E+00      1.0022E+00      1.0516E+00      9.9680E-01      8.6702E+01      9.2681E+01      1.0000E+00
      9.7090E-01      1.1663E+00      1.0495E+00      1.3140E+00      8.0242E-01      7.7244E+01      1.0660E+02      1.0000E+00
      9.4195E-01      1.1421E+00      1.1170E+00      1.2479E+00      7.3502E-01      7.3993E+01      1.1614E+02      1.0000E+00
      1.0575E+00      1.0278E+00      1.0028E+00      1.0522E+00      1.0141E+00      8.5762E+01      9.2393E+01      1.0000E+00
      9.2826E-01      1.0496E+00      1.0052E+00      1.0962E+00      8.4737E-01      8.4208E+01      9.4206E+01      1.0000E+00
      7.2202E-01      1.2718E+00      1.3740E+00      1.3573E+00      4.2401E-01      6.7999E+01      1.3330E+02      1.0000E+00
      9.6292E-01      1.0260E+00      1.0030E+00      1.0427E+00      9.3399E-01      8.6581E+01      9.4412E+01      1.0000E+00
      9.9033E-01      1.0442E+00      1.0023E+00      1.0699E+00      9.4286E-01      8.6981E+01      9.2518E+01      1.0000E+00
      1.0599E+00      1.0097E+00      1.0023E+00      1.0250E+00      1.0493E+00      8.6292E+01      9.3647E+01      1.0000E+00
      1.0529E+00      1.0108E+00      1.0021E+00      1.0219E+00      1.0344E+00      8.6255E+01      9.2891E+01      1.0000E+00
      1.0293E+00      1.0068E+00      1.0008E+00      1.0125E+00      1.0174E+00      8.7775E+01      9.1585E+01      1.0000E+00
      1.0124E+00      1.0032E+00      1.0002E+00      1.0064E+00      1.0069E+00      8.9004E+01      9.0688E+01      1.0000E+00
      1.0042E+00      1.0012E+00      1.0000E+00      1.0025E+00      1.0022E+00      8.9646E+01      9.0241E+01      1.0000E+00
      1.0012E+00      1.0004E+00      1.0000E+00      1.0008E+00      1.0005E+00      8.9899E+01      9.0067E+01      1.0000E+00
      1.0003E+00      1.0001E+00      1.0000E+00      1.0002E+00      1.0001E+00      8.9977E+01      9.0015E+01      1.0000E+00
      1.0000E+00      1.0000E+00      1.0000E+00      1.0000E+00      1.0000E+00      8.9996E+01      9.0003E+01      1.0000E+00
      1.0000E+00      1.0000E+00      1.0000E+00      1.0000E+00      1.0000E+00      8.9999E+01      9.0000E+01      1.0000E+00
      1.0000E+00      1.0000E+00      1.0000E+00      1.0000E+00      1.0000E+00      9.0000E+01      9.0000E+01      1.0000E+00
      1.0000E+00      1.0000E+00      1.0000E+00      1.0000E+00      1.0000E+00      9.0000E+01      9.0000E+01      1.0000E+00
      1.0000E+00      1.0000E+00      1.0000E+00      1.0000E+00      1.0000E+00      9.0000E+01      9.0000E+01      1.0000E+00
      1.0000E+00      1.0000E+00      1.0000E+00      1.0000E+00      1.0000E+00      9.0000E+01      9.0000E+01      1.0000E+00
      1.0000E+00      1.0000E+00      1.0000E+00      1.0000E+00      1.0000E+00      9.0000E+01      9.0000E+01      1.0000E+00
      1.0000E+00      1.0000E+00      1.0000E+00      1.0000E+00      1.0000E+00      9.0000E+01      9.0000E+01      1.0000E+00
      1.0000E+00      1.0000E+00      1.0000E+00      1.0000E+00      1.0000E+00      9.0000E+01      9.0000E+01      1.0000E+00
      1.0000E+00      1.0000E+00      1.0000E+00      1.0000E+00      1.0000E+00      9.0000E+01      9.0000E+01      1.0000E+00
      1.0000E+00      1.0000E+00      1.0000E+00      1.0000E+00      1.0000E+00      9.0000E+01      9.0000E+01      1.0000E+00
      1.0000E+00      1.0000E+00      1.0000E+00      1.0000E+00      1.0000E+00      9.0000E+01      9.0000E+01      1.0000E+00
      1.0000E+00      1.0000E+00      1.0000E+00      1.0000E+00      1.0000E+00      9.0000E+01      9.0000E+01      1.0000E+00
      1.0000E+00      1.0000E+00      1.0000E+00      1.0000E+00      1.0000E+00      9.0000E+01      9.0000E+01      1.0000E+00
      1.0000E+00      1.0000E+00      1.0000E+00      1.0000E+00      1.0000E+00      9.0000E+01      9.0000E+01      1.0000E+00
      1.0000E+00      1.0000E+00      1.0000E+00      1.0000E+00      1.0000E+00      9.0000E+01      9.0000E+01      1.0000E+00
      1.0000E+00      1.0000E+00      1.0000E+00      1.0000E+00      1.0000E+00      9.0000E+01      9.0000E+01      1.0000E+00
      1.0000E+00      1.0000E+00      1.0000E+00      1.0000E+00      1.0000E+00      9.0000E+01      9.0000E+01      1.0000E+00
      1.0000E+00      1.0000E+00      1.0000E+00      1.0000E+00      1.0000E+00      8.9999E+01      9.0000E+01      1.0000E+00
      1.0000E+00      1.0000E+00      1.0000E+00      1.0000E+00      1.0000E+00      8.9997E+01      9.0002E+01      1.0000E+00
      1.0001E+00      1.0000E+00      1.0000E+00      1.0001E+00      1.0000E+00      8.9989E+01      9.0007E+01      1.0000E+00
      1.0003E+00      1.0001E+00      1.0000E+00      1.0002E+00      1.0001E+00      8.9973E+01      9.0018E+01      1.0000E+00
      1.0006E+00      1.0002E+00      1.0000E+00      1.0004E+00      1.0003E+00      8.9953E+01      9.0034E+01      1.0000E+00
      1.0006E+00      1.0004E+00      1.0000E+00      1.0007E+00      1.0005E+00      8.9950E+01      9.0047E+01      1.0000E+00
      1.0005E+00      1.0008E+00      1.0000E+00      1.0017E+00      1.0001E+00      8.9961E+01      9.0056E+01      1.0000E+00
      1.0009E+00      1.0015E+00      1.0000E+00      1.0028E+00      1.0001E+00      8.9971E+01      9.0069E+01      1.0000E+00
      1.0019E+00      1.0013E+00      1.0000E+00      1.0026E+00      1.0016E+00      8.9954E+01      9.0032E+01      1.0000E+00
      1.0021E+00      1.0013E+00      1.0000E+00      1.0022E+00      1.0016E+00      8.9894E+01      9.0095E+01      1.0000E+00
      1.0014E+00      1.0009E+00      1.0000E+00      1.0014E+00      1.0009E+00      8.9902E+01      9.0083E+01      1.0000E+00
      1.0007E+00      1.0004E+00      1.0000E+00      1.0007E+00      1.0004E+00      8.9940E+01      9.0046E+01      1.0000E+00
      1.0003E+00      1.0001E+00      1.0000E+00      1.0003E+00      1.0001E+00      8.9973E+01      9.0019E+01      1.0000E+00
      1.0001E+00      1.0000E+00      1.0000E+00      1.0001E+00      1.0000E+00      8.9991E+01      9.0006E+01      1.0000E+00
      1.0000E+00      1.0000E+00      1.0000E+00      1.0000E+00      1.0000E+00      8.9998E+01      9.0001E+01      1.0000E+00
      1.0000E+00      1.0000E+00      1.0000E+00      1.0000E+00      1.0000E+00      8.9999E+01      9.0001E+01      1.0000E+00
      1.0001E+00      1.0000E+00      1.0000E+00      1.0001E+00      1.0000E+00      8.9990E+01      9.0006E+01      1.0000E+00
      1.0005E+00      1.0002E+00      1.0000E+00      1.0003E+00      1.0002E+00      8.9956E+01      9.0028E+01      1.0000E+00
      1.0018E+00      1.0006E+00      1.0000E+00      1.0011E+00      1.0009E+00      8.9846E+01      9.0102E+01      1.0000E+00
      1.0051E+00      1.0015E+00      1.0000E+00      1.0028E+00      1.0028E+00      8.9583E+01      9.0296E+01      1.0000E+00
      1.0111E+00      1.0030E+00      1.0001E+00      1.0051E+00      1.0071E+00      8.9150E+01      9.0669E+01      1.0000E+00
      1.0178E+00      1.0045E+00      1.0003E+00      1.0066E+00      1.0138E+00      8.8690E+01      9.1201E+01      1.0000E+00
      1.0237E+00      1.0067E+00      1.0006E+00      1.0095E+00      1.0207E+00      8.8023E+01      9.1981E+01      1.0000E+00
      1.0478E+00      1.0217E+00      1.0045E+00      1.0353E+00      1.0258E+00      8.4652E+01      9.4338E+01      1.0000E+00
      1.0463E+00      1.0251E+00      1.0098E+00      1.0502E+00      1.0202E+00      8.2300E+01      9.7644E+01      1.0000E+00
      6.4145E-01      1.3352E+00      1.2620E+00      1.5405E+00      3.9263E-01      6.8106E+01      1.2729E+02      1.0000E+00
      1.0035E+00      1.0908E+00      1.0213E+00      1.1576E+00      9.1573E-01      8.0193E+01      1.0127E+02      1.0000E+00
      9.8737E-01      1.0172E+00      1.0027E+00      1.0307E+00      9.6399E-01      8.5845E+01      9.2881E+01      1.0000E+00
      8.7653E-01      1.0476E+00      1.0045E+00      1.0728E+00      8.3892E-01      8.5837E+01      9.5002E+01      1.0000E+00
      5.6675E-01      1.3363E+00      1.3864E+00      1.5419E+00      3.1673E-01      6.6033E+01      1.3348E+02      1.0000E+00
      9.3026E-01      1.1906E+00      1.0584E+00      1.3350E+00      7.5747E-01      7.5815E+01      1.0834E+02      1.0000E+00
      1.1770E+00      1.0529E+00      1.0174E+00      1.1007E+00      1.1122E+00      7.9458E+01      9.8035E+01      1.0000E+00
      1.1156E+00      1.0276E+00      1.0088E+00      1.0452E+00      1.0720E+00      8.2436E+01      9.5427E+01      1.0000E+00
      1.0557E+00      1.0134E+00      1.0023E+00      1.0257E+00      1.0356E+00      8.6097E+01      9.2884E+01      1.0000E+00
      1.0228E+00      1.0057E+00      1.0004E+00      1.0118E+00      1.0144E+00      8.8295E+01      9.1289E+01      1.0000E+00
      1.0080E+00      1.0022E+00      1.0001E+00      1.0046E+00      1.0048E+00      8.9369E+01      9.0471E+01      1.0000E+00
      1.0024E+00      1.0007E+00      1.0000E+00      1.0015E+00      1.0013E+00      8.9805E+01      9.0141E+01      1.0000E+00
      1.0006E+00      1.0002E+00      1.0000E+00      1.0004E+00      1.0003E+00      8.9950E+01      9.0034E+01      1.0000E+00
      1.0001E+00      1.0000E+00      1.0000E+00      1.0001E+00      1.0001E+00      8.9990E+01      9.0007E+01      1.0000E+00
      1.0000E+00      1.0000E+00      1.0000E+00      1.0000E+00      1.0000E+00      8.9998E+01      9.0001E+01      1.0000E+00
      1.0000E+00      1.0000E+00      1.0000E+00      1.0000E+00      1.0000E+00      9.0000E+01      9.0000E+01      1.0000E+00
      1.0000E+00      1.0000E+00      1.0000E+00      1.0000E+00      1.0000E+00      9.0000E+01      9.0000E+01      1.0000E+00
      1.0000E+00      1.0000E+00      1.0000E+00      1.0000E+00      1.0000E+00      9.0000E+01      9.0000E+01      1.0000E+00
      1.0000E+00      1.0000E+00      1.0000E+00      1.0000E+00      1.0000E+00      9.0000E+01      9.0000E+01      1.0000E+00
      1.0000E+00      1.0000E+00      1.0000E+00      1.0000E+00      1.0000E+00      9.0000E+01      9.0000E+01      1.0000E+00
      1.0000E+00      1.0000E+00      1.0000E+00      1.0000E+00      1.0000E+00      9.0000E+01      9.0000E+01      1.0000E+00
      1.0000E+00      1.0000E+00      1.0000E+00      1.0000E+00      1.0000E+00      9.0000E+01      9.0000E+01      1.0000E+00
      1.0000E+00      1.0000E+00      1.0000E+00      1.0000E+00      1.0000E+00      9.0000E+01      9.0000E+01      1.0000E+00
      1.0000E+00      1.0000E+00      1.0000E+00      1.0000E+00      1.0000E+00      9.0000E+01      9.0000E+01      1.0000E+00
      1.0000E+00      1.0000E+00      1.0000E+00      1.0000E+00      1.0000E+00      9.0000E+01      9.0000E+01      1.0000E+00
      1.0000E+00      1.0000E+00      1.0000E+00      1.0000E+00      1.0000E+00      9.0000E+01      9.0000E+01      1.0000E+00
      1.0000E+00      1.0000E+00      1.0000E+00      1.0000E+00      1.0000E+00      9.0000E+01      9.0000E+01      1.0000E+00
      1.0000E+00      1.0000E+00      1.0000E+00      1.0000E+00      1.0000E+00      9.0000E+01      9.0000E+01      1.0000E+00
      1.0000E+00      1.0000E+00      1.0000E+00      1.0000E+00      1.0000E+00      9.0000E+01      9.0000E+01      1.0000E+00
      1.0000E+00      1.0000E+00      1.0000E+00      1.0000E+00      1.0000E+00      9.0000E+01      9.0000E+01      1.0000E+00
      1.0000E+00      1.0000E+00      1.0000E+00      1.0000E+00      1.0000E+00      8.9999E+01      9.0001E+01      1.0000E+00
      1.0000E+00      1.0000E+00      1.0000E+00      1.0000E+00      1.0000E+00      8.9996E+01      9.0003E+01      1.0000E+00
      1.0002E+00      1.0001E+00      1.0000E+00      1.0001E+00      1.0001E+00      8.9983E+01      9.0010E+01      1.0000E+00
      1.0006E+00      1.0002E+00      1.0000E+00      1.0004E+00      1.0002E+00      8.9950E+01      9.0033E+01      1.0000E+00
      1.0013E+00      1.0004E+00      1.0000E+00      1.0009E+00      1.0007E+00      8.9885E+01      9.0079E+01      1.0000E+00
      1.0023E+00      1.0008E+00      1.0000E+00      1.0017E+00      1.0014E+00      8.9810E+01      9.0140E+01      1.0000E+00
      1.0025E+00      1.0014E+00      1.0000E+00      1.0026E+00      1.0020E+00      8.9808E+01      9.0179E+01      1.0000E+00
      1.0012E+00      1.0026E+00      1.0000E+00      1.0060E+00      9.9987E-01      8.9841E+01      9.0189E+01      1.0000E+00
      1.0027E+00      1.0053E+00      1.0001E+00      1.0102E+00      9.9964E-01      8.9867E+01      9.0282E+01      1.0000E+00
      1.0067E+00      1.0048E+00      1.0000E+00      1.0091E+00      1.0057E+00      8.9854E+01      9.0109E+01      1.0000E+00
      1.0073E+00      1.0045E+00      1.0000E+00      1.0079E+00      1.0055E+00      8.9608E+01      9.0349E+01      1.0000E+00
      1.0047E+00      1.0029E+00      1.0000E+00      1.0049E+00      1.0030E+00      8.9667E+01      9.0290E+01      1.0000E+00
      1.0026E+00      1.0014E+00      1.0000E+00      1.0024E+00      1.0014E+00      8.9790E+01      9.0167E+01      1.0000E+00
      1.0011E+00      1.0005E+00      1.0000E+00      1.0009E+00      1.0005E+00      8.9899E+01      9.0073E+01      1.0000E+00
      1.0004E+00      1.0002E+00      1.0000E+00      1.0003E+00      1.0002E+00      8.9964E+01      9.0025E+01      1.0000E+00
      1.0001E+00      1.0000E+00      1.0000E+00      1.0001E+00      1.0000E+00      8.9990E+01      9.0006E+01      1.0000E+00
      1.0001E+00      1.0000E+00      1.0000E+00      1.0000E+00      1.0000E+00      8.9997E+01      9.0002E+01      1.0000E+00
      1.0003E+00      1.0001E+00      1.0000E+00      1.0002E+00      1.0001E+00      8.9976E+01      9.0016E+01      1.0000E+00
      1.0012E+00      1.0004E+00      1.0000E+00      1.0008E+00      1.0006E+00      8.9897E+01      9.0070E+01      1.0000E+00
      1.0043E+00      1.0013E+00      1.0000E+00      1.0026E+00      1.0023E+00      8.9653E+01      9.0236E+01      1.0000E+00
      1.0118E+00      1.0033E+00      1.0001E+00      1.0064E+00      1.0069E+00      8.9092E+01      9.0641E+01      1.0000E+00
      1.0246E+00      1.0064E+00      1.0005E+00      1.0109E+00      1.0161E+00      8.8255E+01      9.1356E+01      1.0000E+00
      1.0326E+00      1.0068E+00      1.0006E+00      1.0094E+00      1.0276E+00      8.8005E+01      9.2010E+01      1.0000E+00
      1.0110E+00      1.0129E+00      1.0009E+00      1.0330E+00      9.8963E-01      8.7656E+01      9.1549E+01      1.0000E+00
      1.0817E+00      1.0558E+00      1.0137E+00      1.1097E+00      1.0276E+00      8.0830E+01      9.6776E+01      1.0000E+00
      7.6379E-01      1.2511E+00      1.3645E+00      1.3892E+00      4.3349E-01      7.0755E+01      1.3284E+02      1.0000E+00
      1.0184E+00      1.1132E+00      1.0248E+00      1.1892E+00      9.2310E-01      7.8962E+01      1.0175E+02      1.0000E+00
      1.0152E+00      1.0408E+00      1.0021E+00      1.0653E+00      9.8039E-01      8.7325E+01      9.2376E+01      1.0000E+00
      1.0261E+00      1.0866E+00      1.0211E+00      1.1747E+00      9.3516E-01      7.8986E+01      9.9950E+01      1.0000E+00
      8.6475E-01      1.2461E+00      1.3334E+00      1.3769E+00      4.9548E-01      7.2462E+01      1.3141E+02      1.0000E+00
      1.1918E+00      1.0591E+00      1.0193E+00      1.1071E+00      1.1216E+00      7.8942E+01      9.8022E+01      1.0000E+00
      1.0717E+00      1.0157E+00      1.0029E+00      1.0347E+00      1.0553E+00      8.5682E+01      9.3844E+01      1.0000E+00
      1.0288E+00      1.0058E+00      1.0006E+00      1.0140E+00      1.0227E+00      8.8084E+01      9.1755E+01      1.0000E+00
      1.0110E+00      1.0025E+00      1.0001E+00      1.0059E+00      1.0082E+00      8.9200E+01      9.0698E+01      1.0000E+00
      1.0037E+00      1.0010E+00      1.0000E+00      1.0022E+00      1.0025E+00      8.9714E+01      9.0232E+01      1.0000E+00
      1.0010E+00      1.0003E+00      1.0000E+00      1.0007E+00      1.0006E+00      8.9916E+01      9.0064E+01      1.0000E+00
      1.0002E+00      1.0001E+00      1.0000E+00      1.0002E+00      1.0001E+00      8.9980E+01      9.0014E+01      1.0000E+00
      1.0000E+00      1.0000E+00      1.0000E+00      1.0000E+00      1.0000E+00      8.9996E+01      9.0003E+01      1.0000E+00
      1.0000E+00      1.0000E+00      1.0000E+00      1.0000E+00      1.0000E+00      8.9999E+01      9.0000E+01      1.0000E+00
      1.0000E+00      1.0000E+00      1.0000E+00      1.0000E+00      1.0000E+00      9.0000E+01      9.0000E+01      1.0000E+00
      1.0000E+00      1.0000E+00      1.0000E+00      1.0000E+00      1.0000E+00      9.0000E+01      9.0000E+01      1.0000E+00
      1.0000E+00      1.0000E+00      1.0000E+00      1.0000E+00      1.0000E+00      9.0000E+01      9.0000E+01      1.0000E+00
      1.0000E+00      1.0000E+00      1.0000E+00      1.0000E+00      1.0000E+00      9.0000E+01      9.0000E+01      1.0000E+00
      1.0000E+00      1.0000E+00      1.0000E+00      1.0000E+00      1.0000E+00      9.0000E+01      9.0000E+01      1.0000E+00
      1.0000E+00      1.0000E+00      1.0000E+00      1.0000E+00      1.0000E+00      9.0000E+01      9.0000E+01      1.0000E+00
      1.0000E+00      1.0000E+00      1.0000E+00      1.0000E+00      1.0000E+00      9.0000E+01      9.0000E+01      1.0000E+00
      1.0000E+00      1.0000E+00      1.0000E+00      1.0000E+00      1.0000E+00      9.0000E+01      9.0000E+01      1.0000E+00
      1.0000E+00      1.0000E+00      1.0000E+00      1.0000E+00      1.0000E+00      9.0000E+01      9.0000E+01      1.0000E+00
      1.0000E+00      1.0000E+00      1.0000E+00      1.0000E+00      1.0000E+00      9.0000E+01      9.0000E+01      1.0000E+00
      1.0000E+00      1.0000E+00      1.0000E+00      1.0000E+00      1.0000E+00      9.0000E+01      9.0000E+01      1.0000E+00
      1.0000E+00      1.0000E+00      1.0000E+00      1.0000E+00      1.0000E+00      9.0000E+01      9.0000E+01      1.0000E+00
      1.0000E+00      1.0000E+00      1.0000E+00      1.0000E+00      1.0000E+00      9.0000E+01      9.0000E+01      1.0000E+00
      1.0000E+00      1.0000E+00      1.0000E+00      1.0000E+00      1.0000E+00      8.9999E+01      9.0000E+01      1.0000E+00
      1.0000E+00      1.0000E+00      1.0000E+00      1.0000E+00      1.0000E+00      8.9996E+01      9.0003E+01      1.0000E+00
      1.0002E+00      1.0001E+00      1.0000E+00      1.0001E+00      1.0001E+00      8.9981E+01      9.0012E+01      1.0000E+00
      1.0007E+00      1.0002E+00      1.0000E+00      1.0005E+00      1.0003E+00      8.9933E+01      9.0042E+01      1.0000E+00
      1.0021E+00      1.0006E+00      1.0000E+00      1.0012E+00      1.0010E+00      8.9818E+01      9.0121E+01      1.0000E+00
      1.0047E+00      1.0013E+00      1.0000E+00      1.0027E+00      1.0026E+00      8.9613E+01      9.0273E+01      1.0000E+00
      1.0078E+00      1.0025E+00      1.0001E+00      1.0051E+00      1.0049E+00      8.9376E+01      9.0472E+01      1.0000E+00
      1.0082E+00      1.0041E+00      1.0001E+00      1.0078E+00      1.0066E+00      8.9358E+01      9.0562E+01      1.0000E+00
      1.0010E+00      1.0077E+00      1.0002E+00      1.0183E+00      9.9662E-01      8.9462E+01      9.0455E+01      1.0000E+00
      1.0049E+00      1.0165E+00      1.0005E+00      1.0311E+00      9.9454E-01      8.9426E+01      9.1053E+01      1.0000E+00
      1.0200E+00      1.0141E+00      1.0003E+00      1.0261E+00      1.0170E+00      8.9655E+01      9.0295E+01      1.0000E+00
      1.0213E+00      1.0135E+00      1.0004E+00      1.0231E+00      1.0147E+00      8.8732E+01      9.1118E+01      1.0000E+00
      1.0122E+00      1.0076E+00      1.0002E+00      1.0126E+00      1.0083E+00      8.9119E+01      9.0810E+01      1.0000E+00
      1.0071E+00      1.0036E+00      1.0001E+00      1.0061E+00      1.0042E+00      8.9416E+01      9.0479E+01      1.0000E+00
      1.0035E+00      1.0014E+00      1.0000E+00      1.0025E+00      1.0018E+00      8.9698E+01      9.0225E+01      1.0000E+00
      1.0013E+00      1.0005E+00      1.0000E+00      1.0009E+00      1.0006E+00      8.9883E+01      9.0082E+01      1.0000E+00
      1.0004E+00      1.0001E+00      1.0000E+00      1.0002E+00      1.0002E+00      8.9966E+01      9.0022E+01      1.0000E+00
      1.0002E+00      1.0001E+00      1.0000E+00      1.0001E+00      1.0001E+00      8.9998E+01      9.0003E+01      1.0000E+00
      1.0005E+00      1.0002E+00      1.0000E+00      1.0003E+00      1.0003E+00      8.9963E+01      9.0028E+01      1.0000E+00
      1.0020E+00      1.0006E+00      1.0000E+00      1.0014E+00      1.0013E+00      8.9840E+01      9.0122E+01      1.0000E+00
      1.0073E+00      1.0022E+00      1.0000E+00      1.0046E+00      1.0046E+00      8.9450E+01      9.0413E+01      1.0000E+00
      1.0214E+00      1.0063E+00      1.0004E+00      1.0126E+00      1.0134E+00      8.8449E+01      9.1126E+01      1.0000E+00
      1.0508E+00      1.0144E+00      1.0019E+00      1.0263E+00      1.0312E+00      8.6509E+01      9.2475E+01      1.0000E+00
      1.0794E+00      1.0189E+00      1.0036E+00      1.0339E+00      1.0546E+00      8.5190E+01      9.4045E+01      1.0000E+00
      9.0024E-01      1.1116E+00      1.0431E+00      1.2121E+00      7.4982E-01      8.0970E+01      1.0634E+02      1.0000E+00
      8.1452E-01      1.2269E+00      1.0657E+00      1.3674E+00      6.8411E-01      7.3181E+01      1.0729E+02      1.0000E+00
      1.0142E+00      1.1172E+00      1.0309E+00      1.1969E+00      9.1396E-01      7.7507E+01      1.0340E+02      1.0000E+00
      1.0230E+00      1.0368E+00      1.0017E+00      1.0641E+00      9.8173E-01      8.8139E+01      9.2789E+01      1.0000E+00
      1.0597E+00      1.0683E+00      1.0175E+00      1.1565E+00      9.6247E-01      7.9599E+01      9.7917E+01      1.0000E+00
      6.4580E-01      1.3862E+00      1.2110E+00      1.5020E+00      4.5334E-01      6.3511E+01      1.2413E+02      1.0000E+00
      9.6474E-01      1.1816E+00      1.0514E+00      1.3170E+00      7.9202E-01      7.6832E+01      1.0736E+02      1.0000E+00
      1.0212E+00      1.0399E+00      1.0023E+00      1.0600E+00      9.8872E-01      8.7067E+01      9.2237E+01      1.0000E+00
      1.0191E+00      1.0106E+00      1.0005E+00      1.0156E+00      1.0138E+00      8.8409E+01      9.1608E+01      1.0000E+00
      1.0108E+00      1.0026E+00      1.0001E+00      1.0057E+00      1.0092E+00      8.9245E+01      9.0811E+01      1.0000E+00
      1.0047E+00      1.0011E+00      1.0000E+00      1.0026E+00      1.0037E+00      8.9640E+01      9.0324E+01      1.0000E+00
      1.0016E+00      1.0005E+00      1.0000E+00      1.0010E+00      1.0011E+00      8.9870E+01      9.0104E+01      1.0000E+00
      1.0004E+00      1.0002E+00      1.0000E+00      1.0003E+00      1.0003E+00      8.9963E+01      9.0027E+01      1.0000E+00
      1.0001E+00      1.0000E+00      1.0000E+00      1.0001E+00      1.0000E+00      8.9992E+01      9.0006E+01      1.0000E+00
      1.0000E+00      1.0000E+00      1.0000E+00      1.0000E+00      1.0000E+00      8.9999E+01      9.0001E+01      1.0000E+00
      1.0000E+00      1.0000E+00      1.0000E+00      1.0000E+00      1.0000E+00      9.0000E+01      9.0000E+01      1.0000E+00
      1.0000E+00      1.0000E+00      1.0000E+00      1.0000E+00      1.0000E+00      9.0000E+01      9.0000E+01      1.0000E+00
      1.0000E+00      1.0000E+00      1.0000E+00      1.0000E+00      1.0000E+00      9.0000E+01      9.0000E+01      1.0000E+00
      1.0000E+00      1.0000E+00      1.0000E+00      1.0000E+00      1.0000E+00      9.0000E+01      9.0000E+01      1.0000E+00
      1.0000E+00      1.0000E+00      1.0000E+00      1.0000E+00      1.0000E+00      9.0000E+01      9.0000E+01      1.0000E+00
      1.0000E+00      1.0000E+00      1.0000E+00      1.0000E+00      1.0000E+00      9.0000E+01      9.0000E+01      1.0000E+00
      1.0000E+00      1.0000E+00      1.0000E+00      1.0000E+00      1.0000E+00      9.0000E+01      9.0000E+01      1.0000E+00
      1.0000E+00      1.0000E+00      1.0000E+00      1.0000E+00      1.0000E+00      9.0000E+01      9.0000E+01      1.0000E+00
      1.0000E+00      1.0000E+00      1.0000E+00      1.0000E+00      1.0000E+00      9.0000E+01      9.0000E+01      1.0000E+00
      1.0000E+00      1.0000E+00      1.0000E+00      1.0000E+00      1.0000E+00      9.0000E+01      9.0000E+01      1.0000E+00
      1.0000E+00      1.0000E+00      1.0000E+00      1.0000E+00      1.0000E+00      9.0000E+01      9.0000E+01      1.0000E+00
      1.0000E+00      1.0000E+00      1.0000E+00      1.0000E+00      1.0000E+00      9.0000E+01      9.0000E+01      1.0000E+00
      1.0000E+00      1.0000E+00      1.0000E+00      1.0000E+00      1.0000E+00      8.9999E+01      9.0000E+01      1.0000E+00
      1.0000E+00      1.0000E+00      1.0000E+00      1.0000E+00      1.0000E+00      8.9996E+01      9.0002E+01      1.0000E+00
      1.0002E+00      1.0001E+00      1.0000E+00      1.0001E+00      1.0001E+00      8.9983E+01      9.0011E+01      1.0000E+00
      1.0008E+00      1.0002E+00      1.0000E+00      1.0005E+00      1.0003E+00      8.9931E+01      9.0044E+01      1.0000E+00
      1.0025E+00      1.0007E+00      1.0000E+00      1.0014E+00      1.0012E+00      8.9788E+01      9.0140E+01      1.0000E+00
      1.0064E+00      1.0017E+00      1.0000E+00      1.0033E+00      1.0035E+00      8.9481E+01      9.0355E+01      1.0000E+00
      1.0132E+00      1.0033E+00      1.0002E+00      1.0066E+00      1.0080E+00      8.8981E+01      9.0740E+01      1.0000E+00
      1.0218E+00      1.0060E+00      1.0004E+00      1.0123E+00      1.0142E+00      8.8343E+01      9.1273E+01      1.0000E+00
      1.0253E+00      1.0102E+00      1.0007E+00      1.0209E+00      1.0183E+00      8.8005E+01      9.1672E+01      1.0000E+00
      9.9153E-01      1.0272E+00      1.0015E+00      1.0562E+00      9.7096E-01      8.8516E+01      9.0890E+01      1.0000E+00
      9.9933E-01      1.0466E+00      1.0041E+00      1.0837E+00      9.6554E-01      8.7574E+01      9.3807E+01      1.0000E+00
      1.0539E+00      1.0363E+00      1.0021E+00      1.0655E+00      1.0435E+00      8.9468E+01      9.0684E+01      1.0000E+00
      1.0527E+00      1.0373E+00      1.0034E+00      1.0594E+00      1.0289E+00      8.6097E+01      9.3408E+01      1.0000E+00
      1.0217E+00      1.0144E+00      1.0007E+00      1.0236E+00      1.0159E+00      8.8372E+01      9.1691E+01      1.0000E+00
      1.0156E+00      1.0069E+00      1.0003E+00      1.0117E+00      1.0099E+00      8.8702E+01      9.1083E+01      1.0000E+00
      1.0083E+00      1.0028E+00      1.0001E+00      1.0050E+00      1.0046E+00      8.9281E+01      9.0541E+01      1.0000E+00
      1.0033E+00      1.0010E+00      1.0000E+00      1.0018E+00      1.0017E+00      8.9710E+01      9.0207E+01      1.0000E+00
      1.0010E+00      1.0003E+00      1.0000E+00      1.0006E+00      1.0005E+00      8.9912E+01      9.0061E+01      1.0000E+00
      1.0003E+00      1.0001E+00      1.0000E+00      1.0002E+00      1.0002E+00      8.9984E+01      9.0009E+01      1.0000E+00
      1.0004E+00      1.0002E+00      1.0000E+00      1.0004E+00      1.0004E+00      8.9976E+01      9.0024E+01      1.0000E+00
      1.0017E+00      1.0008E+00      1.0000E+00      1.0016E+00      1.0016E+00      8.9891E+01      9.0114E+01      1.0000E+00
      1.0064E+00      1.0026E+00      1.0000E+00      1.0057E+00      1.0058E+00      8.9594E+01      9.0415E+01      1.0000E+00
      1.0227E+00      1.0080E+00      1.0004E+00      1.0181E+00      1.0179E+00      8.8539E+01      9.1335E+01      1.0000E+00
      1.0835E+00      1.0292E+00      1.0050E+00      1.0610E+00      1.0476E+00      8.4357E+01      9.4093E+01      1.0000E+00
      8.9091E-01      1.1368E+00      1.1042E+00      1.2358E+00      6.7150E-01      7.8846E+01      1.1509E+02      1.0000E+00
      9.6768E-01      1.0751E+00      1.0113E+00      1.1302E+00      8.8652E-01      8.3988E+01      9.8427E+01      1.0000E+00
      9.8810E-01      1.0093E+00      1.0003E+00      1.0184E+00      9.7909E-01      8.9301E+01      9.1205E+01      1.0000E+00
      9.2914E-01      1.0415E+00      1.0038E+00      1.0897E+00      9.0764E-01      8.8511E+01      9.2532E+01      1.0000E+00
      7.3277E-01      1.1587E+00      1.0309E+00      1.2632E+00      6.8821E-01      8.5283E+01      9.5306E+01      1.0000E+00
      6.1221E-01      1.3563E+00      1.3876E+00      1.5824E+00      3.4184E-01      6.5101E+01      1.3339E+02      1.0000E+00
      1.0343E+00      1.0410E+00      1.0077E+00      1.0588E+00      1.0012E+00      8.3257E+01      9.6330E+01      1.0000E+00
      1.0151E+00      1.0050E+00      1.0006E+00      1.0080E+00      1.0136E+00      8.8132E+01      9.1838E+01      1.0000E+00
      1.0104E+00      1.0019E+00      1.0001E+00      1.0043E+00      1.0096E+00      8.9073E+01      9.0934E+01      1.0000E+00
      1.0059E+00      1.0014E+00      1.0000E+00      1.0031E+00      1.0047E+00      8.9517E+01      9.0435E+01      1.0000E+00
      1.0025E+00      1.0008E+00      1.0000E+00      1.0016E+00      1.0017E+00      8.9797E+01      9.0163E+01      1.0000E+00
      1.0008E+00      1.0003E+00      1.0000E+00      1.0006E+00      1.0005E+00      8.9934E+01      9.0049E+01      1.0000E+00
      1.0002E+00      1.0001E+00      1.0000E+00      1.0002E+00      1.0001E+00      8.9983E+01      9.0012E+01      1.0000E+00
      1.0000E+00      1.0000E+00      1.0000E+00      1.0000E+00      1.0000E+00      8.9997E+01      9.0002E+01      1.0000E+00
      1.0000E+00      1.0000E+00      1.0000E+00      1.0000E+00      1.0000E+00      8.9999E+01      9.0000E+01      1.0000E+00
      1.0000E+00      1.0000E+00      1.0000E+00      1.0000E+00      1.0000E+00      9.0000E+01      9.0000E+01      1.0000E+00
      1.0000E+00      1.0000E+00      1.0000E+00      1.0000E+00      1.0000E+00      9.0000E+01      9.0000E+01      1.0000E+00
      1.0000E+00      1.0000E+00      1.0000E+00      1.0000E+00      1.0000E+00      9.0000E+01      9.0000E+01      1.0000E+00
      1.0000E+00      1.0000E+00      1.0000E+00      1.0000E+00      1.0000E+00      9.0000E+01      9.0000E+01      1.0000E+00
      1.0000E+00      1.0000E+00      1.0000E+00      1.0000E+00      1.0000E+00      9.0000E+01      9.0000E+01      1.0000E+00
      1.0000E+00      1.0000E+00      1.0000E+00      1.0000E+00      1.0000E+00      9.0000E+01      9.0000E+01      1.0000E+00
      1.0000E+00      1.0000E+00      1.0000E+00      1.0000E+00      1.0000E+00      9.0000E+01      9.0000E+01      1.0000E+00
      1.0000E+00      1.0000E+00      1.0000E+00      1.0000E+00      1.0000E+00      9.0000E+01      9.0000E+01      1.0000E+00
      1.0000E+00      1.0000E+00      1.0000E+00      1.0000E+00      1.0000E+00      9.0000E+01      9.0000E+01      1.0000E+00
      1.0000E+00      1.0000E+00      1.0000E+00      1.0000E+00      1.0000E+00      9.0000E+01      9.0000E+01      1.0000E+00
      1.0000E+00      1.0000E+00      1.0000E+00      1.0000E+00      1.0000E+00      9.0000E+01      9.0000E+01      1.0000E+00
      1.0000E+00      1.0000E+00      1.0000E+00      1.0000E+00      1.0000E+00      8.9998E+01      9.0001E+01      1.0000E+00
      1.0001E+00      1.0000E+00      1.0000E+00      1.0001E+00      1.0000E+00      8.9988E+01      9.0008E+01      1.0000E+00
      1.0006E+00      1.0002E+00      1.0000E+00      1.0004E+00      1.0003E+00      8.9945E+01      9.0036E+01      1.0000E+00
      1.0023E+00      1.0006E+00      1.0000E+00      1.0013E+00      1.0011E+00      8.9807E+01      9.0132E+01      1.0000E+00
      1.0066E+00      1.0017E+00      1.0000E+00      1.0033E+00      1.0036E+00      8.9462E+01      9.0378E+01      1.0000E+00
      1.0155E+00      1.0036E+00      1.0002E+00      1.0068E+00      1.0095E+00      8.8829E+01      9.0846E+01      1.0000E+00
      1.0292E+00      1.0061E+00      1.0006E+00      1.0117E+00      1.0199E+00      8.7961E+01      9.1534E+01      1.0000E+00
      1.0485E+00      1.0111E+00      1.0017E+00      1.0216E+00      1.0332E+00      8.6632E+01      9.2609E+01      1.0000E+00
      1.0830E+00      1.0305E+00      1.0067E+00      1.0598E+00      1.0442E+00      8.3431E+01      9.4776E+01      1.0000E+00
      9.4403E-01      1.1044E+00      1.0161E+00      1.1718E+00      8.5314E-01      8.5229E+01      9.8196E+01      1.0000E+00
      9.5017E-01      1.1389E+00      1.0349E+00      1.2029E+00      8.3686E-01      7.9356E+01      1.0455E+02      1.0000E+00
      1.1501E+00      1.0861E+00      1.0113E+00      1.1617E+00      1.1028E+00      8.6708E+01      9.1787E+01      1.0000E+00
      1.1185E+00      1.1061E+00      1.0278E+00      1.1472E+00      1.0271E+00      7.7593E+01      1.0076E+02      1.0000E+00
      1.0092E+00      1.0199E+00      1.0014E+00      1.0452E+00      9.9325E-01      8.7746E+01      9.1661E+01      1.0000E+00
      1.0295E+00      1.0098E+00      1.0010E+00      1.0173E+00      1.0183E+00      8.7443E+01      9.2012E+01      1.0000E+00
      1.0160E+00      1.0037E+00      1.0003E+00      1.0075E+00      1.0093E+00      8.8629E+01      9.1031E+01      1.0000E+00
      1.0062E+00      1.0016E+00      1.0000E+00      1.0035E+00      1.0036E+00      8.9471E+01      9.0395E+01      1.0000E+00
      1.0019E+00      1.0006E+00      1.0000E+00      1.0012E+00      1.0011E+00      8.9838E+01      9.0120E+01      1.0000E+00
      1.0004E+00      1.0002E+00      1.0000E+00      1.0005E+00      1.0002E+00      8.9960E+01      9.0032E+01      1.0000E+00
      9.9998E-01      1.0004E+00      1.0000E+00      1.0010E+00      9.9961E-01      8.9980E+01      9.0022E+01      1.0000E+00
      9.9931E-01      1.0019E+00      1.0000E+00      1.0043E+00      9.9768E-01      8.9899E+01      9.0086E+01      1.0000E+00
      9.9623E-01      1.0076E+00      1.0001E+00      1.0161E+00      9.8955E-01      8.9659E+01      9.0427E+01      1.0000E+00
      9.8251E-01      1.0285E+00      1.0015E+00      1.0549E+00      9.5643E-01      8.9066E+01      9.2116E+01      1.0000E+00
      9.3076E-01      1.1132E+00      1.0211E+00      1.1757E+00      8.2827E-01      8.2853E+01      1.0103E+02      1.0000E+00
      6.1604E-01      1.0911E+00      1.0403E+00      1.2260E+00      5.2490E-01      8.1879E+01      1.0455E+02      1.0000E+00
      8.4082E-01      1.1836E+00      1.0560E+00      1.2614E+00      6.9677E-01      7.6456E+01      1.0873E+02      1.0000E+00
      1.0766E+00      1.0368E+00      1.0072E+00      1.0758E+00      1.0278E+00      8.3214E+01      9.4569E+01      1.0000E+00
      1.0149E+00      1.0227E+00      1.0012E+00      1.0382E+00      1.0067E+00      8.8088E+01      9.1839E+01      1.0000E+00
      9.2806E-01      1.0542E+00      1.0049E+00      1.1022E+00      9.0783E-01      8.8963E+01      9.1851E+01      1.0000E+00
      7.0559E-01      1.1840E+00      1.0507E+00      1.3373E+00      6.3345E-01      8.2849E+01      1.0084E+02      1.0000E+00
      8.9401E-01      1.1284E+00      1.0634E+00      1.2809E+00      7.4612E-01      7.6125E+01      1.0817E+02      1.0000E+00
      9.8360E-01      1.0209E+00      1.0008E+00      1.0446E+00      9.5505E-01      8.8734E+01      9.2086E+01      1.0000E+00
      1.0040E+00      1.0050E+00      1.0001E+00      1.0081E+00      9.9892E-01      8.9101E+01      9.0780E+01      1.0000E+00
      1.0060E+00      1.0013E+00      1.0000E+00      1.0028E+00      1.0055E+00      8.9508E+01      9.0506E+01      1.0000E+00
      1.0035E+00      1.0011E+00      1.0000E+00      1.0023E+00      1.0026E+00      8.9720E+01      9.0231E+01      1.0000E+00
      1.0013E+00      1.0005E+00      1.0000E+00      1.0010E+00      1.0009E+00      8.9891E+01      9.0084E+01      1.0000E+00
      1.0004E+00      1.0002E+00      1.0000E+00      1.0003E+00      1.0002E+00      8.9969E+01      9.0023E+01      1.0000E+00
      1.0001E+00      1.0000E+00      1.0000E+00      1.0001E+00      1.0000E+00      8.9993E+01      9.0005E+01      1.0000E+00
      1.0000E+00      1.0000E+00      1.0000E+00      1.0000E+00      1.0000E+00      8.9999E+01      9.0001E+01      1.0000E+00
      1.0000E+00      1.0000E+00      1.0000E+00      1.0000E+00      1.0000E+00      9.0000E+01      9.0000E+01      1.0000E+00
      1.0000E+00      1.0000E+00      1.0000E+00      1.0000E+00      1.0000E+00      9.0000E+01      9.0000E+01      1.0000E+00
      1.0000E+00      1.0000E+00      1.0000E+00      1.0000E+00      1.0000E+00      9.0000E+01      9.0000E+01      1.0000E+00
      1.0000E+00      1.0000E+00      1.0000E+00      1.0000E+00      1.0000E+00      9.0000E+01      9.0000E+01      1.0000E+00
      1.0000E+00      1.0000E+00      1.0000E+00      1.0000E+00      1.0000E+00      9.0000E+01      9.0000E+01      1.0000E+00
      1.0000E+00      1.0000E+00      1.0000E+00      1.0000E+00      1.0000E+00      9.0000E+01      9.0000E+01      1.0000E+00
      1.0000E+00      1.0000E+00      1.0000E+00      1.0000E+00      1.0000E+00      9.0000E+01      9.0000E+01      1.0000E+00
      1.0000E+00      1.0000E+00      1.0000E+00      1.0000E+00      1.0000E+00      9.0000E+01      9.0000E+01      1.0000E+00
      1.0000E+00      1.0000E+00      1.0000E+00      1.0000E+00      1.0000E+00      9.0000E+01      9.0000E+01      1.0000E+00
      1.0000E+00      1.0000E+00      1.0000E+00      1.0000E+00      1.0000E+00      9.0000E+01      9.0000E+01      1.0000E+00
      1.0000E+00      1.0000E+00      1.0000E+00      1.0000E+00      1.0000E+00      8.9999E+01      9.0001E+01      1.0000E+00
      1.0001E+00      1.0000E+00      1.0000E+00      1.0000E+00      1.0000E+00      8.9993E+01      9.0004E+01      1.0000E+00
      1.0004E+00      1.0001E+00      1.0000E+00      1.0002E+00      1.0002E+00      8.9967E+01      9.0023E+01      1.0000E+00
      1.0015E+00      1.0004E+00      1.0000E+00      1.0009E+00      1.0008E+00      8.9868E+01      9.0095E+01      1.0000E+00
      1.0052E+00      1.0014E+00      1.0000E+00      1.0028E+00      1.0029E+00      8.9570E+01      9.0317E+01      1.0000E+00
      1.0144E+00      1.0035E+00      1.0002E+00      1.0067E+00      1.0086E+00      8.8896E+01      9.0833E+01      1.0000E+00
      1.0311E+00      1.0070E+00      1.0007E+00      1.0119E+00      1.0209E+00      8.7834E+01      9.1675E+01      1.0000E+00
      1.0502E+00      1.0085E+00      1.0013E+00      1.0145E+00      1.0403E+00      8.7062E+01      9.2444E+01      1.0000E+00
      1.0656E+00      1.0046E+00      1.0015E+00      1.0063E+00      1.0626E+00      8.6893E+01      9.2961E+01      1.0000E+00
      8.6923E-01      1.1478E+00      1.1050E+00      1.2502E+00      6.4769E-01      7.8882E+01      1.1518E+02      1.0000E+00
      7.1384E-01      1.2847E+00      1.1055E+00      1.4789E+00      5.3383E-01      7.1180E+01      1.1433E+02      1.0000E+00
      8.6632E-01      1.1473E+00      1.0566E+00      1.2555E+00      6.9727E-01      7.9416E+01      1.0874E+02      1.0000E+00
      1.0755E+00      1.0304E+00      1.0073E+00      1.0525E+00      1.0299E+00      8.3101E+01      9.4617E+01      1.0000E+00
      1.0235E+00      1.0079E+00      1.0006E+00      1.0161E+00      1.0145E+00      8.8026E+01      9.1522E+01      1.0000E+00
      1.0075E+00      1.0026E+00      1.0001E+00      1.0055E+00      1.0055E+00      8.9400E+01      9.0509E+01      1.0000E+00
      1.0022E+00      1.0008E+00      1.0000E+00      1.0017E+00      1.0017E+00      8.9829E+01      9.0149E+01      1.0000E+00
      1.0005E+00      1.0003E+00      1.0000E+00      1.0006E+00      1.0003E+00      8.9953E+01      9.0039E+01      1.0000E+00
      1.0000E+00      1.0005E+00      1.0000E+00      1.0011E+00      9.9961E-01      8.9965E+01      9.0021E+01      1.0000E+00
      9.9935E-01      1.0020E+00      1.0000E+00      1.0044E+00      9.9767E-01      8.9889E+01      9.0082E+01      1.0000E+00
      9.9626E-01      1.0078E+00      1.0001E+00      1.0165E+00      9.8941E-01      8.9636E+01      9.0424E+01      1.0000E+00
      9.8215E-01      1.0293E+00      1.0016E+00      1.0568E+00      9.5524E-01      8.9015E+01      9.2162E+01      1.0000E+00
      9.2718E-01      1.1184E+00      1.0231E+00      1.1885E+00      8.1993E-01      8.2744E+01      1.0154E+02      1.0000E+00
      9.0036E-01      1.1253E+00      1.0485E+00      1.2742E+00      7.8384E-01      7.5954E+01      1.0496E+02      1.0000E+00
      9.5247E-01      1.0625E+00      1.0091E+00      1.1287E+00      8.7389E-01      8.7489E+01      9.7225E+01      1.0000E+00
      1.0461E+00      1.0264E+00      1.0015E+00      1.0513E+00      1.0335E+00      8.8013E+01      9.1385E+01      1.0000E+00
      1.0524E+00      1.0233E+00      1.0020E+00      1.0577E+00      1.0344E+00      8.8240E+01      9.2141E+01      1.0000E+00
      1.0614E+00      1.0516E+00      1.0205E+00      1.1553E+00      9.7503E-01      8.0571E+01      9.8058E+01      1.0000E+00
      5.8737E-01      1.4895E+00      1.3407E+00      1.5556E+00      3.7823E-01      5.8115E+01      1.3168E+02      1.0000E+00
      5.8955E-01      1.3882E+00      1.3982E+00      1.5389E+00      3.4267E-01      6.2136E+01      1.3409E+02      1.0000E+00
      1.0058E+00      1.0291E+00      1.0048E+00      1.0638E+00      9.6963E-01      8.4435E+01      9.4942E+01      1.0000E+00
      1.0031E+00      1.0038E+00      1.0003E+00      1.0064E+00      9.9950E-01      8.8674E+01      9.1374E+01      1.0000E+00
      1.0067E+00      1.0030E+00      1.0001E+00      1.0048E+00      1.0055E+00      8.9271E+01      9.0722E+01      1.0000E+00
      1.0049E+00      1.0022E+00      1.0000E+00      1.0039E+00      1.0036E+00      8.9592E+01      9.0366E+01      1.0000E+00
      1.0022E+00      1.0010E+00      1.0000E+00      1.0018E+00      1.0015E+00      8.9828E+01      9.0144E+01      1.0000E+00
      1.0007E+00      1.0003E+00      1.0000E+00      1.0006E+00      1.0004E+00      8.9946E+01      9.0043E+01      1.0000E+00
      1.0002E+00      1.0001E+00      1.0000E+00      1.0002E+00      1.0001E+00      8.9987E+01      9.0010E+01      1.0000E+00
      1.0000E+00      1.0000E+00      1.0000E+00      1.0000E+00      1.0000E+00      8.9997E+01      9.0002E+01      1.0000E+00
      1.0000E+00      1.0000E+00      1.0000E+00      1.0000E+00      1.0000E+00      9.0000E+01      9.0000E+01      1.0000E+00
      1.0000E+00      1.0000E+00      1.0000E+00      1.0000E+00      1.0000E+00      9.0000E+01      9.0000E+01      1.0000E+00
      1.0000E+00      1.0000E+00      1.0000E+00      1.0000E+00      1.0000E+00      9.0000E+01      9.0000E+01      1.0000E+00
      1.0000E+00      1.0000E+00      1.0000E+00      1.0000E+00      1.0000E+00      9.0000E+01      9.0000E+01      1.0000E+00
      1.0000E+00      1.0000E+00      1.0000E+00      1.0000E+00      1.0000E+00      9.0000E+01      9.0000E+01      1.0000E+00
      1.0000E+00      1.0000E+00      1.0000E+00      1.0000E+00      1.0000E+00      9.0000E+01      9.0000E+01      1.0000E+00
      1.0000E+00      1.0000E+00      1.0000E+00      1.0000E+00      1.0000E+00      9.0000E+01      9.0000E+01      1.0000E+00
      1.0000E+00      1.0000E+00      1.0000E+00      1.0000E+00      1.0000E+00      9.0000E+01      9.0000E+01      1.0000E+00
      1.0000E+00      1.0000E+00      1.0000E+00      1.0000E+00      1.0000E+00      9.0000E+01      9.0000E+01      1.0000E+00
      1.0000E+00      1.0000E+00      1.0000E+00      1.0000E+00      1.0000E+00      9.0000E+01      9.0000E+01      1.0000E+00
      1.0000E+00      1.0000E+00      1.0000E+00      1.0000E+00      1.0000E+00      8.9997E+01      9.0002E+01      1.0000E+00
      1.0002E+00      1.0000E+00      1.0000E+00      1.0001E+00      1.0001E+00      8.9985E+01      9.0011E+01      1.0000E+00
      1.0008E+00      1.0002E+00      1.0000E+00      1.0004E+00      1.0004E+00      8.9933E+01      9.0051E+01      1.0000E+00
      1.0029E+00      1.0007E+00      1.0000E+00      1.0016E+00      1.0017E+00      8.9759E+01      9.0193E+01      1.0000E+00
      1.0092E+00      1.0022E+00      1.0001E+00      1.0046E+00      1.0058E+00      8.9276E+01      9.0598E+01      1.0000E+00
      1.0249E+00      1.0061E+00      1.0005E+00      1.0115E+00      1.0162E+00      8.8161E+01      9.1516E+01      1.0000E+00
      1.0562E+00      1.0142E+00      1.0022E+00      1.0229E+00      1.0375E+00      8.6212E+01      9.3021E+01      1.0000E+00
      1.0825E+00      1.0169E+00      1.0029E+00      1.0286E+00      1.0690E+00      8.5767E+01      9.3614E+01      1.0000E+00
      8.6558E-01      1.1536E+00      1.1122E+00      1.2589E+00      6.4170E-01      7.8267E+01      1.1595E+02      1.0000E+00
      9.5480E-01      1.0943E+00      1.0140E+00      1.1432E+00      8.6459E-01      8.3865E+01      9.9012E+01      1.0000E+00
      9.9442E-01      1.0224E+00      1.0008E+00      1.0400E+00      9.7506E-01      8.8913E+01      9.1155E+01      1.0000E+00
      1.0006E+00      1.0060E+00      1.0001E+00      1.0118E+00      9.9635E-01      8.9574E+01      9.0195E+01      1.0000E+00
      1.0006E+00      1.0016E+00      1.0000E+00      1.0033E+00      9.9971E-01      8.9866E+01      9.0088E+01      1.0000E+00
      1.0003E+00      1.0004E+00      1.0000E+00      1.0008E+00      1.0001E+00      8.9961E+01      9.0032E+01      1.0000E+00
      1.0005E+00      1.0002E+00      1.0000E+00      1.0005E+00      1.0004E+00      8.9964E+01      9.0035E+01      1.0000E+00
      1.0018E+00      1.0008E+00      1.0000E+00      1.0016E+00      1.0017E+00      8.9875E+01      9.0126E+01      1.0000E+00
      1.0069E+00      1.0025E+00      1.0000E+00      1.0056E+00      1.0059E+00      8.9539E+01      9.0448E+01      1.0000E+00
      1.0246E+00      1.0077E+00      1.0005E+00      1.0179E+00      1.0176E+00      8.8350E+01      9.1430E+01      1.0000E+00
      1.0915E+00      1.0281E+00      1.0061E+00      1.0600E+00      1.0465E+00      8.3705E+01      9.4409E+01      1.0000E+00
      9.5082E-01      1.1014E+00      1.0494E+00      1.1884E+00      7.8920E-01      8.2097E+01      1.0758E+02      1.0000E+00
      7.6982E-01      1.2928E+00      1.4542E+00      1.3975E+00      4.1511E-01      6.7687E+01      1.3655E+02      1.0000E+00
      1.0824E+00      1.0419E+00      1.0072E+00      1.0757E+00      1.0264E+00      8.3247E+01      9.4084E+01      1.0000E+00
      1.0407E+00      1.0580E+00      1.0072E+00      1.0861E+00      1.0079E+00      8.4999E+01      9.5429E+01      1.0000E+00
      1.1024E+00      1.0559E+00      1.0052E+00      1.0971E+00      1.0868E+00      8.7514E+01      9.2531E+01      1.0000E+00
      1.0839E+00      1.0657E+00      1.0091E+00      1.1230E+00      1.0384E+00      8.6110E+01      9.5839E+01      1.0000E+00
      1.0710E+00      1.0663E+00      1.0284E+00      1.1863E+00      9.7940E-01      7.9271E+01      9.9378E+01      1.0000E+00
      8.6890E-01      1.1176E+00      1.0685E+00      1.2815E+00      7.2696E-01      7.5765E+01      1.0835E+02      1.0000E+00
      9.7762E-01      1.0168E+00      1.0007E+00      1.0334E+00      9.5318E-01      8.8906E+01      9.2067E+01      1.0000E+00
      1.0044E+00      1.0042E+00      1.0001E+00      1.0094E+00      1.0017E+00      8.9348E+01      9.0566E+01      1.0000E+00
      1.0063E+00      1.0035E+00      1.0000E+00      1.0060E+00      1.0053E+00      8.9543E+01      9.0461E+01      1.0000E+00
      1.0033E+00      1.0018E+00      1.0000E+00      1.0031E+00      1.0024E+00      8.9769E+01      9.0208E+01      1.0000E+00
      1.0011E+00      1.0006E+00      1.0000E+00      1.0011E+00      1.0008E+00      8.9920E+01      9.0068E+01      1.0000E+00
      1.0003E+00      1.0002E+00      1.0000E+00      1.0003E+00      1.0002E+00      8.9979E+01      9.0017E+01      1.0000E+00
      1.0001E+00      1.0000E+00      1.0000E+00      1.0001E+00      1.0000E+00      8.9996E+01      9.0003E+01      1.0000E+00
      1.0000E+00      1.0000E+00      1.0000E+00      1.0000E+00      1.0000E+00      8.9999E+01      9.0001E+01      1.0000E+00
      1.0000E+00      1.0000E+00      1.0000E+00      1.0000E+00      1.0000E+00      9.0000E+01      9.0000E+01      1.0000E+00
      1.0000E+00      1.0000E+00      1.0000E+00      1.0000E+00      1.0000E+00      9.0000E+01      9.0000E+01      1.0000E+00
      1.0000E+00      1.0000E+00      1.0000E+00      1.0000E+00      1.0000E+00      9.0000E+01      9.0000E+01      1.0000E+00
      1.0000E+00      1.0000E+00      1.0000E+00      1.0000E+00      1.0000E+00      9.0000E+01      9.0000E+01      1.0000E+00
      1.0000E+00      1.0000E+00      1.0000E+00      1.0000E+00      1.0000E+00      9.0000E+01      9.0000E+01      1.0000E+00
      1.0000E+00      1.0000E+00      1.0000E+00      1.0000E+00      1.0000E+00      9.0000E+01      9.0000E+01      1.0000E+00
      1.0000E+00      1.0000E+00      1.0000E+00      1.0000E+00      1.0000E+00      9.0000E+01      9.0000E+01      1.0000E+00
      1.0000E+00      1.0000E+00      1.0000E+00      1.0000E+00      1.0000E+00      9.0000E+01      9.0000E+01      1.0000E+00
      1.0000E+00      1.0000E+00      1.0000E+00      1.0000E+00      1.0000E+00      8.9999E+01      9.0001E+01      1.0000E+00
      1.0001E+00      1.0000E+00      1.0000E+00      1.0001E+00      1.0000E+00      8.9993E+01      9.0005E+01      1.0000E+00
      1.0003E+00      1.0001E+00      1.0000E+00      1.0002E+00      1.0002E+00      8.9970E+01      9.0023E+01      1.0000E+00
      1.0012E+00      1.0003E+00      1.0000E+00      1.0006E+00      1.0008E+00      8.9892E+01      9.0090E+01      1.0000E+00
      1.0038E+00      1.0006E+00      1.0000E+00      1.0017E+00      1.0028E+00      8.9685E+01      9.0295E+01      1.0000E+00
      1.0102E+00      1.0017E+00      1.0001E+00      1.0043E+00      1.0078E+00      8.9209E+01      9.0821E+01      1.0000E+00
      1.0284E+00      1.0060E+00      1.0007E+00      1.0131E+00      1.0214E+00      8.7957E+01      9.2082E+01      1.0000E+00
      1.0943E+00      1.0283E+00      1.0069E+00      1.0528E+00      1.0539E+00      8.3296E+01      9.5300E+01      1.0000E+00
      9.0518E-01      1.1420E+00      1.0838E+00      1.2538E+00      6.9624E-01      8.0095E+01      1.1263E+02      1.0000E+00
      9.9234E-01      1.1188E+00      1.0299E+00      1.1867E+00      8.9715E-01      7.7763E+01      1.0327E+02      1.0000E+00
      9.9781E-01      1.0272E+00      1.0016E+00      1.0436E+00      9.7668E-01      8.7865E+01      9.2778E+01      1.0000E+00
      1.0002E+00      1.0071E+00      1.0001E+00      1.0139E+00      9.9510E-01      8.9636E+01      9.0631E+01      1.0000E+00
      1.0003E+00      1.0019E+00      1.0000E+00      1.0040E+00      9.9912E-01      8.9906E+01      9.0149E+01      1.0000E+00
      1.0002E+00      1.0004E+00      1.0000E+00      1.0010E+00      9.9995E-01      8.9969E+01      9.0039E+01      1.0000E+00
      1.0005E+00      1.0002E+00      1.0000E+00      1.0005E+00      1.0003E+00      8.9955E+01      9.0036E+01      1.0000E+00
      1.0021E+00      1.0006E+00      1.0000E+00      1.0014E+00      1.0012E+00      8.9833E+01      9.0125E+01      1.0000E+00
      1.0073E+00      1.0020E+00      1.0000E+00      1.0044E+00      1.0042E+00      8.9436E+01      9.0412E+01      1.0000E+00
      1.0208E+00      1.0055E+00      1.0004E+00      1.0111E+00      1.0117E+00      8.8442E+01      9.1073E+01      1.0000E+00
      1.0473E+00      1.0129E+00      1.0018E+00      1.0258E+00      1.0244E+00      8.6601E+01      9.2230E+01      1.0000E+00
      1.0650E+00      1.0231E+00      1.0034E+00      1.0597E+00      1.0315E+00      8.5676E+01      9.3379E+01      1.0000E+00
      8.3661E-01      1.1679E+00      1.0666E+00      1.2506E+00      6.9655E-01      7.4946E+01      1.1022E+02      1.0000E+00
      6.3221E-01      1.0778E+00      1.0459E+00      1.1376E+00      5.4787E-01      7.9821E+01      1.0698E+02      1.0000E+00
      8.2827E-01      1.2500E+00      1.3700E+00      1.3833E+00      4.8485E-01      6.8657E+01      1.3300E+02      1.0000E+00
      1.1748E+00      1.0451E+00      1.0133E+00      1.0830E+00      1.1180E+00      8.0772E+01      9.6741E+01      1.0000E+00
      1.0217E+00      1.1194E+00      1.0177E+00      1.1965E+00      9.1380E-01      8.4170E+01      9.6685E+01      1.0000E+00
      1.0254E+00      1.1599E+00      1.0523E+00      1.1910E+00      9.0270E-01      7.4800E+01      1.0814E+02      1.0000E+00
      1.2433E+00      1.1383E+00      1.0279E+00      1.2499E+00      1.1705E+00      8.1266E+01      9.6994E+01      1.0000E+00
      1.1153E+00      1.2116E+00      1.0696E+00      1.2794E+00      9.8816E-01      7.3043E+01      1.0757E+02      1.0000E+00
      8.1920E-01      1.1344E+00      1.0535E+00      1.2901E+00      6.9615E-01      8.1717E+01      1.0621E+02      1.0000E+00
      5.6305E-01      1.4095E+00      1.4172E+00      1.5510E+00      3.1870E-01      6.1969E+01      1.3499E+02      1.0000E+00
      1.0193E+00      1.0566E+00      1.0081E+00      1.0947E+00      9.7249E-01      8.3466E+01      9.6605E+01      1.0000E+00
      1.0163E+00      1.0170E+00      1.0008E+00      1.0237E+00      1.0056E+00      8.8168E+01      9.1884E+01      1.0000E+00
      1.0111E+00      1.0072E+00      1.0002E+00      1.0117E+00      1.0077E+00      8.9221E+01      9.0739E+01      1.0000E+00
      1.0052E+00      1.0029E+00      1.0000E+00      1.0051E+00      1.0038E+00      8.9678E+01      9.0286E+01      1.0000E+00
      1.0018E+00      1.0010E+00      1.0000E+00      1.0017E+00      1.0013E+00      8.9892E+01      9.0092E+01      1.0000E+00
      1.0005E+00      1.0002E+00      1.0000E+00      1.0005E+00      1.0003E+00      8.9971E+01      9.0024E+01      1.0000E+00
      1.0001E+00      1.0001E+00      1.0000E+00      1.0001E+00      1.0001E+00      8.9994E+01      9.0005E+01      1.0000E+00
      1.0000E+00      1.0000E+00      1.0000E+00      1.0000E+00      1.0000E+00      8.9999E+01      9.0001E+01      1.0000E+00
      1.0000E+00      1.0000E+00      1.0000E+00      1.0000E+00      1.0000E+00      9.0000E+01      9.0000E+01      1.0000E+00
      1.0000E+00      1.0000E+00      1.0000E+00      1.0000E+00      1.0000E+00      9.0000E+01      9.0000E+01      1.0000E+00
      1.0000E+00      1.0000E+00      1.0000E+00      1.0000E+00      1.0000E+00      9.0000E+01      9.0000E+01      1.0000E+00
      1.0000E+00      1.0000E+00      1.0000E+00      1.0000E+00      1.0000E+00      9.0000E+01      9.0000E+01      1.0000E+00
      1.0000E+00      1.0000E+00      1.0000E+00      1.0000E+00      1.0000E+00      9.0000E+01      9.0000E+01      1.0000E+00
      1.0000E+00      1.0000E+00      1.0000E+00      1.0000E+00      1.0000E+00      9.0000E+01      9.0000E+01      1.0000E+00
      1.0000E+00      1.0000E+00      1.0000E+00      1.0000E+00      1.0000E+00      9.0000E+01      9.0000E+01      1.0000E+00
      1.0000E+00      1.0000E+00      1.0000E+00      1.0000E+00      1.0000E+00      8.9999E+01      9.0000E+01      1.0000E+00
      1.0000E+00      1.0000E+00      1.0000E+00      1.0000E+00      1.0000E+00      8.9997E+01      9.0002E+01      1.0000E+00
      1.0002E+00      1.0001E+00      1.0000E+00      1.0001E+00      1.0001E+00      8.9984E+01      9.0011E+01      1.0000E+00
      1.0007E+00      1.0002E+00      1.0000E+00      1.0005E+00      1.0004E+00      8.9937E+01      9.0045E+01      1.0000E+00
      1.0020E+00      1.0005E+00      1.0000E+00      1.0011E+00      1.0013E+00      8.9817E+01      9.0147E+01      1.0000E+00
      1.0038E+00      1.0004E+00      1.0000E+00      1.0012E+00      1.0034E+00      8.9635E+01      9.0370E+01      1.0000E+00
      1.0024E+00      1.0042E+00      1.0001E+00      1.0072E+00      9.9752E-01      8.9171E+01      9.0682E+01      1.0000E+00
      9.8580E-01      1.0226E+00      1.0006E+00      1.0410E+00      9.5759E-01      8.8289E+01      9.1575E+01      1.0000E+00
      9.3257E-01      1.1058E+00      1.0205E+00      1.1910E+00      8.2100E-01      8.2228E+01      1.0118E+02      1.0000E+00
      9.9215E-01      1.1193E+00      1.0311E+00      1.1872E+00      8.9707E-01      7.7408E+01      1.0359E+02      1.0000E+00
      9.9736E-01      1.0274E+00      1.0017E+00      1.0436E+00      9.7590E-01      8.7697E+01      9.2949E+01      1.0000E+00
      9.9995E-01      1.0073E+00      1.0001E+00      1.0140E+00      9.9470E-01      8.9578E+01      9.0693E+01      1.0000E+00
      1.0003E+00      1.0019E+00      1.0000E+00      1.0040E+00      9.9897E-01      8.9896E+01      9.0165E+01      1.0000E+00
      1.0002E+00      1.0005E+00      1.0000E+00      1.0010E+00      9.9985E-01      8.9977E+01      9.0035E+01      1.0000E+00
      1.0003E+00      1.0002E+00      1.0000E+00      1.0004E+00      1.0001E+00      8.9977E+01      9.0013E+01      1.0000E+00
      1.0012E+00      1.0003E+00      1.0000E+00      1.0007E+00      1.0006E+00      8.9903E+01      9.0065E+01      1.0000E+00
      1.0039E+00      1.0010E+00      1.0000E+00      1.0021E+00      1.0021E+00      8.9692E+01      9.0207E+01      1.0000E+00
      1.0098E+00      1.0022E+00      1.0001E+00      1.0042E+00      1.0056E+00      8.9293E+01      9.0471E+01      1.0000E+00
      1.0161E+00      1.0030E+00      1.0001E+00      1.0068E+00      1.0111E+00      8.9084E+01      9.0691E+01      1.0000E+00
      1.0041E+00      1.0090E+00      1.0002E+00      1.0155E+00      9.9452E-01      8.9449E+01      9.0955E+01      1.0000E+00
      9.2963E-01      1.0479E+00      1.0167E+00      1.0880E+00      8.5318E-01      8.3790E+01      1.0039E+02      1.0000E+00
      8.9742E-01      1.1865E+00      1.0844E+00      1.2993E+00      7.6355E-01      7.0108E+01      1.1160E+02      1.0000E+00
      1.0185E+00      1.0890E+00      1.0381E+00      1.1898E+00      9.1193E-01      7.7607E+01      1.0422E+02      1.0000E+00
      9.6147E-01      1.1338E+00      1.0360E+00      1.2574E+00      7.8792E-01      8.2218E+01      1.0484E+02      1.0000E+00
      7.3248E-01      1.2020E+00      1.0632E+00      1.4110E+00      5.8611E-01      7.5512E+01      1.0754E+02      1.0000E+00
      4.9943E-01      1.2651E+00      1.2523E+00      1.4635E+00      3.1682E-01      7.2836E+01      1.2650E+02      1.0000E+00
      9.7632E-01      1.0828E+00      1.0246E+00      1.1501E+00      8.8200E-01      8.0490E+01      1.0224E+02      1.0000E+00
      1.0227E+00      1.0137E+00      1.0002E+00      1.0204E+00      1.0146E+00      8.9351E+01      9.0591E+01      1.0000E+00
      1.0158E+00      1.0048E+00      1.0001E+00      1.0109E+00      1.0143E+00      8.9521E+01      9.0492E+01      1.0000E+00
      1.0070E+00      1.0026E+00      1.0000E+00      1.0056E+00      1.0060E+00      8.9711E+01      9.0251E+01      1.0000E+00
      1.0024E+00      1.0010E+00      1.0000E+00      1.0020E+00      1.0020E+00      8.9891E+01      9.0091E+01      1.0000E+00
      1.0007E+00      1.0003E+00      1.0000E+00      1.0005E+00      1.0005E+00      8.9967E+01      9.0026E+01      1.0000E+00
      1.0002E+00      1.0001E+00      1.0000E+00      1.0001E+00      1.0001E+00      8.9991E+01      9.0007E+01      1.0000E+00
      1.0000E+00      1.0000E+00      1.0000E+00      1.0000E+00      1.0000E+00      8.9998E+01      9.0001E+01      1.0000E+00
      1.0000E+00      1.0000E+00      1.0000E+00      1.0000E+00      1.0000E+00      9.0000E+01      9.0000E+01      1.0000E+00
      1.0000E+00      1.0000E+00      1.0000E+00      1.0000E+00      1.0000E+00      9.0000E+01      9.0000E+01      1.0000E+00
      1.0000E+00      1.0000E+00      1.0000E+00      1.0000E+00      1.0000E+00      9.0000E+01      9.0000E+01      1.0000E+00
      1.0000E+00      1.0000E+00      1.0000E+00      1.0000E+00      1.0000E+00      9.0000E+01      9.0000E+01      1.0000E+00
      1.0000E+00      1.0000E+00      1.0000E+00      1.0000E+00      1.0000E+00      9.0000E+01      9.0000E+01      1.0000E+00
      1.0000E+00      1.0000E+00      1.0000E+00      1.0000E+00      1.0000E+00      9.0000E+01      9.0000E+01      1.0000E+00
      1.0000E+00      1.0000E+00      1.0000E+00      1.0000E+00      1.0000E+00      9.0000E+01      9.0000E+01      1.0000E+00
      1.0000E+00      1.0000E+00      1.0000E+00      1.0000E+00      1.0000E+00      8.9999E+01      9.0001E+01      1.0000E+00
      1.0001E+00      1.0000E+00      1.0000E+00      1.0001E+00      1.0000E+00      8.9992E+01      9.0005E+01      1.0000E+00
      1.0004E+00      1.0002E+00      1.0000E+00      1.0003E+00      1.0002E+00      8.9962E+01      9.0026E+01      1.0000E+00
      1.0016E+00      1.0006E+00      1.0000E+00      1.0011E+00      1.0008E+00      8.9861E+01      9.0101E+01      1.0000E+00
      1.0043E+00      1.0015E+00      1.0000E+00      1.0027E+00      1.0024E+00      8.9601E+01      9.0307E+01      1.0000E+00
      1.0081E+00      1.0027E+00      1.0001E+00      1.0045E+00      1.0048E+00      8.9124E+01      9.0747E+01      1.0000E+00
      1.0064E+00      1.0028E+00      1.0004E+00      1.0077E+00      1.0021E+00      8.8542E+01      9.1503E+01      1.0000E+00
      9.7602E-01      1.0168E+00      1.0012E+00      1.0297E+00      9.6100E-01      8.8036E+01      9.2673E+01      1.0000E+00
      8.3696E-01      1.0794E+00      1.0068E+00      1.1074E+00      7.9415E-01      8.6505E+01      9.3373E+01      1.0000E+00
      9.5145E-01      1.0947E+00      1.0138E+00      1.1423E+00      8.6079E-01      8.4251E+01      9.8763E+01      1.0000E+00
      9.9323E-01      1.0229E+00      1.0008E+00      1.0411E+00      9.7325E-01      8.8770E+01      9.1086E+01      1.0000E+00
      1.0002E+00      1.0061E+00      1.0001E+00      1.0121E+00      9.9568E-01      8.9525E+01      9.0229E+01      1.0000E+00
      1.0005E+00      1.0016E+00      1.0000E+00      1.0033E+00      9.9951E-01      8.9854E+01      9.0098E+01      1.0000E+00
      1.0002E+00      1.0004E+00      1.0000E+00      1.0008E+00      1.0000E+00      8.9964E+01      9.0028E+01      1.0000E+00
      1.0002E+00      1.0001E+00      1.0000E+00      1.0002E+00      1.0001E+00      8.9996E+01      9.0005E+01      1.0000E+00
      1.0005E+00      1.0001E+00      1.0000E+00      1.0003E+00      1.0003E+00      8.9967E+01      9.0022E+01      1.0000E+00
      1.0017E+00      1.0004E+00      1.0000E+00      1.0008E+00      1.0009E+00      8.9894E+01      9.0069E+01      1.0000E+00
      1.0040E+00      1.0008E+00      1.0000E+00      1.0016E+00      1.0026E+00      8.9773E+01      9.0148E+01      1.0000E+00
      1.0057E+00      1.0013E+00      1.0000E+00      1.0021E+00      1.0046E+00      8.9767E+01      9.0239E+01      1.0000E+00
      1.0006E+00      1.0023E+00      1.0000E+00      1.0077E+00      9.9620E-01      8.9680E+01      9.0243E+01      1.0000E+00
      9.8693E-01      1.0139E+00      1.0005E+00      1.0305E+00      9.7186E-01      8.9021E+01      9.0767E+01      1.0000E+00
      1.0026E+00      1.1078E+00      1.0229E+00      1.1712E+00      9.2124E-01      7.9276E+01      1.0044E+02      1.0000E+00
      1.0951E+00      1.0977E+00      1.0299E+00      1.2464E+00      9.2010E-01      7.7326E+01      9.5946E+01      1.0000E+00
      8.7501E-01      1.2395E+00      1.0762E+00      1.3721E+00      7.3226E-01      7.1247E+01      1.0798E+02      1.0000E+00
      8.7620E-01      1.1401E+00      1.0321E+00      1.2412E+00      7.7066E-01      7.7862E+01      1.0342E+02      1.0000E+00
      1.0759E+00      1.0354E+00      1.0065E+00      1.0620E+00      1.0217E+00      8.3494E+01      9.4034E+01      1.0000E+00
      1.0235E+00      1.0089E+00      1.0004E+00      1.0183E+00      1.0148E+00      8.8534E+01      9.1012E+01      1.0000E+00
      1.0080E+00      1.0029E+00      1.0000E+00      1.0062E+00      1.0069E+00      8.9619E+01      9.0338E+01      1.0000E+00
      1.0028E+00      1.0009E+00      1.0000E+00      1.0019E+00      1.0025E+00      8.9874E+01      9.0118E+01      1.0000E+00
      1.0010E+00      1.0003E+00      1.0000E+00      1.0006E+00      1.0008E+00      8.9948E+01      9.0043E+01      1.0000E+00
      1.0003E+00      1.0001E+00      1.0000E+00      1.0002E+00      1.0002E+00      8.9979E+01      9.0016E+01      1.0000E+00
      1.0001E+00      1.0000E+00      1.0000E+00      1.0001E+00      1.0000E+00      8.9992E+01      9.0005E+01      1.0000E+00
      1.0000E+00      1.0000E+00      1.0000E+00      1.0000E+00      1.0000E+00      8.9998E+01      9.0001E+01      1.0000E+00
      1.0000E+00      1.0000E+00      1.0000E+00      1.0000E+00      1.0000E+00      8.9999E+01      9.0000E+01      1.0000E+00
      1.0000E+00      1.0000E+00      1.0000E+00      1.0000E+00      1.0000E+00      9.0000E+01      9.0000E+01      1.0000E+00
      1.0000E+00      1.0000E+00      1.0000E+00      1.0000E+00      1.0000E+00      9.0000E+01      9.0000E+01      1.0000E+00
      1.0000E+00      1.0000E+00      1.0000E+00      1.0000E+00      1.0000E+00      9.0000E+01      9.0000E+01      1.0000E+00
      1.0000E+00      1.0000E+00      1.0000E+00      1.0000E+00      1.0000E+00      9.0000E+01      9.0000E+01      1.0000E+00
      1.0000E+00      1.0000E+00      1.0000E+00      1.0000E+00      1.0000E+00      9.0000E+01      9.0000E+01      1.0000E+00
      1.0000E+00      1.0000E+00      1.0000E+00      1.0000E+00      1.0000E+00      8.9997E+01      9.0002E+01      1.0000E+00
      1.0002E+00      1.0001E+00      1.0000E+00      1.0002E+00      1.0001E+00      8.9984E+01      9.0011E+01      1.0000E+00
      1.0009E+00      1.0003E+00      1.0000E+00      1.0007E+00      1.0005E+00      8.9930E+01      9.0049E+01      1.0000E+00
      1.0030E+00      1.0011E+00      1.0000E+00      1.0021E+00      1.0018E+00      8.9760E+01      9.0174E+01      1.0000E+00
      1.0083E+00      1.0027E+00      1.0001E+00      1.0051E+00      1.0053E+00      8.9347E+01      9.0489E+01      1.0000E+00
      1.0176E+00      1.0051E+00      1.0003E+00      1.0093E+00      1.0112E+00      8.8565E+01      9.1114E+01      1.0000E+00
      1.0309E+00      1.0099E+00      1.0013E+00      1.0189E+00      1.0161E+00      8.7096E+01      9.2310E+01      1.0000E+00
      1.0666E+00      1.0386E+00      1.0099E+00      1.0842E+00      1.0078E+00      8.1979E+01      9.6153E+01      1.0000E+00
      6.6625E-01      1.3665E+00      1.4074E+00      1.4402E+00      3.8696E-01      6.3431E+01      1.3472E+02      1.0000E+00
      8.8661E-01      1.1432E+00      1.1084E+00      1.2436E+00      6.6547E-01      7.8468E+01      1.1554E+02      1.0000E+00
      1.0873E+00      1.0229E+00      1.0050E+00      1.0504E+00      1.0508E+00      8.4286E+01      9.4294E+01      1.0000E+00
      1.0268E+00      1.0061E+00      1.0005E+00      1.0157E+00      1.0202E+00      8.8299E+01      9.1569E+01      1.0000E+00
      1.0083E+00      1.0021E+00      1.0001E+00      1.0053E+00      1.0069E+00      8.9457E+01      9.0536E+01      1.0000E+00
      1.0024E+00      1.0007E+00      1.0000E+00      1.0016E+00      1.0020E+00      8.9842E+01      9.0157E+01      1.0000E+00
      1.0006E+00      1.0002E+00      1.0000E+00      1.0004E+00      1.0005E+00      8.9961E+01      9.0039E+01      1.0000E+00
      1.0002E+00      1.0000E+00      1.0000E+00      1.0001E+00      1.0002E+00      8.9989E+01      9.0010E+01      1.0000E+00
      1.0004E+00      1.0001E+00      1.0000E+00      1.0002E+00      1.0003E+00      8.9979E+01      9.0015E+01      1.0000E+00
      1.0013E+00      1.0003E+00      1.0000E+00      1.0006E+00      1.0009E+00      8.9946E+01      9.0038E+01      1.0000E+00
      1.0030E+00      1.0004E+00      1.0000E+00      1.0009E+00      1.0023E+00      8.9906E+01      9.0065E+01      1.0000E+00
      1.0041E+00      1.0009E+00      1.0000E+00      1.0015E+00      1.0034E+00      8.9908E+01      9.0119E+01      1.0000E+00
      1.0021E+00      1.0042E+00      1.0000E+00      1.0089E+00      9.9756E-01      8.9752E+01      9.0478E+01      1.0000E+00
      1.0025E+00      1.0231E+00      1.0012E+00      1.0335E+00      9.8461E-01      8.7988E+01      9.2359E+01      1.0000E+00
      1.0168E+00      1.1076E+00      1.0252E+00      1.1784E+00      9.3345E-01      7.8468E+01      1.0154E+02      1.0000E+00
      8.9411E-01      1.2392E+00      1.0856E+00      1.3920E+00      7.2341E-01      7.6406E+01      1.1077E+02      1.0000E+00
      9.5491E-01      1.2076E+00      1.1931E+00      1.4554E+00      6.1072E-01      7.6572E+01      1.2221E+02      1.0000E+00
      9.6535E-01      1.0952E+00      1.0169E+00      1.1555E+00      8.7420E-01      8.1984E+01      1.0031E+02      1.0000E+00
      9.9656E-01      1.0225E+00      1.0008E+00      1.0361E+00      9.7598E-01      8.8931E+01      9.1739E+01      1.0000E+00
      1.0025E+00      1.0056E+00      1.0001E+00      1.0103E+00      9.9755E-01      8.9650E+01      9.0217E+01      1.0000E+00
      1.0030E+00      1.0008E+00      1.0000E+00      1.0017E+00      1.0024E+00      8.9832E+01      9.0138E+01      1.0000E+00
      1.0020E+00      1.0002E+00      1.0000E+00      1.0005E+00      1.0015E+00      8.9872E+01      9.0102E+01      1.0000E+00
      1.0010E+00      1.0003E+00      1.0000E+00      1.0005E+00      1.0006E+00      8.9922E+01      9.0055E+01      1.0000E+00
      1.0004E+00      1.0001E+00      1.0000E+00      1.0003E+00      1.0002E+00      8.9967E+01      9.0022E+01      1.0000E+00
      1.0001E+00      1.0000E+00      1.0000E+00      1.0001E+00      1.0000E+00      8.9989E+01      9.0007E+01      1.0000E+00
      1.0000E+00      1.0000E+00      1.0000E+00      1.0000E+00      1.0000E+00      8.9997E+01      9.0002E+01      1.0000E+00
      1.0000E+00      1.0000E+00      1.0000E+00      1.0000E+00      1.0000E+00      8.9999E+01      9.0000E+01      1.0000E+00
      1.0000E+00      1.0000E+00      1.0000E+00      1.0000E+00      1.0000E+00      9.0000E+01      9.0000E+01      1.0000E+00
      1.0000E+00      1.0000E+00      1.0000E+00      1.0000E+00      1.0000E+00      9.0000E+01      9.0000E+01      1.0000E+00
      1.0000E+00      1.0000E+00      1.0000E+00      1.0000E+00      1.0000E+00      9.0000E+01      9.0000E+01      1.0000E+00
      1.0000E+00      1.0000E+00      1.0000E+00      1.0000E+00      1.0000E+00      8.9999E+01      9.0001E+01      1.0000E+00
      1.0001E+00      1.0000E+00      1.0000E+00      1.0001E+00      1.0000E+00      8.9995E+01      9.0004E+01      1.0000E+00
      1.0003E+00      1.0001E+00      1.0000E+00      1.0003E+00      1.0002E+00      8.9974E+01      9.0019E+01      1.0000E+00
      1.0014E+00      1.0005E+00      1.0000E+00      1.0010E+00      1.0009E+00      8.9895E+01      9.0080E+01      1.0000E+00
      1.0046E+00      1.0015E+00      1.0000E+00      1.0031E+00      1.0033E+00      8.9670E+01      9.0264E+01      1.0000E+00
      1.0118E+00      1.0031E+00      1.0001E+00      1.0068E+00      1.0090E+00      8.9196E+01      9.0678E+01      1.0000E+00
      1.0229E+00      1.0038E+00      1.0003E+00      1.0093E+00      1.0195E+00      8.8640E+01      9.1295E+01      1.0000E+00
      1.0249E+00      1.0125E+00      1.0004E+00      1.0221E+00      1.0137E+00      8.8534E+01      9.1465E+01      1.0000E+00
      9.4315E-01      1.1099E+00      1.0478E+00      1.2558E+00      8.0471E-01      7.8035E+01      1.0547E+02      1.0000E+00
      9.4387E-01      1.1503E+00      1.1273E+00      1.2630E+00      7.2482E-01      7.3548E+01      1.1714E+02      1.0000E+00
      1.0940E+00      1.0153E+00      1.0012E+00      1.0229E+00      1.0788E+00      8.7342E+01      9.2354E+01      1.0000E+00
      1.0569E+00      1.0098E+00      1.0013E+00      1.0213E+00      1.0393E+00      8.7107E+01      9.2171E+01      1.0000E+00
      1.0250E+00      1.0044E+00      1.0003E+00      1.0109E+00      1.0170E+00      8.8609E+01      9.1088E+01      1.0000E+00
      1.0090E+00      1.0016E+00      1.0000E+00      1.0043E+00      1.0061E+00      8.9493E+01      9.0412E+01      1.0000E+00
      1.0027E+00      1.0005E+00      1.0000E+00      1.0014E+00      1.0018E+00      8.9852E+01      9.0124E+01      1.0000E+00
      1.0007E+00      1.0001E+00      1.0000E+00      1.0003E+00      1.0005E+00      8.9965E+01      9.0032E+01      1.0000E+00
      1.0004E+00      1.0001E+00      1.0000E+00      1.0002E+00      1.0003E+00      8.9976E+01      9.0019E+01      1.0000E+00
      1.0010E+00      1.0003E+00      1.0000E+00      1.0006E+00      1.0005E+00      8.9917E+01      9.0053E+01      1.0000E+00
      1.0030E+00      1.0008E+00      1.0000E+00      1.0015E+00      1.0016E+00      8.9769E+01      9.0151E+01      1.0000E+00
      1.0064E+00      1.0013E+00      1.0000E+00      1.0026E+00      1.0040E+00      8.9563E+01      9.0305E+01      1.0000E+00
      1.0080E+00      1.0010E+00      1.0000E+00      1.0021E+00      1.0074E+00      8.9669E+01      9.0300E+01      1.0000E+00
      9.9862E-01      1.0060E+00      1.0002E+00      1.0136E+00      9.8698E-01      8.9391E+01      9.1166E+01      1.0000E+00
      9.9716E-01      1.0260E+00      1.0017E+00      1.0422E+00      9.7487E-01      8.7097E+01      9.3090E+01      1.0000E+00
      1.0045E+00      1.1171E+00      1.0347E+00      1.1948E+00      9.0685E-01      7.6639E+01      1.0419E+02      1.0000E+00
      9.7982E-01      1.0806E+00      1.0193E+00      1.1479E+00      9.0095E-01      8.0610E+01      1.0059E+02      1.0000E+00
      9.9998E-01      1.0151E+00      1.0009E+00      1.0239E+00      9.8427E-01      8.7993E+01      9.2438E+01      1.0000E+00
      1.0067E+00      1.0026E+00      1.0001E+00      1.0051E+00      1.0017E+00      8.9411E+01      9.0876E+01      1.0000E+00
      1.0091E+00      1.0013E+00      1.0001E+00      1.0040E+00      1.0071E+00      8.9406E+01      9.0567E+01      1.0000E+00
      1.0067E+00      1.0020E+00      1.0000E+00      1.0041E+00      1.0043E+00      8.9505E+01      9.0365E+01      1.0000E+00
      1.0036E+00      1.0012E+00      1.0000E+00      1.0024E+00      1.0019E+00      8.9710E+01      9.0201E+01      1.0000E+00
      1.0015E+00      1.0005E+00      1.0000E+00      1.0010E+00      1.0007E+00      8.9870E+01      9.0089E+01      1.0000E+00
      1.0005E+00      1.0002E+00      1.0000E+00      1.0004E+00      1.0002E+00      8.9953E+01      9.0031E+01      1.0000E+00
      1.0001E+00      1.0001E+00      1.0000E+00      1.0001E+00      1.0001E+00      8.9986E+01      9.0009E+01      1.0000E+00
      1.0000E+00      1.0000E+00      1.0000E+00      1.0000E+00      1.0000E+00      8.9997E+01      9.0002E+01      1.0000E+00
      1.0000E+00      1.0000E+00      1.0000E+00      1.0000E+00      1.0000E+00      8.9999E+01      9.0000E+01      1.0000E+00
      1.0000E+00      1.0000E+00      1.0000E+00      1.0000E+00      1.0000E+00      9.0000E+01      9.0000E+01      1.0000E+00
      1.0000E+00      1.0000E+00      1.0000E+00      1.0000E+00      1.0000E+00      9.0000E+01      9.0000E+01      1.0000E+00
      1.0000E+00      1.0000E+00      1.0000E+00      1.0000E+00      1.0000E+00      8.9998E+01      9.0001E+01      1.0000E+00
      1.0001E+00      1.0000E+00      1.0000E+00      1.0001E+00      1.0001E+00      8.9992E+01      9.0006E+01      1.0000E+00
      1.0005E+00      1.0002E+00      1.0000E+00      1.0004E+00      1.0004E+00      8.9964E+01      9.0030E+01      1.0000E+00
      1.0019E+00      1.0006E+00      1.0000E+00      1.0013E+00      1.0014E+00      8.9867E+01      9.0115E+01      1.0000E+00
      1.0058E+00      1.0015E+00      1.0000E+00      1.0036E+00      1.0046E+00      8.9604E+01      9.0358E+01      1.0000E+00
      1.0150E+00      1.0039E+00      1.0002E+00      1.0088E+00      1.0116E+00      8.8970E+01      9.0900E+01      1.0000E+00
      1.0363E+00      1.0136E+00      1.0013E+00      1.0241E+00      1.0221E+00      8.7164E+01      9.2162E+01      1.0000E+00
      1.0961E+00      1.0681E+00      1.0165E+00      1.1110E+00      1.0218E+00      7.9950E+01      9.8137E+01      1.0000E+00
      6.4170E-01      1.3903E+00      1.3467E+00      1.5671E+00      3.7824E-01      6.3618E+01      1.3179E+02      1.0000E+00
      9.9174E-01      1.1075E+00      1.0350E+00      1.2018E+00      8.7759E-01      7.8207E+01      1.0415E+02      1.0000E+00
      1.0281E+00      1.0260E+00      1.0028E+00      1.0484E+00      9.9842E-01      8.6387E+01      9.4186E+01      1.0000E+00
      1.0307E+00      1.0077E+00      1.0004E+00      1.0142E+00      1.0210E+00      8.8467E+01      9.1250E+01      1.0000E+00
      1.0187E+00      1.0029E+00      1.0000E+00      1.0063E+00      1.0139E+00      8.9449E+01      9.0361E+01      1.0000E+00
      1.0084E+00      1.0018E+00      1.0000E+00      1.0037E+00      1.0064E+00      8.9868E+01      9.0119E+01      1.0000E+00
      1.0030E+00      1.0008E+00      1.0000E+00      1.0015E+00      1.0021E+00      8.9921E+01      9.0061E+01      1.0000E+00
      1.0010E+00      1.0002E+00      1.0000E+00      1.0004E+00      1.0007E+00      8.9970E+01      9.0014E+01      1.0000E+00
      1.0009E+00      1.0003E+00      1.0000E+00      1.0004E+00      1.0006E+00      8.9952E+01      9.0037E+01      1.0000E+00
      1.0025E+00      1.0008E+00      1.0000E+00      1.0016E+00      1.0013E+00      8.9800E+01      9.0138E+01      1.0000E+00
      1.0071E+00      1.0022E+00      1.0001E+00      1.0042E+00      1.0038E+00      8.9422E+01      9.0401E+01      1.0000E+00
      1.0164E+00      1.0042E+00      1.0003E+00      1.0079E+00      1.0090E+00      8.8702E+01      9.0909E+01      1.0000E+00
      1.0259E+00      1.0078E+00      1.0006E+00      1.0168E+00      1.0153E+00      8.8062E+01      9.1449E+01      1.0000E+00
      9.8546E-01      1.0283E+00      1.0014E+00      1.0495E+00      9.5889E-01      8.8754E+01      9.2377E+01      1.0000E+00
      9.7481E-01      1.0142E+00      1.0003E+00      1.0233E+00      9.6563E-01      8.9342E+01      9.0907E+01      1.0000E+00
      9.6519E-01      1.0715E+00      1.0066E+00      1.1307E+00      8.8007E-01      8.6144E+01      9.6319E+01      1.0000E+00
      6.9216E-01      1.2036E+00      1.0510E+00      1.3392E+00      5.6821E-01      8.1638E+01      1.0324E+02      1.0000E+00
      9.7566E-01      1.1482E+00      1.0937E+00      1.1958E+00      8.4507E-01      7.2838E+01      1.1357E+02      1.0000E+00
      1.0984E+00      1.0592E+00      1.0051E+00      1.1054E+00      1.0183E+00      8.5664E+01      9.4070E+01      1.0000E+00
      1.0173E+00      1.0087E+00      1.0004E+00      1.0240E+00      1.0022E+00      8.9154E+01      9.1339E+01      1.0000E+00
      1.0190E+00      1.0107E+00      1.0002E+00      1.0172E+00      1.0119E+00      8.9035E+01      9.0801E+01      1.0000E+00
      1.0269E+00      1.0069E+00      1.0004E+00      1.0148E+00      1.0212E+00      8.8514E+01      9.1258E+01      1.0000E+00
      1.0195E+00      1.0063E+00      1.0003E+00      1.0121E+00      1.0126E+00      8.8637E+01      9.0998E+01      1.0000E+00
      1.0104E+00      1.0036E+00      1.0001E+00      1.0066E+00      1.0061E+00      8.9183E+01      9.0598E+01      1.0000E+00
      1.0046E+00      1.0016E+00      1.0000E+00      1.0029E+00      1.0025E+00      8.9612E+01      9.0278E+01      1.0000E+00
      1.0018E+00      1.0006E+00      1.0000E+00      1.0011E+00      1.0008E+00      8.9845E+01      9.0106E+01      1.0000E+00
      1.0006E+00      1.0002E+00      1.0000E+00      1.0004E+00      1.0002E+00      8.9947E+01      9.0034E+01      1.0000E+00
      1.0002E+00      1.0001E+00      1.0000E+00      1.0001E+00      1.0001E+00      8.9985E+01      9.0009E+01      1.0000E+00
      1.0000E+00      1.0000E+00      1.0000E+00      1.0000E+00      1.0000E+00      8.9997E+01      9.0002E+01      1.0000E+00
      1.0000E+00      1.0000E+00      1.0000E+00      1.0000E+00      1.0000E+00      8.9999E+01      9.0000E+01      1.0000E+00
      1.0000E+00      1.0000E+00      1.0000E+00      1.0000E+00      1.0000E+00      8.9999E+01      9.0001E+01      1.0000E+00
      1.0000E+00      1.0000E+00      1.0000E+00      1.0000E+00      1.0000E+00      8.9996E+01      9.0003E+01      1.0000E+00
      1.0002E+00      1.0000E+00      1.0000E+00      1.0001E+00      1.0001E+00      8.9987E+01      9.0011E+01      1.0000E+00
      1.0006E+00      1.0002E+00      1.0000E+00      1.0004E+00      1.0005E+00      8.9954E+01      9.0042E+01      1.0000E+00
      1.0019E+00      1.0006E+00      1.0000E+00      1.0012E+00      1.0016E+00      8.9872E+01      9.0142E+01      1.0000E+00
      1.0043E+00      1.0023E+00      1.0000E+00      1.0036E+00      1.0027E+00      8.9676E+01      9.0368E+01      1.0000E+00
      1.0066E+00      1.0081E+00      1.0001E+00      1.0130E+00      9.9984E-01      8.9318E+01      9.0711E+01      1.0000E+00
      1.0078E+00      1.0276E+00      1.0011E+00      1.0529E+00      9.8146E-01      8.7886E+01      9.2068E+01      1.0000E+00
      1.0344E+00      1.1002E+00      1.0224E+00      1.2034E+00      9.2889E-01      7.8834E+01      9.9931E+01      1.0000E+00
      9.1880E-01      1.0462E+00      1.0089E+00      1.0984E+00      8.4707E-01      8.5986E+01      9.7436E+01      1.0000E+00
      9.9909E-01      1.0180E+00      1.0004E+00      1.0283E+00      9.8107E-01      8.9055E+01      9.1131E+01      1.0000E+00
      1.0293E+00      1.0030E+00      1.0002E+00      1.0088E+00      1.0262E+00      8.9139E+01      9.0868E+01      1.0000E+00
      1.0250E+00      1.0051E+00      1.0002E+00      1.0096E+00      1.0183E+00      8.8811E+01      9.0840E+01      1.0000E+00
      1.0139E+00      1.0035E+00      1.0001E+00      1.0062E+00      1.0089E+00      8.9157E+01      9.0595E+01      1.0000E+00
      1.0061E+00      1.0017E+00      1.0000E+00      1.0030E+00      1.0035E+00      8.9571E+01      9.0294E+01      1.0000E+00
      1.0025E+00      1.0006E+00      1.0000E+00      1.0012E+00      1.0014E+00      8.9843E+01      9.0096E+01      1.0000E+00
      1.0020E+00      1.0007E+00      1.0000E+00      1.0010E+00      1.0014E+00      8.9929E+01      9.0066E+01      1.0000E+00
      1.0046E+00      1.0018E+00      1.0000E+00      1.0033E+00      1.0029E+00      8.9661E+01      9.0263E+01      1.0000E+00
      1.0124E+00      1.0046E+00      1.0001E+00      1.0086E+00      1.0079E+00      8.9046E+01      9.0729E+01      1.0000E+00
      1.0322E+00      1.0106E+00      1.0010E+00      1.0202E+00      1.0184E+00      8.7465E+01      9.1782E+01      1.0000E+00
      1.0961E+00      1.0365E+00      1.0098E+00      1.0655E+00      1.0360E+00      8.2009E+01      9.4885E+01      1.0000E+00
      9.4196E-01      1.1205E+00      1.0243E+00      1.1865E+00      8.3156E-01      8.2113E+01      1.0208E+02      1.0000E+00
      9.4837E-01      1.1172E+00      1.0204E+00      1.1873E+00      8.3759E-01      8.3976E+01      1.0024E+02      1.0000E+00
      1.1400E+00      1.0418E+00      1.0113E+00      1.0579E+00      1.1273E+00      8.1938E+01      9.7980E+01      1.0000E+00
      8.1141E-01      1.2438E+00      1.0737E+00      1.3906E+00      6.2505E-01      7.9235E+01      1.0898E+02      1.0000E+00
      6.7367E-01      1.2750E+00      1.3583E+00      1.4613E+00      3.6895E-01      7.2818E+01      1.3252E+02      1.0000E+00
      9.4474E-01      1.0335E+00      1.0049E+00      1.0525E+00      9.0493E-01      8.6105E+01      9.5669E+01      1.0000E+00
      9.4469E-01      1.0244E+00      1.0013E+00      1.0522E+00      9.0153E-01      8.7257E+01      9.2493E+01      1.0000E+00
      1.0250E+00      1.0410E+00      1.0018E+00      1.0585E+00      9.9379E-01      8.8208E+01      9.1767E+01      1.0000E+00
      1.0678E+00      1.0203E+00      1.0024E+00      1.0407E+00      1.0488E+00      8.6145E+01      9.2952E+01      1.0000E+00
      1.0445E+00      1.0146E+00      1.0015E+00      1.0257E+00      1.0290E+00      8.6934E+01      9.2340E+01      1.0000E+00
      1.0230E+00      1.0073E+00      1.0005E+00      1.0125E+00      1.0145E+00      8.8248E+01      9.1372E+01      1.0000E+00
      1.0107E+00      1.0031E+00      1.0001E+00      1.0055E+00      1.0065E+00      8.9128E+01      9.0668E+01      1.0000E+00
      1.0046E+00      1.0012E+00      1.0000E+00      1.0023E+00      1.0026E+00      8.9607E+01      9.0284E+01      1.0000E+00
      1.0018E+00      1.0005E+00      1.0000E+00      1.0009E+00      1.0009E+00      8.9844E+01      9.0105E+01      1.0000E+00
      1.0006E+00      1.0002E+00      1.0000E+00      1.0004E+00      1.0002E+00      8.9948E+01      9.0034E+01      1.0000E+00
      1.0002E+00      1.0001E+00      1.0000E+00      1.0001E+00      1.0001E+00      8.9986E+01      9.0009E+01      1.0000E+00
      1.0000E+00      1.0000E+00      1.0000E+00      1.0000E+00      1.0000E+00      8.9998E+01      9.0002E+01      1.0000E+00
      1.0001E+00      1.0000E+00      1.0000E+00      1.0000E+00      1.0000E+00      8.9996E+01      9.0003E+01      1.0000E+00
      1.0001E+00      1.0000E+00      1.0000E+00      1.0001E+00      1.0001E+00      8.9987E+01      9.0009E+01      1.0000E+00
      1.0004E+00      1.0001E+00      1.0000E+00      1.0002E+00      1.0002E+00      8.9968E+01      9.0024E+01      1.0000E+00
      1.0010E+00      1.0002E+00      1.0000E+00      1.0005E+00      1.0007E+00      8.9916E+01      9.0071E+01      1.0000E+00
      1.0023E+00      1.0004E+00      1.0000E+00      1.0010E+00      1.0018E+00      8.9784E+01      9.0200E+01      1.0000E+00
      1.0028E+00      1.0005E+00      1.0000E+00      1.0007E+00      1.0025E+00      8.9582E+01      9.0423E+01      1.0000E+00
      9.9475E-01      1.0040E+00      1.0001E+00      1.0081E+00      9.8996E-01      8.9128E+01      9.0609E+01      1.0000E+00
      9.5106E-01      1.0221E+00      1.0009E+00      1.0438E+00      9.2610E-01      8.8491E+01      9.1500E+01      1.0000E+00
      7.7238E-01      1.1112E+00      1.0442E+00      1.2441E+00      6.4742E-01      8.2652E+01      1.0574E+02      1.0000E+00
      5.2408E-01      1.5426E+00      1.2361E+00      1.8177E+00      3.2596E-01      6.5020E+01      1.2267E+02      1.0000E+00
      1.0162E+00      1.0620E+00      1.0056E+00      1.1093E+00      9.6271E-01      8.6960E+01      9.3095E+01      1.0000E+00
      1.0153E+00      1.0441E+00      1.0030E+00      1.0719E+00      9.7943E-01      8.8088E+01      9.3003E+01      1.0000E+00
      1.0708E+00      1.0169E+00      1.0020E+00      1.0365E+00      1.0547E+00      8.6491E+01      9.2915E+01      1.0000E+00
      1.0543E+00      1.0134E+00      1.0018E+00      1.0255E+00      1.0370E+00      8.6627E+01      9.2454E+01      1.0000E+00
      1.0307E+00      1.0077E+00      1.0007E+00      1.0142E+00      1.0195E+00      8.7846E+01      9.1562E+01      1.0000E+00
      1.0146E+00      1.0037E+00      1.0002E+00      1.0069E+00      1.0087E+00      8.8903E+01      9.0782E+01      1.0000E+00
      1.0066E+00      1.0014E+00      1.0000E+00      1.0029E+00      1.0038E+00      8.9561E+01      9.0289E+01      1.0000E+00
      1.0046E+00      1.0016E+00      1.0000E+00      1.0024E+00      1.0032E+00      8.9921E+01      9.0107E+01      1.0000E+00
      1.0074E+00      1.0035E+00      1.0000E+00      1.0057E+00      1.0056E+00      8.9542E+01      9.0436E+01      1.0000E+00
      1.0128E+00      1.0070E+00      1.0002E+00      1.0137E+00      1.0104E+00      8.9208E+01      9.0918E+01      1.0000E+00
      1.0090E+00      1.0221E+00      1.0010E+00      1.0446E+00      9.9218E-01      8.8279E+01      9.0771E+01      1.0000E+00
      9.5868E-01      1.1041E+00      1.0161E+00      1.1639E+00      8.5937E-01      8.4580E+01      9.9016E+01      1.0000E+00
      9.4085E-01      1.1839E+00      1.1318E+00      1.2950E+00      7.0298E-01      7.3508E+01      1.1780E+02      1.0000E+00
      8.2003E-01      1.2823E+00      1.1720E+00      1.3458E+00      6.1484E-01      6.7705E+01      1.2140E+02      1.0000E+00
      5.5060E-01      1.3336E+00      1.3106E+00      1.5130E+00      3.3080E-01      6.6505E+01      1.3003E+02      1.0000E+00
      7.8987E-01      1.0866E+00      1.0268E+00      1.1851E+00      6.7218E-01      8.4101E+01      1.0287E+02      1.0000E+00
      1.0726E+00      1.1279E+00      1.0234E+00      1.2095E+00      9.6015E-01      7.9684E+01      9.9134E+01      1.0000E+00
      1.1813E+00      1.0757E+00      1.0209E+00      1.1252E+00      1.0963E+00      7.8709E+01      9.8010E+01      1.0000E+00
      1.0766E+00      1.0246E+00      1.0044E+00      1.0368E+00      1.0501E+00      8.4703E+01      9.4376E+01      1.0000E+00
      1.0351E+00      1.0091E+00      1.0011E+00      1.0135E+00      1.0255E+00      8.7354E+01      9.2336E+01      1.0000E+00
      1.0180E+00      1.0038E+00      1.0003E+00      1.0062E+00      1.0129E+00      8.8572E+01      9.1210E+01      1.0000E+00
      1.0095E+00      1.0017E+00      1.0001E+00      1.0034E+00      1.0061E+00      8.9222E+01      9.0594E+01      1.0000E+00
      1.0044E+00      1.0012E+00      1.0000E+00      1.0022E+00      1.0025E+00      8.9623E+01      9.0273E+01      1.0000E+00
      1.0017E+00      1.0006E+00      1.0000E+00      1.0010E+00      1.0008E+00      8.9851E+01      9.0104E+01      1.0000E+00
      1.0005E+00      1.0002E+00      1.0000E+00      1.0004E+00      1.0002E+00      8.9954E+01      9.0031E+01      1.0000E+00
      1.0002E+00      1.0001E+00      1.0000E+00      1.0001E+00      1.0001E+00      8.9992E+01      9.0006E+01      1.0000E+00
      1.0003E+00      1.0001E+00      1.0000E+00      1.0002E+00      1.0001E+00      8.9980E+01      9.0013E+01      1.0000E+00
      1.0006E+00      1.0002E+00      1.0000E+00      1.0003E+00      1.0003E+00      8.9951E+01      9.0034E+01      1.0000E+00
      1.0011E+00      1.0003E+00      1.0000E+00      1.0005E+00      1.0007E+00      8.9913E+01      9.0067E+01      1.0000E+00
      1.0019E+00      1.0004E+00      1.0000E+00      1.0007E+00      1.0015E+00      8.9849E+01      9.0138E+01      1.0000E+00
      1.0039E+00      1.0011E+00      1.0000E+00      1.0016E+00      1.0029E+00      8.9653E+01      9.0327E+01      1.0000E+00
      1.0059E+00      1.0022E+00      1.0001E+00      1.0038E+00      1.0043E+00      8.9352E+01      9.0582E+01      1.0000E+00
      1.0073E+00      1.0068E+00      1.0005E+00      1.0171E+00      9.9830E-01      8.8230E+01      9.1490E+01      1.0000E+00
      1.0263E+00      1.0473E+00      1.0106E+00      1.1087E+00      9.6448E-01      8.2074E+01      9.6822E+01      1.0000E+00
      5.7006E-01      1.4526E+00      1.4262E+00      1.5851E+00      3.3151E-01      5.9108E+01      1.3523E+02      1.0000E+00
      6.0650E-01      1.2841E+00      1.3220E+00      1.4955E+00      3.6125E-01      6.8000E+01      1.3029E+02      1.0000E+00
      9.7438E-01      1.1843E+00      1.0517E+00      1.3058E+00      8.1374E-01      7.5674E+01      1.0745E+02      1.0000E+00
      1.1922E+00      1.0655E+00      1.0196E+00      1.1179E+00      1.1151E+00      7.8927E+01      9.7425E+01      1.0000E+00
      1.1079E+00      1.0272E+00      1.0068E+00      1.0455E+00      1.0735E+00      8.3386E+01      9.4967E+01      1.0000E+00
      1.0584E+00      1.0132E+00      1.0024E+00      1.0218E+00      1.0400E+00      8.6080E+01      9.3040E+01      1.0000E+00
      1.0292E+00      1.0063E+00      1.0007E+00      1.0110E+00      1.0193E+00      8.7930E+01      9.1579E+01      1.0000E+00
      1.0147E+00      1.0028E+00      1.0001E+00      1.0053E+00      1.0095E+00      8.9096E+01      9.0626E+01      1.0000E+00
      1.0107E+00      1.0034E+00      1.0000E+00      1.0048E+00      1.0079E+00      8.9857E+01      9.0180E+01      1.0000E+00
      1.0166E+00      1.0075E+00      1.0002E+00      1.0118E+00      1.0112E+00      8.9012E+01      9.0867E+01      1.0000E+00
      1.0311E+00      1.0190E+00      1.0012E+00      1.0281E+00      1.0195E+00      8.7642E+01      9.2242E+01      1.0000E+00
      1.0378E+00      1.0455E+00      1.0052E+00      1.0665E+00      1.0027E+00      8.5459E+01      9.5353E+01      1.0000E+00
      9.8781E-01      1.1306E+00      1.0396E+00      1.1868E+00      8.6411E-01      7.7943E+01      1.0584E+02      1.0000E+00
      7.8669E-01      1.3042E+00      1.3806E+00      1.4221E+00      4.4440E-01      6.8068E+01      1.3359E+02      1.0000E+00
      1.0476E+00      1.0202E+00      1.0028E+00      1.0316E+00      1.0307E+00      8.6371E+01      9.4250E+01      1.0000E+00
      1.0244E+00      1.0072E+00      1.0010E+00      1.0097E+00      1.0188E+00      8.7544E+01      9.2524E+01      1.0000E+00
      1.0201E+00      1.0011E+00      1.0004E+00      1.0019E+00      1.0192E+00      8.8366E+01      9.1617E+01      1.0000E+00
      1.0160E+00      1.0032E+00      1.0003E+00      1.0054E+00      1.0120E+00      8.8722E+01      9.1099E+01      1.0000E+00
      1.0096E+00      1.0028E+00      1.0001E+00      1.0049E+00      1.0060E+00      8.9215E+01      9.0616E+01      1.0000E+00
      1.0044E+00      1.0015E+00      1.0000E+00      1.0027E+00      1.0024E+00      8.9636E+01      9.0267E+01      1.0000E+00
      1.0016E+00      1.0006E+00      1.0000E+00      1.0010E+00      1.0008E+00      8.9875E+01      9.0089E+01      1.0000E+00
      1.0007E+00      1.0002E+00      1.0000E+00      1.0004E+00      1.0005E+00      8.9982E+01      9.0017E+01      1.0000E+00
      1.0011E+00      1.0003E+00      1.0000E+00      1.0006E+00      1.0005E+00      8.9921E+01      9.0052E+01      1.0000E+00
      1.0022E+00      1.0006E+00      1.0000E+00      1.0013E+00      1.0012E+00      8.9818E+01      9.0127E+01      1.0000E+00
      1.0035E+00      1.0010E+00      1.0000E+00      1.0022E+00      1.0024E+00      8.9730E+01      9.0211E+01      1.0000E+00
      1.0037E+00      1.0014E+00      1.0000E+00      1.0028E+00      1.0032E+00      8.9736E+01      9.0291E+01      1.0000E+00
      1.0056E+00      1.0037E+00      1.0001E+00      1.0070E+00      1.0028E+00      8.9538E+01      9.0597E+01      1.0000E+00
      1.0031E+00      1.0055E+00      1.0002E+00      1.0169E+00      9.9672E-01      8.9488E+01      9.0545E+01      1.0000E+00
      9.8881E-01      1.0144E+00      1.0024E+00      1.0537E+00      9.6377E-01      8.7390E+01      9.2592E+01      1.0000E+00
      1.0147E+00      1.0618E+00      1.0210E+00      1.1699E+00      9.1862E-01      7.9917E+01      9.7461E+01      1.0000E+00
      8.5376E-01      1.2517E+00      1.3149E+00      1.3984E+00      4.9970E-01      7.1654E+01      1.3046E+02      1.0000E+00
      1.1419E+00      1.0206E+00      1.0081E+00      1.0325E+00      1.1183E+00      8.2752E+01      9.6651E+01      1.0000E+00
      1.0834E+00      1.0132E+00      1.0040E+00      1.0229E+00      1.0653E+00      8.4910E+01      9.4424E+01      1.0000E+00
      1.0457E+00      1.0073E+00      1.0013E+00      1.0136E+00      1.0343E+00      8.7037E+01      9.2472E+01      1.0000E+00
      1.0259E+00      1.0044E+00      1.0003E+00      1.0085E+00      1.0188E+00      8.8559E+01      9.1047E+01      1.0000E+00
      1.0198E+00      1.0050E+00      1.0000E+00      1.0078E+00      1.0159E+00      8.9720E+01      9.0191E+01      1.0000E+00
      1.0296E+00      1.0090E+00      1.0003E+00      1.0165E+00      1.0230E+00      8.8738E+01      9.0970E+01      1.0000E+00
      1.0682E+00      1.0214E+00      1.0020E+00      1.0422E+00      1.0471E+00      8.6586E+01      9.2303E+01      1.0000E+00
      1.1332E+00      1.0355E+00      1.0040E+00      1.0648E+00      1.0999E+00      8.5310E+01      9.3281E+01      1.0000E+00
      9.9946E-01      1.1281E+00      1.0733E+00      1.2347E+00      8.1421E-01      7.9494E+01      1.1096E+02      1.0000E+00
      6.8499E-01      1.2954E+00      1.4576E+00      1.4018E+00      3.7194E-01      6.7416E+01      1.3667E+02      1.0000E+00
      9.8536E-01      1.0170E+00      1.0014E+00      1.0313E+00      9.5922E-01      8.6934E+01      9.1670E+01      1.0000E+00
      1.0171E+00      1.0043E+00      1.0008E+00      1.0089E+00      1.0115E+00      8.7691E+01      9.2176E+01      1.0000E+00
      1.0267E+00      1.0070E+00      1.0007E+00      1.0096E+00      1.0213E+00      8.7922E+01      9.1971E+01      1.0000E+00
      1.0196E+00      1.0063E+00      1.0004E+00      1.0105E+00      1.0130E+00      8.8494E+01      9.1239E+01      1.0000E+00
      1.0098E+00      1.0035E+00      1.0001E+00      1.0061E+00      1.0059E+00      8.9234E+01      9.0582E+01      1.0000E+00
      1.0039E+00      1.0014E+00      1.0000E+00      1.0025E+00      1.0023E+00      8.9721E+01      9.0206E+01      1.0000E+00
      1.0021E+00      1.0007E+00      1.0000E+00      1.0011E+00      1.0015E+00      8.9965E+01      9.0036E+01      1.0000E+00
      1.0034E+00      1.0008E+00      1.0000E+00      1.0017E+00      1.0018E+00      8.9748E+01      9.0167E+01      1.0000E+00
      1.0073E+00      1.0020E+00      1.0001E+00      1.0041E+00      1.0040E+00      8.9420E+01      9.0403E+01      1.0000E+00
      1.0112E+00      1.0033E+00      1.0001E+00      1.0071E+00      1.0074E+00      8.9147E+01      9.0669E+01      1.0000E+00
      1.0073E+00      1.0053E+00      1.0001E+00      1.0103E+00      1.0053E+00      8.9311E+01      9.0588E+01      1.0000E+00
      1.0110E+00      1.0116E+00      1.0005E+00      1.0178E+00      1.0056E+00      8.8518E+01      9.1514E+01      1.0000E+00
      1.0035E+00      1.0154E+00      1.0005E+00      1.0301E+00      1.0000E+00      8.9028E+01      9.0805E+01      1.0000E+00
      9.2105E-01      1.0566E+00      1.0068E+00      1.1187E+00      8.7287E-01      8.8100E+01      9.4805E+01      1.0000E+00
      8.3528E-01      1.0607E+00      1.0145E+00      1.1714E+00      7.8942E-01      8.6068E+01      9.4653E+01      1.0000E+00
      7.9558E-01      1.2556E+00      1.3320E+00      1.3929E+00      4.5906E-01      7.1879E+01      1.3134E+02      1.0000E+00
      1.0968E+00      1.0157E+00      1.0053E+00      1.0292E+00      1.0803E+00      8.4139E+01      9.5328E+01      1.0000E+00
      1.0559E+00      1.0069E+00      1.0017E+00      1.0144E+00      1.0469E+00      8.6642E+01      9.3056E+01      1.0000E+00
      1.0357E+00      1.0067E+00      1.0005E+00      1.0137E+00      1.0278E+00      8.8158E+01      9.1448E+01      1.0000E+00
      1.0251E+00      1.0070E+00      1.0001E+00      1.0145E+00      1.0199E+00      8.9482E+01      9.0260E+01      1.0000E+00
      1.0247E+00      1.0114E+00      1.0003E+00      1.0223E+00      1.0207E+00      8.9194E+01      9.0612E+01      1.0000E+00
      1.0896E+00      1.0277E+00      1.0051E+00      1.0699E+00      1.0562E+00      8.4976E+01      9.4274E+01      1.0000E+00
      9.7074E-01      1.1292E+00      1.0667E+00      1.2081E+00      7.8340E-01      7.9182E+01      1.1036E+02      1.0000E+00
      6.6809E-01      1.2951E+00      1.5032E+00      1.3902E+00      3.5232E-01      6.6975E+01      1.3829E+02      1.0000E+00
      1.0248E+00      1.0128E+00      1.0019E+00      1.0188E+00      1.0120E+00      8.6781E+01      9.3562E+01      1.0000E+00
      1.0526E+00      1.0168E+00      1.0022E+00      1.0224E+00      1.0393E+00      8.6296E+01      9.3488E+01      1.0000E+00
      1.0385E+00      1.0129E+00      1.0012E+00      1.0215E+00      1.0260E+00      8.7323E+01      9.2178E+01      1.0000E+00
      1.0194E+00      1.0066E+00      1.0003E+00      1.0119E+00      1.0126E+00      8.8642E+01      9.1035E+01      1.0000E+00
      1.0083E+00      1.0026E+00      1.0000E+00      1.0046E+00      1.0055E+00      8.9509E+01      9.0371E+01      1.0000E+00
      1.0052E+00      1.0013E+00      1.0000E+00      1.0022E+00      1.0039E+00      8.9893E+01      9.0079E+01      1.0000E+00
      1.0088E+00      1.0019E+00      1.0001E+00      1.0037E+00      1.0052E+00      8.9390E+01      9.0407E+01      1.0000E+00
      1.0196E+00      1.0049E+00      1.0003E+00      1.0096E+00      1.0112E+00      8.8519E+01      9.1016E+01      1.0000E+00
      1.0343E+00      1.0099E+00      1.0010E+00      1.0205E+00      1.0207E+00      8.7449E+01      9.1892E+01      1.0000E+00
      1.0075E+00      1.0231E+00      1.0008E+00      1.0405E+00      9.8994E-01      8.8399E+01      9.0946E+01      1.0000E+00
      1.0233E+00      1.0350E+00      1.0040E+00      1.0468E+00      1.0018E+00      8.5540E+01      9.4443E+01      1.0000E+00
      1.0653E+00      1.0330E+00      1.0051E+00      1.0787E+00      1.0324E+00      8.5262E+01      9.3798E+01      1.0000E+00
      8.5261E-01      1.1616E+00      1.0404E+00      1.2468E+00      7.4120E-01      7.9958E+01      1.0415E+02      1.0000E+00
      7.2923E-01      1.1401E+00      1.0362E+00      1.3003E+00      6.5948E-01      8.6921E+01      9.8292E+01      1.0000E+00
      7.5663E-01      1.2705E+00      1.3629E+00      1.3906E+00      4.3744E-01      6.9624E+01      1.3279E+02      1.0000E+00
      1.0458E+00      1.0116E+00      1.0012E+00      1.0186E+00      1.0418E+00      8.7417E+01      9.2652E+01      1.0000E+00
      1.0382E+00      1.0129E+00      1.0007E+00      1.0265E+00      1.0296E+00      8.8092E+01      9.1499E+01      1.0000E+00
      1.0208E+00      1.0134E+00      1.0005E+00      1.0307E+00      1.0126E+00      8.9298E+01      9.0459E+01      1.0000E+00
      9.5277E-01      1.0453E+00      1.0066E+00      1.1005E+00      8.9337E-01      8.7096E+01      9.6021E+01      1.0000E+00
      8.6990E-01      1.1568E+00      1.0384E+00      1.2338E+00      7.4800E-01      7.9835E+01      1.0473E+02      1.0000E+00
      7.5735E-01      1.2665E+00      1.3449E+00      1.3743E+00      4.4312E-01      6.9771E+01      1.3197E+02      1.0000E+00
      1.1185E+00      1.0425E+00      1.0081E+00      1.0618E+00      1.0788E+00      8.3049E+01      9.5912E+01      1.0000E+00
      1.0693E+00      1.0215E+00      1.0028E+00      1.0390E+00      1.0477E+00      8.5879E+01      9.3071E+01      1.0000E+00
      1.0319E+00      1.0090E+00      1.0006E+00      1.0176E+00      1.0233E+00      8.8153E+01      9.1373E+01      1.0000E+00
      1.0145E+00      1.0031E+00      1.0001E+00      1.0055E+00      1.0115E+00      8.9396E+01      9.0470E+01      1.0000E+00
      1.0105E+00      1.0014E+00      1.0000E+00      1.0027E+00      1.0086E+00      8.9769E+01      9.0170E+01      1.0000E+00
      1.0174E+00      1.0030E+00      1.0002E+00      1.0058E+00      1.0120E+00      8.8933E+01      9.0790E+01      1.0000E+00
      1.0399E+00      1.0082E+00      1.0012E+00      1.0160E+00      1.0251E+00      8.7232E+01      9.2016E+01      1.0000E+00
      1.1097E+00      1.0368E+00      1.0107E+00      1.0663E+00      1.0493E+00      8.1677E+01      9.5276E+01      1.0000E+00
      9.7041E-01      1.1090E+00      1.0173E+00      1.1626E+00      8.6726E-01      8.3792E+01      9.9503E+01      1.0000E+00
      1.0020E+00      1.1075E+00      1.0325E+00      1.1731E+00      9.0221E-01      7.7879E+01      1.0407E+02      1.0000E+00
      9.2465E-01      1.1646E+00      1.1118E+00      1.2427E+00      7.1020E-01      7.5317E+01      1.1591E+02      1.0000E+00
      7.1338E-01      1.2781E+00      1.4606E+00      1.3744E+00      3.9306E-01      6.7490E+01      1.3677E+02      1.0000E+00
      1.0391E+00      1.0333E+00      1.0024E+00      1.0658E+00      1.0193E+00      8.7371E+01      9.1611E+01      1.0000E+00
      1.0518E+00      1.0474E+00      1.0048E+00      1.0864E+00      1.0113E+00      8.5187E+01      9.3096E+01      1.0000E+00
      8.9438E-01      1.0849E+00      1.0286E+00      1.2085E+00      7.9805E-01      8.0106E+01      1.0134E+02      1.0000E+00
      7.4124E-01      1.0829E+00      1.0147E+00      1.1840E+00      6.9644E-01      8.7450E+01      9.5486E+01      1.0000E+00
      9.2056E-01      1.1670E+00      1.1243E+00      1.2754E+00      6.8225E-01      7.5712E+01      1.1715E+02      1.0000E+00
      1.0955E+00      1.0186E+00      1.0036E+00      1.0486E+00      1.0716E+00      8.5566E+01      9.4017E+01      1.0000E+00
      1.0370E+00      1.0065E+00      1.0004E+00      1.0146E+00      1.0332E+00      8.8709E+01      9.1387E+01      1.0000E+00
      1.0210E+00      1.0004E+00      1.0000E+00      1.0009E+00      1.0204E+00      8.9743E+01      9.0292E+01      1.0000E+00
      1.0193E+00      1.0025E+00      1.0000E+00      1.0055E+00      1.0173E+00      8.9555E+01      9.0359E+01      1.0000E+00
      1.0263E+00      1.0032E+00      1.0002E+00      1.0050E+00      1.0234E+00      8.8757E+01      9.1144E+01      1.0000E+00
      1.0297E+00      1.0126E+00      1.0006E+00      1.0199E+00      1.0160E+00      8.8034E+01      9.1490E+01      1.0000E+00
      9.8398E-01      1.0971E+00      1.0141E+00      1.1583E+00      8.7624E-01      8.4400E+01      9.9423E+01      1.0000E+00
      7.1334E-01      1.2871E+00      1.2317E+00      1.3776E+00      4.7694E-01      6.8626E+01      1.2572E+02      1.0000E+00
      7.9677E-01      1.2216E+00      1.0915E+00      1.3194E+00      6.2533E-01      7.4546E+01      1.1356E+02      1.0000E+00
      9.4269E-01      1.1008E+00      1.0196E+00      1.1600E+00      8.3320E-01      8.3431E+01      1.0126E+02      1.0000E+00
      1.0115E+00      1.0175E+00      1.0006E+00      1.0351E+00      9.8529E-01      8.9027E+01      9.2002E+01      1.0000E+00
      1.0302E+00      1.0103E+00      1.0002E+00      1.0159E+00      1.0238E+00      8.9302E+01      9.0786E+01      1.0000E+00
      1.0384E+00      1.0082E+00      1.0003E+00      1.0181E+00      1.0347E+00      8.9000E+01      9.0900E+01      1.0000E+00
      1.0589E+00      1.0169E+00      1.0021E+00      1.0324E+00      1.0403E+00      8.6385E+01      9.2627E+01      1.0000E+00
      1.0894E+00      1.0224E+00      1.0067E+00      1.0561E+00      1.0535E+00      8.3393E+01      9.5876E+01      1.0000E+00
      1.0499E+00      1.0815E+00      1.0360E+00      1.1748E+00      9.2896E-01      7.9259E+01      1.0431E+02      1.0000E+00
      1.0028E+00      1.1166E+00      1.0270E+00      1.2029E+00      8.6996E-01      8.1210E+01      1.0294E+02      1.0000E+00
      1.0476E+00      1.0165E+00      1.0010E+00      1.0431E+00      1.0178E+00      8.8856E+01      9.2235E+01      1.0000E+00
      1.0664E+00      1.0250E+00      1.0013E+00      1.0484E+00      1.0500E+00      8.8029E+01      9.1197E+01      1.0000E+00
      1.0622E+00      1.0269E+00      1.0010E+00      1.0431E+00      1.0502E+00      8.9026E+01      9.1015E+01      1.0000E+00
      1.0984E+00      1.0379E+00      1.0060E+00      1.0520E+00      1.0678E+00      8.4161E+01      9.5361E+01      1.0000E+00
      1.2448E+00      1.0818E+00      1.0217E+00      1.1274E+00      1.1552E+00      7.8631E+01      9.8648E+01      1.0000E+00
      1.0813E+00      1.1736E+00      1.1044E+00      1.2999E+00      8.4049E-01      7.6885E+01      1.1471E+02      1.0000E+00
      9.9127E-01      1.1549E+00      1.1846E+00      1.1843E+00      7.5536E-01      7.0277E+01      1.2241E+02      1.0000E+00
      1.1168E+00      1.0508E+00      1.0037E+00      1.0896E+00      1.0857E+00      8.7067E+01      9.2072E+01      1.0000E+00
      1.1328E+00      1.0634E+00      1.0096E+00      1.1029E+00      1.0906E+00      8.3353E+01      9.5671E+01      1.0000E+00
      1.0485E+00      1.1066E+00      1.0185E+00      1.1698E+00      9.5079E-01      8.1517E+01      1.0001E+02      1.0000E+00
      1.0322E+00      1.0470E+00      1.0183E+00      1.0977E+00      9.5812E-01      8.2045E+01      1.0057E+02      1.0000E+00
      8.9470E-01      1.2275E+00      1.1930E+00      1.3584E+00      5.9341E-01      7.4247E+01      1.2304E+02      1.0000E+00
      4.4391E-01      1.5896E+00      1.3109E+00      1.7825E+00      2.7813E-01      5.7303E+01      1.2964E+02      1.0000E+00
      4.4961E-01      1.5869E+00      1.2920E+00      1.7493E+00      2.8916E-01      6.0021E+01      1.2643E+02      1.0000E+00
      1.6403E-01      1.1180E+00      1.0365E+00      1.2938E+00      1.2983E-01      8.0316E+01      1.0414E+02      1.0000E+00
      2.0194E-01      1.4158E+00      1.1807E+00      1.7018E+00      1.3206E-01      6.6952E+01      1.2095E+02      1.0000E+00
      2.1314E-01      1.4432E+00      1.2257E+00      1.6169E+00      1.4183E-01      6.3012E+01      1.2495E+02      1.0000E+00
      3.7252E-01      1.1749E+00      1.1318E+00      1.1079E+00      3.4941E-01      6.4246E+01      1.1785E+02      1.0000E+00
      5.7400E-01      1.4536E+00      1.2555E+00      1.5410E+00      3.8598E-01      6.1389E+01      1.2715E+02      1.0000E+00
      5.0829E-01      1.3197E+00      1.1844E+00      1.4666E+00      3.7492E-01      6.4409E+01      1.2161E+02      1.0000E+00
      3.8749E-01      1.1071E+00      1.0288E+00      1.2880E+00      3.3046E-01      8.0682E+01      9.7033E+01      1.0000E+00
      2.7117E-01      1.0754E+00      1.0217E+00      1.1956E+00      2.4824E-01      8.1413E+01      9.6079E+01      1.0000E+00
      3.8063E-01      1.4407E+00      1.2992E+00      1.8202E+00      2.3406E-01      6.1700E+01      1.2677E+02      1.0000E+00
      2.4252E-01      1.0862E+00      1.0256E+00      1.1342E+00      2.2255E-01      8.0941E+01      1.0267E+02      1.0000E+00
      3.6947E-01      1.5130E+00      1.3570E+00      1.7907E+00      2.3031E-01      5.6800E+01      1.3057E+02      1.0000E+00
      2.1023E-01      1.0589E+00      1.0168E+00      1.1839E+00      1.9509E-01      8.5124E+01      9.4072E+01      1.0000E+00
      1.3621E-01      1.1184E+00      1.0588E+00      1.2265E+00      1.0962E-01      8.0458E+01      1.0904E+02      1.0000E+00
      7.6389E-02      1.2182E+00      1.0557E+00      1.3229E+00      6.1380E-02      7.9578E+01      1.0608E+02      1.0000E+00
      2.4876E-01      1.1398E+00      1.0304E+00      1.2068E+00      2.1811E-01      8.1016E+01      1.0275E+02      1.0000E+00
      3.2395E-01      1.0525E+00      1.0297E+00      1.0652E+00      3.1065E-01      7.6213E+01      1.0158E+02      1.0000E+00
      2.5571E-01      1.1038E+00      1.0164E+00      1.1763E+00      2.2675E-01      8.3222E+01      1.0017E+02      1.0000E+00
      1.1316E-01      1.4670E+00      1.4240E+00      1.7735E+00      6.4375E-02      5.8837E+01      1.3369E+02      1.0000E+00
      7.0554E-02      1.0420E+00      1.0084E+00      1.0994E+00      6.5948E-02      8.5155E+01      9.6826E+01      1.0000E+00
      1.0675E-01      1.5775E+00      1.3517E+00      1.9368E+00      6.5381E-02      5.6104E+01      1.2949E+02      1.0000E+00
      3.6041E-01      1.4961E+00      1.3674E+00      1.8055E+00      2.1792E-01      5.7890E+01      1.3093E+02      1.0000E+00
      2.3746E-01      1.0537E+00      1.0122E+00      1.0842E+00      2.2066E-01      8.4274E+01      9.8916E+01      1.0000E+00
      3.6735E-01      1.6024E+00      1.3513E+00      1.9372E+00      2.2064E-01      5.6312E+01      1.3015E+02      1.0000E+00
      4.4535E-02      1.4225E+00      1.8657E+00      1.7014E+00      1.8800E-02      5.9414E+01      1.4661E+02      1.0000E+00
      2.5151E-01      1.0662E+00      1.0126E+00      1.1279E+00      2.2805E-01      8.4714E+01      9.8867E+01      1.0000E+00
      1.9996E-01      1.2379E+00      1.0659E+00      1.3268E+00      1.6762E-01      7.5845E+01      1.0614E+02      1.0000E+00
      3.0251E-01      1.0995E+00      1.0352E+00      1.1210E+00      2.8885E-01      7.5992E+01      1.0389E+02      1.0000E+00
      7.0725E-02      1.0604E+00      1.0274E+00      1.1072E+00      6.5512E-02      7.9298E+01      1.0297E+02      1.0000E+00
      1.0732E-01      1.5727E+00      1.3231E+00      1.9280E+00      6.6595E-02      5.6944E+01      1.2821E+02      1.0000E+00
      1.0639E-01      1.3541E+00      1.3182E+00      1.5916E+00      6.9332E-02      6.1127E+01      1.2883E+02      1.0000E+00
      2.3761E-01      1.0611E+00      1.0160E+00      1.0985E+00      2.1934E-01      8.3471E+01      1.0015E+02      1.0000E+00
      3.6836E-01      1.6134E+00      1.3566E+00      1.9427E+00      2.1975E-01      5.6121E+01      1.3053E+02      1.0000E+00
      3.6540E-01      1.4940E+00      1.3367E+00      1.8338E+00      2.2109E-01      5.9174E+01      1.2932E+02      1.0000E+00
      4.0612E-01      1.2795E+00      1.0721E+00      1.4725E+00      3.2692E-01      7.4111E+01      1.0545E+02      1.0000E+00
      1.9386E-01      1.2752E+00      1.2109E+00      1.4244E+00      1.2718E-01      7.0631E+01      1.2424E+02      1.0000E+00
      1.8568E-01      1.0943E+00      1.0162E+00      1.1875E+00      1.7298E-01      8.2584E+01      9.3937E+01      1.0000E+00
      3.4325E-01      1.6966E+00      1.5582E+00      1.9491E+00      1.9054E-01      5.0318E+01      1.3841E+02      1.0000E+00
      2.6329E-01      1.5317E+00      1.4010E+00      1.8493E+00      1.8296E-01      5.0232E+01      1.2858E+02      1.0000E+00
      4.0822E-01      1.5124E+00      1.2742E+00      1.8545E+00      2.6448E-01      5.8974E+01      1.2549E+02      1.0000E+00
      2.5727E-01      1.0782E+00      1.0449E+00      1.1279E+00      2.3596E-01      7.3146E+01      1.0342E+02      1.0000E+00
      4.3084E-01      1.4256E+00      1.4032E+00      1.6488E+00      2.5563E-01      5.9364E+01      1.3346E+02      1.0000E+00
      2.7524E-01      1.3227E+00      1.0929E+00      1.5224E+00      2.0408E-01      7.6283E+01      1.0886E+02      1.0000E+00
      1.3970E-01      1.2299E+00      1.2172E+00      1.4474E+00      8.8607E-02      7.6258E+01      1.2424E+02      1.0000E+00
      1.4880E-01      1.4271E+00      1.3991E+00      1.5673E+00      8.5490E-02      6.1543E+01      1.3425E+02      1.0000E+00
      3.1192E-01      1.4076E+00      1.3358E+00      1.5107E+00      2.4147E-01      5.2627E+01      1.2893E+02      1.0000E+00
      2.4484E-01      1.0649E+00      1.0169E+00      1.1000E+00      2.3920E-01      8.0517E+01      9.8823E+01      1.0000E+00
      3.9657E-01      1.7220E+00      1.3917E+00      1.9901E+00      2.3979E-01      5.2491E+01      1.3224E+02      1.0000E+00
      3.2289E-01      1.7763E+00      1.5962E+00      2.0736E+00      1.7174E-01      4.9153E+01      1.3933E+02      1.0000E+00
      1.7505E-01      1.0672E+00      1.0149E+00      1.1846E+00      1.5922E-01      8.6213E+01      9.6764E+01      1.0000E+00
      2.6536E-01      1.6538E+00      1.4498E+00      2.1051E+00      1.6940E-01      5.0054E+01      1.3040E+02      1.0000E+00
      8.0636E-02      1.5885E+00      1.3721E+00      1.8463E+00      4.4952E-02      5.8910E+01      1.3264E+02      1.0000E+00
      1.1608E-01      1.3917E+00      1.1785E+00      1.7241E+00      7.2546E-02      5.8661E+01      1.0633E+02      1.0000E+00
      1.1678E-01      1.5235E+00      1.2586E+00      1.8658E+00      7.0162E-02      5.4018E+01      1.1300E+02      1.0000E+00
      6.4746E-02      1.1960E+00      1.0749E+00      1.3342E+00      5.3617E-02      6.9244E+01      1.0326E+02      1.0000E+00
      6.4461E-02      1.1015E+00      1.0774E+00      1.2256E+00      5.6814E-02      7.2205E+01      1.0946E+02      1.0000E+00
      2.3322E-01      1.1535E+00      1.0854E+00      1.3540E+00      1.9149E-01      7.3220E+01      1.0969E+02      1.0000E+00
      2.6949E-01      1.0739E+00      1.0319E+00      1.0810E+00      2.6537E-01      7.6410E+01      1.0392E+02      1.0000E+00
      5.4095E-02      1.6816E+00      1.5823E+00      1.4181E+00      4.5469E-02      3.9390E+01      1.3785E+02      1.0000E+00
      6.5253E-02      1.0796E+00      1.0147E+00      1.1865E+00      5.9059E-02      8.6100E+01      9.6832E+01      1.0000E+00
      1.0748E-01      1.6603E+00      1.4244E+00      1.9840E+00      6.1065E-02      5.4304E+01      1.3362E+02      1.0000E+00
      2.3001E-01      1.0456E+00      1.0094E+00      1.1278E+00      2.2188E-01      8.6277E+01      9.3759E+01      1.0000E+00
      3.8756E-01      1.7681E+00      1.5100E+00      2.0191E+00      2.1774E-01      5.0090E+01      1.3702E+02      1.0000E+00
      2.9417E-01      1.4674E+00      1.3763E+00      1.6680E+00      2.1942E-01      5.1051E+01      1.2922E+02      1.0000E+00
      3.2819E-01      1.4590E+00      1.3219E+00      1.7342E+00      2.2925E-01      5.5361E+01      1.2723E+02      1.0000E+00
      3.8409E-01      1.7330E+00      1.4727E+00      2.0032E+00      2.1834E-01      5.1421E+01      1.3566E+02      1.0000E+00
      2.4227E-01      1.0552E+00      1.0111E+00      1.1356E+00      2.2447E-01      8.5931E+01      9.7110E+01      1.0000E+00
      2.3485E-01      1.1453E+00      1.1519E+00      1.2544E+00      1.8660E-01      6.9415E+01      1.1878E+02      1.0000E+00
      2.7156E-01      1.0301E+00      1.0024E+00      1.0685E+00      2.6030E-01      8.6906E+01      9.1636E+01      1.0000E+00
      2.5308E-01      1.0781E+00      1.0352E+00      1.1511E+00      2.4357E-01      7.8021E+01      1.0275E+02      1.0000E+00
      9.0665E-02      1.5015E+00      1.3574E+00      1.8876E+00      5.3880E-02      5.8773E+01      1.2969E+02      1.0000E+00
      6.1808E-02      1.0715E+00      1.0139E+00      1.1655E+00      5.3836E-02      8.4336E+01      9.9098E+01      1.0000E+00
      9.8244E-02      1.5701E+00      1.3712E+00      1.9498E+00      5.5227E-02      5.8623E+01      1.3122E+02      1.0000E+00
      2.6547E-01      1.0668E+00      1.0265E+00      1.1115E+00      2.5765E-01      7.9275E+01      1.0194E+02      1.0000E+00
      2.5768E-01      1.0980E+00      1.0416E+00      1.1621E+00      2.4536E-01      7.7682E+01      1.0468E+02      1.0000E+00
      2.7844E-01      1.0437E+00      1.0050E+00      1.0865E+00      2.5865E-01      8.4314E+01      9.2461E+01      1.0000E+00
      6.4092E-02      1.0547E+00      1.0216E+00      1.1040E+00      5.9113E-02      8.2464E+01      1.0158E+02      1.0000E+00
      1.0326E-01      1.6160E+00      1.3436E+00      1.9551E+00      5.9684E-02      5.7784E+01      1.3033E+02      1.0000E+00
      1.0097E-01      1.5682E+00      1.3140E+00      1.9669E+00      5.9173E-02      5.9586E+01      1.2809E+02      1.0000E+00
      2.9716E-01      1.4534E+00      1.3417E+00      1.6533E+00      2.2326E-01      5.1919E+01      1.2765E+02      1.0000E+00
      2.3810E-01      1.0491E+00      1.0096E+00      1.1412E+00      2.2042E-01      8.6661E+01      9.5534E+01      1.0000E+00
      3.8508E-01      1.7473E+00      1.5083E+00      2.0203E+00      2.1532E-01      5.0591E+01      1.3682E+02      1.0000E+00
      3.6888E-01      1.6502E+00      1.3624E+00      1.9498E+00      2.1898E-01      5.5386E+01      1.3118E+02      1.0000E+00
      2.4081E-01      1.0299E+00      1.0103E+00      1.0510E+00      2.2893E-01      8.4615E+01      9.8187E+01      1.0000E+00
      3.6907E-01      1.6398E+00      1.3525E+00      1.9513E+00      2.1973E-01      5.5868E+01      1.3063E+02      1.0000E+00
      2.3521E-01      1.0408E+00      1.0085E+00      1.1286E+00      2.1757E-01      8.6350E+01      9.5362E+01      1.0000E+00
      2.9019E-01      1.4789E+00      1.3516E+00      1.6602E+00      2.1697E-01      5.0952E+01      1.2834E+02      1.0000E+00
      3.8106E-01      1.7286E+00      1.4946E+00      2.0153E+00      2.1323E-01      5.1280E+01      1.3630E+02      1.0000E+00
      2.9123E-01      1.4773E+00      1.3537E+00      1.6500E+00      2.1886E-01      5.0887E+01      1.2856E+02      1.0000E+00
      2.3686E-01      1.0417E+00      1.0081E+00      1.1266E+00      2.1947E-01      8.6738E+01      9.5323E+01      1.0000E+00
      3.8194E-01      1.7268E+00      1.4892E+00      2.0111E+00      2.1478E-01      5.1325E+01      1.3612E+02      1.0000E+00
      2.4001E-01      1.0291E+00      1.0114E+00      1.0473E+00      2.2860E-01      8.4098E+01      9.8601E+01      1.0000E+00
      3.6972E-01      1.6480E+00      1.3542E+00      1.9528E+00      2.2015E-01      5.5646E+01      1.3077E+02      1.0000E+00
      3.6931E-01      1.6418E+00      1.3523E+00      1.9528E+00      2.1986E-01      5.5839E+01      1.3063E+02      1.0000E+00
      3.5213E-01      1.5479E+00      1.2637E+00      1.9271E+00      2.2974E-01      5.8434E+01      1.2421E+02      1.0000E+00
      3.6713E-01      1.6460E+00      1.3570E+00      1.9389E+00      2.2081E-01      5.5233E+01      1.3089E+02      1.0000E+00
      3.5226E-01      1.5089E+00      1.3730E+00      1.8276E+00      2.1210E-01      5.7492E+01      1.3107E+02      1.0000E+00
      2.3362E-01      1.0608E+00      1.0106E+00      1.1002E+00      2.2210E-01      8.4000E+01      9.8033E+01      1.0000E+00
      3.8212E-01      1.7586E+00      1.5081E+00      2.0292E+00      2.1439E-01      5.0305E+01      1.3679E+02      1.0000E+00
      2.2484E-01      1.0567E+00      1.0151E+00      1.1682E+00      2.0985E-01      8.5365E+01      9.5799E+01      1.0000E+00
      2.8710E-01      1.4446E+00      1.3585E+00      1.6914E+00      2.1223E-01      5.1887E+01      1.2741E+02      1.0000E+00
      3.9073E-01      1.7600E+00      1.4244E+00      2.0072E+00      2.4004E-01      5.0649E+01      1.3296E+02      1.0000E+00
      3.0389E-01      1.4180E+00      1.3824E+00      1.5500E+00      2.3126E-01      5.1343E+01      1.3028E+02      1.0000E+00
      2.3444E-01      1.0956E+00      1.0198E+00      1.1806E+00      2.2527E-01      8.1276E+01      9.6755E+01      1.0000E+00
      3.6010E-01      1.8320E+00      1.6237E+00      2.0461E+00      1.8892E-01      4.8123E+01      1.4082E+02      1.0000E+00
      1.9443E-01      1.1129E+00      1.0422E+00      1.3310E+00      1.7157E-01      8.4890E+01      9.7051E+01      1.0000E+00
      2.2544E-01      1.4478E+00      1.4134E+00      1.7269E+00      1.6044E-01      4.8476E+01      1.2661E+02      1.0000E+00
      4.2446E-01      1.5211E+00      1.2478E+00      1.7790E+00      2.8303E-01      5.6155E+01      1.1727E+02      1.0000E+00
      2.3051E-01      1.5980E+00      1.3302E+00      2.1983E+00      9.8080E-02      5.2578E+01      1.2355E+02      1.0000E+00
      2.0177E-01      1.2534E+00      1.1327E+00      1.5750E+00      1.2216E-01      7.1178E+01      1.1731E+02      1.0000E+00
      3.6182E-01      1.4957E+00      1.3732E+00      1.7786E+00      2.2167E-01      5.7214E+01      1.3132E+02      1.0000E+00
      3.6140E-01      1.5009E+00      1.3739E+00      1.7921E+00      2.2076E-01      5.7153E+01      1.3127E+02      1.0000E+00
      2.5443E-01      1.0568E+00      1.0084E+00      1.1153E+00      2.2692E-01      8.4999E+01      9.7409E+01      1.0000E+00
      3.1489E-01      1.0629E+00      1.0331E+00      1.0849E+00      2.9646E-01      7.5471E+01      1.0204E+02      1.0000E+00
      2.5080E-01      1.0890E+00      1.0131E+00      1.1805E+00      2.2396E-01      8.4211E+01      9.8465E+01      1.0000E+00
      2.3235E-01      1.1560E+00      1.0950E+00      1.2672E+00      1.7333E-01      7.9561E+01      1.1403E+02      1.0000E+00
      1.1061E-01      1.5674E+00      1.3899E+00      1.8043E+00      6.5689E-02      5.6190E+01      1.3290E+02      1.0000E+00
      9.7850E-02      1.4588E+00      1.3837E+00      1.8302E+00      5.9530E-02      5.7984E+01      1.3036E+02      1.0000E+00
      7.4301E-02      1.1600E+00      1.0401E+00      1.3261E+00      6.4127E-02      8.0784E+01      9.6747E+01      1.0000E+00
      2.3927E-01      1.0259E+00      1.0100E+00      1.0865E+00      2.2819E-01      8.3826E+01      9.6709E+01      1.0000E+00
      2.2784E-01      1.0722E+00      1.0590E+00      1.0923E+00      2.0606E-01      7.5813E+01      1.0916E+02      1.0000E+00
      1.2670E-01      1.4472E+00      1.1746E+00      1.7038E+00      9.2001E-02      6.3585E+01      1.1485E+02      1.0000E+00
      5.2538E-02      1.3306E+00      1.4321E+00      1.5415E+00      2.6753E-02      7.0539E+01      1.3561E+02      1.0000E+00
      1.6459E-01      1.3842E+00      1.3503E+00      1.6471E+00      8.6482E-02      6.8987E+01      1.3203E+02      1.0000E+00
      3.6921E-01      1.4838E+00      1.3541E+00      1.7904E+00      2.2858E-01      5.7843E+01      1.3011E+02      1.0000E+00
      3.9399E-01      1.5451E+00      1.3703E+00      1.8003E+00      2.3692E-01      5.6937E+01      1.3184E+02      1.0000E+00
      2.6850E-01      1.0650E+00      1.0119E+00      1.1509E+00      2.4134E-01      8.6521E+01      9.8045E+01      1.0000E+00
      3.1169E-01      1.0794E+00      1.0362E+00      1.1257E+00      2.8390E-01      7.4832E+01      1.0023E+02      1.0000E+00
      2.2487E-01      1.1487E+00      1.1026E+00      1.2622E+00      1.6505E-01      8.0064E+01      1.1491E+02      1.0000E+00
      2.3110E-01      1.1608E+00      1.0964E+00      1.2924E+00      1.7134E-01      8.0086E+01      1.1413E+02      1.0000E+00
      9.0492E-02      1.4831E+00      1.3054E+00      1.8596E+00      5.8689E-02      5.8206E+01      1.2616E+02      1.0000E+00
      9.6506E-02      1.5055E+00      1.3908E+00      1.6879E+00      6.0724E-02      5.5585E+01      1.3287E+02      1.0000E+00
      5.8697E-02      1.0886E+00      1.0333E+00      1.1399E+00      5.5630E-02      7.5928E+01      1.0129E+02      1.0000E+00
      9.1571E-02      1.5280E+00      1.3704E+00      1.8125E+00      5.6536E-02      5.6255E+01      1.3111E+02      1.0000E+00
      8.9559E-02      1.5066E+00      1.3607E+00      1.8247E+00      5.5731E-02      5.6813E+01      1.3012E+02      1.0000E+00
      6.2142E-02      1.0623E+00      1.0123E+00      1.1282E+00      5.5846E-02      8.6895E+01      9.8771E+01      1.0000E+00
      7.9074E-02      1.1276E+00      1.0364E+00      1.2394E+00      6.9614E-02      7.5456E+01      9.8391E+01      1.0000E+00
      7.1996E-02      1.1801E+00      1.0449E+00      1.3131E+00      6.4253E-02      8.3083E+01      1.0022E+02      1.0000E+00
      7.0931E-02      1.0385E+00      1.0039E+00      1.0758E+00      7.0299E-02      8.7112E+01      9.3365E+01      1.0000E+00
      7.0628E-02      1.1209E+00      1.0249E+00      1.2305E+00      6.5077E-02      8.5385E+01      9.8058E+01      1.0000E+00
      7.2802E-02      1.0806E+00      1.0308E+00      1.1508E+00      6.4428E-02      7.5958E+01      9.8092E+01      1.0000E+00
      6.6952E-02      1.0217E+00      1.0011E+00      1.0325E+00      6.5516E-02      8.7983E+01      9.2672E+01      1.0000E+00
      6.0097E-02      1.0270E+00      1.0009E+00      1.0568E+00      5.8418E-02      8.8377E+01      9.1657E+01      1.0000E+00
      6.0512E-02      1.0423E+00      1.0037E+00      1.0801E+00      5.8157E-02      8.5664E+01      9.4381E+01      1.0000E+00
      7.3643E-02      1.0185E+00      1.0035E+00      1.0677E+00      7.1105E-02      8.7041E+01      9.3263E+01      1.0000E+00
      6.3874E-02      1.2162E+00      1.2202E+00      1.2678E+00      4.6178E-02      6.7891E+01      1.2493E+02      1.0000E+00
      6.4517E-02      1.0875E+00      1.0185E+00      1.1702E+00      5.7821E-02      7.9347E+01      9.7489E+01      1.0000E+00
      2.4601E-02      1.5692E+00      1.2713E+00      1.8953E+00      1.5218E-02      5.9666E+01      1.2640E+02      1.0000E+00
      2.8074E-02      1.6678E+00      1.3110E+00      2.0747E+00      1.5292E-02      6.1353E+01      1.2809E+02      1.0000E+00
      1.6249E-02      1.0642E+00      1.0382E+00      1.0869E+00      1.5099E-02      7.7220E+01      1.0551E+02      1.0000E+00
      1.2957E-02      1.4319E+00      1.3808E+00      1.3422E+00      1.0920E-02      4.6413E+01      1.3087E+02      1.0000E+00
      2.3345E-02      1.6846E+00      1.3660E+00      1.9102E+00      1.3546E-02      5.5885E+01      1.3216E+02      1.0000E+00
      1.5373E-02      1.1010E+00      1.0434E+00      1.1664E+00      1.4032E-02      7.8756E+01      1.0588E+02      1.0000E+00
      1.3463E-02      1.1738E+00      1.0446E+00      1.3265E+00      1.1488E-02      7.5726E+01      1.0492E+02      1.0000E+00
      8.9016E-03      1.3090E+00      1.2910E+00      1.4997E+00      5.6985E-03      6.5055E+01      1.2848E+02      1.0000E+00
      1.8934E-02      1.0858E+00      1.0103E+00      1.1535E+00      1.6885E-02      8.2308E+01      9.4806E+01      1.0000E+00
      1.5679E-02      1.0486E+00      1.0072E+00      1.0718E+00      1.5056E-02      8.3968E+01      9.6561E+01      1.0000E+00
      1.6695E-02      1.0132E+00      1.0030E+00      1.0248E+00      1.6475E-02      8.5612E+01      9.4276E+01      1.0000E+00
      1.6419E-02      1.0830E+00      1.0087E+00      1.1253E+00      1.5246E-02      8.4128E+01      9.4114E+01      1.0000E+00
      1.1812E-02      1.1365E+00      1.0626E+00      1.2183E+00      9.6360E-03      7.8508E+01      1.0975E+02      1.0000E+00
      1.4665E-02      1.5418E+00      1.2475E+00      1.7801E+00      8.9435E-03      6.4821E+01      1.2450E+02      1.0000E+00
      1.4861E-02      1.4841E+00      1.2343E+00      1.7054E+00      8.9482E-03      6.5961E+01      1.2575E+02      1.0000E+00
      2.3475E-02      1.1828E+00      1.0735E+00      1.3568E+00      1.7220E-02      6.8679E+01      9.9416E+01      1.0000E+00
      1.5163E-02      1.4994E+00      1.3083E+00      1.8158E+00      8.0259E-03      6.6618E+01      1.2984E+02      1.0000E+00
      3.4080E-02      1.1162E+00      1.0328E+00      1.1675E+00      3.0033E-02      7.9933E+01      1.0447E+02      1.0000E+00
      3.2025E-02      1.4612E+00      1.4263E+00      1.6608E+00      1.8051E-02      5.9723E+01      1.3497E+02      1.0000E+00
      1.5170E-01      1.4056E+00      1.2684E+00      1.5990E+00      1.0859E-01      5.8207E+01      1.2598E+02      1.0000E+00
      1.4345E-01      1.3004E+00      1.0964E+00      1.4550E+00      1.0804E-01      7.3984E+01      1.1177E+02      1.0000E+00
      4.1373E-01      1.2934E+00      1.0763E+00      1.4061E+00      3.3859E-01      7.7680E+01      1.0356E+02      1.0000E+00
      2.5281E-01      1.1762E+00      1.0883E+00      1.3019E+00      1.9248E-01      7.8772E+01      1.1314E+02      1.0000E+00
      8.5041E-02      1.5519E+00      1.4525E+00      1.8699E+00      4.7971E-02      5.5919E+01      1.3461E+02      1.0000E+00
      8.5399E-02      1.7092E+00      1.3483E+00      2.1200E+00      5.0780E-02      5.5117E+01      1.2871E+02      1.0000E+00
      3.7564E-02      1.2370E+00      1.3371E+00      1.3044E+00      2.5299E-02      6.3862E+01      1.3128E+02      1.0000E+00
      5.4629E-02      1.3358E+00      1.4082E+00      1.5719E+00      2.6015E-02      7.3676E+01      1.3475E+02      1.0000E+00
      1.6501E-02      1.3545E+00      1.1845E+00      1.6140E+00      1.2591E-02      6.1202E+01      1.1851E+02      1.0000E+00
      1.5033E-02      1.0971E+00      1.0134E+00      1.1532E+00      1.3847E-02      8.3196E+01      9.7615E+01      1.0000E+00
      1.5230E-02      1.0539E+00      1.0124E+00      1.1022E+00      1.4127E-02      8.1067E+01      9.5962E+01      1.0000E+00
      1.9992E-02      1.1754E+00      1.0321E+00      1.2967E+00      1.7363E-02      7.9710E+01      1.0053E+02      1.0000E+00
      2.8960E-02      1.1284E+00      1.1064E+00      1.1266E+00      2.6015E-02      6.8237E+01      1.1517E+02      1.0000E+00
      2.1666E-02      1.2150E+00      1.0630E+00      1.4376E+00      1.5291E-02      7.5126E+01      1.0942E+02      1.0000E+00
      3.1662E-02      1.1495E+00      1.0229E+00      1.2410E+00      2.7330E-02      8.0261E+01      9.6526E+01      1.0000E+00
      1.1980E-02      1.4474E+00      1.4225E+00      1.6974E+00      5.9220E-03      6.6300E+01      1.3525E+02      1.0000E+00
      3.4583E-02      1.4311E+00      1.1815E+00      1.6968E+00      2.5245E-02      6.1613E+01      1.1694E+02      1.0000E+00
      4.5134E-02      1.0683E+00      1.0307E+00      1.1074E+00      4.0461E-02      8.1185E+01      1.0402E+02      1.0000E+00
      6.0604E-02      1.0981E+00      1.0330E+00      1.1906E+00      5.4419E-02      7.8031E+01      1.0349E+02      1.0000E+00
      6.1713E-02      1.1046E+00      1.0482E+00      1.2309E+00      5.4793E-02      7.5653E+01      1.0522E+02      1.0000E+00
      7.4239E-02      1.0954E+00      1.0263E+00      1.1939E+00      6.2630E-02      7.7001E+01      9.4944E+01      1.0000E+00
      6.5579E-02      1.1450E+00      1.0366E+00      1.2994E+00      5.2686E-02      8.1799E+01      1.0446E+02      1.0000E+00
      9.4278E-02      1.4945E+00      1.3675E+00      1.7912E+00      5.9825E-02      5.6144E+01      1.3036E+02      1.0000E+00
      9.2715E-02      1.3535E+00      1.3066E+00      1.7706E+00      5.9366E-02      6.2539E+01      1.2517E+02      1.0000E+00
      1.9754E-01      1.2029E+00      1.0525E+00      1.3024E+00      1.6088E-01      7.8417E+01      1.0684E+02      1.0000E+00
      2.2227E-01      1.1322E+00      1.0583E+00      1.2317E+00      1.7643E-01      8.1683E+01      1.0909E+02      1.0000E+00
      3.0252E-01      1.0889E+00      1.0402E+00      1.1189E+00      2.7846E-01      7.4131E+01      1.0258E+02      1.0000E+00
      6.3716E-02      1.1165E+00      1.0287E+00      1.2367E+00      5.2606E-02      8.3215E+01      1.0327E+02      1.0000E+00
      9.1634E-02      1.4246E+00      1.3211E+00      1.8213E+00      5.8178E-02      5.9916E+01      1.2668E+02      1.0000E+00
      9.2869E-02      1.4865E+00      1.3633E+00      1.8038E+00      5.8324E-02      5.6867E+01      1.3005E+02      1.0000E+00
      2.0161E-01      1.0574E+00      1.0090E+00      1.0906E+00      1.9431E-01      8.3295E+01      9.5771E+01      1.0000E+00
      3.2640E-01      1.5969E+00      1.4329E+00      1.9603E+00      2.0944E-01      5.1336E+01      1.3127E+02      1.0000E+00
      3.7229E-01      1.6430E+00      1.4883E+00      1.9698E+00      2.1364E-01      5.2196E+01      1.3533E+02      1.0000E+00
      3.3885E-01      1.5497E+00      1.3289E+00      1.9453E+00      2.2814E-01      5.3702E+01      1.2547E+02      1.0000E+00
      2.4507E-01      1.1042E+00      1.0317E+00      1.2416E+00      2.1192E-01      7.6752E+01      9.7238E+01      1.0000E+00
      4.4702E-01      1.6161E+00      1.5002E+00      1.8577E+00      2.4147E-01      5.4624E+01      1.3729E+02      1.0000E+00
      1.8396E-01      1.2173E+00      1.0587E+00      1.3018E+00      1.6199E-01      7.7851E+01      1.0350E+02      1.0000E+00
      2.0443E-01      1.1117E+00      1.0322E+00      1.2548E+00      1.8105E-01      7.8416E+01      9.6323E+01      1.0000E+00
      2.2757E-01      1.0893E+00      1.0401E+00      1.2827E+00      1.9666E-01      7.9680E+01      9.7517E+01      1.0000E+00
      3.8064E-01      1.6229E+00      1.5300E+00      1.9037E+00      2.1233E-01      5.2337E+01      1.3735E+02      1.0000E+00
      2.7153E-01      1.4421E+00      1.4143E+00      1.7327E+00      1.9732E-01      5.0589E+01      1.2835E+02      1.0000E+00
      2.0332E-01      1.0878E+00      1.0302E+00      1.2291E+00      1.8323E-01      7.9685E+01      9.7498E+01      1.0000E+00
      1.9548E-01      1.1077E+00      1.0216E+00      1.2287E+00      1.8449E-01      8.8285E+01      9.4658E+01      1.0000E+00
      2.6434E-01      1.4517E+00      1.3972E+00      1.7782E+00      1.8965E-01      5.1764E+01      1.2778E+02      1.0000E+00
      2.0849E-01      1.0728E+00      1.0288E+00      1.2426E+00      1.9044E-01      8.4438E+01      9.5906E+01      1.0000E+00
      3.7672E-01      1.7470E+00      1.4888E+00      2.0306E+00      2.0801E-01      5.1579E+01      1.3632E+02      1.0000E+00
      2.4831E-01      1.1022E+00      1.0455E+00      1.2899E+00      2.1524E-01      7.8435E+01      1.0230E+02      1.0000E+00
      2.0168E-01      1.2986E+00      1.5320E+00      1.4274E+00      1.0257E-01      6.7818E+01      1.3921E+02      1.0000E+00
      3.2165E-01      1.0841E+00      1.0373E+00      1.1165E+00      2.9583E-01      7.4673E+01      1.0179E+02      1.0000E+00
      2.3332E-01      1.0706E+00      1.0115E+00      1.1098E+00      2.2561E-01      8.3105E+01      9.6494E+01      1.0000E+00
      3.8283E-01      1.6365E+00      1.3769E+00      1.9511E+00      2.3604E-01      5.3726E+01      1.3098E+02      1.0000E+00
      3.7226E-01      1.5372E+00      1.4235E+00      1.8775E+00      2.2316E-01      5.5091E+01      1.3253E+02      1.0000E+00
      2.3164E-01      1.2014E+00      1.2019E+00      1.3181E+00      1.5348E-01      7.4536E+01      1.2369E+02      1.0000E+00
      1.9061E-01      1.3389E+00      1.4483E+00      1.4883E+00      1.0139E-01      6.7156E+01      1.3628E+02      1.0000E+00
      3.2850E-01      1.1062E+00      1.0405E+00      1.1378E+00      3.0510E-01      7.4498E+01      1.0373E+02      1.0000E+00
      2.7357E-01      1.0807E+00      1.0110E+00      1.1529E+00      2.3706E-01      8.3122E+01      9.8469E+01      1.0000E+00
      3.8075E-01      1.4901E+00      1.3807E+00      1.7788E+00      2.3238E-01      5.7188E+01      1.3155E+02      1.0000E+00
      3.9056E-01      1.4630E+00      1.3490E+00      1.7822E+00      2.3756E-01      5.9276E+01      1.2998E+02      1.0000E+00
      1.8172E-01      1.2323E+00      1.2422E+00      1.3445E+00      1.1832E-01      7.1153E+01      1.2637E+02      1.0000E+00
      2.1327E-01      1.1773E+00      1.1321E+00      1.2680E+00      1.7296E-01      6.8774E+01      1.1731E+02      1.0000E+00
      8.2689E-02      1.5225E+00      1.2865E+00      1.7866E+00      4.9515E-02      6.1601E+01      1.2826E+02      1.0000E+00
      2.3754E-01      1.0470E+00      1.0106E+00      1.1502E+00      2.1883E-01      8.5961E+01      9.4669E+01      1.0000E+00
      3.7879E-01      1.6484E+00      1.5498E+00      1.8949E+00      2.1231E-01      5.1168E+01      1.3816E+02      1.0000E+00
      3.1801E-01      1.4568E+00      1.3425E+00      1.7500E+00      2.2671E-01      5.3956E+01      1.2717E+02      1.0000E+00
      4.3513E-02      1.2798E+00      1.4811E+00      1.3294E+00      2.4768E-02      6.5097E+01      1.3753E+02      1.0000E+00
      4.6195E-02      1.2939E+00      1.5094E+00      1.3979E+00      2.4783E-02      6.6487E+01      1.3845E+02      1.0000E+00
      6.4945E-02      1.0350E+00      1.0026E+00      1.0689E+00      6.3778E-02      8.7339E+01      9.1722E+01      1.0000E+00
      8.0267E-02      1.0608E+00      1.0306E+00      1.0526E+00      7.7645E-02      7.6649E+01      1.0399E+02      1.0000E+00
      4.5866E-02      1.3827E+00      1.6668E+00      1.4085E+00      2.3555E-02      5.9317E+01      1.4312E+02      1.0000E+00
      7.4035E-02      1.0426E+00      1.0023E+00      1.0883E+00      6.9982E-02      8.6495E+01      9.2766E+01      1.0000E+00
      9.9534E-02      1.5820E+00      1.4607E+00      1.8580E+00      6.0758E-02      5.2330E+01      1.3429E+02      1.0000E+00
      6.5175E-02      1.0544E+00      1.0052E+00      1.0898E+00      6.1568E-02      8.5768E+01      9.5568E+01      1.0000E+00
      9.8087E-02      1.5947E+00      1.3741E+00      1.8971E+00      6.3872E-02      5.2835E+01      1.3014E+02      1.0000E+00
      6.4107E-02      1.0388E+00      1.0028E+00      1.0634E+00      6.2317E-02      8.7530E+01      9.3309E+01      1.0000E+00
      6.7973E-02      1.0103E+00      1.0006E+00      1.0279E+00      6.7332E-02      8.8690E+01      9.1431E+01      1.0000E+00
      6.5688E-02      1.0279E+00      1.0012E+00      1.0507E+00      6.4828E-02      8.8638E+01      9.0922E+01      1.0000E+00
      7.2730E-02      1.0662E+00      1.0163E+00      1.1182E+00      6.7453E-02      7.9935E+01      9.7944E+01      1.0000E+00
      6.2075E-02      1.0591E+00      1.0142E+00      1.1647E+00      5.6838E-02      8.5612E+01      9.7075E+01      1.0000E+00
      1.0008E-01      1.7533E+00      1.4747E+00      2.0171E+00      5.7889E-02      5.0473E+01      1.3557E+02      1.0000E+00
      8.3135E-02      1.4321E+00      1.3439E+00      1.7269E+00      5.8679E-02      5.4834E+01      1.2736E+02      1.0000E+00
      2.7833E-01      1.5706E+00      1.3761E+00      1.9248E+00      1.8854E-01      5.1200E+01      1.2783E+02      1.0000E+00
      2.3268E-01      1.1323E+00      1.0602E+00      1.3445E+00      1.9761E-01      7.5409E+01      1.0406E+02      1.0000E+00
      3.6747E-01      1.7937E+00      1.6078E+00      2.0243E+00      1.9036E-01      4.9491E+01      1.4047E+02      1.0000E+00
      1.0229E-02      1.3422E+00      1.4670E+00      1.5722E+00      6.1832E-03      5.8907E+01      1.3498E+02      1.0000E+00
      1.5149E-02      1.1882E+00      1.0764E+00      1.2925E+00      1.2458E-02      7.3249E+01      1.1134E+02      1.0000E+00
      4.1493E-02      1.2405E+00      1.3160E+00      1.3034E+00      2.8577E-02      6.6179E+01      1.3025E+02      1.0000E+00
      1.0728E-02      1.3843E+00      1.2287E+00      1.5220E+00      6.9825E-03      6.6143E+01      1.2547E+02      1.0000E+00
      2.6559E-02      1.4549E+00      1.1892E+00      1.7870E+00      1.7281E-02      5.9652E+01      1.0824E+02      1.0000E+00
      2.0645E-02      1.7228E+00      1.4125E+00      1.9063E+00      1.3729E-02      4.9889E+01      1.3169E+02      1.0000E+00
      2.3650E-02      1.5650E+00      1.3479E+00      1.9122E+00      1.4005E-02      5.7788E+01      1.3004E+02      1.0000E+00
      1.5068E-02      1.0495E+00      1.0105E+00      1.0782E+00      1.4140E-02      8.4485E+01      9.8269E+01      1.0000E+00
      1.2837E-02      1.0845E+00      1.0122E+00      1.1674E+00      1.1841E-02      8.5961E+01      9.4926E+01      1.0000E+00
      2.1661E-02      1.7517E+00      1.5907E+00      2.0715E+00      1.3481E-02      4.5392E+01      1.3659E+02      1.0000E+00
      2.2428E-02      1.7626E+00      1.5687E+00      1.9450E+00      1.4395E-02      4.4931E+01      1.3745E+02      1.0000E+00
      2.2472E-02      1.7102E+00      1.4986E+00      1.9667E+00      1.4956E-02      4.6431E+01      1.3415E+02      1.0000E+00
      1.5058E-02      1.0560E+00      1.0081E+00      1.0867E+00      1.4219E-02      8.3172E+01      9.5129E+01      1.0000E+00
      2.0232E-02      1.7031E+00      1.5527E+00      1.8178E+00      1.4322E-02      4.3459E+01      1.3623E+02      1.0000E+00
      2.1373E-02      1.8153E+00      1.5643E+00      1.9713E+00      1.3882E-02      4.4005E+01      1.3749E+02      1.0000E+00
      1.4591E-02      1.0367E+00      1.0131E+00      1.0906E+00      1.3842E-02      8.0977E+01      9.7794E+01      1.0000E+00
      2.0077E-02      1.7093E+00      1.5462E+00      1.9175E+00      1.3531E-02      4.4973E+01      1.3578E+02      1.0000E+00
      2.1125E-02      1.6261E+00      1.4165E+00      2.0154E+00      1.2085E-02      4.5213E+01      1.1672E+02      1.0000E+00
      1.8814E-02      1.7455E+00      1.4089E+00      2.4752E+00      6.9392E-03      4.5595E+01      1.2439E+02      1.0000E+00
      1.3693E-02      1.2529E+00      1.3383E+00      1.3697E+00      8.4470E-03      6.9116E+01      1.3151E+02      1.0000E+00
      1.3746E-02      1.5863E+00      1.5267E+00      1.3371E+00      1.1538E-02      4.0948E+01      1.3495E+02      1.0000E+00
      1.6352E-02      1.0635E+00      1.0234E+00      1.1371E+00      1.4465E-02      8.3403E+01      1.0204E+02      1.0000E+00
      2.4973E-02      1.5315E+00      1.3175E+00      1.8537E+00      1.5396E-02      5.8405E+01      1.2856E+02      1.0000E+00
      1.3774E-02      1.2406E+00      1.3335E+00      1.3595E+00      8.0789E-03      7.1319E+01      1.3141E+02      1.0000E+00
      1.9018E-02      1.0217E+00      1.0054E+00      1.0347E+00      1.8553E-02      8.4102E+01      9.4659E+01      1.0000E+00
      1.9190E-02      1.0442E+00      1.0116E+00      1.0815E+00      1.8373E-02      8.1463E+01      9.6290E+01      1.0000E+00
      1.8570E-02      1.0155E+00      1.0052E+00      1.0239E+00      1.8362E-02      8.4213E+01      9.5204E+01      1.0000E+00
      1.8148E-02      1.0094E+00      1.0011E+00      1.0173E+00      1.7897E-02      8.7310E+01      9.1926E+01      1.0000E+00
      2.0007E-02      1.0776E+00      1.0143E+00      1.1350E+00      1.8032E-02      8.0598E+01      9.4814E+01      1.0000E+00
      1.7594E-02      1.0300E+00      1.0025E+00      1.0484E+00      1.6980E-02      8.6143E+01      9.2495E+01      1.0000E+00
      1.8115E-02      1.0402E+00      1.0088E+00      1.0714E+00      1.7444E-02      8.2961E+01      9.7306E+01      1.0000E+00
      6.0449E-02      1.2157E+00      1.1564E+00      1.2635E+00      4.6511E-02      6.9217E+01      1.2013E+02      1.0000E+00
      6.8138E-02      1.1179E+00      1.0218E+00      1.1582E+00      6.3294E-02      8.1580E+01      9.9036E+01      1.0000E+00
      2.2299E-02      1.6903E+00      1.5997E+00      1.9523E+00      1.1060E-02      5.2933E+01      1.4045E+02      1.0000E+00
      1.4009E-02      1.1923E+00      1.0723E+00      1.4820E+00      1.1195E-02      7.4926E+01      1.0419E+02      1.0000E+00
      1.0987E-02      1.5634E+00      1.4731E+00      1.5404E+00      8.1759E-03      4.2786E+01      1.2771E+02      1.0000E+00
      1.7740E-02      1.0274E+00      1.0021E+00      1.0572E+00      1.7249E-02      8.6644E+01      9.1901E+01      1.0000E+00
      1.9043E-02      1.0393E+00      1.0139E+00      1.0703E+00      1.7981E-02      8.0501E+01      9.6694E+01      1.0000E+00
      1.7887E-02      1.1573E+00      1.0358E+00      1.2471E+00      1.6638E-02      8.1516E+01      9.9504E+01      1.0000E+00
      1.2659E-02      1.3251E+00      1.3650E+00      1.4467E+00      7.5787E-03      6.6235E+01      1.3278E+02      1.0000E+00
      1.6046E-02      1.1361E+00      1.0445E+00      1.2796E+00      1.3497E-02      7.8301E+01      1.0546E+02      1.0000E+00
      1.0531E-02      1.3697E+00      1.3502E+00      1.5748E+00      6.0865E-03      6.4869E+01      1.3185E+02      1.0000E+00
      1.0531E-02      1.5759E+00      1.3118E+00      1.8357E+00      5.5136E-03      6.6159E+01      1.3030E+02      1.0000E+00
      6.1208E-02      1.0556E+00      1.0147E+00      1.1709E+00      5.6777E-02      8.5057E+01      9.3782E+01      1.0000E+00
      7.8196E-02      1.1564E+00      1.0303E+00      1.2635E+00      6.5266E-02      8.1180E+01      1.0065E+02      1.0000E+00
      9.1298E-02      1.4072E+00      1.5327E+00      1.5082E+00      6.0652E-02      5.1898E+01      1.3720E+02      1.0000E+00
      6.4227E-02      1.0632E+00      1.0120E+00      1.1448E+00      5.9443E-02      8.2400E+01      9.4257E+01      1.0000E+00
      1.0319E-01      1.6970E+00      1.3773E+00      2.0011E+00      6.6581E-02      5.1298E+01      1.3027E+02      1.0000E+00
      5.5955E-02      1.0619E+00      1.0192E+00      1.1212E+00      5.3421E-02      8.2103E+01      9.9950E+01      1.0000E+00
      9.5416E-02      1.6551E+00      1.4354E+00      1.9534E+00      5.8948E-02      5.1302E+01      1.3308E+02      1.0000E+00
      9.4785E-02      1.5538E+00      1.3518E+00      2.0339E+00      5.9068E-02      5.6188E+01      1.2697E+02      1.0000E+00
      2.3120E-01      1.1354E+00      1.0593E+00      1.3561E+00      1.9618E-01      7.6087E+01      1.0387E+02      1.0000E+00
      3.7230E-01      1.8031E+00      1.6218E+00      2.0402E+00      1.9364E-01      4.8831E+01      1.4069E+02      1.0000E+00
      2.8107E-01      1.5406E+00      1.3747E+00      1.9177E+00      1.8978E-01      5.1477E+01      1.2689E+02      1.0000E+00
      4.6351E-02      1.2450E+00      1.3648E+00      1.3276E+00      2.7522E-02      6.9078E+01      1.3289E+02      1.0000E+00
      4.5114E-02      1.2605E+00      1.4274E+00      1.3343E+00      2.5661E-02      6.7780E+01      1.3553E+02      1.0000E+00
      6.6308E-02      1.0143E+00      1.0023E+00      1.0224E+00      6.5530E-02      8.6196E+01      9.3334E+01      1.0000E+00
      3.8538E-02      1.3142E+00      1.2337E+00      1.4968E+00      2.5073E-02      6.7553E+01      1.2547E+02      1.0000E+00
      5.1029E-02      1.0746E+00      1.0147E+00      1.1608E+00      4.4523E-02      8.4932E+01      9.9546E+01      1.0000E+00
      4.9224E-02      1.3070E+00      1.3618E+00      1.4415E+00      2.7858E-02      6.8641E+01      1.3274E+02      1.0000E+00
      6.6173E-02      1.1210E+00      1.0201E+00      1.2049E+00      5.9469E-02      8.0534E+01      9.8477E+01      1.0000E+00
      7.2866E-02      1.0692E+00      1.0193E+00      1.1286E+00      6.7089E-02      7.8971E+01      9.6531E+01      1.0000E+00
      6.2805E-02      1.0283E+00      1.0078E+00      1.0571E+00      6.0402E-02      8.4874E+01      9.6971E+01      1.0000E+00
      6.1013E-02      1.0229E+00      1.0030E+00      1.0426E+00      5.8924E-02      8.5599E+01      9.2802E+01      1.0000E+00
      6.7438E-02      1.0301E+00      1.0067E+00      1.0378E+00      6.6086E-02      8.3576E+01      9.6236E+01      1.0000E+00
      6.5979E-02      1.0112E+00      1.0045E+00      1.0271E+00      6.4964E-02      8.5061E+01      9.5268E+01      1.0000E+00
      6.3640E-02      1.0361E+00      1.0022E+00      1.0540E+00      6.2067E-02      8.7726E+01      9.2702E+01      1.0000E+00
      4.5623E-02      1.2790E+00      1.4275E+00      1.4072E+00      2.4946E-02      6.9211E+01      1.3550E+02      1.0000E+00
      4.4581E-02      1.2784E+00      1.4015E+00      1.3984E+00      2.5235E-02      6.8720E+01      1.3444E+02      1.0000E+00
      6.2950E-02      1.0922E+00      1.0344E+00      1.1305E+00      5.6791E-02      7.8703E+01      1.0479E+02      1.0000E+00
      4.8842E-02      1.2917E+00      1.4725E+00      1.4201E+00      2.6166E-02      6.6916E+01      1.3716E+02      1.0000E+00
      2.5672E-02      1.6178E+00      1.3342E+00      1.9369E+00      1.5709E-02      5.6069E+01      1.2943E+02      1.0000E+00
      1.6656E-02      1.0960E+00      1.0176E+00      1.1512E+00      1.5191E-02      8.2966E+01      1.0023E+02      1.0000E+00
      1.4749E-02      1.5460E+00      1.4921E+00      1.3175E+00      1.2529E-02      4.2102E+01      1.3244E+02      1.0000E+00
      1.5533E-02      1.1536E+00      1.0874E+00      1.2659E+00      1.3641E-02      6.9192E+01      1.1121E+02      1.0000E+00
      1.0058E-02      1.2943E+00      1.4076E+00      1.4246E+00      6.6434E-03      5.9228E+01      1.3336E+02      1.0000E+00
      1.9816E-01      1.2233E+00      1.1073E+00      1.2611E+00      1.7236E-01      6.6105E+01      1.1507E+02      1.0000E+00
      2.2259E-01      1.0917E+00      1.0358E+00      1.1902E+00      2.0287E-01      8.0728E+01      1.0342E+02      1.0000E+00
      3.0668E-01      1.4695E+00      1.3961E+00      1.8113E+00      2.0897E-01      5.3360E+01      1.2902E+02      1.0000E+00
      2.2869E-01      1.0718E+00      1.0207E+00      1.2092E+00      2.1043E-01      8.4452E+01      9.4107E+01      1.0000E+00
      3.8512E-01      1.7667E+00      1.5397E+00      2.0188E+00      2.1211E-01      4.9863E+01      1.3801E+02      1.0000E+00
      3.7583E-01      1.5581E+00      1.3505E+00      1.8615E+00      2.2763E-01      5.7054E+01      1.3041E+02      1.0000E+00
      3.6159E-01      1.4983E+00      1.3718E+00      1.8351E+00      2.1743E-01      5.7838E+01      1.3077E+02      1.0000E+00
      2.4370E-01      1.0596E+00      1.0128E+00      1.1193E+00      2.2375E-01      8.5812E+01      9.8817E+01      1.0000E+00
      3.7363E-01      1.3336E+00      1.1055E+00      1.5247E+00      2.8473E-01      7.2106E+01      1.1073E+02      1.0000E+00
      1.8221E-01      1.2883E+00      1.4468E+00      1.4464E+00      9.9905E-02      6.8694E+01      1.3605E+02      1.0000E+00
      6.8921E-02      1.6468E+00      1.3027E+00      2.3062E+00      2.6702E-02      5.0677E+01      1.2704E+02      1.0000E+00
      9.7233E-02      1.8618E+00      1.4095E+00      2.4494E+00      4.3583E-02      5.2735E+01      1.2810E+02      1.0000E+00
      4.3924E-02      1.2663E+00      1.4687E+00      1.3314E+00      2.4483E-02      6.6838E+01      1.3709E+02      1.0000E+00
      4.6950E-02      1.2693E+00      1.4424E+00      1.3316E+00      2.8845E-02      6.2614E+01      1.3590E+02      1.0000E+00
      6.4457E-02      1.0085E+00      1.0003E+00      1.0167E+00      6.3466E-02      8.8707E+01      9.0468E+01      1.0000E+00
      6.4892E-02      1.0138E+00      1.0010E+00      1.0268E+00      6.3627E-02      8.7425E+01      9.1475E+01      1.0000E+00
      6.8250E-02      1.0240E+00      1.0042E+00      1.0416E+00      6.6862E-02      8.4888E+01      9.4070E+01      1.0000E+00
      6.6744E-02      1.0137E+00      1.0008E+00      1.0241E+00      6.6011E-02      8.7846E+01      9.1691E+01      1.0000E+00
      6.7872E-02      1.0260E+00      1.0019E+00      1.0419E+00      6.6938E-02      8.7059E+01      9.2670E+01      1.0000E+00
      8.1704E-02      1.5015E+00      1.3353E+00      1.7592E+00      5.9191E-02      5.2671E+01      1.2736E+02      1.0000E+00
      6.2312E-02      1.0482E+00      1.0147E+00      1.1389E+00      5.7782E-02      8.3103E+01      9.7767E+01      1.0000E+00
      1.0209E-01      1.6674E+00      1.4535E+00      1.9498E+00      5.8559E-02      5.2908E+01      1.3488E+02      1.0000E+00
      7.0111E-02      1.0327E+00      1.0018E+00      1.0470E+00      6.8360E-02      8.7328E+01      9.2276E+01      1.0000E+00
      7.3300E-02      1.0790E+00      1.0182E+00      1.1140E+00      6.8641E-02      7.9817E+01      9.8987E+01      1.0000E+00
      7.8538E-02      1.0666E+00      1.0209E+00      1.1250E+00      7.2218E-02      7.8461E+01      9.8713E+01      1.0000E+00
      7.0258E-02      1.1034E+00      1.0275E+00      1.2025E+00      6.3608E-02      7.8415E+01      1.0186E+02      1.0000E+00
      7.4069E-02      1.0673E+00      1.0210E+00      1.1037E+00      6.9631E-02      7.8587E+01      9.8806E+01      1.0000E+00
      5.0070E-02      1.2867E+00      1.3449E+00      1.4143E+00      2.8762E-02      6.9701E+01      1.3196E+02      1.0000E+00
      6.3777E-02      1.1512E+00      1.0377E+00      1.2761E+00      5.3641E-02      7.9037E+01      1.0482E+02      1.0000E+00
      4.2920E-02      1.3667E+00      1.3383E+00      1.6030E+00      2.4734E-02      6.5505E+01      1.3111E+02      1.0000E+00
      2.7349E-01      1.0550E+00      1.0231E+00      1.1569E+00      2.5627E-01      8.0715E+01      9.8955E+01      1.0000E+00
      3.8298E-01      1.1270E+00      1.0259E+00      1.2952E+00      3.2996E-01      8.0376E+01      9.8427E+01      1.0000E+00
      2.4453E-01      1.1000E+00      1.0261E+00      1.1483E+00      2.2774E-01      7.9818E+01      1.0258E+02      1.0000E+00
      3.8188E-01      1.6573E+00      1.3470E+00      1.9347E+00      2.3302E-01      5.4956E+01      1.3050E+02      1.0000E+00
      3.7985E-01      1.4624E+00      1.2974E+00      1.8371E+00      2.3237E-01      6.1386E+01      1.2691E+02      1.0000E+00
      3.6780E-01      1.5081E+00      1.3622E+00      1.7716E+00      2.2745E-01      5.7039E+01      1.3106E+02      1.0000E+00
      3.7366E-01      1.5744E+00      1.3511E+00      1.9134E+00      2.2450E-01      5.6905E+01      1.3007E+02      1.0000E+00
      2.6294E-01      1.0692E+00      1.0125E+00      1.1503E+00      2.2982E-01      8.4419E+01      9.8868E+01      1.0000E+00
      3.1423E-01      1.0700E+00      1.0310E+00      1.1414E+00      2.8903E-01      7.5924E+01      1.0128E+02      1.0000E+00
      1.8374E-01      1.2775E+00      1.4799E+00      1.3856E+00      9.6521E-02      6.8654E+01      1.3749E+02      1.0000E+00
      2.4365E-01      1.1452E+00      1.1053E+00      1.2509E+00      1.8474E-01      7.8372E+01      1.1516E+02      1.0000E+00
      1.6431E-01      1.2794E+00      1.4829E+00      1.3438E+00      9.0944E-02      6.6161E+01      1.3760E+02      1.0000E+00
      1.6644E-01      1.2659E+00      1.3900E+00      1.3835E+00      9.4852E-02      6.8684E+01      1.3397E+02      1.0000E+00
      2.7697E-01      1.0946E+00      1.0138E+00      1.1921E+00      2.5128E-01      8.1793E+01      9.7591E+01      1.0000E+00
      2.4580E-01      1.0090E+00      1.0004E+00      1.0169E+00      2.4340E-01      8.8438E+01      9.1402E+01      1.0000E+00
      2.5934E-01      1.0277E+00      1.0022E+00      1.0617E+00      2.4631E-01      8.6166E+01      9.1918E+01      1.0000E+00
      2.6315E-01      1.1599E+00      1.1936E+00      1.1894E+00      2.0081E-01      6.9217E+01      1.2306E+02      1.0000E+00
      2.7317E-01      1.0967E+00      1.0219E+00      1.2252E+00      2.4365E-01      8.0434E+01      9.8703E+01      1.0000E+00
      9.1039E-02      1.7412E+00      1.6461E+00      2.0328E+00      4.4623E-02      5.0994E+01      1.4136E+02      1.0000E+00
      4.7576E-02      1.1180E+00      1.0668E+00      1.3908E+00      3.8118E-02      8.0173E+01      1.0414E+02      1.0000E+00
      4.2095E-02      1.6889E+00      1.5670E+00      1.7289E+00      3.0249E-02      3.9771E+01      1.2868E+02      1.0000E+00
      3.8503E-01      1.5686E+00      1.4596E+00      1.8447E+00      2.2016E-01      5.4880E+01      1.3516E+02      1.0000E+00
      3.6364E-01      1.4724E+00      1.3680E+00      1.8057E+00      2.2506E-01      5.7578E+01      1.3018E+02      1.0000E+00
      2.6657E-01      1.1257E+00      1.0235E+00      1.2388E+00      2.3065E-01      7.9041E+01      9.4664E+01      1.0000E+00
      4.0653E-01      1.4873E+00      1.1748E+00      1.7977E+00      2.8195E-01      6.7507E+01      1.1451E+02      1.0000E+00
      1.7123E-01      1.3402E+00      1.4485E+00      1.6500E+00      8.0652E-02      7.1713E+01      1.3601E+02      1.0000E+00
      3.5461E-01      1.6106E+00      1.4202E+00      1.9691E+00      1.9543E-01      5.6521E+01      1.3345E+02      1.0000E+00
      2.3007E-01      1.1449E+00      1.0199E+00      1.2465E+00      1.9966E-01      8.1292E+01      9.6974E+01      1.0000E+00
      3.3043E-01      1.6644E+00      1.3528E+00      2.0436E+00      1.9872E-01      5.4932E+01      1.2957E+02      1.0000E+00
      9.5468E-02      1.5719E+00      1.3111E+00      1.7914E+00      6.2219E-02      5.5957E+01      1.2893E+02      1.0000E+00
      1.0490E-01      1.5665E+00      1.3293E+00      1.9163E+00      6.0492E-02      5.9622E+01      1.2963E+02      1.0000E+00
      7.7308E-02      1.2045E+00      1.0447E+00      1.3228E+00      6.3063E-02      7.9209E+01      1.0144E+02      1.0000E+00
      1.1978E-01      1.6623E+00      1.5726E+00      1.9799E+00      7.0674E-02      4.8722E+01      1.3711E+02      1.0000E+00
      8.6047E-02      1.1432E+00      1.0421E+00      1.2434E+00      7.4829E-02      7.4481E+01      1.0009E+02      1.0000E+00
      1.2462E-01      1.6243E+00      1.4488E+00      1.9031E+00      7.9059E-02      5.0643E+01      1.3332E+02      1.0000E+00
      7.2236E-02      1.1390E+00      1.0628E+00      1.3629E+00      5.5700E-02      8.1064E+01      1.0754E+02      1.0000E+00
      9.2531E-02      1.4220E+00      1.2559E+00      1.8688E+00      6.3932E-02      6.0084E+01      1.2050E+02      1.0000E+00
      1.1102E-01      1.5876E+00      1.3834E+00      1.9015E+00      6.4970E-02      5.6322E+01      1.3196E+02      1.0000E+00
      2.0797E-01      1.2668E+00      1.0834E+00      1.4005E+00      1.5741E-01      7.5623E+01      1.1155E+02      1.0000E+00
      2.3580E-01      1.1071E+00      1.0155E+00      1.1817E+00      2.0715E-01      8.0801E+01      9.4911E+01      1.0000E+00
      2.1884E-01      1.0694E+00      1.0074E+00      1.1157E+00      2.0849E-01      8.7029E+01      9.4362E+01      1.0000E+00
      2.4363E-01      1.0888E+00      1.0112E+00      1.1561E+00      2.1568E-01      8.1893E+01      9.5136E+01      1.0000E+00
      1.6731E-01      1.3705E+00      1.6318E+00      1.4411E+00      8.3248E-02      6.2248E+01      1.4220E+02      1.0000E+00
      2.4204E-01      1.0367E+00      1.0022E+00      1.0675E+00      2.3056E-01      8.7200E+01      9.2648E+01      1.0000E+00
      2.6667E-01      1.0415E+00      1.0111E+00      1.0716E+00      2.5394E-01      8.1579E+01      9.5837E+01      1.0000E+00
      2.6272E-01      1.0160E+00      1.0041E+00      1.0235E+00      2.5862E-01      8.4878E+01      9.4417E+01      1.0000E+00
      2.5101E-01      1.0121E+00      1.0013E+00      1.0212E+00      2.4708E-01      8.7125E+01      9.2259E+01      1.0000E+00
      2.4174E-01      1.0245E+00      1.0015E+00      1.0511E+00      2.3561E-01      8.7385E+01      9.1258E+01      1.0000E+00
      2.6888E-01      1.0337E+00      1.0074E+00      1.0551E+00      2.6070E-01      8.3201E+01      9.6348E+01      1.0000E+00
      2.5431E-01      1.0377E+00      1.0134E+00      1.0890E+00      2.4134E-01      8.3155E+01      9.8652E+01      1.0000E+00
      1.9937E-01      1.1058E+00      1.0264E+00      1.2424E+00      1.7030E-01      8.5043E+01      1.0161E+02      1.0000E+00
      1.4413E-01      1.3962E+00      1.2949E+00      1.5421E+00      8.7807E-02      6.4958E+01      1.2939E+02      1.0000E+00
      3.4376E-01      1.5274E+00      1.3665E+00      1.8334E+00      2.0872E-01      5.7008E+01      1.3091E+02      1.0000E+00
      3.4394E-01      1.5293E+00      1.3451E+00      1.8251E+00      2.1311E-01      5.7097E+01      1.2997E+02      1.0000E+00
      2.3470E-01      1.0547E+00      1.0128E+00      1.1021E+00      2.1277E-01      8.6022E+01      9.9121E+01      1.0000E+00
      2.9219E-01      1.1116E+00      1.0342E+00      1.1871E+00      2.5613E-01      7.5491E+01      9.8859E+01      1.0000E+00
      2.6379E-01      1.1305E+00      1.0197E+00      1.1892E+00      2.3736E-01      8.3473E+01      9.7959E+01      1.0000E+00
      2.5179E-01      1.0166E+00      1.0019E+00      1.0369E+00      2.4425E-01      8.6479E+01      9.2112E+01      1.0000E+00
      2.1594E-01      1.0599E+00      1.0092E+00      1.1276E+00      1.9323E-01      8.5544E+01      9.7600E+01      1.0000E+00
      3.3805E-01      1.2534E+00      1.0619E+00      1.4431E+00      2.6541E-01      7.6966E+01      1.0647E+02      1.0000E+00
      2.3638E-01      1.0573E+00      1.0163E+00      1.1408E+00      2.1678E-01      8.4276E+01      9.9117E+01      1.0000E+00
      3.5712E-01      1.5389E+00      1.3383E+00      1.8917E+00      2.1615E-01      5.7970E+01      1.2923E+02      1.0000E+00
      2.3176E-01      1.0703E+00      1.0182E+00      1.1108E+00      2.1940E-01      8.1772E+01      1.0052E+02      1.0000E+00
      3.6898E-01      1.6447E+00      1.3430E+00      1.9407E+00      2.2309E-01      5.5647E+01      1.3025E+02      1.0000E+00
      3.4288E-01      1.6854E+00      1.3471E+00      2.0419E+00      2.0805E-01      5.4499E+01      1.2953E+02      1.0000E+00
      2.5149E-01      1.1534E+00      1.0312E+00      1.2722E+00      2.1670E-01      7.9004E+01      1.0290E+02      1.0000E+00
      3.8851E-01      1.4716E+00      1.2852E+00      1.7891E+00      2.3261E-01      6.2764E+01      1.2757E+02      1.0000E+00
      3.3766E-01      1.0839E+00      1.0310E+00      1.0950E+00      3.2029E-01      7.6539E+01      1.0402E+02      1.0000E+00
      3.6091E-01      1.1746E+00      1.0796E+00      1.2913E+00      3.0927E-01      6.8279E+01      1.0938E+02      1.0000E+00
      4.3902E-01      1.1322E+00      1.0248E+00      1.1980E+00      3.9311E-01      7.9510E+01      9.8804E+01      1.0000E+00
      2.1154E-01      1.4517E+00      1.2356E+00      1.6111E+00      1.3803E-01      6.3286E+01      1.2577E+02      1.0000E+00
      1.8927E-01      1.1277E+00      1.0675E+00      1.2193E+00      1.5340E-01      7.8417E+01      1.1041E+02      1.0000E+00
      2.4517E-01      1.4917E+00      1.2181E+00      1.7300E+00      1.4591E-01      6.8410E+01      1.2382E+02      1.0000E+00
      2.4215E-01      1.0186E+00      1.0055E+00      1.0308E+00      2.3560E-01      8.5525E+01      9.5996E+01      1.0000E+00
      2.6831E-01      1.0292E+00      1.0104E+00      1.0680E+00      2.5814E-01      8.1762E+01      9.7338E+01      1.0000E+00
      2.4044E-01      1.0364E+00      1.0062E+00      1.0995E+00      2.2523E-01      8.4394E+01      9.3672E+01      1.0000E+00
      2.6391E-01      1.0763E+00      1.0401E+00      1.1888E+00      2.3640E-01      7.7797E+01      1.0407E+02      1.0000E+00
      3.0439E-01      1.0845E+00      1.0233E+00      1.1237E+00      2.8266E-01      7.8242E+01      9.9474E+01      1.0000E+00
      2.0680E-01      1.2700E+00      1.2638E+00      1.3953E+00      1.2779E-01      7.1238E+01      1.2770E+02      1.0000E+00
      2.7045E-01      1.1610E+00      1.0917E+00      1.2698E+00      2.1430E-01      7.7226E+01      1.1341E+02      1.0000E+00
      3.6803E-01      1.4433E+00      1.2915E+00      1.8234E+00      2.3733E-01      6.0103E+01      1.2551E+02      1.0000E+00
      3.9037E-01      1.5039E+00      1.4113E+00      1.6103E+00      2.4808E-01      5.4874E+01      1.3426E+02      1.0000E+00
      2.7086E-01      1.0966E+00      1.0313E+00      1.2330E+00      2.4782E-01      8.2868E+01      1.0023E+02      1.0000E+00
      2.8902E-01      1.1179E+00      1.0289E+00      1.2237E+00      2.5090E-01      7.6849E+01      9.6381E+01      1.0000E+00
      2.5515E-01      1.0195E+00      1.0021E+00      1.0526E+00      2.5114E-01      8.7747E+01      9.2386E+01      1.0000E+00
      2.4475E-01      1.1556E+00      1.0397E+00      1.2551E+00      2.1230E-01      8.0657E+01      1.0432E+02      1.0000E+00
      2.3198E-01      1.0832E+00      1.0158E+00      1.1938E+00      2.1039E-01      8.4754E+01      9.5273E+01      1.0000E+00
      2.6316E-01      1.0234E+00      1.0029E+00      1.0565E+00      2.5565E-01      8.6202E+01      9.3668E+01      1.0000E+00
      1.9969E-01      1.1679E+00      1.0516E+00      1.2909E+00      1.6834E-01      7.5700E+01      1.0723E+02      1.0000E+00
      2.3375E-01      1.1050E+00      1.0912E+00      1.1401E+00      1.9546E-01      7.5213E+01      1.1358E+02      1.0000E+00
      9.6101E-02      1.4875E+00      1.2954E+00      1.7892E+00      6.1476E-02      5.9082E+01      1.2732E+02      1.0000E+00
      1.0772E-01      1.4677E+00      1.2418E+00      1.7914E+00      6.6715E-02      6.3802E+01      1.2485E+02      1.0000E+00
      6.9005E-02      1.1055E+00      1.0518E+00      1.1680E+00      6.0575E-02      7.6396E+01      1.0783E+02      1.0000E+00
      2.3764E-01      1.0447E+00      1.0088E+00      1.1319E+00      2.2575E-01      8.6586E+01      9.2735E+01      1.0000E+00
      2.5362E-01      1.0688E+00      1.0193E+00      1.0895E+00      2.4156E-01      7.9350E+01      1.0005E+02      1.0000E+00
      1.0872E-01      1.6048E+00      1.5940E+00      1.7619E+00      5.3606E-02      5.5747E+01      1.4099E+02      1.0000E+00
      2.2483E-01      1.0618E+00      1.0129E+00      1.1711E+00      2.1003E-01      8.6786E+01      9.3941E+01      1.0000E+00
      3.7901E-01      1.7411E+00      1.5049E+00      2.0140E+00      2.1284E-01      5.0663E+01      1.3668E+02      1.0000E+00
      2.8895E-01      1.4759E+00      1.3922E+00      1.7235E+00      2.0981E-01      5.1230E+01      1.2938E+02      1.0000E+00
      3.6979E-01      1.1857E+00      1.0725E+00      1.4023E+00      2.9115E-01      6.9591E+01      9.9513E+01      1.0000E+00
      4.4661E-01      1.1534E+00      1.0306E+00      1.2303E+00      3.9731E-01      7.8963E+01      1.0022E+02      1.0000E+00
      3.4023E-01      1.0908E+00      1.0838E+00      1.1232E+00      2.9515E-01      7.4114E+01      1.1259E+02      1.0000E+00
      1.0869E-01      1.6542E+00      1.4413E+00      1.9536E+00      6.8843E-02      5.0367E+01      1.3283E+02      1.0000E+00
      1.1523E-01      1.5971E+00      1.4994E+00      1.9934E+00      6.5393E-02      5.3167E+01      1.3483E+02      1.0000E+00
      6.8230E-02      1.0462E+00      1.0028E+00      1.0738E+00      6.5829E-02      8.8227E+01      9.2339E+01      1.0000E+00
      1.0371E-01      1.7798E+00      1.4690E+00      2.0295E+00      5.7233E-02      5.1790E+01      1.3604E+02      1.0000E+00
      6.2845E-02      1.0566E+00      1.0244E+00      1.1805E+00      5.7413E-02      8.2454E+01      9.9118E+01      1.0000E+00
      7.4161E-02      1.4082E+00      1.2935E+00      1.6156E+00      5.6067E-02      5.3658E+01      1.2484E+02      1.0000E+00
      1.1883E-01      1.7289E+00      1.3679E+00      2.0968E+00      6.6047E-02      5.6320E+01      1.3103E+02      1.0000E+00
      6.8117E-02      1.0511E+00      1.0193E+00      1.1150E+00      6.3898E-02      8.0561E+01      1.0023E+02      1.0000E+00
      8.9986E-02      1.5328E+00      1.3398E+00      1.7620E+00      6.3132E-02      5.2918E+01      1.2874E+02      1.0000E+00
      7.2914E-02      1.0323E+00      1.0055E+00      1.0548E+00      6.9993E-02      8.4104E+01      9.4272E+01      1.0000E+00
      6.1478E-02      1.1231E+00      1.0733E+00      1.1808E+00      5.3771E-02      7.5543E+01      1.1095E+02      1.0000E+00
      6.7206E-02      1.0878E+00      1.0628E+00      1.1923E+00      5.9322E-02      7.6048E+01      1.0826E+02      1.0000E+00
      2.8615E-02      1.4131E+00      1.1539E+00      1.7803E+00      2.0396E-02      6.4234E+01      1.1494E+02      1.0000E+00
      2.0260E-02      1.7829E+00      1.7102E+00      2.4566E+00      6.4324E-03      5.5865E+01      1.4354E+02      1.0000E+00
      8.6786E-02      1.8659E+00      1.5468E+00      2.1730E+00      4.9647E-02      4.7000E+01      1.3706E+02      1.0000E+00
      7.2328E-02      1.4585E+00      1.4821E+00      1.6334E+00      5.0572E-02      5.0221E+01      1.3398E+02      1.0000E+00
      3.8120E-02      1.2115E+00      1.2414E+00      1.4000E+00      2.5527E-02      7.1605E+01      1.2540E+02      1.0000E+00
      5.1449E-02      1.1936E+00      1.0719E+00      1.4521E+00      3.7713E-02      7.8547E+01      1.0912E+02      1.0000E+00
      2.0142E-02      1.3356E+00      1.2199E+00      1.6237E+00      1.1835E-02      7.2713E+01      1.2448E+02      1.0000E+00
      3.6404E-01      1.4965E+00      1.3636E+00      1.8506E+00      2.2955E-01      5.6465E+01      1.2938E+02      1.0000E+00
      4.2440E-01      1.5180E+00      1.3918E+00      1.7817E+00      2.4726E-01      5.7917E+01      1.3288E+02      1.0000E+00
      1.7442E-01      1.3475E+00      1.4848E+00      1.3500E+00      1.0778E-01      5.8569E+01      1.3759E+02      1.0000E+00
      2.1137E-01      1.3727E+00      1.4354E+00      1.6643E+00      9.2527E-02      6.9213E+01      1.3584E+02      1.0000E+00
      9.8555E-02      1.5140E+00      1.4266E+00      1.8769E+00      4.9137E-02      6.2804E+01      1.3464E+02      1.0000E+00
      1.0198E-01      1.4440E+00      1.4951E+00      1.7455E+00      5.6152E-02      5.8290E+01      1.3622E+02      1.0000E+00
      4.1731E-02      1.2747E+00      1.3010E+00      1.3364E+00      2.7263E-02      6.6191E+01      1.2976E+02      1.0000E+00
      8.0537E-02      1.4320E+00      1.4403E+00      1.6894E+00      5.4189E-02      5.3231E+01      1.3214E+02      1.0000E+00
      5.5781E-02      1.3661E+00      1.3152E+00      1.6539E+00      2.7828E-02      7.1210E+01      1.3048E+02      1.0000E+00
      1.4767E-01      1.2066E+00      1.0429E+00      1.3407E+00      1.2216E-01      7.9982E+01      1.0283E+02      1.0000E+00
      1.1228E-01      1.0914E+00      1.0116E+00      1.1586E+00      1.0333E-01      8.2840E+01      9.6432E+01      1.0000E+00
      9.4080E-02      1.0930E+00      1.0199E+00      1.1625E+00      8.4821E-02      7.9159E+01      9.7967E+01      1.0000E+00
      9.6845E-02      1.1627E+00      1.1627E+00      1.1744E+00      7.9201E-02      6.7513E+01      1.2060E+02      1.0000E+00
      1.0251E-01      1.0786E+00      1.0254E+00      1.1365E+00      9.3988E-02      7.7375E+01      1.0009E+02      1.0000E+00
      5.8863E-02      1.2873E+00      1.3320E+00      1.5234E+00      3.0358E-02      7.5066E+01      1.3132E+02      1.0000E+00
      9.1214E-02      1.1303E+00      1.0713E+00      1.2466E+00      8.0012E-02      6.9842E+01      1.0816E+02      1.0000E+00
      4.9848E-02      1.4332E+00      1.1937E+00      1.6837E+00      3.2235E-02      6.6264E+01      1.2243E+02      1.0000E+00
      5.2932E-02      1.4771E+00      1.2795E+00      1.6139E+00      3.2740E-02      6.2871E+01      1.2856E+02      1.0000E+00
      4.5974E-02      1.1369E+00      1.0622E+00      1.3150E+00      3.5015E-02      8.1721E+01      1.0901E+02      1.0000E+00
      4.1415E-02      1.5216E+00      1.2328E+00      1.7353E+00      2.6000E-02      6.6241E+01      1.2259E+02      1.0000E+00
      4.0211E-02      1.1123E+00      1.0194E+00      1.1932E+00      3.6217E-02      8.5085E+01      9.8715E+01      1.0000E+00
      4.1421E-02      1.2066E+00      1.0744E+00      1.2966E+00      3.5956E-02      7.0525E+01      1.0691E+02      1.0000E+00
      4.2635E-02      1.3271E+00      1.3704E+00      1.5460E+00      2.6919E-02      6.1177E+01      1.3149E+02      1.0000E+00
      6.2522E-02      1.1571E+00      1.0484E+00      1.2841E+00      5.2421E-02      7.7007E+01      1.0670E+02      1.0000E+00
      2.7835E-01      1.0994E+00      1.0419E+00      1.1166E+00      2.6862E-01      7.4480E+01      1.0521E+02      1.0000E+00
      2.6025E-01      1.1284E+00      1.0339E+00      1.2031E+00      2.3557E-01      7.6774E+01      1.0348E+02      1.0000E+00
      3.9114E-02      1.4675E+00      1.3884E+00      1.5611E+00      2.5555E-02      5.5625E+01      1.3333E+02      1.0000E+00
      1.1379E-01      1.6724E+00      1.6158E+00      1.9187E+00      5.5254E-02      5.3634E+01      1.4112E+02      1.0000E+00
      7.5831E-02      1.6318E+00      1.3821E+00      2.1715E+00      4.5799E-02      5.1243E+01      1.2490E+02      1.0000E+00
      8.4182E-02      1.5425E+00      1.3519E+00      1.8598E+00      5.8525E-02      5.2586E+01      1.2773E+02      1.0000E+00
      6.1104E-02      1.0552E+00      1.0116E+00      1.1517E+00      5.6311E-02      8.4491E+01      9.6420E+01      1.0000E+00
      1.0161E-01      1.7313E+00      1.4870E+00      2.0348E+00      5.7134E-02      5.1283E+01      1.3585E+02      1.0000E+00
      2.9709E-01      1.4566E+00      1.3593E+00      1.6368E+00      2.2428E-01      5.1458E+01      1.2880E+02      1.0000E+00
      2.3247E-01      1.0363E+00      1.0088E+00      1.1041E+00      2.2008E-01      8.5330E+01      9.6046E+01      1.0000E+00
      3.8447E-01      1.7252E+00      1.4673E+00      2.0206E+00      2.1991E-01      5.1478E+01      1.3516E+02      1.0000E+00
      4.1841E-01      1.5895E+00      1.4552E+00      1.8927E+00      2.2938E-01      5.6023E+01      1.3523E+02      1.0000E+00
      2.6544E-01      1.2225E+00      1.0453E+00      1.4238E+00      2.1605E-01      7.7834E+01      1.0337E+02      1.0000E+00
      3.1187E-01      1.5815E+00      1.3423E+00      1.8851E+00      2.1256E-01      5.1266E+01      1.2706E+02      1.0000E+00
      7.4288E-02      1.7363E+00      1.4789E+00      2.0596E+00      4.7245E-02      4.5622E+01      1.3180E+02      1.0000E+00
      1.0288E-01      1.7052E+00      1.5327E+00      2.0565E+00      5.4978E-02      5.1936E+01      1.3719E+02      1.0000E+00
      5.7198E-02      1.1304E+00      1.0353E+00      1.2829E+00      4.8348E-02      8.0044E+01      1.0329E+02      1.0000E+00
      2.5634E-02      1.8402E+00      1.6552E+00      2.2219E+00      1.3334E-02      4.7307E+01      1.3997E+02      1.0000E+00
      2.3447E-02      1.5705E+00      1.3874E+00      1.9246E+00      1.5628E-02      5.2147E+01      1.2920E+02      1.0000E+00
      1.4081E-02      1.0483E+00      1.0045E+00      1.0990E+00      1.3235E-02      8.5760E+01      9.2645E+01      1.0000E+00
      2.2503E-02      1.6957E+00      1.4053E+00      1.9843E+00      1.2955E-02      5.3960E+01      1.3321E+02      1.0000E+00
      1.2717E-02      1.1293E+00      1.0515E+00      1.3199E+00      1.1142E-02      8.1878E+01      1.0298E+02      1.0000E+00
      1.7639E-02      1.3473E+00      1.3226E+00      1.7963E+00      1.1835E-02      6.0369E+01      1.2381E+02      1.0000E+00
      1.1291E-01      1.5240E+00      1.3077E+00      1.8830E+00      7.8161E-02      5.4674E+01      1.2512E+02      1.0000E+00
      7.8150E-02      1.0859E+00      1.0283E+00      1.1720E+00      6.9240E-02      7.6562E+01      9.8842E+01      1.0000E+00
      1.2791E-01      1.5540E+00      1.4788E+00      1.7481E+00      7.6840E-02      5.3062E+01      1.3604E+02      1.0000E+00
      3.4838E-02      1.7318E+00      1.3675E+00      2.0037E+00      2.0746E-02      5.7335E+01      1.2821E+02      1.0000E+00
      1.6513E-01      1.3747E+00      1.3661E+00      1.4806E+00      1.0130E-01      6.1905E+01      1.3281E+02      1.0000E+00
      2.2589E-01      1.5123E+00      1.4412E+00      1.4242E+00      1.8410E-01      4.3974E+01      1.2846E+02      1.0000E+00
      2.3981E-01      1.0910E+00      1.0194E+00      1.1990E+00      2.2595E-01      8.5142E+01      9.7513E+01      1.0000E+00
      3.9914E-01      1.7582E+00      1.4225E+00      1.9981E+00      2.3338E-01      5.1906E+01      1.3403E+02      1.0000E+00
      3.9711E-01      1.6014E+00      1.4653E+00      1.8948E+00      2.3148E-01      5.3277E+01      1.3488E+02      1.0000E+00
      4.1101E-01      1.5268E+00      1.3757E+00      1.8532E+00      2.4744E-01      5.6945E+01      1.3108E+02      1.0000E+00
      2.6301E-01      1.0515E+00      1.0036E+00      1.0826E+00      2.4843E-01      8.7630E+01      9.4045E+01      1.0000E+00
      4.1127E-01      1.5915E+00      1.2500E+00      1.8375E+00      2.7147E-01      6.4979E+01      1.1889E+02      1.0000E+00
      1.6683E-01      1.3714E+00      1.7196E+00      1.6916E+00      6.7901E-02      6.9265E+01      1.4391E+02      1.0000E+00
      3.8676E-01      1.5244E+00      1.5157E+00      1.6884E+00      2.0096E-01      5.8284E+01      1.3854E+02      1.0000E+00
      5.0178E-02      1.2630E+00      1.3513E+00      1.4462E+00      2.7724E-02      7.2981E+01      1.3219E+02      1.0000E+00
      6.0181E-02      1.1151E+00      1.0170E+00      1.2007E+00      5.5487E-02      8.4442E+01      9.3800E+01      1.0000E+00
      5.6957E-02      1.0300E+00      1.0113E+00      1.0605E+00      5.5991E-02      8.2277E+01      9.7900E+01      1.0000E+00
      4.3692E-02      1.2759E+00      1.3787E+00      1.3421E+00      2.6618E-02      6.6236E+01      1.3349E+02      1.0000E+00
      6.6263E-02      1.1331E+00      1.0259E+00      1.2571E+00      5.8702E-02      7.8878E+01      1.0110E+02      1.0000E+00
      5.2293E-02      1.3114E+00      1.3149E+00      1.5744E+00      2.6880E-02      7.3656E+01      1.3044E+02      1.0000E+00
      2.6559E-02      1.3088E+00      1.2527E+00      1.4661E+00      1.7854E-02      6.5013E+01      1.2648E+02      1.0000E+00
      2.6911E-02      1.5666E+00      1.2607E+00      1.8281E+00      1.7568E-02      6.0464E+01      1.2400E+02      1.0000E+00
      1.9723E-02      1.1527E+00      1.0622E+00      1.1887E+00      1.7717E-02      7.1825E+01      1.0952E+02      1.0000E+00
      1.6138E-02      1.3049E+00      1.3284E+00      1.4000E+00      9.8885E-03      6.6581E+01      1.3116E+02      1.0000E+00
      2.7420E-02      1.6960E+00      1.5193E+00      1.9488E+00      1.5733E-02      5.0386E+01      1.3703E+02      1.0000E+00
      1.7815E-02      1.0816E+00      1.0186E+00      1.1934E+00      1.6032E-02      8.1228E+01      9.4334E+01      1.0000E+00
      2.2452E-02      1.5093E+00      1.4022E+00      1.7454E+00      1.5926E-02      5.0919E+01      1.3047E+02      1.0000E+00
      1.9968E-02      1.0469E+00      1.0078E+00      1.1036E+00      1.9257E-02      8.4284E+01      9.4346E+01      1.0000E+00
      1.0841E-02      1.4650E+00      1.1647E+00      1.7696E+00      7.7638E-03      6.6203E+01      1.1315E+02      1.0000E+00
      1.5479E-02      1.1469E+00      1.1397E+00      1.2470E+00      1.2490E-02      6.9524E+01      1.1780E+02      1.0000E+00
      4.9887E-03      1.4483E+00      1.3859E+00      1.6538E+00      3.4259E-03      5.3887E+01      1.3106E+02      1.0000E+00
      6.1938E-03      1.4893E+00      1.4206E+00      1.8686E+00      3.4082E-03      5.9565E+01      1.3311E+02      1.0000E+00
      4.0154E-03      1.1659E+00      1.0301E+00      1.2660E+00      3.4445E-03      7.8790E+01      9.8403E+01      1.0000E+00
      4.0534E-03      1.3745E+00      1.3938E+00      1.4890E+00      2.3544E-03      6.3233E+01      1.3410E+02      1.0000E+00
      4.2630E-03      1.0757E+00      1.0513E+00      1.0932E+00      4.0155E-03      7.2031E+01      1.0592E+02      1.0000E+00
      2.7982E-03      1.2313E+00      1.2112E+00      1.5412E+00      1.6786E-03      7.6958E+01      1.2321E+02      1.0000E+00
      1.8610E-02      1.6606E+00      1.3670E+00      1.9723E+00      1.2136E-02      4.9917E+01      1.2732E+02      1.0000E+00
      2.8634E-02      1.7836E+00      1.4886E+00      2.2278E+00      1.3411E-02      5.6244E+01      1.3655E+02      1.0000E+00
      1.4796E-02      1.1617E+00      1.0231E+00      1.3166E+00      1.2260E-02      7.9915E+01      9.9920E+01      1.0000E+00
      6.5613E-03      1.7046E+00      1.5605E+00      1.9214E+00      3.8160E-03      4.8758E+01      1.3828E+02      1.0000E+00
      6.3038E-03      1.5157E+00      1.3572E+00      1.9316E+00      4.0700E-03      5.5525E+01      1.2756E+02      1.0000E+00
      4.0155E-03      1.0419E+00      1.0088E+00      1.1168E+00      3.8767E-03      8.5747E+01      9.4166E+01      1.0000E+00
      5.4295E-03      1.1218E+00      1.0417E+00      1.1901E+00      5.0568E-03      7.4848E+01      1.0256E+02      1.0000E+00
      4.2433E-03      1.1371E+00      1.0522E+00      1.2635E+00      3.4511E-03      8.2345E+01      1.0770E+02      1.0000E+00
      4.1054E-03      1.1652E+00      1.0375E+00      1.2657E+00      3.5337E-03      8.2177E+01      1.0237E+02      1.0000E+00
      1.5005E-03      1.7288E+00      1.3802E+00      2.0640E+00      8.7818E-04      5.3802E+01      1.3144E+02      1.0000E+00
      1.5204E-03      1.5910E+00      1.3561E+00      1.9717E+00      8.8195E-04      5.7585E+01      1.3021E+02      1.0000E+00
      9.7489E-04      1.0934E+00      1.0137E+00      1.1451E+00      8.8811E-04      8.4597E+01      9.8351E+01      1.0000E+00
      6.1963E-03      1.5634E+00      1.3430E+00      1.9582E+00      3.7728E-03      5.6983E+01      1.2868E+02      1.0000E+00
      3.8862E-03      1.0561E+00      1.0137E+00      1.1030E+00      3.5922E-03      8.4780E+01      9.9319E+01      1.0000E+00
      5.9888E-03      1.5115E+00      1.4001E+00      1.8059E+00      3.6884E-03      5.5598E+01      1.3200E+02      1.0000E+00
      4.0554E-03      1.1222E+00      1.0228E+00      1.2057E+00      3.5849E-03      8.4178E+01      1.0028E+02      1.0000E+00
      5.1908E-03      1.0635E+00      1.0401E+00      1.0777E+00      4.9181E-03      7.4050E+01      1.0333E+02      1.0000E+00
      4.0189E-03      1.1097E+00      1.0165E+00      1.1812E+00      3.5357E-03      8.4100E+01      9.9836E+01      1.0000E+00
      1.5581E-03      1.5869E+00      1.3845E+00      1.9556E+00      9.1940E-04      5.5927E+01      1.3114E+02      1.0000E+00
      1.0307E-03      1.0626E+00      1.0092E+00      1.1278E+00      9.3899E-04      8.7262E+01      9.7456E+01      1.0000E+00
      1.6063E-03      1.6009E+00      1.3765E+00      1.9274E+00      9.5036E-04      5.5883E+01      1.3141E+02      1.0000E+00
      2.5818E-02      1.5311E+00      1.3508E+00      1.9466E+00      1.3305E-02      6.4168E+01      1.3104E+02      1.0000E+00
      1.6349E-02      1.1041E+00      1.0276E+00      1.2287E+00      1.3440E-02      8.2543E+01      1.0296E+02      1.0000E+00
      2.1433E-02      1.3247E+00      1.2736E+00      1.6400E+00      1.3544E-02      6.5614E+01      1.2599E+02      1.0000E+00
      1.4906E-02      1.1443E+00      1.0812E+00      1.2522E+00      1.1270E-02      8.0844E+01      1.1234E+02      1.0000E+00
      2.0242E-02      1.1224E+00      1.0547E+00      1.1646E+00      1.8863E-02      7.2046E+01      1.0547E+02      1.0000E+00
      1.5988E-02      1.1277E+00      1.0214E+00      1.2178E+00      1.3888E-02      8.3256E+01      9.8673E+01      1.0000E+00
      5.9682E-03      1.5144E+00      1.4220E+00      1.8341E+00      3.6094E-03      5.5383E+01      1.3262E+02      1.0000E+00
      3.8144E-03      1.0437E+00      1.0085E+00      1.0747E+00      3.5723E-03      8.5468E+01      9.7457E+01      1.0000E+00
      6.1711E-03      1.5731E+00      1.3666E+00      1.9492E+00      3.7434E-03      5.5947E+01      1.2993E+02      1.0000E+00
      5.8571E-04      1.5933E+00      1.8361E+00      1.7892E+00      2.8172E-04      5.0573E+01      1.4581E+02      1.0000E+00
      9.0744E-04      1.2921E+00      1.2191E+00      1.4962E+00      6.3978E-04      6.4911E+01      1.2338E+02      1.0000E+00
      3.2391E-03      1.2224E+00      1.0694E+00      1.2865E+00      2.7346E-03      7.4776E+01      1.0839E+02      1.0000E+00
      3.9664E-03      1.0713E+00      1.0128E+00      1.1337E+00      3.6031E-03      8.4168E+01      9.8932E+01      1.0000E+00
      4.7981E-03      1.0761E+00      1.0321E+00      1.0956E+00      4.5718E-03      7.5951E+01      1.0249E+02      1.0000E+00
      1.1440E-03      1.1239E+00      1.0365E+00      1.1623E+00      1.0490E-03      7.6354E+01      1.0439E+02      1.0000E+00
      1.7426E-03      1.3306E+00      1.3120E+00      1.5984E+00      1.1106E-03      6.3110E+01      1.2837E+02      1.0000E+00
      1.7016E-03      1.5725E+00      1.3017E+00      1.8946E+00      1.0945E-03      5.6616E+01      1.2724E+02      1.0000E+00
      3.0960E-03      1.0549E+00      1.0204E+00      1.0837E+00      3.0622E-03      7.9753E+01      1.0062E+02      1.0000E+00
      5.3042E-03      1.5567E+00      1.3381E+00      2.0029E+00      3.2215E-03      5.7485E+01      1.2764E+02      1.0000E+00
      5.3953E-03      1.5526E+00      1.3882E+00      1.8544E+00      3.2776E-03      5.5568E+01      1.3174E+02      1.0000E+00
      9.8410E-03      1.3531E+00      1.3920E+00      1.5497E+00      5.3777E-03      6.6387E+01      1.3390E+02      1.0000E+00
      1.4691E-02      1.1280E+00      1.0920E+00      1.2547E+00      1.1239E-02      7.8712E+01      1.1348E+02      1.0000E+00
      1.9023E-02      1.0890E+00      1.0441E+00      1.1529E+00      1.7270E-02      7.3320E+01      1.0365E+02      1.0000E+00
      1.4310E-02      1.1472E+00      1.0982E+00      1.2592E+00      1.0590E-02      7.9933E+01      1.1441E+02      1.0000E+00
      1.5776E-02      1.1069E+00      1.0219E+00      1.1798E+00      1.3832E-02      8.3580E+01      1.0179E+02      1.0000E+00
      2.0122E-02      1.0834E+00      1.0379E+00      1.1226E+00      1.8618E-02      7.4553E+01      1.0163E+02      1.0000E+00
      3.7749E-03      1.0500E+00      1.0142E+00      1.0882E+00      3.4952E-03      8.4441E+01      9.9553E+01      1.0000E+00
      5.7329E-03      1.5089E+00      1.3851E+00      1.8288E+00      3.5144E-03      5.6359E+01      1.3119E+02      1.0000E+00
      6.1213E-03      1.5866E+00      1.3408E+00      1.9584E+00      3.6670E-03      5.7149E+01      1.2925E+02      1.0000E+00
      1.6171E-02      1.0603E+00      1.0085E+00      1.1173E+00      1.4413E-02      8.4986E+01      9.7465E+01      1.0000E+00
      2.3357E-02      1.5034E+00      1.3932E+00      1.7991E+00      1.4531E-02      5.5681E+01      1.3159E+02      1.0000E+00
      2.3720E-02      1.4788E+00      1.3800E+00      1.7927E+00      1.4657E-02      5.7015E+01      1.3094E+02      1.0000E+00
      4.6256E-02      1.2671E+00      1.1047E+00      1.4599E+00      3.4362E-02      7.2306E+01      1.1434E+02      1.0000E+00
      2.0144E-02      1.3431E+00      1.3825E+00      1.5634E+00      1.0359E-02      7.1518E+01      1.3362E+02      1.0000E+00
      5.1567E-02      1.2855E+00      1.3370E+00      1.4171E+00      2.9513E-02      7.0415E+01      1.3159E+02      1.0000E+00
      7.5782E-02      1.0481E+00      1.0184E+00      1.0678E+00      7.2251E-02      7.9153E+01      9.8697E+01      1.0000E+00
      6.8814E-02      1.0342E+00      1.0140E+00      1.0693E+00      6.6846E-02      8.1889E+01      9.8918E+01      1.0000E+00
      7.8262E-02      1.0798E+00      1.0419E+00      1.1049E+00      7.2304E-02      7.3714E+01      1.0259E+02      1.0000E+00
      5.8653E-02      1.1243E+00      1.0297E+00      1.2414E+00      4.8548E-02      8.3417E+01      1.0355E+02      1.0000E+00
      5.8046E-02      1.1480E+00      1.0867E+00      1.2633E+00      4.3227E-02      8.1029E+01      1.1304E+02      1.0000E+00
      7.9222E-02      1.0766E+00      1.0450E+00      1.1033E+00      7.3282E-02      7.3134E+01      1.0314E+02      1.0000E+00
      1.4775E-02      1.1570E+00      1.0747E+00      1.2309E+00      1.2967E-02      6.8853E+01      1.0841E+02      1.0000E+00
      2.7289E-02      1.4688E+00      1.4343E+00      1.6579E+00      1.6376E-02      5.6673E+01      1.3476E+02      1.0000E+00
      2.3750E-02      1.4724E+00      1.3026E+00      1.8553E+00      1.5946E-02      5.7358E+01      1.2513E+02      1.0000E+00
      6.0031E-02      1.0428E+00      1.0060E+00      1.0825E+00      5.5631E-02      8.7821E+01      9.6225E+01      1.0000E+00
      9.1272E-02      1.5156E+00      1.4047E+00      1.8214E+00      5.5713E-02      5.5644E+01      1.3213E+02      1.0000E+00
      9.1210E-02      1.4912E+00      1.3966E+00      1.8077E+00      5.5779E-02      5.6460E+01      1.3165E+02      1.0000E+00
      2.5079E-01      1.0923E+00      1.0113E+00      1.1494E+00      2.2513E-01      8.5628E+01      9.7527E+01      1.0000E+00
      2.2926E-01      1.1519E+00      1.0922E+00      1.2666E+00      1.7022E-01      8.0365E+01      1.1371E+02      1.0000E+00
      3.1408E-01      1.0650E+00      1.0343E+00      1.0841E+00      2.9467E-01      7.5209E+01      1.0166E+02      1.0000E+00
      6.4226E-02      1.0616E+00      1.0076E+00      1.1270E+00      5.8598E-02      8.6635E+01      9.6679E+01      1.0000E+00
      9.7920E-02      1.6282E+00      1.3846E+00      1.9319E+00      5.8305E-02      5.4818E+01      1.3190E+02      1.0000E+00
      9.2339E-02      1.4947E+00      1.3875E+00      1.8040E+00      5.6603E-02      5.6630E+01      1.3142E+02      1.0000E+00
      2.3591E-01      1.0478E+00      1.0103E+00      1.0840E+00      2.2273E-01      8.4816E+01      9.8050E+01      1.0000E+00
      3.6816E-01      1.6395E+00      1.3640E+00      1.9448E+00      2.1929E-01      5.5394E+01      1.3113E+02      1.0000E+00
      3.5493E-01      1.5081E+00      1.3656E+00      1.8200E+00      2.1495E-01      5.7599E+01      1.3082E+02      1.0000E+00
      3.2672E-01      1.5415E+00      1.3992E+00      1.8609E+00      2.1595E-01      5.2581E+01      1.3034E+02      1.0000E+00
      3.8471E-01      1.7471E+00      1.4756E+00      2.0176E+00      2.2105E-01      5.0745E+01      1.3561E+02      1.0000E+00
      2.2887E-01      1.0364E+00      1.0085E+00      1.1152E+00      2.1935E-01      8.6098E+01      9.4051E+01      1.0000E+00
      2.2815E-01      1.1252E+00      1.0614E+00      1.2474E+00      1.9763E-01      7.0449E+01      1.0601E+02      1.0000E+00
      2.2646E-01      1.0424E+00      1.0079E+00      1.0707E+00      2.1445E-01      8.4849E+01      9.7150E+01      1.0000E+00
      2.6197E-01      1.0843E+00      1.0613E+00      1.2795E+00      2.2212E-01      7.8045E+01      1.0525E+02      1.0000E+00
      1.6920E-01      1.5645E+00      1.2797E+00      1.6722E+00      1.1198E-01      6.1681E+01      1.2485E+02      1.0000E+00
      3.4701E-01      1.1170E+00      1.0392E+00      1.1805E+00      3.3282E-01      7.5900E+01      1.0269E+02      1.0000E+00
      2.4820E-01      1.1053E+00      1.0203E+00      1.1851E+00      2.3508E-01      8.3880E+01      9.7948E+01      1.0000E+00
      4.0292E-01      1.7224E+00      1.4749E+00      1.9650E+00      2.4076E-01      5.0001E+01      1.3541E+02      1.0000E+00
      3.9280E-01      1.3776E+00      1.3316E+00      1.7918E+00      2.4830E-01      6.1123E+01      1.2664E+02      1.0000E+00
      4.3253E-01      1.2834E+00      1.0704E+00      1.4699E+00      3.4863E-01      7.5082E+01      1.0451E+02      1.0000E+00
      2.1646E-01      1.2587E+00      1.2924E+00      1.4084E+00      1.2928E-01      7.2284E+01      1.2927E+02      1.0000E+00
      3.4262E-02      1.3214E+00      1.2735E+00      1.2638E+00      2.7888E-02      5.6561E+01      1.2803E+02      1.0000E+00
      6.0900E-02      1.1453E+00      1.0504E+00      1.2394E+00      5.4174E-02      7.3059E+01      1.0232E+02      1.0000E+00
      2.4209E-02      1.5940E+00      1.5245E+00      1.8381E+00      1.5472E-02      4.8922E+01      1.3566E+02      1.0000E+00
      1.6072E-02      1.0186E+00      1.0006E+00      1.0389E+00      1.5608E-02      8.8070E+01      9.1379E+01      1.0000E+00
      2.7352E-02      1.6410E+00      1.4506E+00      2.0149E+00      1.6375E-02      5.2054E+01      1.3296E+02      1.0000E+00
      5.8762E-02      1.1365E+00      1.0862E+00      1.2608E+00      4.4055E-02      8.1057E+01      1.1293E+02      1.0000E+00
      6.2194E-02      1.1266E+00      1.0181E+00      1.1769E+00      5.7031E-02      8.4414E+01      9.6402E+01      1.0000E+00
      8.0150E-02      1.0981E+00      1.0431E+00      1.1316E+00      7.5038E-02      7.3797E+01      1.0371E+02      1.0000E+00
      1.5549E-02      1.0395E+00      1.0162E+00      1.0672E+00      1.4590E-02      8.2757E+01      1.0022E+02      1.0000E+00
      2.3568E-02      1.5282E+00      1.3896E+00      1.8304E+00      1.4538E-02      5.5528E+01      1.3153E+02      1.0000E+00
      2.5503E-02      1.5724E+00      1.3200E+00      1.9430E+00      1.5447E-02      5.7971E+01      1.2825E+02      1.0000E+00
      5.1684E-02      1.1380E+00      1.0506E+00      1.2609E+00      4.5734E-02      8.0175E+01      1.0594E+02      1.0000E+00
      4.6963E-02      1.5551E+00      1.4634E+00      1.6129E+00      3.1933E-02      4.9830E+01      1.3565E+02      1.0000E+00
      5.6515E-02      1.0801E+00      1.0178E+00      1.1893E+00      5.1364E-02      8.5561E+01      9.8551E+01      1.0000E+00
      9.0446E-02      1.5520E+00      1.4451E+00      1.8142E+00      5.4380E-02      5.4003E+01      1.3423E+02      1.0000E+00
      9.1371E-02      1.4600E+00      1.3471E+00      1.9632E+00      5.3939E-02      6.0812E+01      1.2722E+02      1.0000E+00
      2.2824E-01      1.1482E+00      1.0812E+00      1.2728E+00      1.7187E-01      8.1374E+01      1.1231E+02      1.0000E+00
      2.2615E-01      1.1683E+00      1.0747E+00      1.3021E+00      1.7206E-01      8.0862E+01      1.1139E+02      1.0000E+00
      3.1497E-01      1.1074E+00      1.0399E+00      1.1661E+00      2.8846E-01      7.4505E+01      1.0184E+02      1.0000E+00
      6.5121E-02      1.0690E+00      1.0085E+00      1.1393E+00      5.7708E-02      8.3415E+01      9.6488E+01      1.0000E+00
      9.3772E-02      1.5112E+00      1.4239E+00      1.7938E+00      5.7312E-02      5.5054E+01      1.3305E+02      1.0000E+00
      9.4062E-02      1.4486E+00      1.3741E+00      1.7663E+00      5.8702E-02      5.7664E+01      1.3047E+02      1.0000E+00
      2.5798E-01      1.0701E+00      1.0097E+00      1.1361E+00      2.2856E-01      8.4823E+01      9.7926E+01      1.0000E+00
      3.6582E-01      1.5125E+00      1.3886E+00      1.7904E+00      2.2224E-01      5.6527E+01      1.3206E+02      1.0000E+00
      3.7781E-01      1.4808E+00      1.3501E+00      1.8166E+00      2.2656E-01      5.9294E+01      1.3002E+02      1.0000E+00
      3.8500E-01      1.7729E+00      1.5029E+00      2.0331E+00      2.1665E-01      5.0157E+01      1.3671E+02      1.0000E+00
      2.2708E-01      1.0448E+00      1.0121E+00      1.1399E+00      2.1576E-01      8.5136E+01      9.4805E+01      1.0000E+00
      2.9743E-01      1.4760E+00      1.3693E+00      1.7267E+00      2.1699E-01      5.1810E+01      1.2848E+02      1.0000E+00
      2.4149E-01      1.0257E+00      1.0013E+00      1.0463E+00      2.3365E-01      8.8187E+01      9.2910E+01      1.0000E+00
      2.7339E-01      1.1203E+00      1.0222E+00      1.1580E+00      2.5242E-01      8.1035E+01      9.9309E+01      1.0000E+00
      1.7244E-01      1.6233E+00      1.3635E+00      1.6745E+00      1.0850E-01      5.5737E+01      1.3283E+02      1.0000E+00
      4.5249E-01      1.4347E+00      1.1835E+00      1.6280E+00      3.6068E-01      6.4503E+01      1.1453E+02      1.0000E+00
      1.6832E-01      1.2425E+00      1.1664E+00      1.4013E+00      1.1778E-01      7.3991E+01      1.2067E+02      1.0000E+00
      2.3164E-01      1.1035E+00      1.0463E+00      1.2255E+00      2.0075E-01      7.7574E+01      1.0571E+02      1.0000E+00
      2.2804E-01      1.0832E+00      1.0160E+00      1.1712E+00      2.1561E-01      8.5210E+01      9.7741E+01      1.0000E+00
      2.3964E-01      1.0518E+00      1.0049E+00      1.1038E+00      2.3929E-01      8.9469E+01      9.0603E+01      1.0000E+00
      2.6742E-01      1.0979E+00      1.0259E+00      1.1896E+00      2.4430E-01      7.7703E+01      9.7449E+01      1.0000E+00
      2.4722E-01      1.0477E+00      1.0044E+00      1.0972E+00      2.4359E-01      8.9375E+01      9.1452E+01      1.0000E+00
      2.2996E-01      1.0581E+00      1.0097E+00      1.1430E+00      2.2392E-01      8.7621E+01      9.2540E+01      1.0000E+00
      2.0941E-01      1.0887E+00      1.0183E+00      1.2060E+00      1.9877E-01      8.6167E+01      9.5585E+01      1.0000E+00
      2.4081E-01      1.0425E+00      1.0049E+00      1.0998E+00      2.3544E-01      8.7860E+01      9.1618E+01      1.0000E+00
      2.2989E-01      1.0444E+00      1.0040E+00      1.0933E+00      2.2723E-01      8.9568E+01      9.0912E+01      1.0000E+00
      1.8215E-01      1.1651E+00      1.0487E+00      1.3301E+00      1.6125E-01      8.3033E+01      1.0259E+02      1.0000E+00
      1.4432E-01      1.4875E+00      1.3588E+00      1.5491E+00      9.0547E-02      5.8549E+01      1.3258E+02      1.0000E+00
      2.3069E-01      1.0472E+00      1.0044E+00      1.0982E+00      2.2562E-01      8.9089E+01      9.1588E+01      1.0000E+00
      2.6213E-01      1.0608E+00      1.0209E+00      1.1529E+00      2.4016E-01      7.9383E+01      9.8917E+01      1.0000E+00
      2.6728E-01      1.0492E+00      1.0112E+00      1.1277E+00      2.4477E-01      8.1817E+01      9.5079E+01      1.0000E+00
      2.2208E-01      1.0438E+00      1.0064E+00      1.1153E+00      2.0841E-01      8.7333E+01      9.4871E+01      1.0000E+00
      1.8785E-01      1.1133E+00      1.0241E+00      1.2384E+00      1.6450E-01      8.5378E+01      9.9635E+01      1.0000E+00
      1.4139E-01      1.4043E+00      1.2554E+00      1.5496E+00      8.7204E-02      6.6598E+01      1.2719E+02      1.0000E+00
      1.7498E-01      1.5504E+00      1.5112E+00      1.7104E+00      9.7772E-02      5.4865E+01      1.3799E+02      1.0000E+00
      2.6798E-01      1.1720E+00      1.1070E+00      1.4368E+00      2.0453E-01      7.4431E+01      1.1172E+02      1.0000E+00
      3.8470E-01      1.5711E+00      1.2812E+00      1.9839E+00      2.2852E-01      6.0605E+01      1.2620E+02      1.0000E+00
      2.6357E-01      1.0858E+00      1.0248E+00      1.1881E+00      2.3001E-01      8.4711E+01      1.0192E+02      1.0000E+00
      3.8722E-01      1.6383E+00      1.3663E+00      1.9034E+00      2.2689E-01      5.6054E+01      1.3187E+02      1.0000E+00
      1.8143E-01      1.2432E+00      1.0772E+00      1.4480E+00      1.4452E-01      8.0351E+01      1.0494E+02      1.0000E+00
      1.4157E-01      1.4892E+00      1.3643E+00      1.6401E+00      9.1969E-02      5.5940E+01      1.3191E+02      1.0000E+00
      2.3827E-01      1.0772E+00      1.0281E+00      1.2317E+00      2.1126E-01      8.0928E+01      9.6377E+01      1.0000E+00
      3.7487E-01      1.6607E+00      1.5619E+00      1.8875E+00      2.1026E-01      5.0615E+01      1.3865E+02      1.0000E+00
      3.2302E-01      1.5250E+00      1.3773E+00      1.9212E+00      2.1431E-01      5.3666E+01      1.2806E+02      1.0000E+00
      3.0027E-01      1.4714E+00      1.3813E+00      1.7080E+00      2.1787E-01      5.1684E+01      1.2927E+02      1.0000E+00
      3.9146E-01      1.7414E+00      1.4737E+00      2.0201E+00      2.2242E-01      5.1242E+01      1.3560E+02      1.0000E+00
      2.3401E-01      1.0574E+00      1.0115E+00      1.1585E+00      2.1863E-01      8.6594E+01      9.5128E+01      1.0000E+00
      2.8284E-01      1.1019E+00      1.0204E+00      1.1329E+00      2.6163E-01      8.0991E+01      1.0038E+02      1.0000E+00
      2.6068E-01      1.0137E+00      1.0009E+00      1.0392E+00      2.5424E-01      8.8378E+01      9.1193E+01      1.0000E+00
      1.6846E-01      1.4444E+00      1.3427E+00      1.5317E+00      1.0391E-01      6.0997E+01      1.3184E+02      1.0000E+00
      2.3424E-01      1.0845E+00      1.0567E+00      1.2588E+00      2.0360E-01      7.8267E+01      1.0476E+02      1.0000E+00
      2.4927E-01      1.0452E+00      1.0133E+00      1.1305E+00      2.3543E-01      8.3158E+01      9.6093E+01      1.0000E+00
      2.3019E-01      1.0435E+00      1.0035E+00      1.0863E+00      2.2538E-01      8.9097E+01      9.1505E+01      1.0000E+00
      1.4311E-01      1.4536E+00      1.3925E+00      1.5560E+00      8.6454E-02      5.9109E+01      1.3396E+02      1.0000E+00
      1.9085E-01      1.1279E+00      1.0421E+00      1.2754E+00      1.6352E-01      8.3410E+01      1.0441E+02      1.0000E+00
      2.4349E-01      1.0235E+00      1.0031E+00      1.0748E+00      2.3603E-01      8.7874E+01      9.1888E+01      1.0000E+00
      2.5571E-01      1.0134E+00      1.0020E+00      1.0295E+00      2.5328E-01      8.6558E+01      9.3206E+01      1.0000E+00
      2.4949E-01      1.0646E+00      1.0265E+00      1.1873E+00      2.2514E-01      7.9336E+01      9.9055E+01      1.0000E+00
      2.5872E-01      1.0439E+00      1.0131E+00      1.1095E+00      2.4308E-01      8.1389E+01      9.7502E+01      1.0000E+00
      2.5186E-01      1.0164E+00      1.0008E+00      1.0407E+00      2.4620E-01      8.8728E+01      9.1288E+01      1.0000E+00
      2.4084E-01      1.0205E+00      1.0008E+00      1.0412E+00      2.3633E-01      8.8654E+01      9.0800E+01      1.0000E+00
      2.3805E-01      1.0301E+00      1.0014E+00      1.0530E+00      2.3401E-01      8.8914E+01      9.0889E+01      1.0000E+00
      2.4806E-01      1.0205E+00      1.0016E+00      1.0545E+00      2.4125E-01      8.8037E+01      9.1144E+01      1.0000E+00
      2.3480E-01      1.0327E+00      1.0034E+00      1.0459E+00      2.2979E-01      8.5807E+01      9.3970E+01      1.0000E+00
      2.4763E-01      1.0834E+00      1.0330E+00      1.1170E+00      2.3169E-01      7.5719E+01      1.0304E+02      1.0000E+00
      2.5425E-01      1.0411E+00      1.0049E+00      1.0639E+00      2.4636E-01      8.4909E+01      9.4246E+01      1.0000E+00
      2.5054E-01      1.0899E+00      1.0133E+00      1.1307E+00      2.3503E-01      8.2604E+01      9.6518E+01      1.0000E+00
      2.0190E-01      1.1993E+00      1.0595E+00      1.3643E+00      1.5998E-01      8.1795E+01      1.0750E+02      1.0000E+00
      2.0813E-01      1.6129E+00      1.3417E+00      1.7159E+00      1.3893E-01      5.7217E+01      1.2932E+02      1.0000E+00
      2.1805E-01      1.4010E+00      1.1976E+00      1.6208E+00      1.3727E-01      6.8707E+01      1.2318E+02      1.0000E+00
      4.2015E-01      1.1867E+00      1.1448E+00      1.3818E+00      3.3765E-01      7.3150E+01      1.1596E+02      1.0000E+00
      4.2071E-01      1.1623E+00      1.0313E+00      1.2539E+00      3.7343E-01      8.4026E+01      9.8545E+01      1.0000E+00
      4.9440E-01      1.0579E+00      1.0163E+00      1.1852E+00      4.4293E-01      8.3715E+01      9.5254E+01      1.0000E+00
      2.9991E-01      1.1597E+00      1.0381E+00      1.2297E+00      2.6204E-01      7.9724E+01      1.0361E+02      1.0000E+00
      4.1169E-01      1.6433E+00      1.3618E+00      1.8792E+00      2.5315E-01      5.4463E+01      1.3147E+02      1.0000E+00
      4.5535E-01      1.4228E+00      1.2508E+00      1.8080E+00      2.7045E-01      6.6426E+01      1.2493E+02      1.0000E+00
      3.2571E-01      1.5220E+00      1.4030E+00      1.8636E+00      2.1020E-01      5.3664E+01      1.3052E+02      1.0000E+00
      2.2507E-01      1.0660E+00      1.0100E+00      1.1513E+00      2.1575E-01      8.7862E+01      9.3732E+01      1.0000E+00
      3.7501E-01      1.7620E+00      1.4767E+00      2.0138E+00      2.1688E-01      5.0300E+01      1.3575E+02      1.0000E+00
      3.8110E-01      1.6505E+00      1.4014E+00      1.9409E+00      2.2790E-01      5.3628E+01      1.3259E+02      1.0000E+00
      2.3617E-01      1.0860E+00      1.0170E+00      1.1856E+00      2.1523E-01      8.5960E+01      9.8786E+01      1.0000E+00
      3.4570E-01      1.4198E+00      1.3600E+00      1.7941E+00      2.1877E-01      5.8535E+01      1.2863E+02      1.0000E+00
      2.6007E-01      1.0329E+00      1.0029E+00      1.0618E+00      2.5826E-01      8.7308E+01      9.2967E+01      1.0000E+00
      2.8867E-01      1.1188E+00      1.0438E+00      1.1986E+00      2.6428E-01      7.3970E+01      1.0175E+02      1.0000E+00
      1.4405E-01      1.4564E+00      1.3827E+00      1.5717E+00      8.6907E-02      5.9407E+01      1.3351E+02      1.0000E+00
      1.9121E-01      1.1290E+00      1.0423E+00      1.2764E+00      1.6268E-01      8.3606E+01      1.0464E+02      1.0000E+00
      2.5473E-01      1.0796E+00      1.0282E+00      1.2097E+00      2.2785E-01      7.8948E+01      9.9637E+01      1.0000E+00
      2.7821E-01      1.0419E+00      1.0154E+00      1.0836E+00      2.6409E-01      8.0029E+01      9.7972E+01      1.0000E+00
      2.8481E-01      1.0536E+00      1.0162E+00      1.1089E+00      2.6920E-01      8.0283E+01      9.9304E+01      1.0000E+00
      1.6495E-01      1.4078E+00      1.3476E+00      1.5751E+00      9.7026E-02      6.3211E+01      1.3190E+02      1.0000E+00
      2.3871E-01      1.1008E+00      1.0250E+00      1.2520E+00      1.9540E-01      8.0425E+01      1.0116E+02      1.0000E+00
      3.7985E-01      1.2129E+00      1.0859E+00      1.3093E+00      3.2688E-01      6.8519E+01      1.1073E+02      1.0000E+00
      3.3709E-01      1.1610E+00      1.0365E+00      1.2507E+00      2.9215E-01      7.6750E+01      1.0066E+02      1.0000E+00
      4.6924E-01      1.1542E+00      1.0316E+00      1.2275E+00      4.2907E-01      8.0047E+01      9.9351E+01      1.0000E+00
      2.1793E-01      1.1165E+00      1.0333E+00      1.2611E+00      1.9522E-01      8.3902E+01      1.0123E+02      1.0000E+00
      3.5430E-01      1.6915E+00      1.4144E+00      1.9349E+00      2.0628E-01      5.3443E+01      1.3386E+02      1.0000E+00
      2.9615E-01      1.3510E+00      1.3006E+00      1.7193E+00      1.9909E-01      6.0790E+01      1.2491E+02      1.0000E+00
      3.2246E-01      1.5715E+00      1.5054E+00      1.7342E+00      1.8984E-01      5.2656E+01      1.3733E+02      1.0000E+00
      3.6874E-01      1.5886E+00      1.3369E+00      1.9522E+00      2.2000E-01      5.7431E+01      1.2928E+02      1.0000E+00
      3.6025E-01      1.6512E+00      1.4002E+00      1.9305E+00      2.1428E-01      5.3867E+01      1.3275E+02      1.0000E+00
      2.3712E-01      1.0556E+00      1.0101E+00      1.0975E+00      2.2216E-01      8.5102E+01      9.7965E+01      1.0000E+00
      3.6907E-01      1.5951E+00      1.3795E+00      1.9370E+00      2.1704E-01      5.6082E+01      1.3139E+02      1.0000E+00
      2.3941E-01      1.0527E+00      1.0114E+00      1.1131E+00      2.1540E-01      8.6775E+01      9.8533E+01      1.0000E+00
      3.5828E-01      1.5322E+00      1.3598E+00      1.8825E+00      2.1690E-01      5.7224E+01      1.3007E+02      1.0000E+00
      3.5355E-01      1.7323E+00      1.4156E+00      1.9641E+00      1.9628E-01      5.4433E+01      1.3443E+02      1.0000E+00
      2.3146E-01      1.1008E+00      1.0285E+00      1.2345E+00      2.0395E-01      8.4409E+01      1.0128E+02      1.0000E+00
      1.6666E-01      1.6279E+00      1.6296E+00      1.3374E+00      1.3413E-01      4.1114E+01      1.4136E+02      1.0000E+00
      2.5537E-01      1.0488E+00      1.0216E+00      1.1104E+00      2.4038E-01      7.9826E+01      1.0083E+02      1.0000E+00
      2.7226E-01      1.1206E+00      1.0420E+00      1.2215E+00      2.2911E-01      7.3741E+01      9.7651E+01      1.0000E+00
      4.2458E-01      1.4579E+00      1.1985E+00      1.7697E+00      2.8891E-01      5.9352E+01      1.1534E+02      1.0000E+00
      2.6443E-01      1.6034E+00      1.3370E+00      2.2242E+00      1.0644E-01      5.0258E+01      1.2385E+02      1.0000E+00
      3.3519E-01      1.5179E+00      1.3131E+00      2.0728E+00      1.4393E-01      5.9805E+01      1.2975E+02      1.0000E+00
      3.0115E-01      1.4984E+00      1.3198E+00      1.8507E+00      1.7641E-01      4.9373E+01      1.1021E+02      1.0000E+00
      4.4123E-01      1.5466E+00      1.4212E+00      1.6274E+00      2.5906E-01      5.7001E+01      1.3523E+02      1.0000E+00
      3.6305E-01      1.6017E+00      1.2579E+00      2.0064E+00      2.3937E-01      5.8939E+01      1.2039E+02      1.0000E+00
      2.9221E-01      1.1628E+00      1.0679E+00      1.3581E+00      2.3733E-01      7.0494E+01      1.0439E+02      1.0000E+00
      1.6291E-01      1.6181E+00      1.2397E+00      2.0643E+00      9.3542E-02      6.2101E+01      1.1867E+02      1.0000E+00
      3.3357E-01      1.6875E+00      1.3570E+00      2.0720E+00      1.9838E-01      5.4714E+01      1.2984E+02      1.0000E+00
      3.4909E-01      1.5504E+00      1.3830E+00      1.9358E+00      1.9744E-01      5.8373E+01      1.3146E+02      1.0000E+00
      2.3796E-01      1.1688E+00      1.0304E+00      1.2884E+00      1.9510E-01      7.7535E+01      9.8706E+01      1.0000E+00
      1.1403E-01      1.7459E+00      1.4336E+00      2.0489E+00      6.9640E-02      5.0164E+01      1.3313E+02      1.0000E+00
      1.1015E-01      1.7415E+00      1.4874E+00      2.0308E+00      6.6447E-02      4.8975E+01      1.3505E+02      1.0000E+00
      6.9209E-02      1.0094E+00      1.0009E+00      1.0146E+00      6.8819E-02      8.7673E+01      9.2184E+01      1.0000E+00
      1.0651E-01      1.7303E+00      1.5224E+00      1.9900E+00      6.0929E-02      4.9781E+01      1.3706E+02      1.0000E+00
      6.5286E-02      1.0418E+00      1.0113E+00      1.1341E+00      6.0861E-02      8.5360E+01      9.5963E+01      1.0000E+00
      8.5934E-02      1.4685E+00      1.3430E+00      1.7224E+00      6.2688E-02      5.2153E+01      1.2697E+02      1.0000E+00
      1.0361E-01      1.6980E+00      1.4328E+00      1.9831E+00      6.1331E-02      5.2000E+01      1.3380E+02      1.0000E+00
      6.3644E-02      1.0444E+00      1.0094E+00      1.1302E+00      5.9275E-02      8.5170E+01      9.5697E+01      1.0000E+00
      7.8437E-02      1.5355E+00      1.3990E+00      1.7033E+00      5.7727E-02      4.8835E+01      1.3051E+02      1.0000E+00
      7.1394E-02      1.0300E+00      1.0021E+00      1.0638E+00      6.8716E-02      8.6982E+01      9.1272E+01      1.0000E+00
      6.0794E-02      1.1236E+00      1.1337E+00      1.2081E+00      4.9318E-02      7.0899E+01      1.1749E+02      1.0000E+00
      6.6111E-02      1.0834E+00      1.0406E+00      1.1563E+00      6.3528E-02      7.6979E+01      1.0381E+02      1.0000E+00
      2.5203E-02      1.4767E+00      1.3597E+00      1.8187E+00      1.4840E-02      5.9715E+01      1.3055E+02      1.0000E+00
      2.5915E-02      1.5560E+00      1.3367E+00      1.9397E+00      1.5073E-02      5.9133E+01      1.2935E+02      1.0000E+00
      1.7166E-02      1.0810E+00      1.0158E+00      1.1518E+00      1.4841E-02      8.4534E+01      1.0011E+02      1.0000E+00
      7.7474E-02      1.6334E+00      1.4586E+00      1.8621E+00      4.5363E-02      5.2838E+01      1.3537E+02      1.0000E+00
      6.5069E-02      1.7110E+00      1.3971E+00      1.9994E+00      4.2986E-02      4.9516E+01      1.2971E+02      1.0000E+00
      4.9581E-02      1.1439E+00      1.0201E+00      1.2567E+00      4.2157E-02      8.1057E+01      9.8629E+01      1.0000E+00
      2.3296E-02      1.4740E+00      1.3437E+00      1.8926E+00      1.5414E-02      5.6236E+01      1.2632E+02      1.0000E+00
      2.5253E-02      1.7069E+00      1.5950E+00      1.9301E+00      1.4188E-02      4.8852E+01      1.3943E+02      1.0000E+00
      1.5233E-02      1.0457E+00      1.0114E+00      1.1402E+00      1.4451E-02      8.5446E+01      9.4255E+01      1.0000E+00
      2.1822E-02      1.4930E+00      1.2838E+00      1.9014E+00      1.3428E-02      6.1010E+01      1.2567E+02      1.0000E+00
      1.3919E-02      1.0873E+00      1.0176E+00      1.1512E+00      1.2497E-02      8.4213E+01      1.0052E+02      1.0000E+00
      1.7113E-02      1.5267E+00      1.4338E+00      1.6041E+00      1.2285E-02      4.9447E+01      1.3381E+02      1.0000E+00
      2.1187E-02      1.1173E+00      1.0429E+00      1.1672E+00      1.9724E-02      7.4387E+01      1.0354E+02      1.0000E+00
      1.6354E-02      1.1336E+00      1.0206E+00      1.1937E+00      1.4749E-02      8.4378E+01      9.7377E+01      1.0000E+00
      1.5444E-02      1.1524E+00      1.1006E+00      1.2559E+00      1.1497E-02      7.9089E+01      1.1469E+02      1.0000E+00
      6.3771E-03      1.6054E+00      1.3233E+00      1.9512E+00      3.8869E-03      5.6902E+01      1.2867E+02      1.0000E+00
      5.9380E-03      1.5471E+00      1.4080E+00      1.8953E+00      3.5364E-03      5.5631E+01      1.3204E+02      1.0000E+00
      3.7933E-03      1.0612E+00      1.0143E+00      1.0966E+00      3.6347E-03      8.2448E+01      9.9293E+01      1.0000E+00
      1.6605E-02      1.1483E+00      1.0396E+00      1.2235E+00      1.4737E-02      7.5739E+01      1.0142E+02      1.0000E+00
      1.3975E-02      1.3304E+00      1.3217E+00      1.2491E+00      1.0631E-02      5.7541E+01      1.3083E+02      1.0000E+00
      6.7886E-03      1.7085E+00      1.5276E+00      2.0531E+00      3.9282E-03      4.9605E+01      1.3602E+02      1.0000E+00
      3.6492E-03      1.0480E+00      1.0086E+00      1.1315E+00      3.4483E-03      8.6760E+01      9.4674E+01      1.0000E+00
      5.1504E-03      1.6551E+00      1.5474E+00      1.9287E+00      3.4877E-03      4.4962E+01      1.3402E+02      1.0000E+00
      3.4922E-01      1.5190E+00      1.3489E+00      1.9400E+00      2.0873E-01      5.8483E+01      1.2873E+02      1.0000E+00
      3.6550E-01      1.5470E+00      1.3384E+00      1.8314E+00      2.2536E-01      5.7191E+01      1.2994E+02      1.0000E+00
      2.3415E-01      1.0930E+00      1.0244E+00      1.1963E+00      2.0883E-01      8.4553E+01      1.0133E+02      1.0000E+00
      3.0719E-01      1.3849E+00      1.2241E+00      1.8141E+00      1.9139E-01      6.7176E+01      1.2167E+02      1.0000E+00
      2.1356E-01      1.1445E+00      1.0315E+00      1.2830E+00      1.8556E-01      8.2179E+01      9.7517E+01      1.0000E+00
      2.3653E-01      1.6774E+00      1.6095E+00      1.6276E+00      1.5777E-01      4.4963E+01      1.4082E+02      1.0000E+00
      3.2655E-01      1.4326E+00      1.3201E+00      1.8038E+00      1.9586E-01      6.1974E+01      1.2820E+02      1.0000E+00
      2.3312E-01      1.1867E+00      1.0576E+00      1.3463E+00      1.8210E-01      7.1400E+01      9.9560E+01      1.0000E+00
      2.9761E-01      1.5413E+00      1.4837E+00      1.8760E+00      1.7008E-01      5.4674E+01      1.3509E+02      1.0000E+00
      8.1657E-02      1.4894E+00      1.3191E+00      1.6644E+00      5.9925E-02      5.0725E+01      1.2649E+02      1.0000E+00
      1.2514E-01      1.5779E+00      1.3548E+00      1.9203E+00      6.9861E-02      5.9505E+01      1.3114E+02      1.0000E+00
      6.9575E-02      1.0943E+00      1.0345E+00      1.2028E+00      6.2471E-02      7.6263E+01      1.0236E+02      1.0000E+00
      6.6311E-02      1.0809E+00      1.0385E+00      1.1737E+00      6.2940E-02      7.8158E+01      1.0284E+02      1.0000E+00
      7.5578E-02      1.0516E+00      1.0044E+00      1.1008E+00      7.1815E-02      8.5384E+01      9.4402E+01      1.0000E+00
      4.8982E-02      1.3317E+00      1.1055E+00      1.5912E+00      3.7738E-02      6.9333E+01      1.1080E+02      1.0000E+00
      2.4702E-02      1.5806E+00      1.4179E+00      2.0011E+00      1.3292E-02      5.8124E+01      1.3291E+02      1.0000E+00
      1.4548E-02      1.1546E+00      1.0230E+00      1.2982E+00      1.2424E-02      8.0222E+01      9.7904E+01      1.0000E+00
      1.9850E-02      1.5923E+00      1.3911E+00      1.9713E+00      1.2697E-02      5.2894E+01      1.2975E+02      1.0000E+00
      1.7257E-01      1.3552E+00      1.2051E+00      1.6686E+00      1.1356E-01      5.6165E+01      1.0917E+02      1.0000E+00
      8.0388E-02      1.1635E+00      1.1050E+00      1.3542E+00      6.8221E-02      6.8808E+01      1.1105E+02      1.0000E+00
      4.6434E-02      1.3366E+00      1.4163E+00      1.4226E+00      2.7449E-02      6.2929E+01      1.3502E+02      1.0000E+00
      6.3131E-03      1.4939E+00      1.3724E+00      1.7787E+00      3.8979E-03      5.6991E+01      1.3115E+02      1.0000E+00
      6.8910E-03      1.5457E+00      1.2980E+00      1.8651E+00      4.2301E-03      5.9164E+01      1.2784E+02      1.0000E+00
      4.8627E-03      1.0915E+00      1.0194E+00      1.1993E+00      4.0627E-03      8.2110E+01      1.0101E+02      1.0000E+00
      5.1184E-03      1.0953E+00      1.0330E+00      1.1510E+00      4.6151E-03      7.5664E+01      1.0063E+02      1.0000E+00
      3.9449E-03      1.0802E+00      1.0299E+00      1.2243E+00      3.4947E-03      8.0818E+01      1.0067E+02      1.0000E+00
      3.3811E-03      1.3865E+00      1.7134E+00      1.4530E+00      1.6096E-03      6.0786E+01      1.4428E+02      1.0000E+00
      7.5566E-03      1.5938E+00      1.4615E+00      1.8920E+00      4.8546E-03      5.0468E+01      1.3314E+02      1.0000E+00
      5.1980E-03      1.1185E+00      1.0218E+00      1.2302E+00      4.4151E-03      7.9001E+01      9.6385E+01      1.0000E+00
      7.5450E-03      1.4761E+00      1.4233E+00      1.8508E+00      4.8569E-03      5.4220E+01      1.3048E+02      1.0000E+00
      3.2826E-03      1.0819E+00      1.0076E+00      1.1219E+00      3.1019E-03      8.5786E+01      9.3425E+01      1.0000E+00
      3.0075E-03      1.1873E+00      1.1371E+00      1.2999E+00      2.5097E-03      6.6184E+01      1.1682E+02      1.0000E+00
      1.5328E-02      1.5264E+00      1.2117E+00      1.8554E+00      9.7616E-03      6.5750E+01      1.2009E+02      1.0000E+00
      3.6953E-01      1.6431E+00      1.3665E+00      1.9301E+00      2.1972E-01      5.5330E+01      1.3147E+02      1.0000E+00
      3.7013E-01      1.6648E+00      1.3770E+00      1.9505E+00      2.1820E-01      5.4802E+01      1.3197E+02      1.0000E+00
      2.4739E-01      1.0336E+00      1.0066E+00      1.0576E+00      2.3435E-01      8.6092E+01      9.6560E+01      1.0000E+00
      3.8303E-01      1.7291E+00      1.4423E+00      1.9830E+00      2.1843E-01      5.2447E+01      1.3487E+02      1.0000E+00
      2.4762E-01      1.0698E+00      1.0204E+00      1.1524E+00      2.2622E-01      8.3719E+01      1.0046E+02      1.0000E+00
      3.2105E-01      1.4642E+00      1.2683E+00      1.7137E+00      2.3342E-01      5.6109E+01      1.2467E+02      1.0000E+00
      3.5532E-01      1.6273E+00      1.8739E+00      1.8969E+00      1.5865E-01      5.1209E+01      1.4648E+02      1.0000E+00
      2.4802E-01      1.7215E+00      1.5048E+00      2.3075E+00      1.4314E-01      4.7040E+01      1.2873E+02      1.0000E+00
      1.1573E-01      1.4454E+00      1.3121E+00      1.5886E+00      7.1500E-02      6.1806E+01      1.3019E+02      1.0000E+00
      3.0736E-01      1.1283E+00      1.0280E+00      1.2471E+00      2.6508E-01      7.7325E+01      9.5772E+01      1.0000E+00
      2.7444E-01      1.1264E+00      1.0233E+00      1.1958E+00      2.5934E-01      8.3158E+01      9.7346E+01      1.0000E+00
      2.8479E-01      1.1086E+00      1.0399E+00      1.2696E+00      2.6466E-01      8.0517E+01      9.8437E+01      1.0000E+00
      2.3391E-01      1.2383E+00      1.1193E+00      1.2789E+00      2.2873E-01      6.6965E+01      1.1359E+02      1.0000E+00
      1.5245E-01      1.4018E+00      1.3898E+00      1.8006E+00      7.2177E-02      7.1169E+01      1.3331E+02      1.0000E+00
      1.1058E-01      1.3877E+00      1.2043E+00      1.9431E+00      6.4235E-02      7.0145E+01      1.1906E+02      1.0000E+00
      9.9818E-02      1.5671E+00      1.3168E+00      1.7741E+00      6.4900E-02      5.5944E+01      1.2935E+02      1.0000E+00
      6.3238E-02      1.1966E+00      1.0849E+00      1.2752E+00      5.6492E-02      7.2368E+01      1.1158E+02      1.0000E+00
      4.3302E-01      1.5405E+00      1.3192E+00      1.7883E+00      2.6199E-01      5.9116E+01      1.2982E+02      1.0000E+00
      3.6491E-01      1.4008E+00      1.2908E+00      1.7714E+00      2.3712E-01      6.1044E+01      1.2539E+02      1.0000E+00
      2.6556E-01      1.0790E+00      1.0474E+00      1.2001E+00      2.3904E-01      7.8069E+01      1.0479E+02      1.0000E+00
      5.3306E-01      1.2970E+00      1.0973E+00      1.4621E+00      4.1724E-01      6.8936E+01      1.0572E+02      1.0000E+00
      3.3544E-01      1.1482E+00      1.0424E+00      1.2407E+00      2.9663E-01      7.4926E+01      1.0109E+02      1.0000E+00
      3.2540E-01      1.1050E+00      1.0529E+00      1.1548E+00      2.8531E-01      7.6628E+01      1.0817E+02      1.0000E+00
      3.1813E-01      1.6206E+00      1.3382E+00      2.0440E+00      1.8718E-01      5.7177E+01      1.2869E+02      1.0000E+00
      1.9338E-01      1.0745E+00      1.0208E+00      1.1147E+00      1.9190E-01      8.0085E+01      9.9863E+01      1.0000E+00
      3.3283E-01      1.7071E+00      1.3723E+00      1.9875E+00      1.9674E-01      5.4517E+01      1.3145E+02      1.0000E+00
      3.9067E-01      1.7844E+00      1.5154E+00      2.0346E+00      2.1730E-01      4.9982E+01      1.3728E+02      1.0000E+00
      2.4936E-01      1.0370E+00      1.0119E+00      1.1030E+00      2.3338E-01      8.4203E+01      9.7820E+01      1.0000E+00
      3.2121E-01      1.4244E+00      1.2773E+00      1.6310E+00      2.4388E-01      5.4952E+01      1.2490E+02      1.0000E+00
      2.9306E-01      1.0851E+00      1.0170E+00      1.1326E+00      2.7396E-01      8.0532E+01      9.7562E+01      1.0000E+00
      1.9190E-01      1.3076E+00      1.5362E+00      1.3943E+00      1.0353E-01      6.4818E+01      1.3931E+02      1.0000E+00
      2.3890E-01      1.2483E+00      1.2495E+00      1.3122E+00      1.7242E-01      6.6800E+01      1.2662E+02      1.0000E+00
      7.4865E-02      1.7667E+00      1.5346E+00      2.1533E+00      3.7640E-02      5.2684E+01      1.3760E+02      1.0000E+00
      6.4284E-02      1.2625E+00      1.3961E+00      1.3601E+00      4.1409E-02      6.4450E+01      1.3364E+02      1.0000E+00
      6.4127E-02      1.2226E+00      1.0907E+00      1.2562E+00      5.5789E-02      6.9836E+01      1.1264E+02      1.0000E+00
      2.6390E-02      1.5893E+00      1.4636E+00      2.1127E+00      1.3877E-02      5.7156E+01      1.3326E+02      1.0000E+00
      1.7455E-02      1.6746E+00      1.4524E+00      1.8578E+00      1.1643E-02      4.4542E+01      1.2964E+02      1.0000E+00
      1.2610E-02      1.1597E+00      1.0382E+00      1.3060E+00      1.0759E-02      7.6014E+01      9.7092E+01      1.0000E+00
      9.4978E-03      1.1611E+00      1.2119E+00      1.3527E+00      7.2782E-03      6.6906E+01      1.2131E+02      1.0000E+00
      8.9930E-03      1.1668E+00      1.0830E+00      1.3593E+00      7.1715E-03      8.0470E+01      1.1052E+02      1.0000E+00
      3.0731E-01      1.6173E+00      1.3989E+00      1.7490E+00      1.8528E-01      5.4781E+01      1.3399E+02      1.0000E+00
      2.9496E-01      1.1318E+00      1.0391E+00      1.1991E+00      2.8458E-01      7.7339E+01      1.0261E+02      1.0000E+00
      2.6022E-01      1.0836E+00      1.0157E+00      1.1654E+00      2.4110E-01      8.5184E+01      9.8791E+01      1.0000E+00
      1.1312E-01      1.6659E+00      1.6768E+00      1.7827E+00      5.6308E-02      5.1814E+01      1.4311E+02      1.0000E+00
      2.6450E-01      1.0889E+00      1.0149E+00      1.1811E+00      2.3097E-01      8.0320E+01      9.4870E+01      1.0000E+00
      2.5675E-01      1.0877E+00      1.0775E+00      1.1149E+00      2.2384E-01      7.4777E+01      1.1183E+02      1.0000E+00
      1.4971E-01      1.3046E+00      1.0850E+00      1.5568E+00      1.1194E-01      7.3668E+01      1.0984E+02      1.0000E+00
      1.1505E-01      1.5239E+00      1.3566E+00      1.7949E+00      6.9047E-02      5.8035E+01      1.3116E+02      1.0000E+00
      4.7692E-02      1.3552E+00      1.5707E+00      1.3286E+00      2.8886E-02      5.6549E+01      1.4035E+02      1.0000E+00
      8.9262E-02      1.3650E+00      1.3354E+00      1.5535E+00      6.5161E-02      5.5669E+01      1.2838E+02      1.0000E+00
      1.8867E-01      1.0809E+00      1.0138E+00      1.1800E+00      1.8049E-01      8.7577E+01      9.2386E+01      1.0000E+00
      3.4647E-01      1.7939E+00      1.5583E+00      2.0592E+00      1.9256E-01      4.8614E+01      1.3823E+02      1.0000E+00
      2.9502E-01      1.6194E+00      1.4613E+00      2.0654E+00      1.8416E-01      5.0993E+01      1.3125E+02      1.0000E+00
      2.5440E-01      1.6232E+00      1.3722E+00      2.0685E+00      1.5843E-01      5.0232E+01      1.2551E+02      1.0000E+00
      3.5238E-01      1.8752E+00      1.7674E+00      2.0125E+00      1.7072E-01      4.6644E+01      1.4489E+02      1.0000E+00
      1.8365E-01      1.1682E+00      1.0447E+00      1.3470E+00      1.5222E-01      7.9182E+01      9.9054E+01      1.0000E+00
      9.4671E-02      1.6919E+00      1.4755E+00      1.9430E+00      5.6047E-02      5.0782E+01      1.3547E+02      1.0000E+00
      8.6865E-02      1.5572E+00      1.3746E+00      1.8742E+00      5.7081E-02      5.3276E+01      1.2971E+02      1.0000E+00
      5.9783E-02      1.0444E+00      1.0063E+00      1.1085E+00      5.6588E-02      8.4941E+01      9.4818E+01      1.0000E+00
      6.7898E-02      1.0779E+00      1.0349E+00      1.1400E+00      6.2361E-02      7.7269E+01      1.0431E+02      1.0000E+00
      6.1415E-02      1.0717E+00      1.0191E+00      1.1171E+00      5.5309E-02      8.3437E+01      1.0111E+02      1.0000E+00
      3.0390E-02      1.4089E+00      1.1627E+00      1.7434E+00      2.1626E-02      6.2456E+01      1.1529E+02      1.0000E+00
      1.3291E-02      1.2282E+00      1.3192E+00      1.4037E+00      8.1114E-03      6.9555E+01      1.3024E+02      1.0000E+00
      8.0245E-02      1.5414E+00      1.2459E+00      1.8174E+00      5.0650E-02      6.1861E+01      1.2476E+02      1.0000E+00
      5.8336E-02      1.1331E+00      1.0482E+00      1.1883E+00      4.9985E-02      7.8186E+01      1.0744E+02      1.0000E+00
      4.8107E-02      1.3844E+00      1.3345E+00      1.1767E+00      4.4795E-02      4.8620E+01      1.2872E+02      1.0000E+00
      6.2519E-02      1.1526E+00      1.0466E+00      1.3358E+00      5.0397E-02      7.4286E+01      9.6419E+01      1.0000E+00
      2.3709E-02      1.4456E+00      1.2911E+00      1.8007E+00      1.3906E-02      6.4032E+01      1.2756E+02      1.0000E+00
      1.5380E-02      1.0965E+00      1.0215E+00      1.2044E+00      1.3114E-02      8.4461E+01      1.0135E+02      1.0000E+00
      1.2818E-02      1.5402E+00      1.4831E+00      1.3581E+00      1.0592E-02      4.2413E+01      1.3109E+02      1.0000E+00
      6.4398E-02      1.1905E+00      1.0432E+00      1.3852E+00      4.7334E-02      7.5450E+01      1.0626E+02      1.0000E+00
      6.6121E-02      1.2824E+00      1.2623E+00      1.4748E+00      4.2646E-02      6.7296E+01      1.2696E+02      1.0000E+00
      1.9244E-01      1.2802E+00      1.5095E+00      1.3845E+00      1.1133E-01      6.2160E+01      1.3805E+02      1.0000E+00
      1.9661E-01      1.2859E+00      1.3664E+00      1.3934E+00      1.1314E-01      6.8721E+01      1.3296E+02      1.0000E+00
      2.6558E-01      1.0157E+00      1.0014E+00      1.0316E+00      2.6285E-01      8.7752E+01      9.2763E+01      1.0000E+00
      3.3266E-01      1.5066E+00      1.3233E+00      1.7635E+00      2.3218E-01      5.4259E+01      1.2771E+02      1.0000E+00
      2.4359E-01      1.0562E+00      1.0153E+00      1.1179E+00      2.2351E-01      8.3241E+01      9.9606E+01      1.0000E+00
      3.8772E-01      1.6310E+00      1.4060E+00      1.9530E+00      2.2613E-01      5.4648E+01      1.3269E+02      1.0000E+00
      8.2124E-02      1.2914E+00      1.2454E+00      1.4509E+00      4.9440E-02      7.2782E+01      1.2659E+02      1.0000E+00
      4.8246E-02      1.3695E+00      1.1921E+00      1.5898E+00      3.0597E-02      6.9748E+01      1.2275E+02      1.0000E+00
      7.7767E-02      1.2739E+00      1.2222E+00      1.4998E+00      4.6197E-02      7.5207E+01      1.2497E+02      1.0000E+00
      1.2271E-01      1.0334E+00      1.0166E+00      1.0386E+00      1.1999E-01      8.0800E+01      1.0031E+02      1.0000E+00
      1.0072E-01      1.1800E+00      1.1177E+00      1.2472E+00      8.5094E-02      6.7850E+01      1.1594E+02      1.0000E+00
      1.3820E-01      1.1564E+00      1.0244E+00      1.3223E+00      1.1436E-01      8.0961E+01      1.0094E+02      1.0000E+00
      2.3107E-01      1.2116E+00      1.0385E+00      1.3517E+00      1.9054E-01      7.8444E+01      9.9788E+01      1.0000E+00
      1.4355E-01      1.0883E+00      1.0277E+00      1.1651E+00      1.2985E-01      7.9253E+01      1.0269E+02      1.0000E+00
      2.2116E-01      1.2476E+00      1.0974E+00      1.4023E+00      1.8244E-01      6.8074E+01      1.1260E+02      1.0000E+00
      2.8918E-01      1.0794E+00      1.0192E+00      1.1293E+00      2.6737E-01      7.9301E+01      9.7604E+01      1.0000E+00
      2.6273E-01      1.0215E+00      1.0035E+00      1.0488E+00      2.5295E-01      8.5206E+01      9.3111E+01      1.0000E+00
      2.8311E-01      1.0830E+00      1.0114E+00      1.1539E+00      2.5462E-01      8.1880E+01      9.4668E+01      1.0000E+00
      2.3923E-01      1.0374E+00      1.0046E+00      1.0959E+00      2.2625E-01      8.6305E+01      9.2446E+01      1.0000E+00
      2.5606E-01      1.0275E+00      1.0011E+00      1.0421E+00      2.5195E-01      8.8771E+01      9.1424E+01      1.0000E+00
      2.9677E-01      1.0798E+00      1.0192E+00      1.1712E+00      2.5821E-01      7.8870E+01      9.4382E+01      1.0000E+00
      2.2085E-01      1.0766E+00      1.0105E+00      1.1539E+00      2.0815E-01      8.7482E+01      9.4116E+01      1.0000E+00
      2.0299E-01      1.1538E+00      1.0364E+00      1.2778E+00      1.7988E-01      8.3714E+01      1.0074E+02      1.0000E+00
      4.3998E-01      1.4629E+00      1.1662E+00      1.6934E+00      3.1358E-01      6.5611E+01      1.1123E+02      1.0000E+00
      1.5526E-01      1.4703E+00      1.3068E+00      1.6788E+00      9.0091E-02      6.5753E+01      1.2989E+02      1.0000E+00
      5.0614E-02      1.0223E+00      1.0049E+00      1.0408E+00      4.9278E-02      8.5093E+01      9.5591E+01      1.0000E+00
      5.0315E-02      1.0454E+00      1.0031E+00      1.0687E+00      4.8976E-02      8.7101E+01      9.2619E+01      1.0000E+00
      5.2067E-02      1.4785E+00      1.2525E+00      1.6910E+00      3.2606E-02      6.2994E+01      1.2661E+02      1.0000E+00
      4.3037E-02      1.0859E+00      1.0514E+00      1.1671E+00      3.6570E-02      7.9929E+01      1.0779E+02      1.0000E+00
      6.1196E-02      1.5860E+00      1.2736E+00      1.8624E+00      3.4639E-02      6.6099E+01      1.2560E+02      1.0000E+00
      4.3272E-02      1.1200E+00      1.0522E+00      1.1897E+00      3.5886E-02      8.0128E+01      1.0812E+02      1.0000E+00
      4.8813E-02      1.0472E+00      1.0064E+00      1.0919E+00      4.6403E-02      8.4557E+01      9.6032E+01      1.0000E+00
      4.1250E-02      1.2827E+00      1.2202E+00      1.4344E+00      2.9217E-02      6.5258E+01      1.2420E+02      1.0000E+00
      1.0428E-01      1.1779E+00      1.0369E+00      1.3077E+00      8.8056E-02      7.9016E+01      9.7628E+01      1.0000E+00
      1.0631E-01      1.1574E+00      1.0503E+00      1.2705E+00      8.7620E-02      7.2573E+01      9.9448E+01      1.0000E+00
      7.5273E-02      1.1267E+00      1.0351E+00      1.2829E+00      6.1762E-02      7.5759E+01      9.6258E+01      1.0000E+00
      9.3216E-02      1.7103E+00      1.5669E+00      1.9287E+00      4.9076E-02      5.1617E+01      1.3947E+02      1.0000E+00
      4.8371E-02      1.1465E+00      1.0813E+00      1.4744E+00      3.8063E-02      7.8744E+01      1.0131E+02      1.0000E+00
      4.2192E-02      1.6869E+00      1.5528E+00      1.7836E+00      2.9949E-02      4.0249E+01      1.2727E+02      1.0000E+00
      9.0693E-01      1.0467E+00      1.0050E+00      1.1029E+00      8.8120E-01      8.7981E+01      9.3225E+01      1.0000E+00
      9.6174E-01      1.0202E+00      1.0010E+00      1.0450E+00      9.5305E-01      8.9030E+01      9.1243E+01      1.0000E+00
      9.8447E-01      1.0086E+00      1.0002E+00      1.0199E+00      9.8147E-01      8.9530E+01      9.0498E+01      1.0000E+00
      9.9408E-01      1.0040E+00      1.0000E+00      1.0093E+00      9.9253E-01      8.9837E+01      9.0182E+01      1.0000E+00
      9.9970E-01      1.0029E+00      1.0000E+00      1.0063E+00      9.9750E-01      8.9770E+01      9.0131E+01      1.0000E+00
      1.0057E+00      1.0041E+00      1.0001E+00      1.0085E+00      1.0013E+00      8.9367E+01      9.0394E+01      1.0000E+00
      1.0130E+00      1.0065E+00      1.0002E+00      1.0136E+00      1.0063E+00      8.8846E+01      9.0819E+01      1.0000E+00
      1.0165E+00      1.0053E+00      1.0003E+00      1.0137E+00      1.0126E+00      8.8747E+01      9.1233E+01      1.0000E+00
      9.9945E-01      1.0138E+00      1.0003E+00      1.0214E+00      9.8582E-01      8.8767E+01      9.0880E+01      1.0000E+00
      9.7858E-01      1.0109E+00      1.0002E+00      1.0184E+00      9.6509E-01      8.9120E+01      9.0701E+01      1.0000E+00
      9.8089E-01      1.0097E+00      1.0002E+00      1.0173E+00      9.6650E-01      8.8865E+01      9.0547E+01      1.0000E+00
      1.0042E+00      1.0149E+00      1.0004E+00      1.0216E+00      9.9174E-01      8.8664E+01      9.1135E+01      1.0000E+00
      1.0203E+00      1.0069E+00      1.0004E+00      1.0170E+00      1.0149E+00      8.8561E+01      9.1336E+01      1.0000E+00
      1.0153E+00      1.0074E+00      1.0003E+00      1.0150E+00      1.0078E+00      8.8759E+01      9.0837E+01      1.0000E+00
      1.0076E+00      1.0040E+00      1.0001E+00      1.0078E+00      1.0030E+00      8.9330E+01      9.0423E+01      1.0000E+00
      1.0028E+00      1.0016E+00      1.0000E+00      1.0030E+00      1.0009E+00      8.9732E+01      9.0165E+01      1.0000E+00
      1.0008E+00      1.0005E+00      1.0000E+00      1.0009E+00      1.0002E+00      8.9917E+01      9.0049E+01      1.0000E+00
      1.0002E+00      1.0001E+00      1.0000E+00      1.0002E+00      1.0000E+00      8.9980E+01      9.0012E+01      1.0000E+00
      1.0000E+00      1.0000E+00      1.0000E+00      1.0000E+00      1.0000E+00      8.9996E+01      9.0002E+01      1.0000E+00
      1.0000E+00      1.0000E+00      1.0000E+00      1.0000E+00      1.0000E+00      8.9999E+01      9.0000E+01      1.0000E+00
      1.0000E+00      1.0000E+00      1.0000E+00      1.0000E+00      1.0000E+00      9.0000E+01      9.0000E+01      1.0000E+00
      1.0000E+00      1.0000E+00      1.0000E+00      1.0000E+00      1.0000E+00      9.0000E+01      9.0000E+01      1.0000E+00
      1.0000E+00      1.0000E+00      1.0000E+00      1.0000E+00      1.0000E+00      9.0000E+01      9.0000E+01      1.0000E+00
      1.0000E+00      1.0000E+00      1.0000E+00      1.0000E+00      1.0000E+00      9.0000E+01      9.0000E+01      1.0000E+00
      1.0000E+00      1.0000E+00      1.0000E+00      1.0000E+00      1.0000E+00      9.0000E+01      9.0000E+01      1.0000E+00
      1.0000E+00      1.0000E+00      1.0000E+00      1.0000E+00      1.0000E+00      9.0000E+01      9.0000E+01      1.0000E+00
      1.0000E+00      1.0000E+00      1.0000E+00      1.0000E+00      1.0000E+00      9.0000E+01      9.0000E+01      1.0000E+00
      1.0000E+00      1.0000E+00      1.0000E+00      1.0000E+00      1.0000E+00      9.0000E+01      9.0000E+01      1.0000E+00
      1.0000E+00      1.0000E+00      1.0000E+00      1.0000E+00      1.0000E+00      9.0000E+01      9.0000E+01      1.0000E+00
      1.0000E+00      1.0000E+00      1.0000E+00      1.0000E+00      1.0000E+00      9.0000E+01      9.0000E+01      1.0000E+00
      1.0000E+00      1.0000E+00      1.0000E+00      1.0000E+00      1.0000E+00      9.0000E+01      9.0000E+01      1.0000E+00
      1.0000E+00      1.0000E+00      1.0000E+00      1.0000E+00      1.0000E+00      9.0000E+01      9.0000E+01      1.0000E+00
      1.0000E+00      1.0000E+00      1.0000E+00      1.0000E+00      1.0000E+00      9.0000E+01      9.0000E+01      1.0000E+00
      1.0000E+00      1.0000E+00      1.0000E+00      1.0000E+00      1.0000E+00      9.0000E+01      9.0000E+01      1.0000E+00
      1.0000E+00      1.0000E+00      1.0000E+00      1.0000E+00      1.0000E+00      9.0000E+01      9.0000E+01      1.0000E+00
      1.0000E+00      1.0000E+00      1.0000E+00      1.0000E+00      1.0000E+00      9.0000E+01      9.0000E+01      1.0000E+00
      1.0000E+00      1.0000E+00      1.0000E+00      1.0000E+00      1.0000E+00      9.0000E+01      9.0000E+01      1.0000E+00
      1.0000E+00      1.0000E+00      1.0000E+00      1.0000E+00      1.0000E+00      9.0000E+01      9.0000E+01      1.0000E+00
      1.0000E+00      1.0000E+00      1.0000E+00      1.0000E+00      1.0000E+00      9.0000E+01      9.0000E+01      1.0000E+00
      1.0000E+00      1.0000E+00      1.0000E+00      1.0000E+00      1.0000E+00      9.0000E+01      9.0000E+01      1.0000E+00
      1.0000E+00      1.0000E+00      1.0000E+00      1.0000E+00      1.0000E+00      9.0000E+01      9.0000E+01      1.0000E+00
      1.0000E+00      1.0000E+00      1.0000E+00      1.0000E+00      1.0000E+00      9.0000E+01      9.0000E+01      1.0000E+00
      1.0000E+00      1.0000E+00      1.0000E+00      1.0000E+00      1.0000E+00      9.0000E+01      9.0000E+01      1.0000E+00
      1.0000E+00      1.0000E+00      1.0000E+00      1.0000E+00      1.0000E+00      9.0000E+01      9.0000E+01      1.0000E+00
      1.0000E+00      1.0000E+00      1.0000E+00      1.0000E+00      1.0000E+00      9.0000E+01      9.0000E+01      1.0000E+00
      1.0000E+00      1.0000E+00      1.0000E+00      1.0000E+00      1.0000E+00      9.0000E+01      9.0000E+01      1.0000E+00
      1.0000E+00      1.0000E+00      1.0000E+00      1.0000E+00      1.0000E+00      9.0000E+01      9.0000E+01      1.0000E+00
      1.0000E+00      1.0000E+00      1.0000E+00      1.0000E+00      1.0000E+00      9.0000E+01      9.0000E+01      1.0000E+00
      1.0000E+00      1.0000E+00      1.0000E+00      1.0000E+00      1.0000E+00      9.0000E+01      9.0000E+01      1.0000E+00
      1.0000E+00      1.0000E+00      1.0000E+00      1.0000E+00      1.0000E+00      9.0000E+01      9.0000E+01      1.0000E+00
      1.0000E+00      1.0000E+00      1.0000E+00      1.0000E+00      1.0000E+00      9.0000E+01      9.0000E+01      1.0000E+00
      1.0000E+00      1.0000E+00      1.0000E+00      1.0000E+00      1.0000E+00      9.0000E+01      9.0000E+01      1.0000E+00
      1.0000E+00      1.0000E+00      1.0000E+00      1.0000E+00      1.0000E+00      9.0000E+01      9.0000E+01      1.0000E+00
      1.0000E+00      1.0000E+00      1.0000E+00      1.0000E+00      1.0000E+00      9.0000E+01      9.0000E+01      1.0000E+00
      1.0000E+00      1.0000E+00      1.0000E+00      1.0000E+00      1.0000E+00      9.0000E+01      9.0000E+01      1.0000E+00
      1.0000E+00      1.0000E+00      1.0000E+00      1.0000E+00      1.0000E+00      9.0000E+01      9.0000E+01      1.0000E+00
      1.0000E+00      1.0000E+00      1.0000E+00      1.0000E+00      1.0000E+00      9.0000E+01      9.0000E+01      1.0000E+00
      1.0000E+00      1.0000E+00      1.0000E+00      1.0000E+00      1.0000E+00      9.0000E+01      9.0000E+01      1.0000E+00
      1.0000E+00      1.0000E+00      1.0000E+00      1.0000E+00      1.0000E+00      9.0000E+01      9.0000E+01      1.0000E+00
      1.0000E+00      1.0000E+00      1.0000E+00      1.0000E+00      1.0000E+00      9.0000E+01      9.0000E+01      1.0000E+00
      1.0000E+00      1.0000E+00      1.0000E+00      1.0000E+00      1.0000E+00      9.0000E+01      9.0000E+01      1.0000E+00
      1.0000E+00      1.0000E+00      1.0000E+00      1.0000E+00      1.0000E+00      9.0000E+01      9.0000E+01      1.0000E+00
      1.0000E+00      1.0000E+00      1.0000E+00      1.0000E+00      1.0000E+00      9.0000E+01      9.0000E+01      1.0000E+00
      1.0001E+00      1.0000E+00      1.0000E+00      1.0001E+00      1.0001E+00      9.0000E+01      9.0000E+01      1.0000E+00
      1.0001E+00      1.0001E+00      1.0000E+00      1.0001E+00      1.0001E+00      8.9999E+01      9.0001E+01      1.0000E+00
      1.0003E+00      1.0002E+00      1.0000E+00      1.0003E+00      1.0003E+00      8.9997E+01      9.0003E+01      1.0000E+00
      1.0008E+00      1.0004E+00      1.0000E+00      1.0008E+00      1.0007E+00      8.9991E+01      9.0009E+01      1.0000E+00
      1.0018E+00      1.0010E+00      1.0000E+00      1.0019E+00      1.0016E+00      8.9972E+01      9.0028E+01      1.0000E+00
      1.0040E+00      1.0025E+00      1.0000E+00      1.0045E+00      1.0035E+00      8.9914E+01      9.0085E+01      1.0000E+00
      1.0087E+00      1.0060E+00      1.0001E+00      1.0104E+00      1.0070E+00      8.9724E+01      9.0280E+01      1.0000E+00
      1.0176E+00      1.0149E+00      1.0004E+00      1.0242E+00      1.0115E+00      8.9067E+01      9.0967E+01      1.0000E+00
      1.0320E+00      1.0379E+00      1.0030E+00      1.0552E+00      1.0109E+00      8.6784E+01      9.3344E+01      1.0000E+00
      1.0463E+00      1.1024E+00      1.0238E+00      1.1386E+00      9.7403E-01      7.9232E+01      1.0119E+02      1.0000E+00
      9.7995E-01      1.3332E+00      1.2844E+00      1.5661E+00      6.8912E-01      6.0128E+01      1.2616E+02      1.0000E+00
      1.1972E+00      1.4326E+00      1.3623E+00      1.7542E+00      6.7944E-01      6.2476E+01      1.3135E+02      1.0000E+00
      1.2674E+00      1.1358E+00      1.0422E+00      1.2177E+00      1.1224E+00      7.4459E+01      1.0343E+02      1.0000E+00
      1.1584E+00      1.0399E+00      1.0047E+00      1.0643E+00      1.1146E+00      8.4854E+01      9.4351E+01      1.0000E+00
      1.1032E+00      1.0103E+00      1.0007E+00      1.0280E+00      1.0906E+00      8.8416E+01      9.1362E+01      1.0000E+00
      1.0771E+00      1.0183E+00      1.0008E+00      1.0391E+00      1.0734E+00      8.9497E+01      9.0447E+01      1.0000E+00
      1.0651E+00      1.0231E+00      1.0011E+00      1.0472E+00      1.0639E+00      8.9829E+01      9.0159E+01      1.0000E+00
      1.0596E+00      1.0256E+00      1.0013E+00      1.0516E+00      1.0592E+00      8.9938E+01      9.0059E+01      1.0000E+00
      1.0572E+00      1.0268E+00      1.0014E+00      1.0537E+00      1.0570E+00      8.9977E+01      9.0022E+01      1.0000E+00
      1.0561E+00      1.0273E+00      1.0014E+00      1.0547E+00      1.0560E+00      8.9992E+01      9.0008E+01      1.0000E+00
      1.0555E+00      1.0276E+00      1.0014E+00      1.0552E+00      1.0555E+00      8.9997E+01      9.0003E+01      1.0000E+00
      1.0551E+00      1.0278E+00      1.0015E+00      1.0556E+00      1.0551E+00      8.9997E+01      9.0003E+01      1.0000E+00
      1.0545E+00      1.0281E+00      1.0015E+00      1.0562E+00      1.0545E+00      8.9991E+01      9.0010E+01      1.0000E+00
      1.0533E+00      1.0287E+00      1.0016E+00      1.0575E+00      1.0530E+00      8.9974E+01      9.0032E+01      1.0000E+00
      1.0506E+00      1.0299E+00      1.0017E+00      1.0604E+00      1.0496E+00      8.9919E+01      9.0107E+01      1.0000E+00
      1.0447E+00      1.0325E+00      1.0021E+00      1.0668E+00      1.0412E+00      8.9721E+01      9.0376E+01      1.0000E+00
      1.0324E+00      1.0371E+00      1.0030E+00      1.0809E+00      1.0208E+00      8.8993E+01      9.1317E+01      1.0000E+00
      1.0089E+00      1.0447E+00      1.0076E+00      1.1131E+00      9.7136E-01      8.6426E+01      9.4494E+01      1.0000E+00
      9.6626E-01      1.0780E+00      1.0502E+00      1.2128E+00      8.4555E-01      7.7547E+01      1.0547E+02      1.0000E+00
      4.6044E-01      1.5716E+00      1.3647E+00      1.9342E+00      2.3767E-01      6.2479E+01      1.3212E+02      1.0000E+00
      2.6720E-01      1.1463E+00      1.0396E+00      1.2965E+00      2.3089E-01      7.7040E+01      1.0367E+02      1.0000E+00
      1.7974E-01      1.2351E+00      1.0934E+00      1.4730E+00      1.2079E-01      7.5240E+01      1.1353E+02      1.0000E+00
      1.9812E-01      1.3304E+00      1.2909E+00      1.5235E+00      1.1443E-01      7.1125E+01      1.2916E+02      1.0000E+00
      2.5311E-01      1.0632E+00      1.0236E+00      1.0762E+00      2.4376E-01      7.7994E+01      1.0198E+02      1.0000E+00
      1.4399E-01      1.3632E+00      1.1153E+00      1.6559E+00      9.1986E-02      6.9549E+01      1.1341E+02      1.0000E+00
      1.3777E-01      1.1929E+00      1.2083E+00      1.4142E+00      9.1764E-02      7.2772E+01      1.2304E+02      1.0000E+00
      1.8265E-01      1.0550E+00      1.0199E+00      1.1416E+00      1.7369E-01      8.1202E+01      9.8460E+01      1.0000E+00
      1.8198E-01      1.1076E+00      1.0174E+00      1.1985E+00      1.6825E-01      8.6538E+01      9.5461E+01      1.0000E+00
      1.9851E-01      1.1988E+00      1.0633E+00      1.3521E+00      1.6216E-01      7.1219E+01      1.0446E+02      1.0000E+00
      1.2094E-01      1.3917E+00      1.1832E+00      1.8086E+00      8.1692E-02      6.6062E+01      1.1760E+02      1.0000E+00
      1.0269E-01      1.1251E+00      1.0959E+00      1.3705E+00      8.0010E-02      7.7387E+01      1.1037E+02      1.0000E+00
      1.5337E-01      1.2235E+00      1.0710E+00      1.4100E+00      1.1732E-01      6.9811E+01      1.0195E+02      1.0000E+00
      1.0287E-01      1.3637E+00      1.1183E+00      1.6651E+00      6.3691E-02      6.6964E+01      1.1287E+02      1.0000E+00
      3.7903E-02      1.3425E+00      1.0892E+00      1.6621E+00      2.8443E-02      7.2682E+01      1.0722E+02      1.0000E+00
      3.0512E-02      1.4863E+00      1.2869E+00      1.6885E+00      2.2150E-02      5.2296E+01      1.2072E+02      1.0000E+00
      3.8259E-02      1.2835E+00      1.2865E+00      2.0750E+00      2.1727E-02      6.9738E+01      1.1542E+02      1.0000E+00
      3.4740E-02      1.3530E+00      1.5518E+00      2.3048E+00      2.0450E-02      6.0565E+01      1.2147E+02      1.0000E+00
      1.6342E-02      2.0185E+00      1.6081E+00      2.4705E+00      1.0021E-02      4.3861E+01      1.3231E+02      1.0000E+00
      1.1545E-02      1.2010E+00      1.0766E+00      1.4439E+00      9.8045E-03      7.4594E+01      9.7167E+01      1.0000E+00
      1.0981E-02      1.2334E+00      1.0751E+00      1.4675E+00      7.9568E-03      7.0164E+01      1.0226E+02      1.0000E+00
      6.8257E-03      1.1416E+00      1.0434E+00      1.3015E+00      5.4989E-03      8.1219E+01      1.0565E+02      1.0000E+00
      8.3555E-03      1.5372E+00      1.2706E+00      1.8592E+00      5.3544E-03      5.9025E+01      1.2587E+02      1.0000E+00
      1.3055E-02      1.1946E+00      1.1047E+00      1.4521E+00      9.9705E-03      6.6269E+01      1.0431E+02      1.0000E+00
      8.9175E-03      1.1629E+00      1.0847E+00      1.3334E+00      7.4132E-03      7.2111E+01      1.1040E+02      1.0000E+00
      1.1052E-02      1.4658E+00      1.1970E+00      1.8287E+00      7.5616E-03      6.2312E+01      1.1976E+02      1.0000E+00
      1.7431E-02      1.1595E+00      1.0990E+00      1.2654E+00      1.4683E-02      6.5497E+01      1.0752E+02      1.0000E+00
      2.7600E-02      1.4426E+00      1.2054E+00      1.9635E+00      1.7886E-02      6.5305E+01      1.1751E+02      1.0000E+00
      5.7655E-02      1.1846E+00      1.0690E+00      1.2625E+00      4.8222E-02      7.3726E+01      1.1057E+02      1.0000E+00
      8.1610E-02      1.1229E+00      1.0399E+00      1.3335E+00      6.7107E-02      8.1966E+01      1.0215E+02      1.0000E+00
      1.3349E-01      1.1199E+00      1.0398E+00      1.2754E+00      1.1125E-01      8.4180E+01      1.0436E+02      1.0000E+00
      1.7523E-01      1.0817E+00      1.0187E+00      1.1758E+00      1.4944E-01      8.3969E+01      1.0085E+02      1.0000E+00
      2.3258E-01      1.2389E+00      1.0827E+00      1.4786E+00      1.7870E-01      6.9157E+01      9.9244E+01      1.0000E+00
      1.6541E-01      1.5261E+00      1.3497E+00      1.8137E+00      1.0153E-01      5.7354E+01      1.3039E+02      1.0000E+00
      1.3529E-01      1.2522E+00      1.0633E+00      1.4039E+00      1.0298E-01      7.4817E+01      1.0363E+02      1.0000E+00
      1.5131E-01      1.3992E+00      1.2113E+00      1.5778E+00      1.0303E-01      6.3978E+01      1.2382E+02      1.0000E+00
      2.1133E-01      1.3535E+00      1.2146E+00      1.7246E+00      1.0739E-01      6.5705E+01      1.2441E+02      1.0000E+00
      3.9228E-01      1.1532E+00      1.0489E+00      1.3614E+00      2.9297E-01      7.4761E+01      1.0392E+02      1.0000E+00
      5.7721E-01      1.2182E+00      1.0621E+00      1.4032E+00      4.5400E-01      7.8703E+01      1.0409E+02      1.0000E+00
      8.4515E-01      1.0411E+00      1.0033E+00      1.0694E+00      8.2052E-01      8.6221E+01      9.2828E+01      1.0000E+00
      8.4186E-01      1.0458E+00      1.0064E+00      1.1082E+00      7.6886E-01      8.6273E+01      9.6191E+01      1.0000E+00
      6.2136E-01      1.1638E+00      1.0753E+00      1.2945E+00      4.6431E-01      8.1706E+01      1.1156E+02      1.0000E+00
      6.8799E-01      1.4051E+00      1.2206E+00      1.6035E+00      4.5824E-01      6.4126E+01      1.2438E+02      1.0000E+00
      8.7307E-01      1.2198E+00      1.0882E+00      1.5125E+00      6.1920E-01      7.1163E+01      1.0463E+02      1.0000E+00
      6.6634E-01      1.1339E+00      1.0232E+00      1.2337E+00      5.4943E-01      8.0940E+01      1.0130E+02      1.0000E+00
      6.1577E-01      1.1694E+00      1.0288E+00      1.2303E+00      5.4985E-01      8.2577E+01      9.7810E+01      1.0000E+00
      7.3671E-01      1.2260E+00      1.0605E+00      1.4448E+00      5.1741E-01      7.0879E+01      1.0563E+02      1.0000E+00
      6.0696E-01      1.2863E+00      1.1898E+00      1.4814E+00      4.2858E-01      6.7025E+01      1.2176E+02      1.0000E+00
      5.5707E-01      1.2485E+00      1.0994E+00      1.3925E+00      4.2906E-01      7.4963E+01      1.1411E+02      1.0000E+00
      6.8040E-01      1.1625E+00      1.0366E+00      1.2886E+00      6.5325E-01      8.2997E+01      9.6669E+01      1.0000E+00
      6.2613E-01      1.1828E+00      1.0620E+00      1.4155E+00      5.7199E-01      8.3355E+01      9.2677E+01      1.0000E+00
      4.5124E-01      1.2871E+00      1.1251E+00      1.5754E+00      3.4916E-01      7.9179E+01      1.1099E+02      1.0000E+00
      5.4424E-01      1.3818E+00      1.1777E+00      1.8413E+00      3.4931E-01      6.9324E+01      1.1732E+02      1.0000E+00
      8.9427E-01      1.1730E+00      1.0527E+00      1.2868E+00      7.4822E-01      7.2719E+01      1.0248E+02      1.0000E+00
      7.3752E-01      1.0782E+00      1.0309E+00      1.2628E+00      6.6906E-01      8.5017E+01      9.4785E+01      1.0000E+00
      5.0033E-01      1.3963E+00      1.2355E+00      1.6609E+00      3.1282E-01      7.0426E+01      1.2512E+02      1.0000E+00
      6.0717E-01      1.4256E+00      1.2451E+00      1.8388E+00      3.2343E-01      5.3432E+01      1.0838E+02      1.0000E+00
      9.6826E-01      1.3590E+00      1.1878E+00      1.8056E+00      6.1224E-01      7.0028E+01      1.1860E+02      1.0000E+00
      7.1023E-01      1.4521E+00      1.3980E+00      1.2856E+00      5.9349E-01      5.1429E+01      1.3386E+02      1.0000E+00
      7.1626E-01      1.3720E+00      1.8576E+00      2.0857E+00      2.9911E-01      6.5793E+01      1.4145E+02      1.0000E+00
      2.6159E-01      2.0070E+00      2.2116E+00      2.4926E+00      7.2515E-02      5.4212E+01      1.5273E+02      1.0000E+00
      9.5744E-02      1.4423E+00      1.2061E+00      1.9067E+00      6.0730E-02      6.5815E+01      1.1962E+02      1.0000E+00
      1.0861E-01      1.3522E+00      1.2548E+00      1.9088E+00      7.4351E-02      6.3552E+01      1.1677E+02      1.0000E+00
      1.5160E-01      1.1536E+00      1.1568E+00      1.2051E+00      1.3000E-01      6.4901E+01      1.1911E+02      1.0000E+00
      2.1461E-01      1.3015E+00      1.0927E+00      1.6468E+00      1.3411E-01      6.7495E+01      1.1162E+02      1.0000E+00
      4.4661E-01      1.1588E+00      1.0232E+00      1.3051E+00      3.7438E-01      7.9818E+01      9.8744E+01      1.0000E+00
      7.5862E-01      1.2652E+00      1.0848E+00      1.4790E+00      5.3256E-01      7.4465E+01      1.0984E+02      1.0000E+00
      7.9745E-01      1.2842E+00      1.2661E+00      1.2900E+00      6.0745E-01      6.0390E+01      1.2761E+02      1.0000E+00
      1.0884E+00      1.3455E+00      1.1528E+00      1.7145E+00      6.2713E-01      6.0225E+01      1.1018E+02      1.0000E+00
      1.6365E+00      1.2338E+00      1.1400E+00      1.6819E+00      1.1927E+00      7.3042E+01      1.0900E+02      1.0000E+00
      7.2098E-01      1.7996E+00      1.5425E+00      2.1143E+00      4.2762E-01      4.1359E+01      1.2914E+02      1.0000E+00
      2.3014E-01      1.5726E+00      1.3965E+00      2.2780E+00      1.1367E-01      4.8104E+01      1.0666E+02      1.0000E+00
      1.4685E-01      1.5106E+00      1.2680E+00      1.7980E+00      1.0238E-01      6.8172E+01      1.2051E+02      1.0000E+00
      1.3609E-01      1.3333E+00      1.1393E+00      1.5457E+00      1.0464E-01      7.4214E+01      1.1343E+02      1.0000E+00
      1.5768E-01      1.3611E+00      1.1946E+00      1.6901E+00      9.8595E-02      6.9857E+01      1.2172E+02      1.0000E+00
      2.1272E-01      1.1753E+00      1.0662E+00      1.3758E+00      1.6134E-01      6.9730E+01      9.7552E+01      1.0000E+00
      1.2629E-01      1.1748E+00      1.0965E+00      1.4885E+00      9.3965E-02      8.1195E+01      1.0945E+02      1.0000E+00
      1.4580E-01      1.2860E+00      1.1905E+00      1.7325E+00      9.4238E-02      7.1814E+01      1.1774E+02      1.0000E+00
      2.2892E-01      1.0450E+00      1.0262E+00      1.0403E+00      2.2440E-01      7.7090E+01      1.0291E+02      1.0000E+00
      3.9881E-01      1.6267E+00      1.3451E+00      2.0017E+00      2.2539E-01      5.8278E+01      1.3024E+02      1.0000E+00
      5.7191E-01      1.3311E+00      1.1723E+00      1.5282E+00      4.4143E-01      5.9578E+01      1.1749E+02      1.0000E+00
      5.4620E-01      1.2344E+00      1.0920E+00      1.4114E+00      4.4069E-01      6.7377E+01      1.0951E+02      1.0000E+00
      4.9842E-01      1.2979E+00      1.1335E+00      1.6146E+00      3.6825E-01      6.5058E+01      1.1126E+02      1.0000E+00
      4.8504E-01      1.2890E+00      1.1433E+00      1.5769E+00      3.6160E-01      6.3255E+01      1.1219E+02      1.0000E+00
      6.2268E-01      1.2551E+00      1.0716E+00      1.4559E+00      4.4423E-01      6.9858E+01      1.0361E+02      1.0000E+00
      4.6394E-01      1.1530E+00      1.0420E+00      1.3253E+00      3.9774E-01      8.4782E+01      1.0117E+02      1.0000E+00
      3.4696E-01      1.0852E+00      1.0272E+00      1.2388E+00      3.1880E-01      8.4441E+01      9.7176E+01      1.0000E+00
      2.6258E-01      1.0772E+00      1.0300E+00      1.2156E+00      2.4279E-01      8.2273E+01      9.9035E+01      1.0000E+00
      1.9714E-01      1.1039E+00      1.0553E+00      1.2640E+00      1.7507E-01      7.8745E+01      1.0468E+02      1.0000E+00
      1.3788E-01      1.1503E+00      1.1009E+00      1.3219E+00      1.1488E-01      7.5512E+01      1.1193E+02      1.0000E+00
      7.4147E-02      1.1842E+00      1.1298E+00      1.5165E+00      5.6026E-02      7.2784E+01      1.1155E+02      1.0000E+00
      4.3480E-02      1.2207E+00      1.1007E+00      1.3350E+00      3.4635E-02      7.4033E+01      1.1429E+02      1.0000E+00
      4.3222E-02      1.3449E+00      1.1969E+00      1.6744E+00      3.0051E-02      5.7749E+01      1.1371E+02      1.0000E+00
      4.3885E-02      1.2422E+00      1.1797E+00      1.7452E+00      2.9530E-02      6.7211E+01      1.0418E+02      1.0000E+00
      3.8004E-02      1.1543E+00      1.0860E+00      1.5224E+00      2.9629E-02      7.9437E+01      1.0221E+02      1.0000E+00
      4.2630E-02      1.2483E+00      1.2285E+00      1.7419E+00      3.0462E-02      6.4945E+01      1.1248E+02      1.0000E+00
      1.9403E-02      1.9126E+00      1.5361E+00      2.1350E+00      1.0687E-02      4.8539E+01      1.3744E+02      1.0000E+00
      1.1195E-02      1.0695E+00      1.0201E+00      1.1983E+00      1.0081E-02      8.2310E+01      9.4848E+01      1.0000E+00
      1.2911E-02      1.1216E+00      1.0431E+00      1.2636E+00      1.0708E-02      7.3483E+01      9.8207E+01      1.0000E+00
      8.7911E-03      1.3919E+00      1.1933E+00      1.7016E+00      6.1231E-03      6.3762E+01      1.2019E+02      1.0000E+00
      7.6646E-03      1.1507E+00      1.0619E+00      1.3449E+00      6.0530E-03      7.8855E+01      1.0796E+02      1.0000E+00
      1.2106E-02      1.1880E+00      1.0718E+00      1.4001E+00      9.1258E-03      6.8963E+01      9.7863E+01      1.0000E+00
      9.1702E-03      1.3810E+00      1.1342E+00      1.6414E+00      6.7300E-03      6.6000E+01      1.1124E+02      1.0000E+00
      8.4711E-03      1.2578E+00      1.1588E+00      1.4189E+00      6.8126E-03      6.0210E+01      1.1597E+02      1.0000E+00
      7.2585E-03      1.3373E+00      1.1373E+00      1.6869E+00      5.0048E-03      7.0331E+01      1.1528E+02      1.0000E+00
      6.9017E-03      1.1565E+00      1.1376E+00      1.4295E+00      5.1908E-03      7.3099E+01      1.1441E+02      1.0000E+00
      1.0711E-02      1.1803E+00      1.0619E+00      1.3211E+00      8.6151E-03      7.0750E+01      9.9982E+01      1.0000E+00
      8.5532E-03      1.3353E+00      1.1242E+00      1.4921E+00      6.5061E-03      6.8790E+01      1.1488E+02      1.0000E+00
      9.0445E-03      1.4005E+00      1.1782E+00      1.5900E+00      6.5971E-03      6.2788E+01      1.2073E+02      1.0000E+00
      8.8728E-03      1.4449E+00      1.3587E+00      1.7599E+00      6.1382E-03      5.4684E+01      1.2794E+02      1.0000E+00
      7.7414E-03      1.1324E+00      1.0474E+00      1.3537E+00      6.2013E-03      7.6369E+01      9.8695E+01      1.0000E+00
      1.3445E-02      1.1612E+00      1.0412E+00      1.3486E+00      9.9706E-03      7.4755E+01      1.0466E+02      1.0000E+00
      1.4835E-02      1.1012E+00      1.0248E+00      1.1816E+00      1.3390E-02      7.7972E+01      1.0023E+02      1.0000E+00
      2.2382E-02      1.5085E+00      1.3261E+00      1.9023E+00      1.4089E-02      5.7784E+01      1.2733E+02      1.0000E+00
      2.9170E-02      1.3082E+00      1.1914E+00      1.5776E+00      2.1558E-02      5.8427E+01      1.1534E+02      1.0000E+00
      2.9858E-02      1.2356E+00      1.1100E+00      1.5404E+00      2.2528E-02      6.7803E+01      1.0750E+02      1.0000E+00
      2.9523E-02      1.2534E+00      1.1640E+00      1.5520E+00      2.2844E-02      6.4213E+01      1.1420E+02      1.0000E+00
      2.9600E-02      1.2485E+00      1.1205E+00      1.5603E+00      2.2826E-02      6.8271E+01      1.1030E+02      1.0000E+00
      3.0293E-02      1.2442E+00      1.1469E+00      1.4804E+00      2.4207E-02      6.4387E+01      1.1448E+02      1.0000E+00
      3.1266E-02      1.3075E+00      1.1082E+00      1.5901E+00      2.3832E-02      6.7632E+01      1.1108E+02      1.0000E+00
      3.3818E-02      1.2649E+00      1.1210E+00      1.3963E+00      2.7608E-02      6.4345E+01      1.1309E+02      1.0000E+00
      3.6979E-02      1.4207E+00      1.1712E+00      1.6308E+00      2.7464E-02      6.2973E+01      1.1495E+02      1.0000E+00
      4.8761E-02      1.2146E+00      1.0815E+00      1.4691E+00      3.6699E-02      6.9701E+01      9.7988E+01      1.0000E+00
      3.1216E-02      1.1749E+00      1.0551E+00      1.3403E+00      2.4847E-02      7.8373E+01      1.0770E+02      1.0000E+00
      3.6195E-02      1.4238E+00      1.2000E+00      1.7017E+00      2.5386E-02      6.2165E+01      1.2119E+02      1.0000E+00
      5.5872E-02      1.1459E+00      1.0460E+00      1.3442E+00      4.4226E-02      7.4098E+01      9.7861E+01      1.0000E+00
      4.6542E-02      1.0499E+00      1.0168E+00      1.1682E+00      4.2648E-02      8.4552E+01      9.6864E+01      1.0000E+00
      4.3635E-02      1.1752E+00      1.0304E+00      1.2808E+00      3.6403E-02      7.9439E+01      9.9202E+01      1.0000E+00
      8.3636E-02      1.7973E+00      1.4809E+00      2.2620E+00      4.1710E-02      5.4057E+01      1.3542E+02      1.0000E+00
      1.9138E-01      1.2599E+00      1.1317E+00      1.4918E+00      1.5040E-01      6.4410E+01      1.1308E+02      1.0000E+00
      1.6338E-01      1.0900E+00      1.0229E+00      1.2228E+00      1.4540E-01      8.1324E+01      9.4100E+01      1.0000E+00
      1.1411E-01      1.1973E+00      1.0943E+00      1.4270E+00      8.5659E-02      8.1906E+01      1.1211E+02      1.0000E+00
      1.2837E-01      1.3587E+00      1.1621E+00      1.6966E+00      8.4553E-02      6.9742E+01      1.1850E+02      1.0000E+00
      1.5299E-01      1.2477E+00      1.1161E+00      1.3339E+00      1.2932E-01      6.5480E+01      1.1547E+02      1.0000E+00
      1.6158E-01      1.4387E+00      1.1904E+00      1.5892E+00      1.2474E-01      6.2398E+01      1.1683E+02      1.0000E+00
      1.8849E-01      1.3092E+00      1.1415E+00      1.6909E+00      1.2991E-01      7.0896E+01      1.0730E+02      1.0000E+00
      8.2344E-02      1.4845E+00      1.1783E+00      1.6217E+00      6.3272E-02      6.9964E+01      1.1028E+02      1.0000E+00
      3.8664E-02      1.3444E+00      1.1133E+00      1.5799E+00      2.5403E-02      6.8161E+01      1.0964E+02      1.0000E+00
      3.6539E-02      1.3253E+00      1.2338E+00      1.4822E+00      2.5797E-02      6.3136E+01      1.2496E+02      1.0000E+00
      4.0526E-02      1.2258E+00      1.0549E+00      1.4245E+00      3.0627E-02      7.2720E+01      1.0144E+02      1.0000E+00
      1.9869E-02      1.2436E+00      1.1928E+00      1.5676E+00      1.1701E-02      7.4433E+01      1.2209E+02      1.0000E+00
      1.6298E-02      1.2226E+00      1.0907E+00      1.4092E+00      1.1392E-02      7.8334E+01      1.1343E+02      1.0000E+00
      1.3991E-02      1.2164E+00      1.1761E+00      1.3781E+00      9.6987E-03      7.5029E+01      1.2140E+02      1.0000E+00
      7.2327E-03      1.3403E+00      1.1384E+00      1.6762E+00      4.4246E-03      7.1507E+01      1.1773E+02      1.0000E+00
      8.8214E-03      1.6551E+00      1.3644E+00      2.1798E+00      5.0779E-03      4.9619E+01      1.2267E+02      1.0000E+00
      1.4204E-02      1.2571E+00      1.1756E+00      1.6020E+00      1.0059E-02      6.0719E+01      1.0895E+02      1.0000E+00
      1.2446E-02      1.1178E+00      1.0181E+00      1.2084E+00      1.1238E-02      8.1393E+01      9.4953E+01      1.0000E+00
      1.3032E-02      1.1163E+00      1.0221E+00      1.2320E+00      1.2996E-02      8.8483E+01      9.1400E+01      1.0000E+00
      1.6387E-02      1.1528E+00      1.0657E+00      1.4198E+00      1.3988E-02      8.0691E+01      9.6024E+01      1.0000E+00
      2.0448E-02      1.2037E+00      1.0810E+00      1.2942E+00      1.9204E-02      7.0998E+01      1.0834E+02      1.0000E+00
      3.5179E-02      1.7098E+00      1.3028E+00      2.2069E+00      1.9946E-02      6.1940E+01      1.2345E+02      1.0000E+00
      1.0444E-01      1.2607E+00      1.1379E+00      1.4721E+00      7.2205E-02      7.6961E+01      1.1793E+02      1.0000E+00
      1.6635E-01      1.0825E+00      1.0338E+00      1.1607E+00      1.4644E-01      8.2152E+01      1.0435E+02      1.0000E+00
      2.0674E-01      1.0457E+00      1.0095E+00      1.0813E+00      1.9399E-01      8.4599E+01      9.7796E+01      1.0000E+00
      2.3886E-01      1.0520E+00      1.0053E+00      1.0824E+00      2.2819E-01      8.5325E+01      9.5224E+01      1.0000E+00
      2.7276E-01      1.0752E+00      1.0066E+00      1.1121E+00      2.5893E-01      8.6009E+01      9.3257E+01      1.0000E+00
      2.9742E-01      1.0291E+00      1.0030E+00      1.0763E+00      2.8327E-01      8.8129E+01      9.3675E+01      1.0000E+00
      2.6990E-01      1.0498E+00      1.0068E+00      1.0997E+00      2.5627E-01      8.3812E+01      9.5821E+01      1.0000E+00
      2.5783E-01      1.0281E+00      1.0022E+00      1.0536E+00      2.5289E-01      8.6784E+01      9.2243E+01      1.0000E+00
      2.7007E-01      1.0732E+00      1.0143E+00      1.1308E+00      2.6267E-01      8.2098E+01      9.6722E+01      1.0000E+00
      2.2322E-01      1.2250E+00      1.0977E+00      1.5427E+00      1.7529E-01      7.4861E+01      9.8934E+01      1.0000E+00
      2.9508E-01      1.2830E+00      1.3300E+00      1.8208E+00      1.8045E-01      6.6921E+01      1.2373E+02      1.0000E+00
      4.4917E-01      1.3056E+00      1.0990E+00      1.5524E+00      3.4672E-01      7.1681E+01      1.0047E+02      1.0000E+00
      2.2193E-01      1.2152E+00      1.2351E+00      1.5713E+00      1.3816E-01      7.4189E+01      1.2302E+02      1.0000E+00
      2.0035E-01      1.2340E+00      1.0747E+00      1.5316E+00      1.3702E-01      7.0591E+01      1.0723E+02      1.0000E+00
      2.5416E-01      1.3138E+00      1.3989E+00      1.4572E+00      1.7721E-01      5.6668E+01      1.3210E+02      1.0000E+00
      3.2506E-01      1.3065E+00      1.3986E+00      1.7220E+00      1.7441E-01      6.8287E+01      1.3169E+02      1.0000E+00
      2.0682E-01      1.5643E+00      1.2631E+00      2.0215E+00      1.0651E-01      5.3453E+01      1.1276E+02      1.0000E+00
      1.4816E-01      1.2113E+00      1.2041E+00      1.3607E+00      1.0290E-01      7.0242E+01      1.2338E+02      1.0000E+00
      1.9297E-01      1.1834E+00      1.0323E+00      1.3502E+00      1.5717E-01      7.7672E+01      9.9471E+01      1.0000E+00
      1.6126E-01      1.2124E+00      1.0532E+00      1.3551E+00      1.2537E-01      7.8606E+01      1.0505E+02      1.0000E+00
      1.4859E-01      1.3705E+00      1.1374E+00      1.5321E+00      1.1466E-01      6.7825E+01      1.1376E+02      1.0000E+00
      1.2654E-01      1.1986E+00      1.0554E+00      1.3340E+00      1.0297E-01      7.2744E+01      1.0031E+02      1.0000E+00
      1.9890E-01      2.0049E+00      1.5136E+00      2.5340E+00      9.9893E-02      4.6893E+01      1.2637E+02      1.0000E+00
      4.7747E-01      1.3652E+00      1.4584E+00      2.0483E+00      2.8698E-01      6.0123E+01      1.2570E+02      1.0000E+00
      3.7157E-01      1.2394E+00      1.1597E+00      1.7437E+00      2.7231E-01      7.8331E+01      1.0575E+02      1.0000E+00
      1.5426E-01      1.8414E+00      1.4751E+00      1.9615E+00      9.5217E-02      5.4662E+01      1.3050E+02      1.0000E+00
      1.0876E-01      1.1185E+00      1.0838E+00      1.1999E+00      9.9195E-02      7.2393E+01      1.1082E+02      1.0000E+00
      8.8329E-02      1.2269E+00      1.0602E+00      1.3866E+00      7.3136E-02      7.3709E+01      1.0081E+02      1.0000E+00
      6.5491E-02      1.1152E+00      1.0437E+00      1.1541E+00      5.9897E-02      7.4818E+01      1.0645E+02      1.0000E+00
      3.7016E-02      1.2936E+00      1.1029E+00      1.6739E+00      2.6033E-02      6.9444E+01      1.0480E+02      1.0000E+00
      1.5959E-02      1.2530E+00      1.1247E+00      1.6388E+00      1.0450E-02      7.0896E+01      1.1054E+02      1.0000E+00
      1.3307E-02      1.2520E+00      1.1697E+00      1.4823E+00      9.9601E-03      6.6593E+01      1.1864E+02      1.0000E+00
      1.1092E-02      1.3727E+00      1.1414E+00      1.6750E+00      8.1809E-03      6.5560E+01      1.1539E+02      1.0000E+00
      4.5872E-03      1.2763E+00      1.2574E+00      1.5542E+00      2.4901E-03      7.3781E+01      1.2715E+02      1.0000E+00
      3.4381E-03      1.3312E+00      1.1191E+00      1.5711E+00      2.3638E-03      7.2717E+01      1.1603E+02      1.0000E+00
      2.5771E-03      1.2431E+00      1.3380E+00      1.5331E+00      1.7778E-03      6.1793E+01      1.2708E+02      1.0000E+00
      2.0819E-03      1.4794E+00      1.2382E+00      1.6387E+00      1.6304E-03      6.0136E+01      1.2140E+02      1.0000E+00
      1.7332E-03      1.2845E+00      1.1746E+00      1.6284E+00      1.3951E-03      6.5188E+01      1.0734E+02      1.0000E+00
      2.2405E-03      1.4008E+00      1.1948E+00      2.0189E+00      1.3779E-03      6.5209E+01      1.0948E+02      1.0000E+00
      4.5269E-03      1.2130E+00      1.0905E+00      1.3219E+00      3.5895E-03      7.2895E+01      1.1330E+02      1.0000E+00
      6.8960E-03      1.1533E+00      1.0572E+00      1.3968E+00      5.7384E-03      7.6792E+01      1.0290E+02      1.0000E+00
      1.0599E-02      1.2726E+00      1.1225E+00      1.3401E+00      9.2058E-03      6.5515E+01      1.1443E+02      1.0000E+00
      1.9372E-02      1.3308E+00      1.2352E+00      1.7329E+00      9.7173E-03      6.6212E+01      1.2548E+02      1.0000E+00
      4.3503E-02      1.1891E+00      1.0513E+00      1.3696E+00      3.4795E-02      7.2925E+01      1.0149E+02      1.0000E+00
      3.6881E-02      1.3143E+00      1.2051E+00      1.6895E+00      2.5667E-02      6.5706E+01      1.1898E+02      1.0000E+00
      3.5706E-02      1.1600E+00      1.0819E+00      1.4921E+00      2.6887E-02      7.9083E+01      1.0601E+02      1.0000E+00
      7.3700E-02      1.1892E+00      1.0804E+00      1.5258E+00      5.2574E-02      7.5772E+01      1.0797E+02      1.0000E+00
      1.8136E-01      1.3822E+00      1.1737E+00      1.7824E+00      1.1151E-01      5.8872E+01      1.0625E+02      1.0000E+00
      3.0056E-01      1.2199E+00      1.0612E+00      1.4540E+00      2.3027E-01      7.7734E+01      1.0755E+02      1.0000E+00
      2.6480E-01      1.0948E+00      1.0544E+00      1.1388E+00      2.3615E-01      7.7388E+01      1.0834E+02      1.0000E+00
      2.1670E-01      1.0647E+00      1.0570E+00      1.1403E+00      1.9891E-01      7.4107E+01      1.0748E+02      1.0000E+00
      1.4491E-01      1.1651E+00      1.0932E+00      1.4203E+00      1.1467E-01      6.9385E+01      1.0369E+02      1.0000E+00
      7.5621E-02      1.4513E+00      1.2497E+00      1.9296E+00      4.1336E-02      6.8022E+01      1.2296E+02      1.0000E+00
      6.8270E-02      1.4216E+00      1.1783E+00      1.7996E+00      4.0566E-02      6.1129E+01      1.1008E+02      1.0000E+00
      7.7755E-02      1.3624E+00      1.2485E+00      1.7057E+00      4.5842E-02      6.9139E+01      1.2542E+02      1.0000E+00
      5.5993E-02      1.2186E+00      1.2858E+00      1.1730E+00      4.6617E-02      5.7721E+01      1.2833E+02      1.0000E+00
      4.0284E-02      1.3409E+00      1.1216E+00      1.8488E+00      2.7924E-02      7.2505E+01      1.0743E+02      1.0000E+00
      3.7579E-02      1.2033E+00      1.1845E+00      1.6022E+00      2.8795E-02      6.7385E+01      1.1222E+02      1.0000E+00
      5.2849E-02      1.2973E+00      1.1251E+00      1.5440E+00      4.5141E-02      6.6527E+01      1.0717E+02      1.0000E+00
      9.0727E-02      1.3898E+00      1.2609E+00      2.1638E+00      5.5596E-02      6.8723E+01      1.1380E+02      1.0000E+00
      1.9461E-01      1.3109E+00      1.1114E+00      1.4448E+00      1.6670E-01      7.1936E+01      1.0896E+02      1.0000E+00
      1.8964E-01      1.2416E+00      1.0917E+00      1.4074E+00      1.7251E-01      7.5921E+01      1.0710E+02      1.0000E+00
      3.3809E-01      1.5412E+00      1.2265E+00      2.2739E+00      1.7694E-01      6.1115E+01      1.1890E+02      1.0000E+00
      5.9227E-01      1.1373E+00      1.1359E+00      1.2597E+00      4.6324E-01      7.1984E+01      1.1749E+02      1.0000E+00
      5.8410E-01      1.2050E+00      1.1280E+00      1.3248E+00      4.6348E-01      6.9060E+01      1.1679E+02      1.0000E+00
      5.0977E-01      1.2885E+00      1.1461E+00      1.6424E+00      3.8420E-01      6.6852E+01      1.1269E+02      1.0000E+00
      4.8562E-01      1.2655E+00      1.1198E+00      1.5790E+00      3.7149E-01      6.7999E+01      1.1053E+02      1.0000E+00
      5.2539E-01      1.2257E+00      1.1232E+00      1.3823E+00      4.3841E-01      6.5020E+01      1.1420E+02      1.0000E+00
      5.6879E-01      1.3197E+00      1.1120E+00      1.5562E+00      4.3987E-01      6.7831E+01      1.1301E+02      1.0000E+00
      5.8880E-01      1.3023E+00      1.1248E+00      1.4587E+00      4.7796E-01      6.5372E+01      1.1477E+02      1.0000E+00
      5.9162E-01      1.3432E+00      1.1337E+00      1.5084E+00      4.7039E-01      6.5836E+01      1.1389E+02      1.0000E+00
      6.1661E-01      1.3162E+00      1.1295E+00      1.4268E+00      5.0146E-01      6.5398E+01      1.1325E+02      1.0000E+00
      6.4469E-01      1.3912E+00      1.1712E+00      1.5305E+00      5.0248E-01      6.2370E+01      1.1629E+02      1.0000E+00
      7.7192E-01      1.2463E+00      1.0830E+00      1.4988E+00      5.5870E-01      7.1375E+01      1.0373E+02      1.0000E+00
      4.6502E-01      1.1805E+00      1.0586E+00      1.3960E+00      3.5068E-01      7.9607E+01      1.0791E+02      1.0000E+00
      5.3498E-01      1.3170E+00      1.2139E+00      1.6391E+00      3.5666E-01      6.6862E+01      1.2181E+02      1.0000E+00
      5.2086E-01      1.3343E+00      1.2235E+00      1.6243E+00      3.1281E-01      7.1165E+01      1.2447E+02      1.0000E+00
      3.7689E-01      1.2263E+00      1.0855E+00      1.2814E+00      3.1276E-01      7.1880E+01      1.1286E+02      1.0000E+00
      3.1656E-01      1.1170E+00      1.0359E+00      1.3000E+00      2.6501E-01      8.0046E+01      9.8341E+01      1.0000E+00
      2.4845E-01      1.0747E+00      1.0106E+00      1.1550E+00      2.3993E-01      8.6907E+01      9.1142E+01      1.0000E+00
      2.2834E-01      1.0575E+00      1.0051E+00      1.0906E+00      2.1828E-01      8.5527E+01      9.3354E+01      1.0000E+00
      2.3678E-01      1.1717E+00      1.0858E+00      1.3765E+00      1.9272E-01      6.8200E+01      1.0445E+02      1.0000E+00
      1.3861E-01      1.5857E+00      1.2740E+00      2.0025E+00      8.8477E-02      5.7940E+01      1.2448E+02      1.0000E+00
      9.7112E-02      1.1441E+00      1.0405E+00      1.2633E+00      8.7607E-02      8.0904E+01      1.0361E+02      1.0000E+00
      1.1136E-01      1.2576E+00      1.0837E+00      1.3693E+00      9.7951E-02      7.3130E+01      1.0693E+02      1.0000E+00
      5.3524E-02      1.4111E+00      1.3161E+00      2.0369E+00      3.0576E-02      6.5815E+01      1.2378E+02      1.0000E+00
      3.4840E-02      1.2233E+00      1.0747E+00      1.4620E+00      2.9210E-02      8.1454E+01      1.0057E+02      1.0000E+00
      4.4239E-02      1.1189E+00      1.0339E+00      1.2942E+00      3.8013E-02      8.5277E+01      1.0111E+02      1.0000E+00
      5.6928E-02      1.1894E+00      1.0812E+00      1.4251E+00      4.1998E-02      6.7652E+01      1.0002E+02      1.0000E+00
      3.8487E-02      1.4737E+00      1.2058E+00      1.7056E+00      2.7691E-02      6.1753E+01      1.1989E+02      1.0000E+00
      3.3952E-02      1.2274E+00      1.0849E+00      1.3650E+00      2.7318E-02      7.1676E+01      1.1209E+02      1.0000E+00
      4.7987E-02      1.1374E+00      1.0655E+00      1.3759E+00      3.9887E-02      7.5371E+01      9.9360E+01      1.0000E+00
      3.4140E-02      1.3697E+00      1.1311E+00      1.5956E+00      2.6288E-02      6.7253E+01      1.1268E+02      1.0000E+00
      3.2620E-02      1.2924E+00      1.1467E+00      1.4626E+00      2.6456E-02      6.3217E+01      1.1688E+02      1.0000E+00
      3.1805E-02      1.2970E+00      1.1192E+00      1.5877E+00      2.4182E-02      6.6716E+01      1.1158E+02      1.0000E+00
      3.1046E-02      1.2571E+00      1.1545E+00      1.5118E+00      2.4536E-02      6.4151E+01      1.1493E+02      1.0000E+00
      3.1102E-02      1.2437E+00      1.1037E+00      1.5206E+00      2.4273E-02      6.8803E+01      1.0939E+02      1.0000E+00
      3.2262E-02      1.3324E+00      1.2016E+00      1.6309E+00      2.4408E-02      6.1017E+01      1.1842E+02      1.0000E+00
      3.3549E-02      1.2919E+00      1.1184E+00      1.5537E+00      2.5459E-02      6.5255E+01      1.1138E+02      1.0000E+00
      3.3860E-02      1.3584E+00      1.1815E+00      1.6197E+00      2.5204E-02      5.9887E+01      1.1730E+02      1.0000E+00
      3.3283E-02      1.3639E+00      1.1578E+00      1.6049E+00      2.5189E-02      6.2134E+01      1.1639E+02      1.0000E+00
      3.1822E-02      1.3333E+00      1.1352E+00      1.5420E+00      2.4369E-02      6.4126E+01      1.1314E+02      1.0000E+00
      3.2379E-02      1.3265E+00      1.1451E+00      1.4347E+00      2.6062E-02      6.3306E+01      1.1456E+02      1.0000E+00
      3.4450E-02      1.5087E+00      1.2206E+00      1.7394E+00      2.4619E-02      6.0376E+01      1.1569E+02      1.0000E+00
      4.8879E-02      1.2434E+00      1.1179E+00      1.5077E+00      3.8727E-02      6.5795E+01      1.0384E+02      1.0000E+00
      6.9031E-02      1.7488E+00      1.3885E+00      2.0829E+00      4.3217E-02      5.1019E+01      1.2359E+02      1.0000E+00
      1.5963E-01      1.3387E+00      1.3140E+00      2.2502E+00      8.9683E-02      6.8295E+01      1.1373E+02      1.0000E+00
      1.0366E-01      1.5667E+00      1.2789E+00      1.9640E+00      6.6578E-02      5.4191E+01      1.1499E+02      1.0000E+00
      1.0865E-01      1.3164E+00      1.1342E+00      1.5239E+00      7.9742E-02      6.3014E+01      1.0917E+02      1.0000E+00
      1.2052E-01      1.2491E+00      1.1196E+00      1.4671E+00      9.3448E-02      6.3724E+01      1.1093E+02      1.0000E+00
      1.4518E-01      1.3195E+00      1.1426E+00      1.7059E+00      1.0527E-01      6.6594E+01      1.1148E+02      1.0000E+00
      2.0864E-01      1.1820E+00      1.0984E+00      1.3779E+00      1.7658E-01      6.7901E+01      1.0675E+02      1.0000E+00
      3.0296E-01      1.3227E+00      1.1916E+00      1.8533E+00      2.0013E-01      6.9969E+01      1.1470E+02      1.0000E+00
      4.1983E-01      1.1733E+00      1.1314E+00      1.3326E+00      3.6359E-01      6.5239E+01      1.1300E+02      1.0000E+00
      5.0978E-01      1.3671E+00      1.1260E+00      1.7211E+00      3.7190E-01      6.7037E+01      1.1228E+02      1.0000E+00
      7.1259E-01      1.1758E+00      1.0679E+00      1.3329E+00      5.5086E-01      6.9518E+01      9.9255E+01      1.0000E+00
      4.6566E-01      1.1133E+00      1.0691E+00      1.3052E+00      3.7237E-01      7.8904E+01      1.0850E+02      1.0000E+00
      5.4678E-01      1.4132E+00      1.1893E+00      1.7543E+00      3.7330E-01      6.4308E+01      1.1971E+02      1.0000E+00
      8.4107E-01      1.1471E+00      1.0446E+00      1.3232E+00      6.7136E-01      7.3291E+01      9.8493E+01      1.0000E+00
      6.3875E-01      1.0848E+00      1.0410E+00      1.2700E+00      5.4062E-01      8.2050E+01      1.0240E+02      1.0000E+00
      4.1417E-01      1.2207E+00      1.1024E+00      1.5651E+00      3.1123E-01      7.8838E+01      1.0654E+02      1.0000E+00
      4.7798E-01      1.3491E+00      1.2142E+00      1.8303E+00      3.1410E-01      6.7023E+01      1.1822E+02      1.0000E+00
      7.7734E-01      1.2236E+00      1.0658E+00      1.3602E+00      6.3537E-01      7.1878E+01      1.0447E+02      1.0000E+00
      7.0181E-01      1.1504E+00      1.0340E+00      1.2741E+00      6.2569E-01      8.4667E+01      9.9530E+01      1.0000E+00
      6.5173E-01      1.2185E+00      1.0761E+00      1.3436E+00      5.7567E-01      7.5947E+01      1.0763E+02      1.0000E+00
      4.2972E-01      1.1587E+00      1.1538E+00      1.6048E+00      3.3652E-01      7.5188E+01      1.0511E+02      1.0000E+00
      2.2924E-01      1.2117E+00      1.1382E+00      1.5843E+00      1.9909E-01      7.7006E+01      1.0328E+02      1.0000E+00
      1.1828E-01      1.1897E+00      1.1165E+00      1.5683E+00      9.5407E-02      7.6486E+01      9.8929E+01      1.0000E+00
      7.1217E-02      1.1520E+00      1.0622E+00      1.3713E+00      6.5248E-02      7.9840E+01      9.8590E+01      1.0000E+00
      4.9674E-02      1.1244E+00      1.0583E+00      1.3115E+00      4.4288E-02      7.9869E+01      1.0351E+02      1.0000E+00
      2.7503E-02      1.1532E+00      1.0817E+00      1.4573E+00      2.1125E-02      7.3839E+01      9.9787E+01      1.0000E+00
      1.6341E-02      1.2367E+00      1.0941E+00      1.5372E+00      1.2839E-02      7.7804E+01      1.0244E+02      1.0000E+00
      1.0779E-02      1.5185E+00      1.3590E+00      1.6214E+00      6.4575E-03      6.0241E+01      1.3259E+02      1.0000E+00
      1.2626E-02      1.4706E+00      1.1773E+00      1.9733E+00      6.6066E-03      5.9181E+01      1.1689E+02      1.0000E+00
      1.2218E-02      1.3969E+00      1.1697E+00      1.8439E+00      6.9431E-03      5.9099E+01      1.1010E+02      1.0000E+00
      1.3397E-02      1.2734E+00      1.2923E+00      1.5627E+00      7.5370E-03      7.3110E+01      1.2859E+02      1.0000E+00
      3.3168E-02      1.5000E+00      1.2229E+00      1.8291E+00      2.1917E-02      5.7843E+01      1.1634E+02      1.0000E+00
      4.3333E-02      1.2864E+00      1.1180E+00      1.4641E+00      3.3915E-02      6.4961E+01      1.0767E+02      1.0000E+00
      5.4660E-02      1.4574E+00      1.2200E+00      1.7176E+00      3.8653E-02      5.7462E+01      1.1869E+02      1.0000E+00
      7.6432E-02      1.1990E+00      1.0773E+00      1.2991E+00      6.3885E-02      6.9048E+01      1.0643E+02      1.0000E+00
      9.7619E-02      1.6082E+00      1.2923E+00      1.8906E+00      6.3472E-02      5.4848E+01      1.2026E+02      1.0000E+00
      1.7071E-01      1.2135E+00      1.1972E+00      1.7518E+00      1.2181E-01      7.0307E+01      1.0755E+02      1.0000E+00
      1.7146E-01      1.2346E+00      1.2269E+00      1.7373E+00      1.2417E-01      6.7249E+01      1.1349E+02      1.0000E+00
      9.8236E-02      1.5798E+00      1.2561E+00      1.8892E+00      6.7781E-02      5.9332E+01      1.2086E+02      1.0000E+00
      8.6405E-02      1.1479E+00      1.0726E+00      1.3384E+00      6.9805E-02      7.5985E+01      1.0895E+02      1.0000E+00
      1.4325E-01      1.3509E+00      1.1359E+00      1.6708E+00      9.7627E-02      6.3567E+01      1.0235E+02      1.0000E+00
      1.1787E-01      1.5338E+00      1.2782E+00      1.8976E+00      7.3041E-02      5.2885E+01      1.1375E+02      1.0000E+00
      9.2257E-02      1.4893E+00      1.3837E+00      2.0397E+00      5.8312E-02      5.0306E+01      1.1391E+02      1.0000E+00
      5.5947E-02      2.0008E+00      1.5643E+00      2.3318E+00      3.1501E-02      4.4859E+01      1.3046E+02      1.0000E+00
      3.2736E-02      1.1611E+00      1.0767E+00      1.2704E+00      2.7217E-02      7.3479E+01      1.1113E+02      1.0000E+00
      3.4498E-02      1.3514E+00      1.1506E+00      1.6260E+00      2.5434E-02      6.5439E+01      1.1679E+02      1.0000E+00
      2.3374E-02      1.2678E+00      1.1281E+00      1.6529E+00      1.4749E-02      6.5390E+01      1.0809E+02      1.0000E+00
      1.1801E-02      1.2770E+00      1.2002E+00      1.5513E+00      8.1382E-03      7.4880E+01      1.2126E+02      1.0000E+00
      1.5621E-02      1.5086E+00      1.2843E+00      2.0444E+00      8.0281E-03      5.1279E+01      1.0849E+02      1.0000E+00
      2.9645E-02      1.3112E+00      1.1042E+00      1.6941E+00      2.1924E-02      7.1273E+01      1.0838E+02      1.0000E+00
      1.9785E-02      1.4617E+00      1.2412E+00      1.7612E+00      1.2296E-02      5.4397E+01      1.1106E+02      1.0000E+00
      2.5789E-02      1.3121E+00      1.4196E+00      1.8147E+00      1.2446E-02      7.3066E+01      1.3255E+02      1.0000E+00
      5.7064E-02      1.2082E+00      1.0631E+00      1.4094E+00      4.3084E-02      7.8157E+01      1.0681E+02      1.0000E+00
      5.5534E-02      1.1038E+00      1.0909E+00      1.2316E+00      4.6211E-02      7.4516E+01      1.1215E+02      1.0000E+00
      8.6708E-02      1.5562E+00      1.1979E+00      2.1051E+00      4.6335E-02      6.0753E+01      1.1912E+02      1.0000E+00
      2.1136E-01      1.3590E+00      1.1640E+00      1.4603E+00      1.5639E-01      6.7131E+01      1.2046E+02      1.0000E+00
      3.7182E-01      1.3436E+00      1.1064E+00      1.5150E+00      3.1782E-01      7.6977E+01      1.0265E+02      1.0000E+00
      6.9081E-01      1.3602E+00      1.2146E+00      1.8995E+00      4.2673E-01      6.9702E+01      1.1389E+02      1.0000E+00
      6.9354E-01      1.3833E+00      1.1933E+00      1.5296E+00      5.8639E-01      6.0535E+01      1.1819E+02      1.0000E+00
      7.9563E-01      1.2189E+00      1.1413E+00      1.2860E+00      6.1332E-01      6.9946E+01      1.1877E+02      1.0000E+00
      5.0636E-01      1.5577E+00      1.2186E+00      1.9673E+00      2.9007E-01      6.5013E+01      1.2023E+02      1.0000E+00
      3.4167E-01      1.2964E+00      1.1196E+00      1.3762E+00      2.8576E-01      6.9775E+01      1.1333E+02      1.0000E+00
      3.1776E-01      1.2055E+00      1.0590E+00      1.3355E+00      2.7388E-01      7.9752E+01      1.0445E+02      1.0000E+00
      4.4813E-01      1.5472E+00      1.2716E+00      1.9616E+00      2.6285E-01      6.2207E+01      1.2590E+02      1.0000E+00
      8.5095E-01      1.1474E+00      1.0881E+00      1.4525E+00      6.8828E-01      7.5621E+01      1.0516E+02      1.0000E+00
      7.9685E-01      1.1644E+00      1.1756E+00      1.5353E+00      6.0492E-01      7.0235E+01      1.1306E+02      1.0000E+00
      4.0438E-01      1.6463E+00      1.3334E+00      2.0332E+00      2.2547E-01      6.2801E+01      1.2221E+02      1.0000E+00
      1.4645E-01      1.4833E+00      1.1744E+00      1.9262E+00      8.7549E-02      6.1278E+01      1.1107E+02      1.0000E+00
      1.2122E-01      1.3108E+00      1.1727E+00      1.5650E+00      8.8144E-02      7.3248E+01      1.1904E+02      1.0000E+00
      1.7047E-01      1.1304E+00      1.0428E+00      1.3340E+00      1.5700E-01      8.5739E+01      9.3688E+01      1.0000E+00
      1.9247E-01      1.0891E+00      1.0165E+00      1.1987E+00      1.8237E-01      8.8096E+01      9.3936E+01      1.0000E+00
      1.9888E-01      1.0999E+00      1.0139E+00      1.1508E+00      1.8277E-01      8.2380E+01      9.5752E+01      1.0000E+00
      2.0021E-01      1.2572E+00      1.1604E+00      1.4983E+00      1.5825E-01      6.4539E+01      1.1638E+02      1.0000E+00
      8.1951E-02      1.8403E+00      1.4735E+00      2.3466E+00      4.0771E-02      5.3640E+01      1.3478E+02      1.0000E+00
      4.2103E-02      1.2131E+00      1.0464E+00      1.3487E+00      3.4682E-02      7.6736E+01      9.8155E+01      1.0000E+00
      4.6337E-02      1.0916E+00      1.0353E+00      1.2780E+00      4.1872E-02      8.3252E+01      9.5673E+01      1.0000E+00
      5.7816E-02      1.1058E+00      1.0157E+00      1.2115E+00      4.7946E-02      7.9985E+01      9.9650E+01      1.0000E+00
      7.0719E-02      1.1857E+00      1.1029E+00      1.4807E+00      5.5472E-02      7.0139E+01      1.0219E+02      1.0000E+00
      4.5328E-02      1.5310E+00      1.2822E+00      1.7670E+00      2.7833E-02      6.0679E+01      1.2810E+02      1.0000E+00
      4.1381E-02      1.1995E+00      1.0517E+00      1.3743E+00      2.9413E-02      7.3998E+01      1.0771E+02      1.0000E+00
      6.5676E-02      1.1871E+00      1.0811E+00      1.3581E+00      5.0593E-02      6.7720E+01      1.0147E+02      1.0000E+00
      6.7518E-02      1.4385E+00      1.2402E+00      1.8586E+00      3.6457E-02      6.9563E+01      1.2515E+02      1.0000E+00
      5.6606E-02      1.3861E+00      1.2650E+00      1.6356E+00      3.5771E-02      6.4202E+01      1.2673E+02      1.0000E+00
      6.3059E-02      1.1651E+00      1.0352E+00      1.2409E+00      5.6256E-02      7.8583E+01      1.0138E+02      1.0000E+00
      5.5681E-02      1.1206E+00      1.0192E+00      1.2160E+00      4.8900E-02      8.0656E+01      9.4877E+01      1.0000E+00
      3.9138E-02      1.1908E+00      1.0867E+00      1.3917E+00      2.8443E-02      8.0938E+01      1.1242E+02      1.0000E+00
      4.3017E-02      1.4199E+00      1.2354E+00      1.6994E+00      2.7157E-02      6.4838E+01      1.2483E+02      1.0000E+00
      5.1575E-02      1.2832E+00      1.1175E+00      1.4039E+00      4.2560E-02      6.6098E+01      1.1447E+02      1.0000E+00
      5.7144E-02      1.3761E+00      1.1817E+00      1.5689E+00      4.2571E-02      6.2207E+01      1.2056E+02      1.0000E+00
      6.3608E-02      1.2891E+00      1.1596E+00      1.5396E+00      4.4861E-02      6.9004E+01      1.1873E+02      1.0000E+00
      7.0399E-02      1.2105E+00      1.1195E+00      1.5321E+00      4.6571E-02      7.5909E+01      1.1468E+02      1.0000E+00
      1.2768E-01      1.1613E+00      1.0272E+00      1.3429E+00      1.0805E-01      8.0737E+01      1.0009E+02      1.0000E+00
      1.9228E-01      1.2111E+00      1.0770E+00      1.4571E+00      1.4720E-01      7.0715E+01      9.7560E+01      1.0000E+00
      1.4463E-01      1.4242E+00      1.1712E+00      1.6591E+00      1.0595E-01      6.2819E+01      1.1485E+02      1.0000E+00
      1.2994E-01      1.2593E+00      1.1254E+00      1.3970E+00      1.0451E-01      6.3443E+01      1.1219E+02      1.0000E+00
      1.2614E-01      1.2614E+00      1.0754E+00      1.4928E+00      9.3946E-02      7.0009E+01      1.0293E+02      1.0000E+00
      1.3677E-01      1.4304E+00      1.2439E+00      1.6987E+00      9.5536E-02      5.4282E+01      1.1902E+02      1.0000E+00
      1.7383E-01      1.2272E+00      1.0933E+00      1.4519E+00      1.1966E-01      6.6165E+01      1.0229E+02      1.0000E+00
      1.4481E-01      1.2057E+00      1.0476E+00      1.3468E+00      1.3104E-01      8.0004E+01      9.8408E+01      1.0000E+00
      1.6660E-01      1.1632E+00      1.0870E+00      1.3875E+00      1.3697E-01      7.9229E+01      1.0889E+02      1.0000E+00
      2.6340E-01      1.2947E+00      1.1205E+00      1.5579E+00      1.8225E-01      7.3375E+01      1.1564E+02      1.0000E+00
      5.6015E-01      1.2899E+00      1.1287E+00      1.6492E+00      3.3761E-01      6.8747E+01      1.1538E+02      1.0000E+00
      5.3177E-01      1.3352E+00      1.1481E+00      1.4982E+00      4.1497E-01      6.2721E+01      1.1459E+02      1.0000E+00
      5.1906E-01      1.2248E+00      1.1122E+00      1.3639E+00      4.3492E-01      6.5336E+01      1.1344E+02      1.0000E+00
      4.5243E-01      1.3059E+00      1.1326E+00      1.6876E+00      3.2970E-01      6.7561E+01      1.1034E+02      1.0000E+00
      4.2878E-01      1.2212E+00      1.1449E+00      1.5355E+00      3.3233E-01      6.6465E+01      1.1136E+02      1.0000E+00
      4.4301E-01      1.2043E+00      1.1399E+00      1.4557E+00      3.5585E-01      6.5659E+01      1.1252E+02      1.0000E+00
      4.7189E-01      1.2963E+00      1.1198E+00      1.6233E+00      3.5480E-01      6.7775E+01      1.1081E+02      1.0000E+00
      5.1605E-01      1.2467E+00      1.1161E+00      1.4019E+00      4.1800E-01      6.4370E+01      1.1231E+02      1.0000E+00
      5.6647E-01      1.4391E+00      1.1773E+00      1.6822E+00      4.0474E-01      6.2202E+01      1.1411E+02      1.0000E+00
      8.4870E-01      1.1504E+00      1.0790E+00      1.4011E+00      6.7023E-01      7.1336E+01      1.0147E+02      1.0000E+00
      6.8456E-01      1.0894E+00      1.0090E+00      1.1838E+00      6.0896E-01      8.4130E+01      9.6822E+01      1.0000E+00
      4.5134E-01      1.1878E+00      1.0734E+00      1.4627E+00      3.2052E-01      7.6204E+01      1.0941E+02      1.0000E+00
      4.5277E-01      1.2552E+00      1.1949E+00      1.5260E+00      3.1843E-01      6.7810E+01      1.2056E+02      1.0000E+00
      4.5594E-01      1.2514E+00      1.1394E+00      1.4546E+00      3.7115E-01      6.4856E+01      1.1521E+02      1.0000E+00
      4.6611E-01      1.4416E+00      1.1622E+00      1.6866E+00      3.3534E-01      6.4952E+01      1.1227E+02      1.0000E+00
      5.9676E-01      1.2670E+00      1.1399E+00      1.5758E+00      4.7181E-01      6.5685E+01      1.0417E+02      1.0000E+00
      4.2236E-01      1.2109E+00      1.0596E+00      1.4074E+00      3.5957E-01      7.6295E+01      9.7617E+01      1.0000E+00
      3.0841E-01      1.1782E+00      1.0309E+00      1.2644E+00      2.6515E-01      8.1559E+01      9.8697E+01      1.0000E+00
      2.0642E-01      1.1395E+00      1.0374E+00      1.3330E+00      1.7431E-01      7.9719E+01      1.0173E+02      1.0000E+00
      1.2349E-01      1.1904E+00      1.0851E+00      1.5056E+00      9.0403E-02      7.8624E+01      1.0866E+02      1.0000E+00
      1.3403E-01      1.3475E+00      1.2046E+00      1.7470E+00      8.9769E-02      6.6364E+01      1.1944E+02      1.0000E+00
      1.9884E-01      1.1995E+00      1.0598E+00      1.3387E+00      1.5704E-01      7.1449E+01      1.0046E+02      1.0000E+00
      1.5389E-01      1.1213E+00      1.0407E+00      1.3285E+00      1.3368E-01      8.4621E+01      9.8778E+01      1.0000E+00
      1.0501E-01      1.2359E+00      1.1016E+00      1.5436E+00      8.0989E-02      8.2490E+01      1.0840E+02      1.0000E+00
      1.2477E-01      1.3659E+00      1.1994E+00      1.8342E+00      8.1141E-02      6.7758E+01      1.1809E+02      1.0000E+00
      1.9900E-01      1.1924E+00      1.0577E+00      1.3155E+00      1.6288E-01      7.2110E+01      1.0226E+02      1.0000E+00
      1.6005E-01      1.1044E+00      1.0338E+00      1.2945E+00      1.4128E-01      8.5277E+01      9.7810E+01      1.0000E+00
      1.0821E-01      1.2398E+00      1.1062E+00      1.5661E+00      8.1535E-02      8.0555E+01      1.0848E+02      1.0000E+00
      1.2366E-01      1.3130E+00      1.1916E+00      1.7550E+00      8.1738E-02      6.9430E+01      1.1756E+02      1.0000E+00
      1.8123E-01      1.2131E+00      1.0718E+00      1.3858E+00      1.4667E-01      7.0036E+01      1.0155E+02      1.0000E+00
      1.2971E-01      1.2017E+00      1.1081E+00      1.3965E+00      1.0311E-01      7.7695E+01      1.1324E+02      1.0000E+00
      1.7643E-01      1.4192E+00      1.1289E+00      1.8986E+00      1.0456E-01      6.5863E+01      1.1493E+02      1.0000E+00
      2.8379E-01      1.2908E+00      1.3553E+00      1.3299E+00      2.0405E-01      5.8259E+01      1.3173E+02      1.0000E+00
      3.6088E-01      1.5041E+00      1.2303E+00      2.0192E+00      2.0436E-01      6.7486E+01      1.2256E+02      1.0000E+00
      2.3375E-01      1.4565E+00      1.2287E+00      1.8885E+00      1.1821E-01      5.4579E+01      1.1362E+02      1.0000E+00
      1.8555E-01      1.4037E+00      1.2336E+00      1.6114E+00      1.1351E-01      6.9451E+01      1.2570E+02      1.0000E+00
      2.4777E-01      1.1443E+00      1.0292E+00      1.2645E+00      2.1995E-01      8.4121E+01      9.7491E+01      1.0000E+00
      2.5450E-01      1.0850E+00      1.0106E+00      1.1560E+00      2.4302E-01      8.5582E+01      9.2835E+01      1.0000E+00
      2.3133E-01      1.0841E+00      1.0208E+00      1.2025E+00      2.1857E-01      8.3613E+01      9.4931E+01      1.0000E+00
      1.9827E-01      1.1155E+00      1.0409E+00      1.2927E+00      1.8514E-01      8.2367E+01      9.6981E+01      1.0000E+00
      1.5910E-01      1.1728E+00      1.0727E+00      1.4406E+00      1.4316E-01      8.1972E+01      9.5730E+01      1.0000E+00
      1.0864E-01      1.2885E+00      1.1304E+00      1.6027E+00      8.4001E-02      8.0028E+01      1.1059E+02      1.0000E+00
      1.2878E-01      1.4041E+00      1.1767E+00      1.8824E+00      8.2721E-02      6.8698E+01      1.1683E+02      1.0000E+00
      2.1714E-01      1.1762E+00      1.0595E+00      1.3289E+00      1.8287E-01      7.1553E+01      1.0620E+02      1.0000E+00
      1.9639E-01      1.0725E+00      1.0099E+00      1.1506E+00      1.8048E-01      8.4954E+01      9.4243E+01      1.0000E+00
      1.6617E-01      1.0748E+00      1.0228E+00      1.2266E+00      1.5267E-01      8.5469E+01      9.3956E+01      1.0000E+00
      1.1444E-01      1.1836E+00      1.0881E+00      1.3614E+00      8.8395E-02      8.0020E+01      1.1217E+02      1.0000E+00
      1.2266E-01      1.5474E+00      1.2381E+00      1.7862E+00      8.3207E-02      6.2658E+01      1.2064E+02      1.0000E+00
      1.9553E-01      1.1948E+00      1.1303E+00      1.5166E+00      1.6428E-01      7.1913E+01      1.0572E+02      1.0000E+00
      1.8112E-01      1.2506E+00      1.1213E+00      1.6282E+00      1.5299E-01      8.2392E+01      9.8582E+01      1.0000E+00
      2.0812E-01      1.2230E+00      1.3086E+00      2.0315E+00      1.3593E-01      7.2829E+01      1.0604E+02      1.0000E+00
      1.5271E-01      1.4572E+00      1.3012E+00      2.0673E+00      7.8166E-02      5.2753E+01      1.0977E+02      1.0000E+00
      9.6326E-02      1.1595E+00      1.0587E+00      1.2905E+00      8.5571E-02      7.1830E+01      1.0211E+02      1.0000E+00
      1.5745E-01      1.7127E+00      1.2931E+00      2.3182E+00      9.2400E-02      5.7968E+01      1.2027E+02      1.0000E+00
      4.5821E-01      1.2961E+00      1.2049E+00      1.5196E+00      2.9951E-01      6.9616E+01      1.2324E+02      1.0000E+00
      6.1942E-01      1.2570E+00      1.0724E+00      1.5520E+00      4.4434E-01      7.0405E+01      1.0330E+02      1.0000E+00
      4.2527E-01      1.3674E+00      1.2021E+00      1.7682E+00      3.0016E-01      6.3671E+01      1.1794E+02      1.0000E+00
      3.9056E-01      1.1500E+00      1.0881E+00      1.4537E+00      3.0349E-01      8.0650E+01      1.0707E+02      1.0000E+00
      6.4141E-01      1.2024E+00      1.0612E+00      1.4073E+00      4.8952E-01      7.1347E+01      9.8746E+01      1.0000E+00
      4.7444E-01      1.3110E+00      1.2055E+00      1.7050E+00      3.2712E-01      6.6318E+01      1.1868E+02      1.0000E+00
      4.2124E-01      1.1505E+00      1.0789E+00      1.4338E+00      3.2513E-01      8.1657E+01      1.0722E+02      1.0000E+00
      6.6497E-01      1.1795E+00      1.0529E+00      1.3483E+00      5.0884E-01      7.1971E+01      9.9116E+01      1.0000E+00
      4.8638E-01      1.3417E+00      1.2089E+00      1.6604E+00      3.4486E-01      6.3546E+01      1.2036E+02      1.0000E+00
      4.3796E-01      1.1912E+00      1.0555E+00      1.4304E+00      3.3711E-01      7.9746E+01      1.0625E+02      1.0000E+00
      7.3388E-01      1.2551E+00      1.0953E+00      1.5404E+00      5.2240E-01      6.9928E+01      1.0350E+02      1.0000E+00
      6.1146E-01      1.4012E+00      1.1746E+00      1.5818E+00      4.6459E-01      6.1835E+01      1.1433E+02      1.0000E+00
      6.0538E-01      1.3838E+00      1.1700E+00      1.5558E+00      4.6464E-01      6.1740E+01      1.1426E+02      1.0000E+00
      7.0811E-01      1.2557E+00      1.0906E+00      1.5255E+00      4.9822E-01      7.0174E+01      1.0486E+02      1.0000E+00
      4.1376E-01      1.1858E+00      1.0662E+00      1.4606E+00      3.0902E-01      7.8543E+01      1.0725E+02      1.0000E+00
      4.5056E-01      1.2819E+00      1.1980E+00      1.6220E+00      3.1467E-01      6.7052E+01      1.1926E+02      1.0000E+00
      5.1127E-01      1.1979E+00      1.1236E+00      1.4063E+00      4.1718E-01      6.7931E+01      1.1350E+02      1.0000E+00
      5.4582E-01      1.2770E+00      1.1215E+00      1.5508E+00      4.1871E-01      6.8445E+01      1.1320E+02      1.0000E+00
      5.6655E-01      1.2554E+00      1.1212E+00      1.4728E+00      4.5103E-01      6.7285E+01      1.1389E+02      1.0000E+00
      5.6546E-01      1.2570E+00      1.1182E+00      1.4737E+00      4.5124E-01      6.7383E+01      1.1359E+02      1.0000E+00
      5.4897E-01      1.2743E+00      1.1185E+00      1.5400E+00      4.2842E-01      6.7967E+01      1.1271E+02      1.0000E+00
      5.2660E-01      1.2261E+00      1.1263E+00      1.4480E+00      4.3000E-01      6.6682E+01      1.1336E+02      1.0000E+00
      5.0994E-01      1.2422E+00      1.1253E+00      1.5290E+00      4.0129E-01      6.8271E+01      1.1211E+02      1.0000E+00
      5.1989E-01      1.2297E+00      1.1337E+00      1.5287E+00      4.0270E-01      6.8849E+01      1.1280E+02      1.0000E+00
      5.1369E-01      1.2438E+00      1.1859E+00      1.5221E+00      3.6403E-01      6.8512E+01      1.1962E+02      1.0000E+00
      4.9792E-01      1.1480E+00      1.0793E+00      1.4024E+00      3.6493E-01      7.9636E+01      1.0990E+02      1.0000E+00
      8.1692E-01      1.1476E+00      1.0461E+00      1.2853E+00      6.4814E-01      7.2991E+01      9.6757E+01      1.0000E+00
      6.1836E-01      1.3443E+00      1.1936E+00      1.6072E+00      4.0720E-01      6.8034E+01      1.2196E+02      1.0000E+00
      5.3773E-01      1.2477E+00      1.0913E+00      1.4082E+00      4.0654E-01      7.6749E+01      1.1321E+02      1.0000E+00
      5.9435E-01      1.1863E+00      1.0600E+00      1.3978E+00      5.2658E-01      7.8411E+01      9.5609E+01      1.0000E+00
      4.3080E-01      1.2724E+00      1.1132E+00      1.5383E+00      3.3214E-01      7.9394E+01      1.1097E+02      1.0000E+00
      5.2323E-01      1.4631E+00      1.1691E+00      1.9167E+00      3.2650E-01      6.8573E+01      1.1785E+02      1.0000E+00
      8.7334E-01      1.1097E+00      1.0565E+00      1.2181E+00      7.5627E-01      7.1177E+01      1.0350E+02      1.0000E+00
      5.9353E-01      1.1837E+00      1.0746E+00      1.3421E+00      4.4754E-01      7.8966E+01      1.1121E+02      1.0000E+00
      5.8758E-01      1.4425E+00      1.2089E+00      1.5791E+00      4.3977E-01      6.0600E+01      1.2148E+02      1.0000E+00
      8.6760E-01      1.1571E+00      1.1210E+00      1.4871E+00      6.8527E-01      7.0989E+01      1.0558E+02      1.0000E+00
      8.6135E-01      1.0603E+00      1.0214E+00      1.1741E+00      7.9381E-01      8.3202E+01      9.8620E+01      1.0000E+00
      8.9064E-01      1.0434E+00      1.0068E+00      1.1161E+00      8.6364E-01      8.7639E+01      9.2596E+01      1.0000E+00
      8.6657E-01      1.0582E+00      1.0075E+00      1.1182E+00      8.2085E-01      8.7117E+01      9.5864E+01      1.0000E+00
      7.5969E-01      1.0834E+00      1.0435E+00      1.2101E+00      6.5477E-01      8.0446E+01      1.0511E+02      1.0000E+00
      7.3112E-01      1.2130E+00      1.1663E+00      1.5699E+00      5.6550E-01      6.6964E+01      1.1225E+02      1.0000E+00
      4.7821E-01      1.4390E+00      1.1836E+00      1.7178E+00      3.2961E-01      6.0584E+01      1.1363E+02      1.0000E+00
      4.4996E-01      1.2757E+00      1.1175E+00      1.4948E+00      3.4276E-01      6.4357E+01      1.1003E+02      1.0000E+00
      4.6378E-01      1.2567E+00      1.1135E+00      1.4509E+00      3.6427E-01      6.4674E+01      1.1093E+02      1.0000E+00
      5.2182E-01      1.3867E+00      1.1500E+00      1.6892E+00      3.7519E-01      6.3353E+01      1.1349E+02      1.0000E+00
      7.2377E-01      1.1566E+00      1.0595E+00      1.3369E+00      5.6079E-01      7.0717E+01      9.7726E+01      1.0000E+00
      4.7124E-01      1.1405E+00      1.0720E+00      1.3647E+00      3.5538E-01      8.1098E+01      1.0929E+02      1.0000E+00
      5.1541E-01      1.2697E+00      1.1891E+00      1.5646E+00      3.5986E-01      6.8024E+01      1.1983E+02      1.0000E+00
      5.6050E-01      1.2107E+00      1.1250E+00      1.4446E+00      4.4103E-01      6.9209E+01      1.1382E+02      1.0000E+00
      5.9780E-01      1.2589E+00      1.1208E+00      1.5540E+00      4.4283E-01      7.0990E+01      1.1332E+02      1.0000E+00
      6.1814E-01      1.2554E+00      1.2429E+00      1.3994E+00      4.0645E-01      6.9012E+01      1.2621E+02      1.0000E+00
      5.4256E-01      1.2990E+00      1.0984E+00      1.4735E+00      3.9952E-01      7.3149E+01      1.1362E+02      1.0000E+00
      4.5233E-01      1.2199E+00      1.0696E+00      1.4374E+00      3.2470E-01      7.5823E+01      1.0879E+02      1.0000E+00
      4.6267E-01      1.5350E+00      1.2525E+00      1.7643E+00      3.1193E-01      5.9554E+01      1.2438E+02      1.0000E+00
      7.6571E-01      1.1656E+00      1.1507E+00      1.6120E+00      5.7560E-01      7.2921E+01      1.0489E+02      1.0000E+00
      7.0336E-01      1.2168E+00      1.2846E+00      1.7803E+00      4.8369E-01      6.7720E+01      1.1603E+02      1.0000E+00
      4.2024E-01      1.5575E+00      1.2112E+00      1.9460E+00      2.5169E-01      6.0157E+01      1.1212E+02      1.0000E+00
      3.8059E-01      1.2219E+00      1.1389E+00      1.4788E+00      2.9107E-01      6.2985E+01      1.1005E+02      1.0000E+00
      4.0774E-01      1.1781E+00      1.1305E+00      1.3983E+00      3.3149E-01      6.5193E+01      1.1125E+02      1.0000E+00
      4.9825E-01      1.3602E+00      1.1433E+00      1.7861E+00      3.5577E-01      6.7490E+01      1.1202E+02      1.0000E+00
      5.7734E-01      1.2865E+00      1.2509E+00      1.3342E+00      4.1471E-01      6.3697E+01      1.2683E+02      1.0000E+00
      5.5198E-01      1.1366E+00      1.1008E+00      1.2755E+00      4.1768E-01      7.7794E+01      1.1438E+02      1.0000E+00
      5.0191E-01      1.1815E+00      1.0731E+00      1.3138E+00      4.2270E-01      7.7335E+01      1.0998E+02      1.0000E+00
      2.4408E-01      1.5107E+00      1.2530E+00      1.8247E+00      1.3751E-01      6.6533E+01      1.2661E+02      1.0000E+00
      2.1372E-01      1.2864E+00      1.0864E+00      1.4922E+00      1.4749E-01      7.1457E+01      1.0844E+02      1.0000E+00
      2.4716E-01      1.5312E+00      1.3832E+00      1.8790E+00      1.3729E-01      5.9607E+01      1.3217E+02      1.0000E+00
      2.0518E-01      1.3554E+00      1.2657E+00      1.7013E+00      1.3935E-01      6.1838E+01      1.2369E+02      1.0000E+00
      1.8458E-01      1.1677E+00      1.0659E+00      1.3714E+00      1.4307E-01      7.8654E+01      1.0869E+02      1.0000E+00
      2.3628E-01      1.7155E+00      1.3868E+00      1.8709E+00      1.3488E-01      5.9106E+01      1.3037E+02      1.0000E+00
      5.5261E-01      1.2638E+00      1.1128E+00      1.5574E+00      4.3814E-01      8.1226E+01      1.0875E+02      1.0000E+00
      7.8536E-01      1.1077E+00      1.0256E+00      1.2443E+00      7.1778E-01      8.5382E+01      9.8707E+01      1.0000E+00
      5.3636E-01      1.3051E+00      1.1167E+00      1.5747E+00      3.3965E-01      6.3812E+01      1.0689E+02      1.0000E+00
      6.0158E-01      1.3218E+00      1.1109E+00      1.6445E+00      4.0586E-01      6.5299E+01      1.0419E+02      1.0000E+00
      5.0829E-01      1.2197E+00      1.0446E+00      1.3024E+00      4.3325E-01      8.0634E+01      9.9398E+01      1.0000E+00
      5.6357E-01      1.1819E+00      1.0438E+00      1.3308E+00      4.7251E-01      8.1312E+01      1.0057E+02      1.0000E+00
      6.6465E-01      1.2880E+00      1.1099E+00      1.5947E+00      4.7949E-01      6.5755E+01      1.0749E+02      1.0000E+00
      5.5996E-01      1.2955E+00      1.1113E+00      1.5736E+00      3.4692E-01      6.4251E+01      1.0898E+02      1.0000E+00
      3.4546E-01      1.1331E+00      1.0875E+00      1.3944E+00      2.8952E-01      7.8180E+01      1.0597E+02      1.0000E+00
      4.4253E-01      1.4004E+00      1.2083E+00      1.9137E+00      2.9418E-01      6.5393E+01      1.1689E+02      1.0000E+00
      7.5084E-01      1.2002E+00      1.0622E+00      1.3417E+00      6.2017E-01      7.1667E+01      1.0475E+02      1.0000E+00
      6.2917E-01      1.1000E+00      1.0309E+00      1.2800E+00      5.5669E-01      8.5226E+01      9.7629E+01      1.0000E+00
      4.3043E-01      1.2200E+00      1.0918E+00      1.5157E+00      3.2967E-01      8.1656E+01      1.0814E+02      1.0000E+00
      5.0778E-01      1.3721E+00      1.2027E+00      1.8221E+00      3.3098E-01      6.7088E+01      1.1879E+02      1.0000E+00
      8.0704E-01      1.1824E+00      1.0507E+00      1.3253E+00      6.5719E-01      7.3062E+01      1.0123E+02      1.0000E+00
      6.5898E-01      1.1101E+00      1.0314E+00      1.2630E+00      5.7402E-01      8.4669E+01      1.0138E+02      1.0000E+00
      5.0904E-01      1.1170E+00      1.0528E+00      1.3198E+00      4.5647E-01      8.1318E+01      1.0095E+02      1.0000E+00
      3.7150E-01      1.1104E+00      1.0367E+00      1.2923E+00      3.4188E-01      8.3732E+01      9.4827E+01      1.0000E+00
      2.6988E-01      1.1132E+00      1.0465E+00      1.3172E+00      2.4354E-01      8.1442E+01      9.7215E+01      1.0000E+00
      2.0807E-01      1.1405E+00      1.0367E+00      1.3051E+00      1.9053E-01      8.7498E+01      9.7241E+01      1.0000E+00
      1.8478E-01      1.2868E+00      1.1376E+00      1.3512E+00      1.5638E-01      6.3403E+01      1.1567E+02      1.0000E+00
      8.4431E-02      1.6245E+00      1.3202E+00      1.7576E+00      5.7528E-02      5.7312E+01      1.2613E+02      1.0000E+00
      2.9889E-02      1.5904E+00      1.6091E+00      2.2133E+00      1.7753E-02      4.9730E+01      1.3268E+02      1.0000E+00
      3.3503E-02      1.3425E+00      1.4225E+00      2.0496E+00      1.9806E-02      6.3115E+01      1.2415E+02      1.0000E+00
      7.8079E-02      1.2360E+00      1.1374E+00      1.4347E+00      5.3236E-02      7.8219E+01      1.1814E+02      1.0000E+00
      1.2668E-01      1.1701E+00      1.0608E+00      1.3447E+00      1.0160E-01      8.2386E+01      1.0814E+02      1.0000E+00
      1.6734E-01      1.0710E+00      1.0201E+00      1.1841E+00      1.4801E-01      8.4850E+01      9.9914E+01      1.0000E+00
      2.0998E-01      1.1770E+00      1.0366E+00      1.2858E+00      1.7750E-01      7.7069E+01      9.8144E+01      1.0000E+00
      2.3316E-01      1.1304E+00      1.0743E+00      1.4189E+00      1.7995E-01      8.0673E+01      1.0606E+02      1.0000E+00
      1.2167E-01      1.4581E+00      1.1840E+00      1.8853E+00      8.2510E-02      6.3940E+01      1.1752E+02      1.0000E+00
      9.7475E-02      1.1134E+00      1.0857E+00      1.3167E+00      8.2728E-02      7.5873E+01      1.0823E+02      1.0000E+00
      1.4646E-01      1.3525E+00      1.1662E+00      1.5617E+00      1.0479E-01      6.0045E+01      1.1099E+02      1.0000E+00
      7.9787E-02      1.6262E+00      1.3311E+00      2.2050E+00      4.8435E-02      5.6632E+01      1.2494E+02      1.0000E+00
      4.4699E-02      1.1743E+00      1.0585E+00      1.2446E+00      4.1650E-02      7.4063E+01      1.0600E+02      1.0000E+00
      3.6150E-02      1.4632E+00      1.2752E+00      1.9765E+00      2.0837E-02      7.1162E+01      1.2241E+02      1.0000E+00
      2.8842E-02      1.4514E+00      1.1687E+00      1.7590E+00      2.2632E-02      6.8439E+01      1.0762E+02      1.0000E+00
      3.9565E-02      1.3660E+00      1.1402E+00      1.6796E+00      2.5084E-02      6.5767E+01      1.0988E+02      1.0000E+00
      4.8095E-02      1.2221E+00      1.0511E+00      1.3730E+00      3.8877E-02      7.4901E+01      1.0114E+02      1.0000E+00
      4.5527E-02      1.1785E+00      1.0677E+00      1.3401E+00      4.0960E-02      7.8894E+01      1.0629E+02      1.0000E+00
      7.7508E-02      1.4349E+00      1.2435E+00      2.0867E+00      4.1903E-02      6.7151E+01      1.2107E+02      1.0000E+00
      1.1314E-01      1.1882E+00      1.2251E+00      1.3323E+00      8.3088E-02      6.6672E+01      1.2397E+02      1.0000E+00
      1.1193E-01      1.1527E+00      1.0794E+00      1.3181E+00      8.3250E-02      8.0751E+01      1.1178E+02      1.0000E+00
      1.7387E-01      1.2534E+00      1.1161E+00      1.5936E+00      1.1965E-01      6.7454E+01      1.0323E+02      1.0000E+00
      2.0453E-01      1.2278E+00      1.1470E+00      1.4677E+00      1.6126E-01      6.3391E+01      1.1297E+02      1.0000E+00
      1.6763E-01      1.1963E+00      1.1302E+00      1.3145E+00      1.2423E-01      7.5242E+01      1.1765E+02      1.0000E+00
      2.2074E-01      1.2923E+00      1.1386E+00      1.6236E+00      1.2933E-01      6.9324E+01      1.1811E+02      1.0000E+00
      4.3486E-01      1.2038E+00      1.0492E+00      1.3990E+00      3.4992E-01      7.4111E+01      1.0232E+02      1.0000E+00
      7.0420E-01      1.1445E+00      1.0372E+00      1.3001E+00      5.7320E-01      7.5148E+01      9.6512E+01      1.0000E+00
      4.4720E-01      1.4802E+00      1.2011E+00      1.9564E+00      2.9141E-01      6.3995E+01      1.1848E+02      1.0000E+00
      3.4086E-01      1.1344E+00      1.0814E+00      1.3409E+00      2.9258E-01      7.7387E+01      1.0731E+02      1.0000E+00
      5.6211E-01      1.2947E+00      1.1106E+00      1.5900E+00      3.3765E-01      6.4252E+01      1.1131E+02      1.0000E+00
      6.9219E-01      1.2953E+00      1.1145E+00      1.5588E+00      5.0484E-01      6.4861E+01      1.0807E+02      1.0000E+00
      6.3034E-01      1.1811E+00      1.0443E+00      1.2618E+00      5.7435E-01      7.8404E+01      1.0170E+02      1.0000E+00
      7.2333E-01      1.1057E+00      1.0643E+00      1.2605E+00      6.3784E-01      7.7196E+01      1.0652E+02      1.0000E+00
      8.7125E-01      1.1218E+00      1.0355E+00      1.1908E+00      7.9654E-01      7.6099E+01      1.0111E+02      1.0000E+00
      6.1878E-01      1.2087E+00      1.0739E+00      1.4501E+00      4.2163E-01      7.3904E+01      1.1096E+02      1.0000E+00
      5.6779E-01      1.3422E+00      1.2028E+00      1.5083E+00      4.1579E-01      6.2715E+01      1.2258E+02      1.0000E+00
      7.2802E-01      1.2030E+00      1.0880E+00      1.5181E+00      5.2433E-01      7.0529E+01      1.0222E+02      1.0000E+00
      6.5057E-01      1.1338E+00      1.0428E+00      1.3441E+00      5.2947E-01      8.1327E+01      1.0324E+02      1.0000E+00
      7.8375E-01      1.1538E+00      1.0659E+00      1.4043E+00      6.1128E-01      7.3120E+01      9.9786E+01      1.0000E+00
      4.4020E-01      1.5573E+00      1.2118E+00      2.0540E+00      2.8535E-01      6.2473E+01      1.1818E+02      1.0000E+00
      3.2572E-01      1.1030E+00      1.0757E+00      1.2925E+00      2.8720E-01      7.5377E+01      1.0618E+02      1.0000E+00
      2.2281E-01      1.7875E+00      1.6799E+00      3.0293E+00      9.3057E-02      4.8470E+01      1.1947E+02      1.0000E+00
      5.5911E-01      1.4350E+00      1.3471E+00      2.4268E+00      3.0032E-01      6.4296E+01      1.1422E+02      1.0000E+00
      4.0659E-01      1.4385E+00      1.2753E+00      2.0646E+00      1.9213E-01      6.0223E+01      1.2329E+02      1.0000E+00
      2.1732E-01      1.2136E+00      1.1756E+00      1.4746E+00      1.4008E-01      7.8145E+01      1.2076E+02      1.0000E+00
      1.5386E-01      1.2687E+00      1.1078E+00      1.4723E+00      1.2413E-01      7.6185E+01      1.1147E+02      1.0000E+00
      1.4266E-01      1.3943E+00      1.1773E+00      1.5331E+00      1.1662E-01      6.3744E+01      1.1697E+02      1.0000E+00
      7.9433E-02      1.3275E+00      1.2169E+00      1.9404E+00      5.2499E-02      6.9054E+01      1.1328E+02      1.0000E+00
      5.5302E-02      1.2174E+00      1.1226E+00      1.4901E+00      4.5577E-02      6.8034E+01      1.0573E+02      1.0000E+00
      3.7987E-02      1.3193E+00      1.2141E+00      1.7199E+00      2.5383E-02      6.6886E+01      1.1987E+02      1.0000E+00
      3.1461E-02      1.1238E+00      1.0620E+00      1.3585E+00      2.4334E-02      8.1401E+01      1.0680E+02      1.0000E+00
      4.9818E-02      1.2708E+00      1.0834E+00      1.4693E+00      3.7062E-02      6.8999E+01      1.0107E+02      1.0000E+00
      3.8548E-02      1.5037E+00      1.3038E+00      1.7507E+00      2.7098E-02      5.4878E+01      1.2697E+02      1.0000E+00
      3.1853E-02      1.1613E+00      1.0271E+00      1.2929E+00      2.6404E-02      8.1456E+01      1.0154E+02      1.0000E+00
      4.8704E-02      1.2108E+00      1.0805E+00      1.4736E+00      3.6391E-02      7.0764E+01      9.9707E+01      1.0000E+00
      3.6831E-02      1.4201E+00      1.1714E+00      1.6210E+00      2.7100E-02      6.2660E+01      1.1412E+02      1.0000E+00
      3.3470E-02      1.3182E+00      1.1570E+00      1.4321E+00      2.6416E-02      6.1094E+01      1.1430E+02      1.0000E+00
      3.3353E-02      1.2999E+00      1.0980E+00      1.5321E+00      2.1681E-02      7.0018E+01      1.1162E+02      1.0000E+00
      1.5074E-02      1.2702E+00      1.0961E+00      1.6752E+00      1.0126E-02      7.1922E+01      1.0946E+02      1.0000E+00
      1.2627E-02      1.2509E+00      1.1680E+00      1.4933E+00      9.9504E-03      6.4371E+01      1.1691E+02      1.0000E+00
      1.2809E-02      1.2238E+00      1.0636E+00      1.4193E+00      9.0310E-03      7.0363E+01      1.0478E+02      1.0000E+00
      6.8380E-03      1.1761E+00      1.0748E+00      1.4808E+00      5.1776E-03      7.9296E+01      1.0656E+02      1.0000E+00
      7.0174E-03      1.3459E+00      1.2100E+00      1.6789E+00      5.0816E-03      6.2510E+01      1.1954E+02      1.0000E+00
      8.8661E-03      1.2281E+00      1.0738E+00      1.4528E+00      6.1427E-03      6.8771E+01      1.0454E+02      1.0000E+00
      4.3308E-03      1.2450E+00      1.0614E+00      1.4723E+00      3.1514E-03      7.6687E+01      1.0882E+02      1.0000E+00
      2.7228E-03      1.1273E+00      1.0701E+00      1.2921E+00      2.2454E-03      7.9296E+01      1.0892E+02      1.0000E+00
      2.0476E-03      1.2141E+00      1.1092E+00      1.4529E+00      1.6638E-03      7.8992E+01      1.1130E+02      1.0000E+00
      1.2187E-03      1.3136E+00      1.2336E+00      1.5696E+00      7.9202E-04      7.2497E+01      1.2454E+02      1.0000E+00
      4.9639E-04      1.4295E+00      1.4648E+00      1.9890E+00      2.0591E-04      6.5818E+01      1.3553E+02      1.0000E+00
      2.6325E-04      1.2284E+00      1.0640E+00      1.3934E+00      2.2634E-04      8.2765E+01      1.0125E+02      1.0000E+00
      5.5640E-04      1.7984E+00      1.5667E+00      2.7591E+00      2.6980E-04      5.3370E+01      1.3142E+02      1.0000E+00
      1.9865E-03      1.3561E+00      1.3941E+00      1.7786E+00      9.3198E-04      7.1041E+01      1.3322E+02      1.0000E+00
      1.8422E-03      1.4112E+00      1.2999E+00      1.3510E+00      1.6004E-03      5.0866E+01      1.2740E+02      1.0000E+00
      2.9319E-03      1.6678E+00      1.3099E+00      2.0543E+00      1.6870E-03      5.3530E+01      1.1529E+02      1.0000E+00
      5.6439E-03      1.3307E+00      1.1863E+00      1.4755E+00      4.3901E-03      5.8124E+01      1.1721E+02      1.0000E+00
      3.7291E-03      1.4064E+00      1.2103E+00      1.8919E+00      2.3391E-03      6.4326E+01      1.0874E+02      1.0000E+00
      4.1732E-03      1.3128E+00      1.2039E+00      1.8695E+00      2.2935E-03      6.5019E+01      1.1716E+02      1.0000E+00
      9.7300E-03      1.3694E+00      1.1176E+00      1.6301E+00      6.5278E-03      7.1870E+01      1.1255E+02      1.0000E+00
      1.1449E-02      1.2726E+00      1.1315E+00      1.3646E+00      9.4703E-03      6.3351E+01      1.1402E+02      1.0000E+00
      1.3028E-02      1.3469E+00      1.1345E+00      1.5474E+00      1.0150E-02      6.5705E+01      1.1482E+02      1.0000E+00
      2.1746E-02      1.1712E+00      1.0471E+00      1.3712E+00      1.8178E-02      7.6918E+01      1.0389E+02      1.0000E+00
      2.7407E-02      1.1807E+00      1.0570E+00      1.3039E+00      2.3733E-02      7.8398E+01      1.0696E+02      1.0000E+00
      3.2413E-02      1.1130E+00      1.0350E+00      1.2350E+00      3.1428E-02      8.0758E+01      9.8960E+01      1.0000E+00
      2.8793E-02      1.1899E+00      1.1024E+00      1.2820E+00      2.4092E-02      7.3164E+01      1.1420E+02      1.0000E+00
      3.7507E-02      1.5948E+00      1.2626E+00      1.9074E+00      2.3226E-02      6.2752E+01      1.2322E+02      1.0000E+00
      6.6114E-02      1.1694E+00      1.1117E+00      1.4376E+00      5.1901E-02      6.7718E+01      1.0665E+02      1.0000E+00
      6.5829E-02      1.0594E+00      1.0313E+00      1.1247E+00      5.8950E-02      8.0815E+01      1.0386E+02      1.0000E+00
      9.1318E-02      1.1641E+00      1.0258E+00      1.2999E+00      7.8721E-02      8.1237E+01      9.9582E+01      1.0000E+00
      1.3974E-01      1.0741E+00      1.0170E+00      1.1442E+00      1.2319E-01      8.6173E+01      1.0041E+02      1.0000E+00
      1.6189E-01      1.0864E+00      1.0117E+00      1.1944E+00      1.4172E-01      8.2562E+01      9.6797E+01      1.0000E+00
      1.7707E-01      1.1904E+00      1.1287E+00      1.5337E+00      1.3478E-01      6.8763E+01      1.0686E+02      1.0000E+00
      1.0822E-01      1.5225E+00      1.2405E+00      1.7943E+00      7.2128E-02      5.7010E+01      1.1699E+02      1.0000E+00
      9.4389E-02      1.3976E+00      1.1409E+00      1.6346E+00      6.6621E-02      6.4965E+01      1.0700E+02      1.0000E+00
      3.6603E-02      1.3100E+00      1.2168E+00      1.9655E+00      2.1132E-02      6.9319E+01      1.1624E+02      1.0000E+00
      4.9662E-02      1.0743E+00      1.0402E+00      1.2550E+00      4.3107E-02      8.1349E+01      1.0133E+02      1.0000E+00
      5.2415E-02      1.0387E+00      1.0127E+00      1.0707E+00      4.8784E-02      8.4839E+01      9.9067E+01      1.0000E+00
      4.3244E-02      1.1474E+00      1.1000E+00      1.3499E+00      3.4380E-02      7.3712E+01      1.1199E+02      1.0000E+00
      2.2277E-02      1.5008E+00      1.3780E+00      1.6869E+00      1.2735E-02      6.0224E+01      1.3321E+02      1.0000E+00
      1.4109E-02      1.1286E+00      1.0725E+00      1.2681E+00      1.2419E-02      7.1478E+01      1.0828E+02      1.0000E+00
      1.2460E-02      1.0866E+00      1.0565E+00      1.1533E+00      1.1047E-02      7.5677E+01      1.0833E+02      1.0000E+00
      1.0479E-02      1.1675E+00      1.0809E+00      1.2789E+00      8.7467E-03      7.2420E+01      1.1153E+02      1.0000E+00
      1.2044E-02      1.3086E+00      1.2435E+00      1.7772E+00      7.9143E-03      5.8261E+01      1.0981E+02      1.0000E+00
      1.1503E-02      1.3280E+00      1.1707E+00      1.7515E+00      7.0207E-03      6.1224E+01      1.0640E+02      1.0000E+00
      6.9989E-03      1.1333E+00      1.1464E+00      1.4090E+00      5.3747E-03      7.2651E+01      1.1419E+02      1.0000E+00
      9.5578E-03      1.3688E+00      1.1835E+00      1.9707E+00      5.8285E-03      6.6065E+01      1.1056E+02      1.0000E+00
      3.1004E-02      1.4271E+00      1.1708E+00      1.8717E+00      1.7981E-02      6.8511E+01      1.1943E+02      1.0000E+00
      6.1357E-02      1.1942E+00      1.0708E+00      1.2882E+00      5.1610E-02      7.2424E+01      1.1055E+02      1.0000E+00
      8.5957E-02      1.0912E+00      1.0394E+00      1.3047E+00      7.3312E-02      8.2008E+01      9.7769E+01      1.0000E+00
      1.3426E-01      1.1516E+00      1.0435E+00      1.3412E+00      1.2129E-01      8.5764E+01      9.6531E+01      1.0000E+00
      1.6247E-01      1.1341E+00      1.0337E+00      1.2911E+00      1.5480E-01      8.5488E+01      9.2337E+01      1.0000E+00
      1.5653E-01      1.1785E+00      1.0696E+00      1.4481E+00      1.3994E-01      8.4561E+01      9.8764E+01      1.0000E+00
      1.3347E-01      1.2989E+00      1.1106E+00      1.5582E+00      1.1882E-01      8.2079E+01      1.0099E+02      1.0000E+00
      1.4963E-01      1.3788E+00      1.1591E+00      1.7409E+00      1.0314E-01      6.7506E+01      1.0551E+02      1.0000E+00
      1.1867E-01      1.2200E+00      1.1699E+00      1.5076E+00      9.1111E-02      6.2404E+01      1.1232E+02      1.0000E+00
      1.3775E-01      1.4345E+00      1.1258E+00      1.9101E+00      9.0101E-02      6.7659E+01      1.1012E+02      1.0000E+00
      1.8954E-01      1.2231E+00      1.1494E+00      1.2795E+00      1.5178E-01      6.6865E+01      1.1932E+02      1.0000E+00
      1.8236E-01      1.2408E+00      1.1241E+00      1.2730E+00      1.5395E-01      6.5814E+01      1.1699E+02      1.0000E+00
      1.3743E-01      1.4268E+00      1.1316E+00      1.8388E+00      9.5941E-02      6.8114E+01      1.1115E+02      1.0000E+00
      1.2060E-01      1.1997E+00      1.1446E+00      1.4539E+00      9.6773E-02      6.5317E+01      1.1257E+02      1.0000E+00
      1.3332E-01      1.1572E+00      1.1571E+00      1.2050E+00      1.1411E-01      6.4884E+01      1.1923E+02      1.0000E+00
      1.7425E-01      1.2334E+00      1.1055E+00      1.5035E+00      1.1640E-01      7.5861E+01      1.1440E+02      1.0000E+00
      9.5139E-02      1.7678E+00      1.3239E+00      2.3661E+00      4.8080E-02      5.6656E+01      1.2368E+02      1.0000E+00
      4.8170E-02      1.1793E+00      1.0788E+00      1.2558E+00      4.5585E-02      6.9925E+01      1.0806E+02      1.0000E+00
      4.7686E-02      1.3205E+00      1.1180E+00      1.4153E+00      3.8742E-02      6.9072E+01      1.1225E+02      1.0000E+00
      2.9257E-02      1.2567E+00      1.2100E+00      1.7850E+00      2.0083E-02      6.6041E+01      1.0879E+02      1.0000E+00
      2.7081E-02      1.2174E+00      1.1920E+00      1.6660E+00      2.0054E-02      6.7165E+01      1.0809E+02      1.0000E+00
      2.7930E-02      1.1592E+00      1.1419E+00      1.4669E+00      2.2454E-02      6.8582E+01      1.0982E+02      1.0000E+00
      2.9251E-02      1.2189E+00      1.1714E+00      1.5729E+00      2.2529E-02      6.6154E+01      1.1266E+02      1.0000E+00
      2.8834E-02      1.2187E+00      1.1183E+00      1.5770E+00      2.1626E-02      6.9777E+01      1.0645E+02      1.0000E+00
      2.7190E-02      1.2665E+00      1.2070E+00      1.5537E+00      2.0394E-02      5.8746E+01      1.1511E+02      1.0000E+00
      2.0640E-02      1.4635E+00      1.3548E+00      1.9122E+00      1.2755E-02      5.8535E+01      1.2762E+02      1.0000E+00
      1.3654E-02      1.0818E+00      1.0161E+00      1.2017E+00      1.2344E-02      8.3059E+01      9.7433E+01      1.0000E+00
      1.0943E-02      1.2351E+00      1.1445E+00      1.4427E+00      8.6078E-03      6.6648E+01      1.1628E+02      1.0000E+00
      1.0474E-02      1.2899E+00      1.1005E+00      1.4815E+00      8.3098E-03      6.8939E+01      1.1222E+02      1.0000E+00
      1.0120E-02      1.3189E+00      1.1250E+00      1.4897E+00      8.0541E-03      6.5759E+01      1.1329E+02      1.0000E+00
      9.7861E-03      1.3548E+00      1.1612E+00      1.4921E+00      7.6381E-03      6.1836E+01      1.1529E+02      1.0000E+00
      1.1307E-02      1.2366E+00      1.0879E+00      1.5158E+00      7.8134E-03      7.2133E+01      1.0809E+02      1.0000E+00
      6.9676E-03      1.1570E+00      1.0264E+00      1.3154E+00      5.9157E-03      7.8963E+01      9.9285E+01      1.0000E+00
      8.9624E-03      1.6002E+00      1.3731E+00      1.9388E+00      6.0842E-03      5.1262E+01      1.2850E+02      1.0000E+00
      1.3752E-02      1.2322E+00      1.1088E+00      1.4970E+00      1.0888E-02      6.7051E+01      1.0250E+02      1.0000E+00
      1.2141E-02      1.0476E+00      1.0141E+00      1.1219E+00      1.1397E-02      8.1734E+01      9.7779E+01      1.0000E+00
      9.3444E-03      1.2399E+00      1.1217E+00      1.4390E+00      6.6810E-03      7.7639E+01      1.1630E+02      1.0000E+00
      1.1841E-02      1.3692E+00      1.1461E+00      1.7709E+00      6.7963E-03      6.7391E+01      1.1822E+02      1.0000E+00
      3.1377E-02      1.4246E+00      1.1331E+00      1.6932E+00      2.1573E-02      6.7318E+01      1.0745E+02      1.0000E+00
      3.5308E-02      1.3628E+00      1.1924E+00      1.5196E+00      2.7932E-02      5.8980E+01      1.2063E+02      1.0000E+00
      3.4110E-02      1.2700E+00      1.0865E+00      1.4288E+00      2.8025E-02      7.0647E+01      1.0913E+02      1.0000E+00
      3.3801E-02      1.2857E+00      1.1161E+00      1.4657E+00      2.6970E-02      6.5507E+01      1.1271E+02      1.0000E+00
      3.5133E-02      1.3964E+00      1.1639E+00      1.6106E+00      2.6103E-02      6.2593E+01      1.1455E+02      1.0000E+00
      4.9217E-02      1.1759E+00      1.0906E+00      1.4489E+00      3.7443E-02      6.9260E+01      1.0256E+02      1.0000E+00
      4.2525E-02      1.0516E+00      1.0102E+00      1.0996E+00      3.9600E-02      8.1911E+01      9.4174E+01      1.0000E+00
      3.2649E-02      1.1948E+00      1.0826E+00      1.3865E+00      2.3834E-02      8.0857E+01      1.1206E+02      1.0000E+00
      3.4659E-02      1.2561E+00      1.2046E+00      1.4783E+00      2.3924E-02      6.8178E+01      1.2247E+02      1.0000E+00
      3.4513E-02      1.2479E+00      1.1322E+00      1.5512E+00      2.6046E-02      6.9517E+01      1.1345E+02      1.0000E+00
      3.2737E-02      1.2167E+00      1.1349E+00      1.4694E+00      2.6073E-02      6.7633E+01      1.1367E+02      1.0000E+00
      3.1315E-02      1.2425E+00      1.1419E+00      1.5745E+00      2.4258E-02      6.7969E+01      1.1226E+02      1.0000E+00
      3.0038E-02      1.2042E+00      1.1412E+00      1.4929E+00      2.4008E-02      6.7299E+01      1.1222E+02      1.0000E+00
      2.9299E-02      1.2180E+00      1.1432E+00      1.5467E+00      2.2811E-02      6.7676E+01      1.1127E+02      1.0000E+00
      2.9424E-02      1.2369E+00      1.1475E+00      1.5721E+00      2.2582E-02      6.6796E+01      1.1165E+02      1.0000E+00
      3.1922E-02      1.1796E+00      1.0752E+00      1.3787E+00      2.5890E-02      6.9688E+01      1.0606E+02      1.0000E+00
      3.6156E-02      1.4032E+00      1.2011E+00      1.7014E+00      2.5874E-02      5.8371E+01      1.1804E+02      1.0000E+00
      3.6262E-02      1.3984E+00      1.1922E+00      1.5520E+00      2.6789E-02      6.1534E+01      1.2202E+02      1.0000E+00
      3.5703E-02      1.3039E+00      1.0948E+00      1.4674E+00      2.6978E-02      7.4261E+01      1.1094E+02      1.0000E+00
      4.6574E-02      1.1406E+00      1.0561E+00      1.1652E+00      4.2983E-02      7.2282E+01      1.0730E+02      1.0000E+00
      6.7698E-02      1.5445E+00      1.2495E+00      1.8345E+00      4.3852E-02      6.0216E+01      1.2460E+02      1.0000E+00
      1.0547E-01      1.2087E+00      1.1153E+00      1.4008E+00      8.6059E-02      6.5598E+01      1.1174E+02      1.0000E+00
      1.1628E-01      1.2306E+00      1.1460E+00      1.4988E+00      9.1905E-02      6.6665E+01      1.1430E+02      1.0000E+00
      1.1257E-01      1.2462E+00      1.1507E+00      1.6453E+00      8.5032E-02      6.8934E+01      1.1096E+02      1.0000E+00
      1.0086E-01      1.1897E+00      1.1574E+00      1.4778E+00      8.2948E-02      6.6878E+01      1.1144E+02      1.0000E+00
      9.5259E-02      1.2353E+00      1.1972E+00      1.6565E+00      7.1809E-02      6.5700E+01      1.0927E+02      1.0000E+00
      1.0683E-01      1.3863E+00      1.1828E+00      1.9623E+00      6.7341E-02      6.5423E+01      1.0853E+02      1.0000E+00
      1.8373E-01      1.2177E+00      1.1178E+00      1.3987E+00      1.4652E-01      6.8857E+01      1.1449E+02      1.0000E+00
      1.9401E-01      1.0428E+00      1.0074E+00      1.0824E+00      1.8181E-01      8.5654E+01      9.6870E+01      1.0000E+00
      1.8229E-01      1.0655E+00      1.0195E+00      1.1735E+00      1.6096E-01      8.4738E+01      1.0000E+02      1.0000E+00
      1.2160E-01      1.1893E+00      1.1609E+00      1.4535E+00      8.6402E-02      7.5769E+01      1.1799E+02      1.0000E+00
      5.8072E-02      1.2527E+00      1.3039E+00      1.5723E+00      3.4906E-02      7.2330E+01      1.2780E+02      1.0000E+00
      4.6181E-02      1.4526E+00      1.2537E+00      1.5926E+00      3.4351E-02      5.4506E+01      1.2154E+02      1.0000E+00
      5.1725E-02      1.2551E+00      1.1397E+00      1.6356E+00      3.8391E-02      7.0094E+01      1.1171E+02      1.0000E+00
      6.7287E-02      1.2785E+00      1.1027E+00      1.5425E+00      4.5916E-02      7.4238E+01      1.1182E+02      1.0000E+00
      1.3107E-01      1.2539E+00      1.1181E+00      1.6401E+00      8.3384E-02      6.7777E+01      1.0979E+02      1.0000E+00
      1.1012E-01      1.3515E+00      1.1651E+00      1.6260E+00      7.8598E-02      6.0092E+01      1.1301E+02      1.0000E+00
      1.1753E-01      1.2300E+00      1.1271E+00      1.5511E+00      8.9910E-02      6.7673E+01      1.0950E+02      1.0000E+00
      1.2786E-01      1.1953E+00      1.2298E+00      1.4845E+00      9.5618E-02      6.5270E+01      1.2018E+02      1.0000E+00
      1.5239E-01      1.2955E+00      1.1743E+00      1.7687E+00      9.8221E-02      6.3721E+01      1.0460E+02      1.0000E+00
      3.6005E-01      1.3239E+00      1.1267E+00      1.5744E+00      2.7130E-01      6.7231E+01      1.1493E+02      1.0000E+00
      7.0249E-01      1.2162E+00      1.0641E+00      1.4276E+00      5.3938E-01      7.3339E+01      1.0050E+02      1.0000E+00
      5.5269E-01      1.4026E+00      1.1710E+00      1.6204E+00      4.1030E-01      6.1896E+01      1.1549E+02      1.0000E+00
      5.7576E-01      1.4088E+00      1.1402E+00      1.6717E+00      4.2520E-01      6.7198E+01      1.1167E+02      1.0000E+00
      6.2458E-01      1.3511E+00      1.1749E+00      1.6394E+00      4.0108E-01      7.0476E+01      1.2066E+02      1.0000E+00
      4.7418E-01      1.0976E+00      1.0806E+00      1.1730E+00      3.9548E-01      7.6176E+01      1.1204E+02      1.0000E+00
      7.2413E-01      1.2747E+00      1.0978E+00      1.5506E+00      4.9083E-01      6.8467E+01      1.0631E+02      1.0000E+00
      6.7638E-01      1.3324E+00      1.1377E+00      1.4783E+00      5.3104E-01      6.5313E+01      1.1652E+02      1.0000E+00
      6.2855E-01      1.2332E+00      1.1080E+00      1.3224E+00      5.2927E-01      6.6877E+01      1.1472E+02      1.0000E+00
      5.0223E-01      1.3838E+00      1.1687E+00      1.7177E+00      3.3797E-01      6.7321E+01      1.1872E+02      1.0000E+00
      4.1801E-01      1.1383E+00      1.0728E+00      1.3117E+00      3.3436E-01      7.7061E+01      1.0970E+02      1.0000E+00
      6.7470E-01      1.2447E+00      1.0874E+00      1.5094E+00      4.7240E-01      6.8574E+01      1.0343E+02      1.0000E+00
      5.7416E-01      1.3718E+00      1.1631E+00      1.5430E+00      4.4457E-01      6.2265E+01      1.1368E+02      1.0000E+00
      5.7408E-01      1.3813E+00      1.1788E+00      1.5395E+00      4.4653E-01      6.0684E+01      1.1572E+02      1.0000E+00
      6.2568E-01      1.2989E+00      1.1395E+00      1.6855E+00      4.2623E-01      7.0867E+01      1.0796E+02      1.0000E+00
      3.6735E-01      1.2495E+00      1.0744E+00      1.3715E+00      2.9174E-01      7.7834E+01      1.0813E+02      1.0000E+00
      2.0942E-01      1.2473E+00      1.0784E+00      1.3774E+00      1.6700E-01      7.3036E+01      1.1100E+02      1.0000E+00
      9.1268E-02      1.3885E+00      1.1408E+00      1.6368E+00      6.6074E-02      6.5047E+01      1.1087E+02      1.0000E+00
      3.9376E-02      1.2858E+00      1.1188E+00      1.6504E+00      2.5391E-02      6.4857E+01      1.0603E+02      1.0000E+00
      3.3761E-02      1.2391E+00      1.2233E+00      1.4570E+00      2.4514E-02      6.5100E+01      1.2269E+02      1.0000E+00
      3.1563E-02      1.2647E+00      1.1148E+00      1.5470E+00      2.4224E-02      6.7079E+01      1.1044E+02      1.0000E+00
      2.8950E-02      1.3943E+00      1.1936E+00      1.6021E+00      2.0810E-02      5.8321E+01      1.1481E+02      1.0000E+00
      4.4969E-01      1.0330E+00      1.0032E+00      1.0507E+00      4.3361E-01      8.6645E+01      9.4551E+01      1.0000E+00
      4.8918E-01      1.0599E+00      1.0083E+00      1.1251E+00      4.8191E-01      8.6481E+01      9.2998E+01      1.0000E+00
      4.8900E-01      1.1397E+00      1.0625E+00      1.2670E+00      3.8897E-01      7.9344E+01      1.0946E+02      1.0000E+00
      1.2061E-01      1.0522E+00      1.0113E+00      1.1236E+00      1.1340E-01      8.2972E+01      9.7201E+01      1.0000E+00
      3.2251E-02      1.0382E+00      1.0058E+00      1.0617E+00      3.1277E-02      8.4238E+01      9.5786E+01      1.0000E+00
      1.1354E-01      1.0386E+00      1.0075E+00      1.0534E+00      1.1015E-01      8.3441E+01      9.6956E+01      1.0000E+00
