  
 ------------------------
 2D Mesh Quality Measures
 ------------------------
  
Signed Area     Aspect Ratio    Condition       Edge Ratio      Jacobian        Minimum Angle   Maximum Angle   Area Sign       
      7.1879E-01      1.2227E+00      1.0848E+00      1.3247E+00      6.4727E-01      7.0341E+01      1.0840E+02      1.0000E+00
      5.5790E-01      1.1547E+00      1.0597E+00      1.2031E+00      4.9115E-01      7.3245E+01      1.0919E+02      1.0000E+00
      3.9398E-01      1.3324E+00      1.4320E+00      1.6030E+00      2.2474E-01      6.2887E+01      1.3415E+02      1.0000E+00
      6.6755E-01      1.1399E+00      1.0316E+00      1.2238E+00      6.3488E-01      8.0561E+01      9.9316E+01      1.0000E+00
      6.2555E-01      1.0694E+00      1.0082E+00      1.1185E+00      6.1378E-01      8.6323E+01      9.3691E+01      1.0000E+00
      5.9930E-01      1.0314E+00      1.0019E+00      1.0571E+00      5.9451E-01      8.8386E+01      9.1780E+01      1.0000E+00
      5.9110E-01      1.0135E+00      1.0007E+00      1.0291E+00      5.8672E-01      8.8333E+01      9.1385E+01      1.0000E+00
      6.0085E-01      1.0890E+00      1.0172E+00      1.1397E+00      5.6772E-01      8.2509E+01      9.9146E+01      1.0000E+00
      6.0341E-01      1.0482E+00      1.0045E+00      1.0800E+00      5.9386E-01      8.6707E+01      9.3251E+01      1.0000E+00
      6.3185E-01      1.0728E+00      1.0076E+00      1.1302E+00      5.8609E-01      8.5491E+01      9.3900E+01      1.0000E+00
      5.8230E-01      1.0340E+00      1.0023E+00      1.0530E+00      5.7090E-01      8.7116E+01      9.2590E+01      1.0000E+00
      5.8715E-01      1.0285E+00      1.0015E+00      1.0460E+00      5.7998E-01      8.8153E+01      9.1961E+01      1.0000E+00
      5.8707E-01      1.0169E+00      1.0006E+00      1.0327E+00      5.7718E-01      8.9093E+01      9.1805E+01      1.0000E+00
      5.6871E-01      1.0218E+00      1.0007E+00      1.0317E+00      5.6054E-01      8.8529E+01      9.1328E+01      1.0000E+00
      5.5564E-01      1.0272E+00      1.0010E+00      1.0516E+00      5.3968E-01      8.8216E+01      9.2189E+01      1.0000E+00
      5.8313E-01      1.0112E+00      1.0004E+00      1.0209E+00      5.7582E-01      8.9173E+01      9.1464E+01      1.0000E+00
      5.5161E-01      1.0185E+00      1.0010E+00      1.0474E+00      5.3653E-01      8.8519E+01      9.1961E+01      1.0000E+00
      5.2350E-01      1.0257E+00      1.0009E+00      1.0404E+00      5.1134E-01      8.8831E+01      9.1513E+01      1.0000E+00
      5.3522E-01      1.0175E+00      1.0009E+00      1.0437E+00      5.2137E-01      8.8876E+01      9.1828E+01      1.0000E+00
      6.5292E-01      1.0576E+00      1.0126E+00      1.1128E+00      5.9136E-01      8.0969E+01      9.3678E+01      1.0000E+00
      5.5490E-01      1.1482E+00      1.0497E+00      1.3295E+00      4.7427E-01      7.5502E+01      1.0398E+02      1.0000E+00
      5.5634E-01      1.1527E+00      1.0498E+00      1.3293E+00      4.7570E-01      7.5247E+01      1.0428E+02      1.0000E+00
      4.2186E-01      1.1064E+00      1.0129E+00      1.1539E+00      3.8721E-01      8.5781E+01      9.5621E+01      1.0000E+00
      5.0608E-01      1.1060E+00      1.0344E+00      1.2595E+00      4.4006E-01      7.9662E+01      1.0205E+02      1.0000E+00
      5.6150E-01      1.0127E+00      1.0004E+00      1.0284E+00      5.5360E-01      8.9387E+01      9.0994E+01      1.0000E+00
      5.6446E-01      1.0069E+00      1.0001E+00      1.0131E+00      5.6124E-01      8.9520E+01      9.0197E+01      1.0000E+00
      5.7154E-01      1.0396E+00      1.0030E+00      1.0573E+00      5.5362E-01      8.6918E+01      9.3733E+01      1.0000E+00
      6.1153E-01      1.0677E+00      1.0068E+00      1.1079E+00      5.9135E-01      8.6102E+01      9.3559E+01      1.0000E+00
      5.9529E-01      1.0411E+00      1.0056E+00      1.0762E+00      5.6572E-01      8.4109E+01      9.3318E+01      1.0000E+00
      5.8312E-01      1.0640E+00      1.0051E+00      1.0932E+00      5.6111E-01      8.7271E+01      9.2986E+01      1.0000E+00
      3.9203E-01      1.3528E+00      1.6926E+00      1.5445E+00      1.5953E-01      7.0094E+01      1.4379E+02      1.0000E+00
      7.4634E-01      1.1624E+00      1.0347E+00      1.2449E+00      6.3518E-01      8.1788E+01      1.0278E+02      1.0000E+00
      4.6394E-01      1.0960E+00      1.0319E+00      1.2210E+00      3.7994E-01      8.3171E+01      1.0392E+02      1.0000E+00
      7.1975E-01      1.5296E+00      1.3844E+00      2.0025E+00      4.6174E-01      5.1336E+01      1.2453E+02      1.0000E+00
      8.5489E-01      1.6634E+00      1.4854E+00      2.2292E+00      4.9475E-01      5.1901E+01      1.3154E+02      1.0000E+00
      6.3056E-01      1.0511E+00      1.0046E+00      1.1003E+00      6.1680E-01      8.7818E+01      9.1151E+01      1.0000E+00
      6.2774E-01      1.0274E+00      1.0019E+00      1.0635E+00      6.1832E-01      8.8979E+01      9.1439E+01      1.0000E+00
      6.5418E-01      1.0398E+00      1.0075E+00      1.0893E+00      6.2272E-01      8.3080E+01      9.4950E+01      1.0000E+00
      6.4456E-01      1.0478E+00      1.0098E+00      1.1027E+00      6.1539E-01      8.5080E+01      9.6995E+01      1.0000E+00
      7.6794E-01      1.4657E+00      1.2843E+00      1.8703E+00      5.0305E-01      5.3703E+01      1.1958E+02      1.0000E+00
      5.4909E-01      1.1531E+00      1.0663E+00      1.2988E+00      4.3700E-01      7.7824E+01      1.0968E+02      1.0000E+00
      1.0657E+00      1.6314E+00      1.4212E+00      2.2266E+00      5.6762E-01      5.7363E+01      1.3074E+02      1.0000E+00
      7.9176E-01      1.0942E+00      1.0252E+00      1.1777E+00      6.9605E-01      7.7404E+01      9.7607E+01      1.0000E+00
      8.9566E-01      1.1581E+00      1.0831E+00      1.3440E+00      7.5289E-01      7.0027E+01      1.0808E+02      1.0000E+00
      1.1361E+00      1.1326E+00      1.0378E+00      1.2361E+00      1.0023E+00      7.5314E+01      1.0311E+02      1.0000E+00
      5.6383E-01      1.0866E+00      1.0104E+00      1.1466E+00      5.2847E-01      8.3857E+01      9.4184E+01      1.0000E+00
      5.1399E-01      1.0389E+00      1.0060E+00      1.1010E+00      4.8706E-01      8.5240E+01      9.2985E+01      1.0000E+00
      5.2878E-01      1.0123E+00      1.0012E+00      1.0260E+00      5.1637E-01      8.8379E+01      9.2811E+01      1.0000E+00
      5.4923E-01      1.0052E+00      1.0002E+00      1.0130E+00      5.4657E-01      8.9254E+01      9.0868E+01      1.0000E+00
      5.0402E-01      1.5046E+00      1.2610E+00      1.8338E+00      3.0200E-01      6.3149E+01      1.2625E+02      1.0000E+00
      3.7392E-01      1.1314E+00      1.0808E+00      1.2325E+00      2.8673E-01      8.0759E+01      1.1229E+02      1.0000E+00
      5.1294E-01      1.4500E+00      1.1934E+00      1.8090E+00      3.1765E-01      6.7436E+01      1.2146E+02      1.0000E+00
      5.1348E-01      1.0311E+00      1.0043E+00      1.0791E+00      4.9076E-01      8.5384E+01      9.3047E+01      1.0000E+00
      5.4468E-01      1.0172E+00      1.0007E+00      1.0301E+00      5.4160E-01      8.8608E+01      9.1296E+01      1.0000E+00
      5.7152E-01      1.0742E+00      1.0106E+00      1.1062E+00      5.4088E-01      8.3046E+01      9.6134E+01      1.0000E+00
      5.5250E-01      1.0257E+00      1.0030E+00      1.0681E+00      5.3462E-01      8.7655E+01      9.3317E+01      1.0000E+00
      5.5341E-01      1.0053E+00      1.0001E+00      1.0097E+00      5.5275E-01      8.9747E+01      9.0231E+01      1.0000E+00
      5.5243E-01      1.0052E+00      1.0000E+00      1.0088E+00      5.5147E-01      8.9902E+01      9.0105E+01      1.0000E+00
      5.5248E-01      1.0023E+00      1.0000E+00      1.0058E+00      5.5165E-01      8.9822E+01      9.0160E+01      1.0000E+00
      5.5196E-01      1.0043E+00      1.0001E+00      1.0084E+00      5.4951E-01      8.9470E+01      9.0558E+01      1.0000E+00
      5.3968E-01      1.0160E+00      1.0006E+00      1.0344E+00      5.3458E-01      8.9218E+01      9.0359E+01      1.0000E+00
      5.3299E-01      1.0200E+00      1.0006E+00      1.0336E+00      5.2877E-01      8.9507E+01      9.0579E+01      1.0000E+00
      5.0843E-01      1.0397E+00      1.0040E+00      1.0934E+00      4.8857E-01      8.7947E+01      9.2359E+01      1.0000E+00
      4.8506E-01      1.0546E+00      1.0042E+00      1.0915E+00      4.7279E-01      8.8414E+01      9.2018E+01      1.0000E+00
      5.3800E-01      1.0155E+00      1.0006E+00      1.0338E+00      5.3213E-01      8.9111E+01      9.0412E+01      1.0000E+00
      5.5271E-01      1.0134E+00      1.0005E+00      1.0314E+00      5.4480E-01      8.9175E+01      9.1394E+01      1.0000E+00
      5.0014E-01      1.0451E+00      1.0045E+00      1.0984E+00      4.8142E-01      8.7495E+01      9.1747E+01      1.0000E+00
      5.4811E-01      1.0257E+00      1.0035E+00      1.0795E+00      5.2906E-01      8.7782E+01      9.2713E+01      1.0000E+00
      5.4239E-01      1.0097E+00      1.0006E+00      1.0252E+00      5.3266E-01      8.8003E+01      9.1350E+01      1.0000E+00
      5.0823E-01      1.0311E+00      1.0047E+00      1.0712E+00      4.8260E-01      8.4445E+01      9.3254E+01      1.0000E+00
      4.4595E-01      1.3129E+00      1.1332E+00      1.7118E+00      3.0342E-01      7.2597E+01      1.1369E+02      1.0000E+00
      5.6802E-01      1.0240E+00      1.0012E+00      1.0377E+00      5.5269E-01      8.8170E+01      9.2773E+01      1.0000E+00
      5.8497E-01      1.0405E+00      1.0054E+00      1.0887E+00      5.4959E-01      8.6435E+01      9.5573E+01      1.0000E+00
      5.9766E-01      1.0389E+00      1.0034E+00      1.0739E+00      5.7508E-01      8.7641E+01      9.4287E+01      1.0000E+00
      6.4761E-01      1.0496E+00      1.0055E+00      1.0919E+00      6.1131E-01      8.7028E+01      9.5769E+01      1.0000E+00
      6.1255E-01      1.2086E+00      1.1152E+00      1.4286E+00      5.0222E-01      6.5708E+01      1.0738E+02      1.0000E+00
      1.1824E+00      1.6275E+00      1.5623E+00      1.7787E+00      6.3750E-01      5.2874E+01      1.3969E+02      1.0000E+00
      8.0226E-01      1.3861E+00      1.2258E+00      1.8509E+00      5.1789E-01      5.8330E+01      1.1292E+02      1.0000E+00
      2.2588E+00      1.1086E+00      1.0441E+00      1.1649E+00      2.1476E+00      7.4072E+01      1.0330E+02      1.0000E+00
      7.3313E-01      1.5943E+00      1.3873E+00      2.5361E+00      4.0871E-01      5.8982E+01      1.1987E+02      1.0000E+00
      7.4729E-01      1.5860E+00      1.4244E+00      2.4543E+00      3.9652E-01      5.3704E+01      1.1865E+02      1.0000E+00
      9.6609E-01      1.6996E+00      1.5697E+00      2.2477E+00      5.0503E-01      5.1796E+01      1.3596E+02      1.0000E+00
      4.6348E-01      1.2039E+00      1.0749E+00      1.5385E+00      3.5019E-01      7.8271E+01      1.0539E+02      1.0000E+00
      1.0392E-01      1.4039E+00      1.2821E+00      1.9623E+00      6.4152E-02      6.4210E+01      1.2184E+02      1.0000E+00
      9.4102E-02      1.3662E+00      1.1924E+00      1.8901E+00      5.7481E-02      7.1599E+01      1.1772E+02      1.0000E+00
      3.4745E-01      1.5437E+00      1.4378E+00      1.8206E+00      1.9398E-01      5.7121E+01      1.3475E+02      1.0000E+00
      1.6968E-01      1.1645E+00      1.0831E+00      1.3573E+00      1.4530E-01      7.0216E+01      1.0483E+02      1.0000E+00
      2.5423E-01      1.4796E+00      1.3143E+00      2.0504E+00      1.6240E-01      5.7003E+01      1.2042E+02      1.0000E+00
      2.0834E-01      1.2825E+00      1.0903E+00      1.4142E+00      1.6116E-01      7.6610E+01      1.0967E+02      1.0000E+00
      1.9094E-01      1.3502E+00      1.1697E+00      1.7317E+00      1.3107E-01      7.6029E+01      1.1348E+02      1.0000E+00
      1.6774E-01      1.1678E+00      1.0854E+00      1.2953E+00      1.2514E-01      8.0369E+01      1.1285E+02      1.0000E+00
      6.5643E-02      1.3498E+00      1.3958E+00      2.0668E+00      3.9724E-02      6.3070E+01      1.2227E+02      1.0000E+00
      6.3147E-02      1.5860E+00      1.5517E+00      2.1595E+00      3.6922E-02      5.1451E+01      1.3265E+02      1.0000E+00
      3.7362E-02      1.2146E+00      1.0670E+00      1.4391E+00      2.6824E-02      7.2238E+01      1.0508E+02      1.0000E+00
      1.0086E-01      1.4507E+00      1.2483E+00      2.0930E+00      4.8009E-02      5.7621E+01      1.2020E+02      1.0000E+00
      1.1096E-01      1.4830E+00      1.2490E+00      2.1715E+00      5.2367E-02      6.0272E+01      1.2361E+02      1.0000E+00
      9.2629E-02      1.3233E+00      1.4221E+00      2.2808E+00      4.6708E-02      6.8973E+01      1.2163E+02      1.0000E+00
      7.1409E-02      1.7756E+00      1.6555E+00      2.1457E+00      4.3437E-02      4.4305E+01      1.3760E+02      1.0000E+00
      3.9354E-02      1.2076E+00      1.0599E+00      1.3963E+00      3.3415E-02      8.2583E+01      1.0077E+02      1.0000E+00
      9.3156E-02      1.5194E+00      1.3941E+00      2.5817E+00      4.0817E-02      5.9707E+01      1.2474E+02      1.0000E+00
      3.7293E-02      1.2473E+00      1.0828E+00      1.3923E+00      3.0326E-02      7.7056E+01      1.0902E+02      1.0000E+00
      5.7512E-02      1.6446E+00      1.3884E+00      1.9382E+00      3.6761E-02      4.7600E+01      1.2625E+02      1.0000E+00
      5.4671E-02      1.2015E+00      1.0583E+00      1.3858E+00      4.7289E-02      7.4566E+01      9.9638E+01      1.0000E+00
      4.2729E-02      1.1486E+00      1.0331E+00      1.2348E+00      4.0403E-02      8.1255E+01      9.9018E+01      1.0000E+00
      3.9611E-02      1.1721E+00      1.0378E+00      1.3004E+00      3.3234E-02      8.1438E+01      1.0059E+02      1.0000E+00
      3.9506E-02      1.1777E+00      1.0562E+00      1.2205E+00      3.4892E-02      7.4240E+01      1.0731E+02      1.0000E+00
      4.0279E-02      1.0933E+00      1.0134E+00      1.1722E+00      3.9701E-02      8.7800E+01      9.2258E+01      1.0000E+00
      4.3153E-02      1.1104E+00      1.0189E+00      1.2108E+00      4.1526E-02      8.4868E+01      9.3781E+01      1.0000E+00
      3.8075E-02      1.1972E+00      1.0549E+00      1.2864E+00      3.2966E-02      7.4947E+01      1.0589E+02      1.0000E+00
      3.6339E-02      1.1537E+00      1.0313E+00      1.2304E+00      3.1273E-02      8.2120E+01      1.0203E+02      1.0000E+00
      9.8987E-02      1.5900E+00      1.3634E+00      2.5106E+00      4.2386E-02      5.8129E+01      1.2732E+02      1.0000E+00
      5.8193E-02      1.6186E+00      1.3461E+00      1.9337E+00      3.7355E-02      5.0050E+01      1.2440E+02      1.0000E+00
      3.9485E-02      1.1878E+00      1.0574E+00      1.2389E+00      3.3680E-02      7.5357E+01      1.0827E+02      1.0000E+00
      1.1382E-01      1.4932E+00      1.6319E+00      2.5209E+00      5.1855E-02      6.2110E+01      1.3154E+02      1.0000E+00
      4.3119E-02      1.1270E+00      1.0231E+00      1.2291E+00      3.9104E-02      8.5695E+01      9.6788E+01      1.0000E+00
      8.9890E-02      1.6766E+00      1.5581E+00      2.2320E+00      5.5171E-02      4.7498E+01      1.3167E+02      1.0000E+00
      4.4478E-02      1.0920E+00      1.0119E+00      1.1647E+00      4.3284E-02      8.8169E+01      9.1548E+01      1.0000E+00
      4.2185E-02      1.0696E+00      1.0078E+00      1.1304E+00      3.9839E-02      8.7245E+01      9.3712E+01      1.0000E+00
      4.3057E-02      1.0567E+00      1.0096E+00      1.1092E+00      4.0295E-02      8.2357E+01      9.4135E+01      1.0000E+00
      4.2253E-02      1.0272E+00      1.0009E+00      1.0392E+00      4.1408E-02      8.8405E+01      9.1505E+01      1.0000E+00
      3.5736E-02      1.0988E+00      1.0678E+00      1.2642E+00      2.9809E-02      7.7862E+01      1.0817E+02      1.0000E+00
      7.1280E-02      1.6623E+00      1.4258E+00      2.1590E+00      3.7256E-02      5.7015E+01      1.3268E+02      1.0000E+00
      5.0189E-02      1.4461E+00      1.2793E+00      1.9015E+00      3.3035E-02      5.5953E+01      1.1915E+02      1.0000E+00
      2.0121E-01      1.7329E+00      1.5716E+00      2.5591E+00      1.0113E-01      4.5517E+01      1.2423E+02      1.0000E+00
      2.6469E-01      1.6604E+00      1.6719E+00      2.4146E+00      1.3732E-01      5.0899E+01      1.3513E+02      1.0000E+00
      1.2477E-01      1.2620E+00      1.0920E+00      1.5743E+00      8.9850E-02      6.8376E+01      1.0410E+02      1.0000E+00
      6.3462E-02      1.5385E+00      1.4839E+00      2.1683E+00      3.8665E-02      5.3386E+01      1.2861E+02      1.0000E+00
      6.7952E-02      1.5169E+00      1.5080E+00      2.1981E+00      3.8253E-02      5.5862E+01      1.3012E+02      1.0000E+00
      3.2926E-02      1.0781E+00      1.0197E+00      1.1586E+00      2.8093E-02      8.4410E+01      1.0127E+02      1.0000E+00
      5.0449E-02      1.0866E+00      1.0278E+00      1.1589E+00      4.3989E-02      7.6650E+01      9.6386E+01      1.0000E+00
      3.8439E-02      1.1097E+00      1.0156E+00      1.2245E+00      3.2062E-02      8.0729E+01      9.9833E+01      1.0000E+00
      3.8968E-02      1.0659E+00      1.0089E+00      1.0913E+00      3.7209E-02      8.3756E+01      9.6395E+01      1.0000E+00
      3.7817E-02      1.1489E+00      1.0520E+00      1.2489E+00      3.2784E-02      7.4788E+01      1.0735E+02      1.0000E+00
      6.5140E-02      1.6321E+00      1.4806E+00      2.3336E+00      3.2554E-02      5.7721E+01      1.3207E+02      1.0000E+00
      3.0919E-02      1.1160E+00      1.0411E+00      1.2241E+00      2.5736E-02      8.1047E+01      1.0588E+02      1.0000E+00
      4.7235E-02      1.5041E+00      1.3267E+00      1.9366E+00      3.0571E-02      5.2477E+01      1.2204E+02      1.0000E+00
      3.6404E-02      1.0431E+00      1.0031E+00      1.0727E+00      3.5655E-02      8.7926E+01      9.2513E+01      1.0000E+00
      3.6430E-02      1.1688E+00      1.0453E+00      1.2883E+00      3.1564E-02      7.5239E+01      1.0550E+02      1.0000E+00
      3.8808E-02      1.0637E+00      1.0059E+00      1.1104E+00      3.7496E-02      8.6155E+01      9.2924E+01      1.0000E+00
      3.4672E-02      1.1365E+00      1.0252E+00      1.2275E+00      2.9748E-02      8.1839E+01      1.0229E+02      1.0000E+00
      2.4100E-01      1.5607E+00      1.4170E+00      2.1722E+00      1.2981E-01      5.8910E+01      1.2992E+02      1.0000E+00
      1.2667E-01      1.2488E+00      1.0699E+00      1.5734E+00      8.9021E-02      7.2865E+01      1.0722E+02      1.0000E+00
      2.0181E-01      1.6116E+00      1.4088E+00      2.4535E+00      1.1577E-01      5.6356E+01      1.2286E+02      1.0000E+00
      4.8166E-02      1.4892E+00      1.3328E+00      1.9376E+00      3.1031E-02      5.2402E+01      1.2146E+02      1.0000E+00
      6.6552E-02      1.6189E+00      1.5221E+00      2.2353E+00      3.3561E-02      5.6158E+01      1.3429E+02      1.0000E+00
      3.1953E-02      1.0955E+00      1.0366E+00      1.2233E+00      2.7090E-02      8.1335E+01      1.0425E+02      1.0000E+00
      3.9991E-02      1.0473E+00      1.0035E+00      1.0732E+00      3.9107E-02      8.7376E+01      9.2749E+01      1.0000E+00
      4.1204E-02      1.0394E+00      1.0078E+00      1.0788E+00      3.8456E-02      8.2856E+01      9.3504E+01      1.0000E+00
      3.7960E-02      1.0312E+00      1.0055E+00      1.0606E+00      3.5672E-02      8.7452E+01      9.5996E+01      1.0000E+00
      4.0465E-02      1.0444E+00      1.0026E+00      1.0664E+00      3.9489E-02      8.7777E+01      9.2107E+01      1.0000E+00
      7.8787E-02      1.6703E+00      1.5741E+00      2.3832E+00      4.4523E-02      5.0516E+01      1.3179E+02      1.0000E+00
      3.5500E-02      1.0450E+00      1.0114E+00      1.0853E+00      3.2723E-02      8.5873E+01      9.8577E+01      1.0000E+00
      7.9803E-02      1.5957E+00      1.5313E+00      2.3359E+00      4.5567E-02      5.3055E+01      1.2963E+02      1.0000E+00
      3.2197E-02      1.1015E+00      1.0395E+00      1.2253E+00      2.7192E-02      8.0747E+01      1.0500E+02      1.0000E+00
      4.8875E-02      1.4794E+00      1.3146E+00      1.9324E+00      3.1610E-02      5.3498E+01      1.2075E+02      1.0000E+00
      6.8631E-02      1.6233E+00      1.5173E+00      2.2781E+00      3.3382E-02      5.7518E+01      1.3425E+02      1.0000E+00
      1.5580E-02      1.4993E+00      1.3949E+00      2.1299E+00      9.0241E-03      5.8964E+01      1.2693E+02      1.0000E+00
      1.5365E-02      1.5713E+00      1.4576E+00      2.1726E+00      8.6836E-03      5.5575E+01      1.3039E+02      1.0000E+00
      7.6614E-03      1.0597E+00      1.0251E+00      1.1018E+00      6.9151E-03      8.2725E+01      1.0268E+02      1.0000E+00
      1.5583E-02      1.6527E+00      1.5760E+00      2.3545E+00      7.7052E-03      5.4663E+01      1.3481E+02      1.0000E+00
      7.2631E-03      1.0871E+00      1.0246E+00      1.2010E+00      6.1585E-03      8.4659E+01      1.0204E+02      1.0000E+00
      1.1613E-02      1.5149E+00      1.3764E+00      1.9953E+00      7.3754E-03      5.1220E+01      1.2315E+02      1.0000E+00
      1.5137E-02      1.6966E+00      1.5950E+00      2.3505E+00      7.4925E-03      5.3030E+01      1.3602E+02      1.0000E+00
      7.2265E-03      1.0779E+00      1.0246E+00      1.1969E+00      6.1648E-03      8.4832E+01      1.0176E+02      1.0000E+00
      1.1428E-02      1.4913E+00      1.3576E+00      1.9707E+00      7.3241E-03      5.2214E+01      1.2222E+02      1.0000E+00
      8.8277E-03      1.0382E+00      1.0117E+00      1.0690E+00      8.2169E-03      8.5215E+01      9.8713E+01      1.0000E+00
      9.5888E-03      1.0488E+00      1.0048E+00      1.0687E+00      9.3180E-03      8.5918E+01      9.4273E+01      1.0000E+00
      9.5604E-03      1.0461E+00      1.0044E+00      1.0637E+00      9.2937E-03      8.6001E+01      9.4187E+01      1.0000E+00
      9.3177E-03      1.0046E+00      1.0003E+00      1.0090E+00      9.2397E-03      8.9090E+01      9.1389E+01      1.0000E+00
      1.5229E-02      1.6549E+00      1.5723E+00      2.3210E+00      7.8018E-03      5.3522E+01      1.3459E+02      1.0000E+00
      1.1679E-02      1.5089E+00      1.3685E+00      1.9971E+00      7.3702E-03      5.1408E+01      1.2234E+02      1.0000E+00
      7.3154E-03      1.0896E+00      1.0289E+00      1.2084E+00      6.1448E-03      8.4803E+01      1.0307E+02      1.0000E+00
      1.4603E-02      1.5520E+00      1.4194E+00      2.1312E+00      8.0263E-03      5.8233E+01      1.3013E+02      1.0000E+00
      7.5198E-03      1.0977E+00      1.0359E+00      1.2019E+00      6.3569E-03      8.3694E+01      1.0478E+02      1.0000E+00
      1.3078E-02      1.4889E+00      1.3584E+00      2.0623E+00      8.1066E-03      5.8076E+01      1.2509E+02      1.0000E+00
      9.5640E-03      1.0498E+00      1.0038E+00      1.0777E+00      9.2868E-03      8.6728E+01      9.2858E+01      1.0000E+00
      8.9174E-03      1.0334E+00      1.0024E+00      1.0515E+00      8.5876E-03      8.7303E+01      9.3997E+01      1.0000E+00
      9.1974E-03      1.0111E+00      1.0002E+00      1.0185E+00      9.1556E-03      8.9734E+01      9.0311E+01      1.0000E+00
      9.0904E-03      1.0086E+00      1.0001E+00      1.0144E+00      9.0551E-03      8.9789E+01      9.0268E+01      1.0000E+00
      9.1846E-03      1.0367E+00      1.0027E+00      1.0706E+00      8.7607E-03      8.7277E+01      9.4070E+01      1.0000E+00
      1.1104E-02      1.0695E+00      1.0127E+00      1.1323E+00      9.9366E-03      8.0976E+01      9.3340E+01      1.0000E+00
      9.2237E-03      1.0078E+00      1.0005E+00      1.0153E+00      9.1043E-03      8.8255E+01      9.1120E+01      1.0000E+00
      9.3039E-03      1.0395E+00      1.0033E+00      1.0591E+00      8.9298E-03      8.6711E+01      9.4583E+01      1.0000E+00
      1.1525E-02      1.4838E+00      1.3491E+00      1.9675E+00      7.3356E-03      5.2290E+01      1.2122E+02      1.0000E+00
      1.4897E-02      1.6819E+00      1.5982E+00      2.3245E+00      7.5712E-03      5.2440E+01      1.3574E+02      1.0000E+00
      7.2731E-03      1.0929E+00      1.0291E+00      1.2147E+00      6.1124E-03      8.4825E+01      1.0304E+02      1.0000E+00
      9.5348E-03      1.0472E+00      1.0035E+00      1.0732E+00      9.2634E-03      8.6793E+01      9.2775E+01      1.0000E+00
      9.1930E-03      1.0107E+00      1.0002E+00      1.0176E+00      9.1522E-03      8.9741E+01      9.0301E+01      1.0000E+00
      8.9008E-03      1.0316E+00      1.0023E+00      1.0500E+00      8.5790E-03      8.7383E+01      9.3908E+01      1.0000E+00
      9.0866E-03      1.0083E+00      1.0001E+00      1.0138E+00      9.0521E-03      8.9797E+01      9.0259E+01      1.0000E+00
      1.4251E-02      1.5702E+00      1.4223E+00      2.1261E+00      7.8280E-03      5.7624E+01      1.3068E+02      1.0000E+00
      7.4772E-03      1.1001E+00      1.0360E+00      1.2057E+00      6.3317E-03      8.3732E+01      1.0475E+02      1.0000E+00
      1.2882E-02      1.4787E+00      1.3425E+00      2.0448E+00      7.9941E-03      5.8927E+01      1.2457E+02      1.0000E+00
      9.1661E-03      1.0357E+00      1.0027E+00      1.0698E+00      8.7446E-03      8.7370E+01      9.4003E+01      1.0000E+00
      9.2193E-03      1.0078E+00      1.0005E+00      1.0151E+00      9.1010E-03      8.8271E+01      9.1109E+01      1.0000E+00
      1.1061E-02      1.0696E+00      1.0122E+00      1.1326E+00      9.9123E-03      8.1172E+01      9.3237E+01      1.0000E+00
      9.2963E-03      1.0395E+00      1.0033E+00      1.0595E+00      8.9226E-03      8.6756E+01      9.4554E+01      1.0000E+00
      9.0624E-03      1.0010E+00      1.0000E+00      1.0020E+00      9.0449E-03      8.9891E+01      9.0219E+01      1.0000E+00
      9.0055E-03      1.0022E+00      1.0000E+00      1.0053E+00      8.9854E-03      8.9708E+01      9.0373E+01      1.0000E+00
      9.0050E-03      1.0022E+00      1.0000E+00      1.0052E+00      8.9850E-03      8.9707E+01      9.0372E+01      1.0000E+00
      8.9419E-03      1.0005E+00      1.0000E+00      1.0010E+00      8.9330E-03      8.9767E+01      9.0290E+01      1.0000E+00
      9.0190E-03      1.0037E+00      1.0001E+00      1.0071E+00      8.9851E-03      8.9165E+01      9.0861E+01      1.0000E+00
      8.9924E-03      1.0052E+00      1.0003E+00      1.0098E+00      8.9374E-03      8.8723E+01      9.0949E+01      1.0000E+00
      8.9555E-03      1.0011E+00      1.0000E+00      1.0023E+00      8.9443E-03      8.9675E+01      9.0316E+01      1.0000E+00
      9.0889E-03      1.0041E+00      1.0001E+00      1.0104E+00      9.0293E-03      8.9418E+01      9.0741E+01      1.0000E+00
      9.0182E-03      1.0037E+00      1.0001E+00      1.0071E+00      8.9844E-03      8.9168E+01      9.0858E+01      1.0000E+00
      8.9553E-03      1.0011E+00      1.0000E+00      1.0023E+00      8.9442E-03      8.9675E+01      9.0316E+01      1.0000E+00
      8.9910E-03      1.0053E+00      1.0003E+00      1.0099E+00      8.9357E-03      8.8727E+01      9.0944E+01      1.0000E+00
      9.0886E-03      1.0041E+00      1.0001E+00      1.0104E+00      9.0289E-03      8.9421E+01      9.0740E+01      1.0000E+00
      8.9817E-03      1.0015E+00      1.0000E+00      1.0029E+00      8.9554E-03      8.9739E+01      9.0093E+01      1.0000E+00
      9.1276E-03      1.0044E+00      1.0001E+00      1.0110E+00      9.0711E-03      8.9158E+01      9.0760E+01      1.0000E+00
      9.1276E-03      1.0044E+00      1.0001E+00      1.0110E+00      9.0710E-03      8.9156E+01      9.0761E+01      1.0000E+00
      9.1205E-03      1.0024E+00      1.0002E+00      1.0045E+00      9.0807E-03      8.8740E+01      9.1010E+01      1.0000E+00
      3.3300E-02      1.1757E+00      1.1213E+00      1.3070E+00      2.3416E-02      7.9215E+01      1.1690E+02      1.0000E+00
      4.2438E-02      1.0279E+00      1.0095E+00      1.0657E+00      4.1522E-02      8.3254E+01      9.6964E+01      1.0000E+00
      3.2133E-02      1.1954E+00      1.1134E+00      1.3444E+00      2.2539E-02      7.9605E+01      1.1607E+02      1.0000E+00
      1.2548E-02      1.5197E+00      1.3992E+00      2.0564E+00      7.4582E-03      5.6984E+01      1.2848E+02      1.0000E+00
      7.4178E-03      1.1175E+00      1.0388E+00      1.2318E+00      5.8769E-03      8.1772E+01      1.0570E+02      1.0000E+00
      1.2516E-02      1.4685E+00      1.3575E+00      2.0220E+00      7.6346E-03      5.9137E+01      1.2582E+02      1.0000E+00
      4.8844E-02      1.4880E+00      1.3659E+00      1.9534E+00      3.1369E-02      5.1456E+01      1.2231E+02      1.0000E+00
      3.2653E-02      1.1258E+00      1.0287E+00      1.2773E+00      2.5691E-02      7.8695E+01      1.0326E+02      1.0000E+00
      6.3684E-02      1.6293E+00      1.5773E+00      2.3082E+00      3.2631E-02      5.4000E+01      1.3443E+02      1.0000E+00
      9.3593E-03      1.0282E+00      1.0028E+00      1.0533E+00      9.0066E-03      8.7074E+01      9.4221E+01      1.0000E+00
      1.1127E-02      1.0652E+00      1.0113E+00      1.1280E+00      1.0039E-02      8.1484E+01      9.3054E+01      1.0000E+00
      9.4019E-03      1.0075E+00      1.0003E+00      1.0206E+00      9.3089E-03      8.8874E+01      9.0874E+01      1.0000E+00
      9.4285E-03      1.0415E+00      1.0029E+00      1.0735E+00      9.0326E-03      8.8438E+01      9.3378E+01      1.0000E+00
      1.2655E-02      1.4871E+00      1.3305E+00      1.9778E+00      7.9120E-03      5.8614E+01      1.2565E+02      1.0000E+00
      7.7024E-03      1.1146E+00      1.0488E+00      1.2024E+00      6.2770E-03      8.1933E+01      1.0754E+02      1.0000E+00
      1.4512E-02      1.4906E+00      1.3460E+00      2.1110E+00      7.8643E-03      6.3728E+01      1.2682E+02      1.0000E+00
      9.4834E-03      1.0146E+00      1.0007E+00      1.0295E+00      9.3318E-03      8.7963E+01      9.1145E+01      1.0000E+00
      9.6153E-03      1.0623E+00      1.0068E+00      1.0957E+00      9.0772E-03      8.5891E+01      9.5818E+01      1.0000E+00
      9.5831E-03      1.0292E+00      1.0033E+00      1.0566E+00      9.2188E-03      8.6639E+01      9.4514E+01      1.0000E+00
      1.1687E-02      1.0805E+00      1.0143E+00      1.1571E+00      1.0466E-02      8.0593E+01      9.3757E+01      1.0000E+00
      7.8964E-03      1.0975E+00      1.0272E+00      1.1927E+00      6.6127E-03      8.4464E+01      1.0314E+02      1.0000E+00
      1.5358E-02      1.4647E+00      1.3984E+00      2.1323E+00      8.8110E-03      6.0401E+01      1.2627E+02      1.0000E+00
      1.4208E-02      1.6002E+00      1.4688E+00      2.1441E+00      8.4980E-03      5.2655E+01      1.3059E+02      1.0000E+00
      2.7673E-02      1.2285E+00      1.0475E+00      1.4926E+00      2.1542E-02      7.6292E+01      1.0208E+02      1.0000E+00
      6.2615E-02      1.6495E+00      1.5834E+00      2.3736E+00      3.1197E-02      5.4367E+01      1.3449E+02      1.0000E+00
      4.4733E-02      1.7706E+00      1.4911E+00      2.5362E+00      2.2331E-02      4.6564E+01      1.2343E+02      1.0000E+00
      3.2757E-02      1.1806E+00      1.1262E+00      1.3104E+00      2.2993E-02      7.8753E+01      1.1738E+02      1.0000E+00
      4.1818E-02      1.0329E+00      1.0088E+00      1.0767E+00      4.0980E-02      8.3711E+01      9.6303E+01      1.0000E+00
      3.1976E-02      1.1961E+00      1.1162E+00      1.3449E+00      2.2436E-02      7.9304E+01      1.1635E+02      1.0000E+00
      1.2473E-02      1.5221E+00      1.3968E+00      2.0542E+00      7.4091E-03      5.7016E+01      1.2851E+02      1.0000E+00
      7.4098E-03      1.1176E+00      1.0390E+00      1.2319E+00      5.8707E-03      8.1815E+01      1.0574E+02      1.0000E+00
      1.2460E-02      1.4674E+00      1.3532E+00      2.0178E+00      7.5941E-03      5.9356E+01      1.2575E+02      1.0000E+00
      9.3549E-03      1.0281E+00      1.0028E+00      1.0531E+00      9.0019E-03      8.7114E+01      9.4199E+01      1.0000E+00
      9.4011E-03      1.0075E+00      1.0003E+00      1.0205E+00      9.3088E-03      8.8887E+01      9.0868E+01      1.0000E+00
      1.1115E-02      1.0648E+00      1.0110E+00      1.1273E+00      1.0034E-02      8.1585E+01      9.2980E+01      1.0000E+00
      9.4274E-03      1.0415E+00      1.0029E+00      1.0735E+00      9.0324E-03      8.8474E+01      9.3345E+01      1.0000E+00
      9.4840E-03      1.0146E+00      1.0007E+00      1.0296E+00      9.3319E-03      8.7952E+01      9.1151E+01      1.0000E+00
      9.5838E-03      1.0292E+00      1.0033E+00      1.0566E+00      9.2195E-03      8.6632E+01      9.4521E+01      1.0000E+00
      9.6197E-03      1.0624E+00      1.0068E+00      1.0955E+00      9.0821E-03      8.5839E+01      9.5848E+01      1.0000E+00
      1.1696E-02      1.0809E+00      1.0145E+00      1.1579E+00      1.0470E-02      8.0524E+01      9.3803E+01      1.0000E+00
      1.2635E-02      1.4890E+00      1.3296E+00      1.9782E+00      7.8875E-03      5.8649E+01      1.2569E+02      1.0000E+00
      7.7062E-03      1.1149E+00      1.0492E+00      1.2026E+00      6.2811E-03      8.1823E+01      1.0761E+02      1.0000E+00
      1.4535E-02      1.4936E+00      1.3422E+00      2.1150E+00      7.8598E-03      6.3903E+01      1.2670E+02      1.0000E+00
      7.9029E-03      1.0975E+00      1.0268E+00      1.1930E+00      6.6184E-03      8.4377E+01      1.0305E+02      1.0000E+00
      1.4267E-02      1.5988E+00      1.4702E+00      2.1456E+00      8.5695E-03      5.2526E+01      1.3047E+02      1.0000E+00
      1.5422E-02      1.4640E+00      1.4061E+00      2.1345E+00      8.8448E-03      6.0153E+01      1.2648E+02      1.0000E+00
      4.8172E-02      1.5001E+00      1.3562E+00      1.9552E+00      3.1006E-02      5.1717E+01      1.2261E+02      1.0000E+00
      3.2649E-02      1.1271E+00      1.0312E+00      1.2774E+00      2.5706E-02      7.9327E+01      1.0382E+02      1.0000E+00
      6.3968E-02      1.6289E+00      1.5388E+00      2.3139E+00      3.2504E-02      5.5368E+01      1.3357E+02      1.0000E+00
      2.7731E-02      1.2287E+00      1.0494E+00      1.4908E+00      2.1606E-02      7.5768E+01      1.0148E+02      1.0000E+00
      4.5515E-02      1.7729E+00      1.5080E+00      2.5514E+00      2.2468E-02      4.5937E+01      1.2330E+02      1.0000E+00
      6.3722E-02      1.6389E+00      1.6224E+00      2.3813E+00      3.1490E-02      5.3901E+01      1.3522E+02      1.0000E+00
      3.5083E-02      1.1587E+00      1.1270E+00      1.3072E+00      2.5988E-02      7.6836E+01      1.1700E+02      1.0000E+00
      3.5130E-02      1.1597E+00      1.1246E+00      1.3100E+00      2.6067E-02      7.7097E+01      1.1674E+02      1.0000E+00
      4.0145E-02      1.0688E+00      1.0142E+00      1.1367E+00      3.4925E-02      8.4675E+01      9.9608E+01      1.0000E+00
      7.6889E-03      1.1136E+00      1.0411E+00      1.2220E+00      6.0585E-03      8.1726E+01      1.0615E+02      1.0000E+00
      1.3271E-02      1.4832E+00      1.3747E+00      2.0541E+00      7.8433E-03      5.9223E+01      1.2691E+02      1.0000E+00
      1.3272E-02      1.4826E+00      1.3751E+00      2.0536E+00      7.8406E-03      5.9243E+01      1.2693E+02      1.0000E+00
      5.4108E-02      1.5772E+00      1.4192E+00      2.1325E+00      3.3265E-02      5.0878E+01      1.2526E+02      1.0000E+00
      3.1021E-02      1.0814E+00      1.0178E+00      1.1784E+00      2.6467E-02      8.3704E+01      1.0055E+02      1.0000E+00
      6.4803E-02      1.6176E+00      1.5878E+00      2.3070E+00      3.3672E-02      5.3608E+01      1.3419E+02      1.0000E+00
      5.3958E-02      1.5942E+00      1.4245E+00      2.1432E+00      3.3308E-02      5.0818E+01      1.2616E+02      1.0000E+00
      3.1039E-02      1.0832E+00      1.0182E+00      1.1769E+00      2.6513E-02      8.3973E+01      1.0071E+02      1.0000E+00
      6.4792E-02      1.6104E+00      1.5519E+00      2.3049E+00      3.3834E-02      5.4608E+01      1.3313E+02      1.0000E+00
      3.2217E-02      1.0688E+00      1.0421E+00      1.1093E+00      2.8340E-02      8.0439E+01      1.0635E+02      1.0000E+00
      6.0399E-02      1.5280E+00      1.3178E+00      2.0840E+00      3.3700E-02      6.2550E+01      1.2643E+02      1.0000E+00
      6.0244E-02      1.5232E+00      1.3333E+00      2.0823E+00      3.3225E-02      6.2410E+01      1.2722E+02      1.0000E+00
      4.9613E-01      1.0682E+00      1.0060E+00      1.1031E+00      4.6764E-01      8.5246E+01      9.3798E+01      1.0000E+00
      2.0305E-01      1.4844E+00      1.4709E+00      2.3647E+00      1.1716E-01      5.8392E+01      1.2355E+02      1.0000E+00
      1.2644E-01      1.2259E+00      1.1141E+00      1.5897E+00      8.7293E-02      6.8138E+01      1.0316E+02      1.0000E+00
      2.2868E-01      1.5218E+00      1.5152E+00      2.0646E+00      1.2627E-01      5.5641E+01      1.3329E+02      1.0000E+00
      4.9411E-01      1.4086E+00      1.1740E+00      1.8139E+00      3.3099E-01      6.6505E+01      1.1756E+02      1.0000E+00
      6.1078E-01      1.2503E+00      1.0964E+00      1.4087E+00      4.8274E-01      7.0432E+01      1.1322E+02      1.0000E+00
      6.8345E-01      1.1706E+00      1.0447E+00      1.2340E+00      5.9467E-01      7.8083E+01      1.0506E+02      1.0000E+00
      1.2205E-01      1.2435E+00      1.0711E+00      1.5761E+00      8.6076E-02      7.3438E+01      1.0733E+02      1.0000E+00
      2.4429E-01      1.6633E+00      1.4467E+00      2.3240E+00      1.3134E-01      5.5628E+01      1.3035E+02      1.0000E+00
      1.8921E-01      1.7154E+00      1.4403E+00      2.5521E+00      9.7796E-02      5.1114E+01      1.2231E+02      1.0000E+00
      1.9463E-01      1.6919E+00      1.4759E+00      2.5540E+00      9.8843E-02      4.9850E+01      1.2168E+02      1.0000E+00
      1.1519E-01      1.2268E+00      1.0560E+00      1.5158E+00      8.7434E-02      7.5343E+01      1.0306E+02      1.0000E+00
      2.6056E-01      1.6274E+00      1.6057E+00      2.3544E+00      1.2738E-01      5.4892E+01      1.3525E+02      1.0000E+00
      6.7696E-01      1.1972E+00      1.1073E+00      1.3503E+00      5.4678E-01      6.4640E+01      1.0865E+02      1.0000E+00
      1.4539E+00      1.4869E+00      1.3973E+00      1.8396E+00      7.8057E-01      6.1637E+01      1.3297E+02      1.0000E+00
      9.0688E-01      1.5119E+00      1.2750E+00      1.9133E+00      5.6929E-01      5.2734E+01      1.1838E+02      1.0000E+00
      2.6419E+00      1.1804E+00      1.0807E+00      1.2473E+00      2.2941E+00      6.8375E+01      1.0766E+02      1.0000E+00
      2.4636E+00      1.1545E+00      1.0615E+00      1.1813E+00      2.2723E+00      7.1799E+01      1.0829E+02      1.0000E+00
      5.4652E-01      1.1661E+00      1.0678E+00      1.3562E+00      4.5800E-01      7.2118E+01      1.0638E+02      1.0000E+00
      5.4615E-01      1.0321E+00      1.0032E+00      1.0588E+00      5.2337E-01      8.6935E+01      9.4514E+01      1.0000E+00
      3.2620E-01      1.3865E+00      1.3879E+00      1.6637E+00      1.8042E-01      6.4179E+01      1.3302E+02      1.0000E+00
      5.5987E-01      1.0279E+00      1.0030E+00      1.0676E+00      5.3791E-01      8.5935E+01      9.3285E+01      1.0000E+00
      5.5568E-01      1.0069E+00      1.0001E+00      1.0113E+00      5.5121E-01      8.9532E+01      9.0454E+01      1.0000E+00
      5.2839E-01      1.0219E+00      1.0008E+00      1.0338E+00      5.1615E-01      8.8827E+01      9.1938E+01      1.0000E+00
      5.5820E-01      1.0081E+00      1.0001E+00      1.0148E+00      5.5446E-01      8.9712E+01      9.0590E+01      1.0000E+00
      5.4562E-01      1.0198E+00      1.0013E+00      1.0483E+00      5.2837E-01      8.7643E+01      9.1254E+01      1.0000E+00
      4.4506E-01      1.2953E+00      1.3602E+00      1.4341E+00      2.5438E-01      6.8557E+01      1.3265E+02      1.0000E+00
      6.2918E-01      1.0667E+00      1.0146E+00      1.1309E+00      5.6739E-01      8.0306E+01      9.5145E+01      1.0000E+00
      5.7025E-01      1.0100E+00      1.0003E+00      1.0196E+00      5.6894E-01      8.9127E+01      9.0989E+01      1.0000E+00
      5.4409E-01      1.1536E+00      1.0509E+00      1.3388E+00      4.6158E-01      7.5099E+01      1.0400E+02      1.0000E+00
      5.4231E-01      1.0304E+00      1.0026E+00      1.0746E+00      5.1662E-01      8.7552E+01      9.2948E+01      1.0000E+00
      4.2500E-01      1.1048E+00      1.0129E+00      1.1485E+00      3.8989E-01      8.5357E+01      9.6127E+01      1.0000E+00
      5.1091E-01      1.1040E+00      1.0304E+00      1.2553E+00      4.4478E-01      8.0598E+01      1.0121E+02      1.0000E+00
      5.9719E-01      1.0501E+00      1.0085E+00      1.0971E+00      5.6305E-01      8.2749E+01      9.4032E+01      1.0000E+00
      3.9287E-01      1.3569E+00      1.5871E+00      1.5696E+00      1.6793E-01      7.1127E+01      1.4095E+02      1.0000E+00
      5.7724E-01      1.0818E+00      1.0081E+00      1.1324E+00      5.4941E-01      8.6631E+01      9.2442E+01      1.0000E+00
      7.3852E-01      1.1909E+00      1.0489E+00      1.2854E+00      6.2777E-01      7.9620E+01      1.0453E+02      1.0000E+00
      7.5727E-01      1.5318E+00      1.6549E+00      2.2901E+00      3.1282E-01      6.2388E+01      1.3838E+02      1.0000E+00
      2.3144E+00      1.2406E+00      1.2172E+00      1.4399E+00      1.5138E+00      7.4678E+01      1.2420E+02      1.0000E+00
      1.5264E+00      1.4269E+00      1.7791E+00      1.7530E+00      5.1491E-01      6.6803E+01      1.4579E+02      1.0000E+00
      2.6050E+00      1.1564E+00      1.0627E+00      1.2182E+00      2.3191E+00      7.1023E+01      1.0584E+02      1.0000E+00
      7.5983E-01      1.5545E+00      1.6956E+00      2.2361E+00      3.1211E-01      6.0410E+01      1.4029E+02      1.0000E+00
      2.2526E+00      1.1548E+00      1.0971E+00      1.3058E+00      1.9198E+00      6.9726E+01      1.1169E+02      1.0000E+00
      1.8353E+00      1.2104E+00      1.1021E+00      1.3358E+00      1.5494E+00      6.5787E+01      1.1242E+02      1.0000E+00
      2.1964E+00      1.0368E+00      1.0196E+00      1.0816E+00      2.1220E+00      7.9746E+01      1.0034E+02      1.0000E+00
      2.0023E+00      1.1368E+00      1.0295E+00      1.2154E+00      1.7928E+00      7.8202E+01      9.8979E+01      1.0000E+00
      8.8722E-01      1.2254E+00      1.0949E+00      1.3717E+00      7.3012E-01      6.6887E+01      1.1026E+02      1.0000E+00
      1.2655E+00      1.3129E+00      1.0948E+00      1.4449E+00      9.8786E-01      7.5201E+01      1.0831E+02      1.0000E+00
      7.0116E-01      1.2174E+00      1.0682E+00      1.4091E+00      5.6047E-01      7.0673E+01      1.0014E+02      1.0000E+00
      7.1559E-01      1.0809E+00      1.0319E+00      1.1184E+00      6.6445E-01      7.5893E+01      1.0200E+02      1.0000E+00
      5.8551E-01      1.1462E+00      1.0324E+00      1.3278E+00      4.9804E-01      7.8801E+01      1.0014E+02      1.0000E+00
      5.4646E-01      1.2421E+00      1.0726E+00      1.5834E+00      4.0549E-01      7.4525E+01      1.0387E+02      1.0000E+00
      9.2280E-01      1.5143E+00      1.3380E+00      2.2262E+00      5.4591E-01      6.0042E+01      1.0841E+02      1.0000E+00
      4.7113E-01      1.3732E+00      1.1679E+00      1.7705E+00      3.3287E-01      6.8073E+01      1.0362E+02      1.0000E+00
      2.2932E-01      1.4264E+00      1.2432E+00      1.9523E+00      1.1656E-01      6.5052E+01      1.2391E+02      1.0000E+00
      4.3500E-01      1.0964E+00      1.0165E+00      1.1980E+00      3.9737E-01      8.5625E+01      9.5583E+01      1.0000E+00
      4.0120E-01      1.1138E+00      1.0186E+00      1.2011E+00      3.7887E-01      8.6635E+01      9.4896E+01      1.0000E+00
      4.1096E-01      1.1205E+00      1.0203E+00      1.2229E+00      3.7672E-01      8.3697E+01      9.3595E+01      1.0000E+00
      5.5928E-01      1.1181E+00      1.0429E+00      1.3294E+00      4.7243E-01      7.8582E+01      9.9605E+01      1.0000E+00
      6.7351E-01      1.0957E+00      1.0212E+00      1.1661E+00      6.1612E-01      7.9101E+01      9.7238E+01      1.0000E+00
      6.4047E-01      1.0568E+00      1.0087E+00      1.0991E+00      6.2239E-01      8.3667E+01      9.5299E+01      1.0000E+00
      5.1394E-01      1.2929E+00      1.3101E+00      1.4692E+00      3.0188E-01      7.1097E+01      1.3012E+02      1.0000E+00
      6.3231E-01      1.0631E+00      1.0242E+00      1.1539E+00      5.9039E-01      7.9184E+01      9.9471E+01      1.0000E+00
      7.4394E-01      1.4761E+00      1.3812E+00      1.9258E+00      4.8738E-01      5.1317E+01      1.2342E+02      1.0000E+00
      4.6114E-01      1.1162E+00      1.0215E+00      1.2158E+00      3.7877E-01      8.1161E+01      1.0177E+02      1.0000E+00
      8.6728E-01      1.6600E+00      1.6220E+00      2.3003E+00      4.7391E-01      5.0265E+01      1.3481E+02      1.0000E+00
      4.1734E-01      1.3432E+00      1.2364E+00      1.5795E+00      2.6686E-01      6.6834E+01      1.2522E+02      1.0000E+00
      5.6335E-01      1.0893E+00      1.0111E+00      1.2000E+00      5.1038E-01      8.4330E+01      9.6026E+01      1.0000E+00
      7.5702E-01      1.0943E+00      1.0131E+00      1.1643E+00      6.7894E-01      8.1590E+01      9.5224E+01      1.0000E+00
      2.0390E+00      1.1272E+00      1.1028E+00      1.1736E+00      1.7453E+00      7.3142E+01      1.1466E+02      1.0000E+00
      1.0285E+00      1.6677E+00      1.5159E+00      2.1778E+00      5.8839E-01      5.1163E+01      1.3351E+02      1.0000E+00
      5.9358E-01      1.1948E+00      1.0543E+00      1.3837E+00      4.6392E-01      7.7664E+01      1.0322E+02      1.0000E+00
      9.7110E-01      1.3766E+00      1.3694E+00      1.9735E+00      6.2013E-01      6.0192E+01      1.2327E+02      1.0000E+00
      9.2713E-01      1.4520E+00      1.3302E+00      2.0306E+00      5.9397E-01      5.9182E+01      1.2271E+02      1.0000E+00
      6.5912E-01      1.1338E+00      1.0528E+00      1.3364E+00      5.0338E-01      7.9959E+01      1.0694E+02      1.0000E+00
      1.0394E+00      1.1348E+00      1.0324E+00      1.2708E+00      9.0470E-01      8.5234E+01      1.0135E+02      1.0000E+00
      7.3472E-01      1.3745E+00      1.1174E+00      1.5822E+00      5.2115E-01      6.7608E+01      1.0524E+02      1.0000E+00
      2.2243E-01      1.7759E+00      1.5829E+00      2.6437E+00      1.1804E-01      4.8351E+01      1.2892E+02      1.0000E+00
      1.3174E-01      1.2520E+00      1.0711E+00      1.5378E+00      9.4908E-02      7.0263E+01      1.0278E+02      1.0000E+00
      2.7044E-01      1.4911E+00      1.4580E+00      2.2103E+00      1.4896E-01      5.9112E+01      1.2830E+02      1.0000E+00
      6.3940E-01      1.2060E+00      1.0562E+00      1.3119E+00      5.5263E-01      7.4649E+01      1.0543E+02      1.0000E+00
      6.4702E-01      1.2057E+00      1.0721E+00      1.2649E+00      5.5022E-01      7.2184E+01      1.1066E+02      1.0000E+00
      1.2684E-01      1.2772E+00      1.0710E+00      1.6008E+00      8.9406E-02      7.1636E+01      1.0618E+02      1.0000E+00
      1.9959E-01      1.6992E+00      1.4555E+00      2.5212E+00      1.0200E-01      4.9811E+01      1.2163E+02      1.0000E+00
      2.7225E-01      1.6025E+00      1.5257E+00      2.3676E+00      1.3597E-01      5.7264E+01      1.3219E+02      1.0000E+00
      1.9151E-01      1.7404E+00      1.4646E+00      2.5813E+00      9.8146E-02      5.0057E+01      1.2337E+02      1.0000E+00
      1.1534E-01      1.2208E+00      1.0501E+00      1.5015E+00      8.8198E-02      7.6477E+01      1.0355E+02      1.0000E+00
      2.5456E-01      1.6466E+00      1.5178E+00      2.3469E+00      1.2772E-01      5.6035E+01      1.3309E+02      1.0000E+00
      4.3030E-01      1.4015E+00      1.2334E+00      1.8328E+00      2.5745E-01      6.7906E+01      1.2300E+02      1.0000E+00
      5.4606E-01      1.0901E+00      1.0168E+00      1.1482E+00      4.8183E-01      8.4685E+01      1.0044E+02      1.0000E+00
      8.6475E-01      1.2782E+00      1.1492E+00      1.4782E+00      6.2630E-01      6.0600E+01      1.0539E+02      1.0000E+00
      6.4260E-01      1.1304E+00      1.0317E+00      1.2137E+00      5.7122E-01      8.0922E+01      1.0345E+02      1.0000E+00
      6.0379E-01      1.1210E+00      1.0203E+00      1.1700E+00      5.5409E-01      8.2855E+01      9.8380E+01      1.0000E+00
      6.7716E-01      1.0979E+00      1.0184E+00      1.1905E+00      5.8608E-01      7.9296E+01      9.4956E+01      1.0000E+00
      1.4215E-01      1.0973E+00      1.0304E+00      1.1904E+00      1.1652E-01      8.3220E+01      1.0395E+02      1.0000E+00
      2.6652E-01      1.5054E+00      1.3693E+00      2.1377E+00      1.5425E-01      5.9834E+01      1.2602E+02      1.0000E+00
      2.5988E-01      1.5361E+00      1.4482E+00      2.1452E+00      1.4558E-01      5.7093E+01      1.3002E+02      1.0000E+00
      8.5317E-01      1.5870E+00      1.4112E+00      2.0448E+00      5.2797E-01      4.8502E+01      1.2505E+02      1.0000E+00
      5.4448E-01      1.1367E+00      1.0461E+00      1.2504E+00      4.4330E-01      8.0755E+01      1.0690E+02      1.0000E+00
      1.0953E+00      1.5521E+00      1.4369E+00      2.2112E+00      6.3255E-01      5.6270E+01      1.2806E+02      1.0000E+00
      6.4081E-01      1.5118E+00      1.2925E+00      1.8894E+00      4.2003E-01      5.7703E+01      1.2542E+02      1.0000E+00
      4.7586E-01      1.1457E+00      1.0867E+00      1.2797E+00      3.6268E-01      7.8686E+01      1.1284E+02      1.0000E+00
      6.8013E-01      1.4505E+00      1.2189E+00      1.7856E+00      4.6320E-01      6.1522E+01      1.2174E+02      1.0000E+00
      7.4881E-01      1.0936E+00      1.0198E+00      1.2072E+00      6.4889E-01      7.8796E+01      9.6252E+01      1.0000E+00
      1.0535E+00      1.0942E+00      1.0147E+00      1.1882E+00      9.5086E-01      8.2591E+01      9.8656E+01      1.0000E+00
      8.8985E-01      1.1442E+00      1.0784E+00      1.3536E+00      7.2138E-01      6.9798E+01      1.0431E+02      1.0000E+00
      2.4377E+00      1.2220E+00      1.0718E+00      1.3618E+00      1.9938E+00      7.2482E+01      1.1022E+02      1.0000E+00
      1.8710E+00      1.1427E+00      1.1351E+00      1.2155E+00      1.4002E+00      7.5825E+01      1.1824E+02      1.0000E+00
      1.3548E+00      1.1964E+00      1.0365E+00      1.4009E+00      1.0885E+00      7.6869E+01      9.9815E+01      1.0000E+00
      7.0784E-01      1.5738E+00      1.3018E+00      2.3628E+00      3.9627E-01      6.3228E+01      1.2075E+02      1.0000E+00
      7.1380E-01      1.5207E+00      1.5520E+00      1.8105E+00      3.8337E-01      5.5335E+01      1.3820E+02      1.0000E+00
      2.8626E-01      1.3053E+00      1.2237E+00      1.3042E+00      2.2409E-01      6.0995E+01      1.2509E+02      1.0000E+00
      3.2775E-01      1.3786E+00      1.3527E+00      1.6897E+00      1.8350E-01      6.5407E+01      1.3119E+02      1.0000E+00
      5.5940E-01      1.0551E+00      1.0054E+00      1.1168E+00      5.2314E-01      8.4585E+01      9.4269E+01      1.0000E+00
      4.6475E-01      1.2687E+00      1.3244E+00      1.4427E+00      2.7454E-01      6.9344E+01      1.3075E+02      1.0000E+00
      2.2969E+00      1.2816E+00      1.2618E+00      1.4917E+00      1.4780E+00      7.1638E+01      1.2674E+02      1.0000E+00
      2.2010E+00      1.1777E+00      1.1587E+00      1.3286E+00      1.5650E+00      7.5748E+01      1.1998E+02      1.0000E+00
      4.5618E-01      1.1042E+00      1.0407E+00      1.2526E+00      3.7668E-01      8.3334E+01      1.0491E+02      1.0000E+00
      8.3434E-01      1.7304E+00      1.4859E+00      2.2226E+00      4.7317E-01      5.1088E+01      1.3323E+02      1.0000E+00
      7.6256E-01      1.4979E+00      1.3341E+00      2.1083E+00      4.8727E-01      5.7471E+01      1.2186E+02      1.0000E+00
      6.6015E-01      1.6436E+00      1.5415E+00      2.5769E+00      3.5681E-01      5.1802E+01      1.2514E+02      1.0000E+00
      2.5044E-01      1.3326E+00      1.1749E+00      1.4764E+00      1.8837E-01      6.3741E+01      1.2078E+02      1.0000E+00
      8.0665E-01      1.7050E+00      1.8276E+00      2.1742E+00      3.7792E-01      4.9019E+01      1.4341E+02      1.0000E+00
      2.7082E+00      1.1563E+00      1.0532E+00      1.2147E+00      2.4305E+00      7.3110E+01      1.0504E+02      1.0000E+00
      2.3821E+00      1.0248E+00      1.0106E+00      1.0374E+00      2.3249E+00      8.2325E+01      9.8251E+01      1.0000E+00
      2.6269E+00      1.0562E+00      1.0051E+00      1.1053E+00      2.4477E+00      8.6313E+01      9.4172E+01      1.0000E+00
      2.5244E+00      1.0341E+00      1.0102E+00      1.0529E+00      2.4568E+00      8.1984E+01      9.7891E+01      1.0000E+00
      2.3323E+00      1.0615E+00      1.0231E+00      1.0612E+00      2.2449E+00      7.8540E+01      1.0219E+02      1.0000E+00
      1.6449E+00      1.1927E+00      1.0566E+00      1.4617E+00      1.2907E+00      7.5569E+01      1.0093E+02      1.0000E+00
      1.9494E+00      1.1674E+00      1.1038E+00      1.3476E+00      1.3646E+00      8.0326E+01      1.1487E+02      1.0000E+00
      7.6877E-01      1.5291E+00      1.4225E+00      1.9449E+00      4.7648E-01      5.4269E+01      1.3062E+02      1.0000E+00
      7.6879E-01      1.4172E+00      1.3401E+00      1.9843E+00      4.8320E-01      6.0409E+01      1.2373E+02      1.0000E+00
      4.7380E-01      1.1432E+00      1.0416E+00      1.3001E+00      3.7628E-01      8.1967E+01      1.0565E+02      1.0000E+00
      1.0128E+00      1.2353E+00      1.1155E+00      1.5684E+00      8.1646E-01      7.2336E+01      9.8575E+01      1.0000E+00
      2.0820E-01      1.8848E+00      1.9046E+00      3.9187E+00      8.0302E-02      5.1588E+01      1.2493E+02      1.0000E+00
      7.3208E-01      1.2366E+00      1.0638E+00      1.4172E+00      6.0203E-01      7.7887E+01      9.9758E+01      1.0000E+00
      6.3339E-01      1.0765E+00      1.0128E+00      1.1581E+00      6.0934E-01      8.4395E+01      9.3592E+01      1.0000E+00
      7.6372E-01      1.3723E+00      1.2030E+00      1.6394E+00      5.0561E-01      5.6494E+01      1.0915E+02      1.0000E+00
      3.4519E-01      1.2654E+00      1.4229E+00      1.4737E+00      1.9209E-01      6.7550E+01      1.3472E+02      1.0000E+00
      5.3659E-01      1.5043E+00      1.2103E+00      1.8067E+00      3.3657E-01      6.5554E+01      1.2212E+02      1.0000E+00
      4.1637E-01      1.1999E+00      1.1282E+00      1.3461E+00      2.9426E-01      7.7764E+01      1.1751E+02      1.0000E+00
      5.2458E-01      1.4464E+00      1.1780E+00      1.7928E+00      3.3057E-01      6.7875E+01      1.2037E+02      1.0000E+00
      4.9599E-01      1.1758E+00      1.1650E+00      1.2222E+00      3.8287E-01      6.9812E+01      1.2083E+02      1.0000E+00
      6.1655E-01      1.0255E+00      1.0087E+00      1.0924E+00      5.8902E-01      8.4665E+01      9.5607E+01      1.0000E+00
      5.3503E-01      1.1170E+00      1.1080E+00      1.2078E+00      4.3685E-01      7.3211E+01      1.1500E+02      1.0000E+00
      2.1329E-01      1.5307E+00      1.2122E+00      2.0118E+00      1.3492E-01      6.3133E+01      1.1994E+02      1.0000E+00
      1.3362E-01      1.1480E+00      1.1027E+00      1.2234E+00      1.0772E-01      7.3588E+01      1.1480E+02      1.0000E+00
      2.3502E-01      1.5732E+00      1.2701E+00      2.0630E+00      1.3295E-01      6.3145E+01      1.2526E+02      1.0000E+00
      1.0068E+00      1.0413E+00      1.0218E+00      1.0508E+00      9.7744E-01      7.8170E+01      1.0022E+02      1.0000E+00
      8.5073E-01      1.1916E+00      1.0854E+00      1.3763E+00      6.8962E-01      6.7599E+01      1.0784E+02      1.0000E+00
      7.3373E-01      1.2029E+00      1.0436E+00      1.4322E+00      5.9321E-01      7.6660E+01      1.0167E+02      1.0000E+00
      5.9315E-01      1.3932E+00      1.2957E+00      1.6398E+00      3.1820E-01      7.1869E+01      1.2945E+02      1.0000E+00
      6.4235E-01      1.0573E+00      1.0198E+00      1.0730E+00      6.2476E-01      7.9079E+01      1.0032E+02      1.0000E+00
      3.8831E-01      1.3949E+00      1.2538E+00      1.7681E+00      2.0843E-01      7.1211E+01      1.2641E+02      1.0000E+00
      4.7871E-01      1.1712E+00      1.1175E+00      1.4313E+00      3.3297E-01      7.9168E+01      1.1490E+02      1.0000E+00
      5.7164E-01      1.3816E+00      1.3993E+00      1.6099E+00      2.8079E-01      7.0714E+01      1.3438E+02      1.0000E+00
      9.0615E-01      1.4137E+00      1.3747E+00      1.7715E+00      5.2851E-01      6.1315E+01      1.3087E+02      1.0000E+00
      4.6391E-01      1.1380E+00      1.0529E+00      1.2513E+00      3.9818E-01      7.1998E+01      1.0385E+02      1.0000E+00
      7.9570E-01      1.5331E+00      1.3518E+00      2.1258E+00      4.8077E-01      5.8137E+01      1.2527E+02      1.0000E+00
      3.5051E-01      1.4188E+00      1.3352E+00      1.8042E+00      1.9017E-01      6.6197E+01      1.3001E+02      1.0000E+00
      7.1654E-01      1.0388E+00      1.0120E+00      1.0846E+00      6.7725E-01      8.1167E+01      9.6993E+01      1.0000E+00
      4.7803E-01      1.2538E+00      1.3185E+00      1.4280E+00      2.6515E-01      7.4678E+01      1.3067E+02      1.0000E+00
      2.1735E+00      1.1754E+00      1.1609E+00      1.3018E+00      1.5619E+00      7.3503E+01      1.2031E+02      1.0000E+00
      2.1490E+00      1.1777E+00      1.1448E+00      1.3707E+00      1.5305E+00      7.4694E+01      1.1827E+02      1.0000E+00
      8.3592E-01      1.6268E+00      1.5273E+00      2.2191E+00      4.6976E-01      5.2395E+01      1.3273E+02      1.0000E+00
      5.1842E-01      1.1919E+00      1.0577E+00      1.3998E+00      3.6562E-01      7.1126E+01      1.0537E+02      1.0000E+00
      6.9872E-01      1.4581E+00      1.3424E+00      1.9019E+00      4.6063E-01      5.2816E+01      1.2189E+02      1.0000E+00
      9.0369E-01      1.5863E+00      1.5621E+00      1.9379E+00      4.9700E-01      5.2636E+01      1.3745E+02      1.0000E+00
      6.8887E-01      1.4608E+00      1.3182E+00      1.9695E+00      4.3433E-01      5.3956E+01      1.1881E+02      1.0000E+00
      4.4169E-01      1.1040E+00      1.0535E+00      1.2405E+00      3.8832E-01      7.3014E+01      1.0374E+02      1.0000E+00
      7.4915E-01      1.5389E+00      1.4162E+00      2.0634E+00      4.4695E-01      5.5746E+01      1.2925E+02      1.0000E+00
      7.5345E-01      1.4916E+00      1.3865E+00      2.1636E+00      4.3972E-01      5.9469E+01      1.2548E+02      1.0000E+00
      4.1195E-01      1.1166E+00      1.0389E+00      1.2471E+00      3.3671E-01      8.4360E+01      1.0528E+02      1.0000E+00
      6.7358E-01      1.0887E+00      1.0145E+00      1.1571E+00      6.0569E-01      8.0827E+01      9.4634E+01      1.0000E+00
      5.9004E-01      1.0180E+00      1.0011E+00      1.0462E+00      5.7805E-01      8.8598E+01      9.0900E+01      1.0000E+00
      5.3403E-01      1.0788E+00      1.0104E+00      1.1458E+00      4.8757E-01      8.6764E+01      9.6822E+01      1.0000E+00
      5.7455E-01      1.0207E+00      1.0012E+00      1.0472E+00      5.5633E-01      8.7447E+01      9.1073E+01      1.0000E+00
      6.4809E-01      1.1731E+00      1.0654E+00      1.4498E+00      4.8618E-01      7.8648E+01      1.0681E+02      1.0000E+00
      4.1748E-01      1.1053E+00      1.0151E+00      1.1887E+00      3.7788E-01      8.3751E+01      9.4876E+01      1.0000E+00
      4.3291E-01      1.0886E+00      1.0155E+00      1.1923E+00      3.8556E-01      8.4019E+01      9.6528E+01      1.0000E+00
      5.9814E-01      1.1467E+00      1.0278E+00      1.3058E+00      5.0631E-01      7.8105E+01      9.9343E+01      1.0000E+00
      5.9917E-01      1.1114E+00      1.0317E+00      1.2010E+00      5.3177E-01      7.6199E+01      1.0105E+02      1.0000E+00
      3.2473E-01      1.4650E+00      1.2530E+00      1.7631E+00      1.9447E-01      6.4880E+01      1.2620E+02      1.0000E+00
      5.4643E-01      1.0387E+00      1.0049E+00      1.0780E+00      5.1751E-01      8.4459E+01      9.2569E+01      1.0000E+00
      4.2291E-01      1.1229E+00      1.0255E+00      1.2506E+00      3.5839E-01      7.9154E+01      9.6728E+01      1.0000E+00
      6.7331E-01      1.0912E+00      1.0326E+00      1.1805E+00      5.8663E-01      7.5579E+01      9.8336E+01      1.0000E+00
      6.2424E-01      1.1648E+00      1.0250E+00      1.3411E+00      5.2585E-01      7.9860E+01      9.8749E+01      1.0000E+00
      5.2905E-01      1.2640E+00      1.3228E+00      1.4500E+00      2.8592E-01      7.5503E+01      1.3089E+02      1.0000E+00
      7.9850E-01      1.0364E+00      1.0280E+00      1.0314E+00      7.8400E-01      7.6594E+01      1.0287E+02      1.0000E+00
      6.1087E-01      1.1770E+00      1.0381E+00      1.3450E+00      5.1281E-01      7.6412E+01      1.0195E+02      1.0000E+00
      4.3827E-01      1.1287E+00      1.0279E+00      1.2573E+00      3.7418E-01      8.3703E+01      1.0062E+02      1.0000E+00
      3.6782E-01      1.5760E+00      1.4061E+00      1.8402E+00      2.0940E-01      5.6870E+01      1.3363E+02      1.0000E+00
      1.7075E+00      1.3635E+00      1.2977E+00      1.7911E+00      8.9174E-01      7.2209E+01      1.2815E+02      1.0000E+00
      5.9069E-01      1.3748E+00      1.1487E+00      1.7070E+00      4.1661E-01      6.2639E+01      1.1288E+02      1.0000E+00
      3.4879E-01      1.2035E+00      1.1102E+00      1.4297E+00      2.2736E-01      7.5073E+01      1.1559E+02      1.0000E+00
      9.8019E-01      1.6468E+00      1.3715E+00      2.4394E+00      5.1476E-01      6.0212E+01      1.2582E+02      1.0000E+00
      5.2549E-01      1.1574E+00      1.0540E+00      1.3167E+00      4.3821E-01      7.1950E+01      1.0403E+02      1.0000E+00
      9.9253E-01      1.3992E+00      1.3528E+00      1.7183E+00      5.9809E-01      6.1358E+01      1.3015E+02      1.0000E+00
      6.1567E-01      1.3864E+00      1.4333E+00      1.6466E+00      2.9823E-01      6.9106E+01      1.3565E+02      1.0000E+00
      8.1935E-02      1.4118E+00      1.1788E+00      1.7377E+00      5.2269E-02      6.8313E+01      1.2053E+02      1.0000E+00
      9.9531E-02      1.0408E+00      1.0083E+00      1.1193E+00      9.2516E-02      8.4257E+01      9.4003E+01      1.0000E+00
      3.6873E-01      1.1058E+00      1.0603E+00      1.1924E+00      2.9659E-01      8.1453E+01      1.0942E+02      1.0000E+00
      1.8736E-01      1.0994E+00      1.0404E+00      1.1819E+00      1.6435E-01      7.4001E+01      1.0062E+02      1.0000E+00
      2.5467E-01      1.1134E+00      1.0300E+00      1.1834E+00      2.3266E-01      7.7201E+01      1.0249E+02      1.0000E+00
      2.4594E-01      1.1608E+00      1.0674E+00      1.2968E+00      2.0309E-01      6.9695E+01      1.0062E+02      1.0000E+00
      1.3360E-01      1.6417E+00      1.2555E+00      2.2090E+00      7.0635E-02      6.2004E+01      1.2330E+02      1.0000E+00
      8.8009E-02      1.1437E+00      1.1049E+00      1.3014E+00      6.6935E-02      7.6338E+01      1.1446E+02      1.0000E+00
      1.2839E-01      1.4940E+00      1.2041E+00      1.8012E+00      7.9608E-02      6.6312E+01      1.2224E+02      1.0000E+00
      2.2310E-01      1.2045E+00      1.0503E+00      1.4040E+00      1.8173E-01      7.4154E+01      1.0368E+02      1.0000E+00
      2.2279E-01      1.1380E+00      1.1005E+00      1.2254E+00      1.9863E-01      6.6470E+01      1.1232E+02      1.0000E+00
      1.1862E-01      1.4312E+00      1.2028E+00      1.8381E+00      6.2578E-02      6.6024E+01      1.2325E+02      1.0000E+00
      1.4006E-01      1.1239E+00      1.0243E+00      1.2767E+00      1.1715E-01      7.8649E+01      9.7343E+01      1.0000E+00
      9.1115E-02      1.3955E+00      1.3118E+00      1.7491E+00      5.1635E-02      6.6188E+01      1.2886E+02      1.0000E+00
      1.5456E-01      1.0693E+00      1.0187E+00      1.1229E+00      1.4211E-01      7.9140E+01      9.7972E+01      1.0000E+00
      1.1124E-01      1.2978E+00      1.3665E+00      1.4667E+00      6.1993E-02      6.9207E+01      1.3289E+02      1.0000E+00
      1.4498E-01      1.1550E+00      1.0369E+00      1.3308E+00      1.2399E-01      7.7661E+01      1.0198E+02      1.0000E+00
      1.4486E-01      1.0215E+00      1.0019E+00      1.0422E+00      1.4117E-01      8.6598E+01      9.2838E+01      1.0000E+00
      1.6424E-01      1.0826E+00      1.0196E+00      1.1349E+00      1.4978E-01      7.9097E+01      9.7813E+01      1.0000E+00
      1.6795E-01      1.0885E+00      1.0251E+00      1.1419E+00      1.5117E-01      7.7496E+01      9.8239E+01      1.0000E+00
      1.3031E-01      1.0443E+00      1.0114E+00      1.1251E+00      1.2043E-01      8.2402E+01      9.5397E+01      1.0000E+00
      1.6166E-01      1.1535E+00      1.0560E+00      1.2807E+00      1.3471E-01      7.1531E+01      9.9786E+01      1.0000E+00
      1.4024E-01      1.0187E+00      1.0021E+00      1.0313E+00      1.3744E-01      8.6392E+01      9.2728E+01      1.0000E+00
      1.4287E-01      1.1534E+00      1.0283E+00      1.3257E+00      1.2081E-01      7.8875E+01      9.9388E+01      1.0000E+00
      1.3364E-01      1.2866E+00      1.2159E+00      1.5087E+00      7.7679E-02      7.5811E+01      1.2465E+02      1.0000E+00
      1.4781E-01      1.0416E+00      1.0110E+00      1.0799E+00      1.4132E-01      8.1641E+01      9.7655E+01      1.0000E+00
      8.6321E-02      1.3759E+00      1.3002E+00      1.7192E+00      4.8141E-02      6.8399E+01      1.2863E+02      1.0000E+00
      1.1781E-01      1.2836E+00      1.3039E+00      1.4692E+00      6.7431E-02      7.1762E+01      1.2986E+02      1.0000E+00
      1.5104E-01      1.5185E+00      1.5149E+00      2.2440E+00      5.5231E-02      5.9669E+01      1.3686E+02      1.0000E+00
      1.6319E-01      1.7883E+00      1.3437E+00      2.6335E+00      6.3034E-02      5.0534E+01      1.2946E+02      1.0000E+00
      5.5291E-01      1.1462E+00      1.0347E+00      1.3292E+00      4.7256E-01      7.9113E+01      1.0133E+02      1.0000E+00
      5.7445E-01      1.0558E+00      1.0059E+00      1.1031E+00      5.4360E-01      8.4458E+01      9.3022E+01      1.0000E+00
      3.3532E-01      1.3955E+00      1.3287E+00      1.7221E+00      1.8525E-01      6.6633E+01      1.3021E+02      1.0000E+00
      5.8089E-01      1.0295E+00      1.0094E+00      1.0805E+00      5.5687E-01      8.2975E+01      9.6687E+01      1.0000E+00
      5.7878E-01      1.0512E+00      1.0029E+00      1.0714E+00      5.5909E-01      8.7717E+01      9.2063E+01      1.0000E+00
      4.6689E-01      1.0996E+00      1.0103E+00      1.1934E+00      4.1619E-01      8.3037E+01      9.5601E+01      1.0000E+00
      5.8497E-01      1.0094E+00      1.0016E+00      1.0300E+00      5.7562E-01      8.7423E+01      9.2824E+01      1.0000E+00
      6.3505E-01      1.1438E+00      1.0279E+00      1.3035E+00      5.3364E-01      7.7814E+01      9.8766E+01      1.0000E+00
      4.6149E-01      1.2940E+00      1.3165E+00      1.4598E+00      2.6445E-01      7.0699E+01      1.3054E+02      1.0000E+00
      6.5819E-01      1.0752E+00      1.0238E+00      1.1268E+00      5.9620E-01      7.7690E+01      9.7861E+01      1.0000E+00
      6.1293E-01      1.1757E+00      1.0792E+00      1.3366E+00      5.2440E-01      7.0581E+01      1.0936E+02      1.0000E+00
      5.6551E-01      1.1614E+00      1.0344E+00      1.3364E+00      4.7810E-01      7.7486E+01      1.0121E+02      1.0000E+00
      5.3309E-01      1.0887E+00      1.0111E+00      1.1695E+00      4.8068E-01      8.4287E+01      9.7921E+01      1.0000E+00
      1.6628E-01      1.3717E+00      1.2520E+00      1.4870E+00      1.2457E-01      5.3179E+01      1.1695E+02      1.0000E+00
      2.4725E-01      1.8013E+00      1.6543E+00      2.3538E+00      1.2066E-01      4.9817E+01      1.3894E+02      1.0000E+00
      1.3720E-01      1.2225E+00      1.0785E+00      1.2779E+00      1.1511E-01      7.2084E+01      1.1127E+02      1.0000E+00
      1.2469E-01      1.2828E+00      1.0908E+00      1.4487E+00      9.6074E-02      6.8930E+01      1.0555E+02      1.0000E+00
      6.2077E-02      1.2472E+00      1.0611E+00      1.3929E+00      5.0789E-02      7.6715E+01      1.0503E+02      1.0000E+00
      3.4801E-02      1.1934E+00      1.0465E+00      1.3314E+00      2.8730E-02      7.7204E+01      1.0603E+02      1.0000E+00
      2.3107E-01      1.5800E+00      1.4569E+00      2.0404E+00      1.2783E-01      5.5774E+01      1.3313E+02      1.0000E+00
      1.2305E-01      1.1142E+00      1.0279E+00      1.2482E+00      1.0709E-01      8.5579E+01      1.0159E+02      1.0000E+00
      2.0689E-01      1.4607E+00      1.3635E+00      2.0379E+00      1.2713E-01      5.8978E+01      1.2528E+02      1.0000E+00
      1.3730E-01      1.1553E+00      1.0441E+00      1.3513E+00      1.1058E-01      8.0421E+01      1.0461E+02      1.0000E+00
      1.9299E-01      1.0429E+00      1.0150E+00      1.0727E+00      1.8436E-01      8.0200E+01      9.7403E+01      1.0000E+00
      1.3408E-01      1.2063E+00      1.1167E+00      1.3767E+00      9.2282E-02      7.9087E+01      1.1637E+02      1.0000E+00
      5.8893E-02      1.5831E+00      1.4124E+00      2.1288E+00      3.2836E-02      5.7129E+01      1.3028E+02      1.0000E+00
      3.0617E-02      1.0789E+00      1.0339E+00      1.1785E+00      2.6356E-02      8.2501E+01      1.0420E+02      1.0000E+00
      5.2896E-02      1.4854E+00      1.3607E+00      2.0454E+00      3.2721E-02      5.8086E+01      1.2552E+02      1.0000E+00
      2.1445E-02      1.3573E+00      1.4256E+00      1.6448E+00      1.1597E-02      6.4634E+01      1.3439E+02      1.0000E+00
      3.7829E-02      1.0347E+00      1.0083E+00      1.0700E+00      3.5436E-02      8.6077E+01      9.7325E+01      1.0000E+00
      2.9329E-02      1.3144E+00      1.3959E+00      1.4641E+00      1.5802E-02      6.9165E+01      1.3424E+02      1.0000E+00
      4.5414E-02      1.0668E+00      1.0159E+00      1.1283E+00      4.0328E-02      7.9836E+01      9.3805E+01      1.0000E+00
      4.2158E-02      1.0572E+00      1.0180E+00      1.1107E+00      3.9066E-02      7.9241E+01      9.8041E+01      1.0000E+00
      3.5705E-02      1.1342E+00      1.0369E+00      1.3126E+00      3.0564E-02      7.7877E+01      1.0100E+02      1.0000E+00
      2.3085E-02      1.4285E+00      1.3287E+00      1.7794E+00      1.3008E-02      6.4467E+01      1.2974E+02      1.0000E+00
      5.0692E-02      1.4721E+00      1.3851E+00      1.9928E+00      3.0506E-02      5.8301E+01      1.2785E+02      1.0000E+00
      3.0554E-02      1.1197E+00      1.0329E+00      1.2373E+00      2.4150E-02      8.0312E+01      1.0449E+02      1.0000E+00
      5.0168E-02      1.4776E+00      1.3860E+00      2.0049E+00      3.0339E-02      5.7965E+01      1.2766E+02      1.0000E+00
      3.7361E-02      1.0500E+00      1.0054E+00      1.0742E+00      3.5825E-02      8.4805E+01      9.4564E+01      1.0000E+00
      4.0733E-02      1.0601E+00      1.0161E+00      1.1231E+00      3.7697E-02      7.9870E+01      9.7997E+01      1.0000E+00
      4.5371E-02      1.0692E+00      1.0175E+00      1.1282E+00      4.0786E-02      7.9373E+01      9.5098E+01      1.0000E+00
      3.7719E-02      1.0371E+00      1.0069E+00      1.0796E+00      3.5464E-02      8.5824E+01      9.6531E+01      1.0000E+00
      3.8827E-02      1.0858E+00      1.0222E+00      1.2153E+00      3.3684E-02      7.9301E+01      9.6225E+01      1.0000E+00
      3.0738E-02      1.0633E+00      1.0102E+00      1.1525E+00      2.8876E-02      8.6579E+01      9.3347E+01      1.0000E+00
      3.5273E-02      1.0255E+00      1.0011E+00      1.0373E+00      3.4575E-02      8.8053E+01      9.2113E+01      1.0000E+00
      3.4996E-02      1.0097E+00      1.0004E+00      1.0144E+00      3.4713E-02      8.8600E+01      9.1502E+01      1.0000E+00
      2.7852E-02      1.0890E+00      1.0167E+00      1.1961E+00      2.6495E-02      8.5820E+01      9.1922E+01      1.0000E+00
      2.6303E-02      1.1089E+00      1.0192E+00      1.2101E+00      2.5561E-02      8.5132E+01      9.3822E+01      1.0000E+00
      3.2905E-02      1.0294E+00      1.0061E+00      1.0805E+00      3.1291E-02      8.4062E+01      9.4650E+01      1.0000E+00
      3.0371E-02      1.0432E+00      1.0082E+00      1.0977E+00      2.9572E-02      8.4386E+01      9.4995E+01      1.0000E+00
      5.6582E-01      1.2113E+00      1.0587E+00      1.3990E+00      4.0667E-01      7.6196E+01      1.0906E+02      1.0000E+00
      1.8541E-01      1.5793E+00      1.4178E+00      2.1239E+00      9.3993E-02      6.0479E+01      1.3212E+02      1.0000E+00
      1.4237E-01      1.4174E+00      1.2369E+00      1.7611E+00      1.0211E-01      5.8421E+01      1.2052E+02      1.0000E+00
      1.0366E-01      1.1115E+00      1.0486E+00      1.2194E+00      8.4374E-02      8.1691E+01      1.0736E+02      1.0000E+00
      5.2197E-01      1.0965E+00      1.0226E+00      1.1821E+00      4.4714E-01      8.4445E+01      1.0198E+02      1.0000E+00
      5.9045E-01      1.0861E+00      1.0176E+00      1.1577E+00      5.3478E-01      7.9751E+01      9.5617E+01      1.0000E+00
      5.0915E-01      1.1829E+00      1.1144E+00      1.3407E+00      3.5289E-01      8.0808E+01      1.1616E+02      1.0000E+00
      2.0742E-01      1.5965E+00      1.4810E+00      2.1903E+00      1.1261E-01      5.5497E+01      1.3210E+02      1.0000E+00
      1.1240E-01      1.1093E+00      1.0265E+00      1.2008E+00      9.3893E-02      8.4073E+01      1.0304E+02      1.0000E+00
      1.9791E-01      1.4570E+00      1.3466E+00      2.0115E+00      1.2291E-01      5.9289E+01      1.2486E+02      1.0000E+00
      1.2388E-01      1.1769E+00      1.0581E+00      1.2564E+00      1.0422E-01      7.6698E+01      1.0896E+02      1.0000E+00
      1.4421E-01      1.0810E+00      1.0155E+00      1.1808E+00      1.2876E-01      8.1290E+01      9.3489E+01      1.0000E+00
      1.2849E-01      1.1617E+00      1.1023E+00      1.2969E+00      9.5515E-02      7.9520E+01      1.1474E+02      1.0000E+00
      5.6351E-02      1.4235E+00      1.3015E+00      2.0451E+00      3.3752E-02      6.4162E+01      1.2207E+02      1.0000E+00
      3.5916E-02      1.1872E+00      1.0733E+00      1.3952E+00      2.5073E-02      7.6027E+01      1.1106E+02      1.0000E+00
      5.4057E-02      1.5002E+00      1.3481E+00      1.9700E+00      3.3708E-02      5.7578E+01      1.2687E+02      1.0000E+00
      2.0934E-02      1.4770E+00      1.4078E+00      1.9458E+00      1.0722E-02      6.3412E+01      1.3246E+02      1.0000E+00
      3.5437E-02      1.1756E+00      1.0471E+00      1.3899E+00      2.9313E-02      7.7488E+01      1.0358E+02      1.0000E+00
      2.6288E-02      1.1073E+00      1.0215E+00      1.2081E+00      2.4872E-02      8.5202E+01      9.7323E+01      1.0000E+00
      2.8952E-02      1.0759E+00      1.0208E+00      1.1775E+00      2.5958E-02      8.4535E+01      1.0027E+02      1.0000E+00
      3.0635E-02      1.0534E+00      1.0069E+00      1.1139E+00      2.9442E-02      8.6932E+01      9.5000E+01      1.0000E+00
      3.3137E-02      1.0346E+00      1.0059E+00      1.0884E+00      3.1407E-02      8.6575E+01      9.5410E+01      1.0000E+00
      3.9260E-02      1.1724E+00      1.0454E+00      1.3151E+00      3.3245E-02      7.4500E+01      1.0335E+02      1.0000E+00
      4.3918E-02      1.1046E+00      1.0272E+00      1.1809E+00      3.8545E-02      7.7058E+01      9.7239E+01      1.0000E+00
      3.6122E-02      1.0303E+00      1.0015E+00      1.0564E+00      3.5084E-02      8.7407E+01      9.2438E+01      1.0000E+00
      3.7693E-02      1.0085E+00      1.0009E+00      1.0287E+00      3.7227E-02      8.8242E+01      9.1738E+01      1.0000E+00
      4.1908E-02      1.0610E+00      1.0142E+00      1.1387E+00      3.8412E-02      8.3289E+01      9.8732E+01      1.0000E+00
      4.6776E-02      1.0572E+00      1.0081E+00      1.1271E+00      4.2359E-02      8.2771E+01      9.3573E+01      1.0000E+00
      3.7330E-02      1.0267E+00      1.0009E+00      1.0422E+00      3.6211E-02      8.7908E+01      9.1359E+01      1.0000E+00
      3.8422E-02      1.0336E+00      1.0016E+00      1.0637E+00      3.6694E-02      8.8015E+01      9.3178E+01      1.0000E+00
      5.1015E-02      1.4646E+00      1.3491E+00      2.0146E+00      3.0812E-02      5.9930E+01      1.2581E+02      1.0000E+00
      3.0020E-02      1.1212E+00      1.0444E+00      1.2295E+00      2.3623E-02      8.2236E+01      1.0677E+02      1.0000E+00
      4.9851E-02      1.4991E+00      1.3783E+00      2.0299E+00      3.0136E-02      5.7700E+01      1.2742E+02      1.0000E+00
      3.7851E-02      1.0163E+00      1.0009E+00      1.0241E+00      3.7382E-02      8.7855E+01      9.2088E+01      1.0000E+00
      3.6591E-02      1.0091E+00      1.0001E+00      1.0141E+00      3.6246E-02      8.9579E+01      9.0662E+01      1.0000E+00
      3.7172E-02      1.0148E+00      1.0008E+00      1.0275E+00      3.6489E-02      8.7734E+01      9.1316E+01      1.0000E+00
      3.6532E-02      1.0028E+00      1.0000E+00      1.0076E+00      3.6388E-02      8.9818E+01      9.0268E+01      1.0000E+00
      3.7463E-02      1.0322E+00      1.0023E+00      1.0490E+00      3.6167E-02      8.7243E+01      9.3923E+01      1.0000E+00
      4.3973E-02      1.0553E+00      1.0118E+00      1.1069E+00      3.9813E-02      8.1227E+01      9.3420E+01      1.0000E+00
      3.7017E-02      1.0090E+00      1.0007E+00      1.0174E+00      3.6495E-02      8.7910E+01      9.1449E+01      1.0000E+00
      3.7141E-02      1.0359E+00      1.0033E+00      1.0546E+00      3.5672E-02      8.6767E+01      9.4642E+01      1.0000E+00
      1.4511E-01      1.0464E+00      1.0062E+00      1.0751E+00      1.3691E-01      8.6039E+01      9.6361E+01      1.0000E+00
      1.7639E-01      1.0617E+00      1.0149E+00      1.1167E+00      1.5967E-01      8.0177E+01      9.4492E+01      1.0000E+00
      1.5776E-01      1.0360E+00      1.0084E+00      1.0665E+00      1.5071E-01      8.2660E+01      9.4817E+01      1.0000E+00
      1.5117E-01      1.0328E+00      1.0052E+00      1.0532E+00      1.4527E-01      8.5571E+01      9.5826E+01      1.0000E+00
      1.9745E-01      1.5005E+00      1.3994E+00      2.0292E+00      1.1826E-01      5.7190E+01      1.2840E+02      1.0000E+00
      1.1926E-01      1.1167E+00      1.0325E+00      1.2322E+00      9.4130E-02      8.0100E+01      1.0441E+02      1.0000E+00
      1.9643E-01      1.4788E+00      1.3788E+00      2.0074E+00      1.1977E-01      5.7923E+01      1.2719E+02      1.0000E+00
      1.2709E-01      1.1588E+00      1.1161E+00      1.2830E+00      9.0564E-02      7.9985E+01      1.1636E+02      1.0000E+00
      1.5439E-01      1.0380E+00      1.0098E+00      1.0687E+00      1.4511E-01      8.1993E+01      9.4620E+01      1.0000E+00
      1.3481E-01      1.1859E+00      1.1418E+00      1.3475E+00      9.6455E-02      7.4607E+01      1.1846E+02      1.0000E+00
      4.9421E-02      1.4983E+00      1.3763E+00      2.0272E+00      2.9735E-02      5.7953E+01      1.2749E+02      1.0000E+00
      2.9577E-02      1.1180E+00      1.0402E+00      1.2302E+00      2.3371E-02      8.1796E+01      1.0597E+02      1.0000E+00
      5.0171E-02      1.4819E+00      1.3631E+00      2.0413E+00      2.9895E-02      5.9382E+01      1.2654E+02      1.0000E+00
      1.4846E-01      1.0327E+00      1.0046E+00      1.0427E+00      1.4508E-01      8.4987E+01      9.5214E+01      1.0000E+00
      1.7380E-01      1.0653E+00      1.0179E+00      1.1284E+00      1.5585E-01      7.9232E+01      9.5104E+01      1.0000E+00
      1.4329E-01      1.1411E+00      1.0568E+00      1.2547E+00      1.2322E-01      7.4778E+01      1.0784E+02      1.0000E+00
      1.3815E-01      1.1096E+00      1.0161E+00      1.2070E+00      1.1658E-01      8.2126E+01      1.0015E+02      1.0000E+00
      6.7598E-01      1.1065E+00      1.0484E+00      1.2540E+00      5.8687E-01      7.3872E+01      1.0193E+02      1.0000E+00
      7.6838E-01      1.1479E+00      1.0362E+00      1.2222E+00      6.5394E-01      7.9618E+01      1.0517E+02      1.0000E+00
      6.4822E-01      1.0261E+00      1.0118E+00      1.0473E+00      6.3732E-01      8.1495E+01      9.8368E+01      1.0000E+00
      6.0719E-01      1.0534E+00      1.0146E+00      1.0781E+00      5.7330E-01      8.2634E+01      9.9723E+01      1.0000E+00
      6.5306E-01      1.3695E+00      1.3883E+00      1.7483E+00      4.3698E-01      5.6998E+01      1.2805E+02      1.0000E+00
      4.5513E-01      1.1346E+00      1.0308E+00      1.2718E+00      3.5087E-01      7.5961E+01      1.0244E+02      1.0000E+00
      7.0668E-01      1.4315E+00      1.4205E+00      1.9174E+00      4.2562E-01      5.8056E+01      1.2951E+02      1.0000E+00
      5.0585E-01      1.1726E+00      1.1092E+00      1.3165E+00      3.5297E-01      8.0819E+01      1.1563E+02      1.0000E+00
      6.1632E-01      1.0400E+00      1.0148E+00      1.0689E+00      5.8231E-01      8.0210E+01      9.6803E+01      1.0000E+00
      5.1092E-01      1.1602E+00      1.1044E+00      1.3016E+00      3.6310E-01      8.1065E+01      1.1510E+02      1.0000E+00
      1.9778E-01      1.4795E+00      1.3870E+00      2.0124E+00      1.2040E-01      5.7668E+01      1.2743E+02      1.0000E+00
      1.2843E-01      1.1578E+00      1.0394E+00      1.3199E+00      9.4356E-02      7.4173E+01      1.0494E+02      1.0000E+00
      1.9977E-01      1.4759E+00      1.3868E+00      2.0047E+00      1.2090E-01      5.7962E+01      1.2763E+02      1.0000E+00
      5.9530E-01      1.0322E+00      1.0094E+00      1.0450E+00      5.7297E-01      8.3826E+01      9.7824E+01      1.0000E+00
      6.9186E-01      1.0837E+00      1.0256E+00      1.1331E+00      6.2785E-01      7.7332E+01      9.8555E+01      1.0000E+00
      6.3544E-01      1.0299E+00      1.0115E+00      1.0502E+00      6.0974E-01      8.1341E+01      9.6537E+01      1.0000E+00
      5.9359E-01      1.0290E+00      1.0096E+00      1.0637E+00      5.6722E-01      8.3785E+01      9.7654E+01      1.0000E+00
      1.9979E+00      1.3486E+00      1.1096E+00      1.6277E+00      1.2831E+00      6.9373E+01      1.1259E+02      1.0000E+00
      2.9478E+00      1.0896E+00      1.0156E+00      1.1599E+00      2.6803E+00      8.4563E+01      9.9602E+01      1.0000E+00
      1.9798E+00      1.1560E+00      1.0829E+00      1.3566E+00      1.4178E+00      7.9389E+01      1.1206E+02      1.0000E+00
      7.8477E-01      1.4327E+00      1.3861E+00      1.9919E+00      4.8778E-01      5.8458E+01      1.2603E+02      1.0000E+00
      4.6832E-01      1.1304E+00      1.0278E+00      1.2642E+00      3.7561E-01      7.9237E+01      1.0209E+02      1.0000E+00
      7.9026E-01      1.5430E+00      1.4822E+00      2.0452E+00      4.6541E-01      5.3905E+01      1.3188E+02      1.0000E+00
      2.2762E+00      1.1740E+00      1.1368E+00      1.3035E+00      1.6204E+00      7.6573E+01      1.1834E+02      1.0000E+00
      2.3461E+00      1.1619E+00      1.1221E+00      1.2751E+00      1.9071E+00      6.9908E+01      1.1600E+02      1.0000E+00
      8.2808E-01      1.6357E+00      1.7472E+00      2.2194E+00      3.9883E-01      5.1470E+01      1.4026E+02      1.0000E+00
      2.3661E-01      1.3206E+00      1.2222E+00      1.6014E+00      1.6837E-01      6.3222E+01      1.2187E+02      1.0000E+00
      6.4608E-01      1.8468E+00      1.6620E+00      2.7487E+00      3.2702E-01      4.5498E+01      1.3030E+02      1.0000E+00
      8.9447E-01      1.4885E+00      1.2837E+00      2.0353E+00      5.8930E-01      5.9128E+01      1.2086E+02      1.0000E+00
      1.0369E+00      1.6178E+00      1.3652E+00      2.1280E+00      5.8919E-01      5.7424E+01      1.2895E+02      1.0000E+00
      5.6841E-01      1.1128E+00      1.0706E+00      1.2537E+00      4.5436E-01      7.8890E+01      1.1019E+02      1.0000E+00
      9.2236E-02      1.4376E+00      1.1988E+00      1.9681E+00      4.9740E-02      6.5695E+01      1.2101E+02      1.0000E+00
      1.2063E-01      1.2513E+00      1.2751E+00      1.4676E+00      6.8593E-02      7.6194E+01      1.2824E+02      1.0000E+00
      1.3720E-01      1.1670E+00      1.0288E+00      1.2361E+00      1.2078E-01      8.3325E+01      9.8105E+01      1.0000E+00
      1.5169E-01      1.1172E+00      1.0506E+00      1.2282E+00      1.3047E-01      7.2186E+01      1.0101E+02      1.0000E+00
      6.3054E-01      1.1474E+00      1.0648E+00      1.2641E+00      4.8998E-01      8.0708E+01      1.1005E+02      1.0000E+00
      6.9270E-01      1.0379E+00      1.0071E+00      1.0910E+00      6.5032E-01      8.3220E+01      9.4257E+01      1.0000E+00
      5.1020E-01      1.2238E+00      1.0739E+00      1.3661E+00      4.0562E-01      7.3904E+01      1.1084E+02      1.0000E+00
      2.1854E-01      1.6294E+00      1.3785E+00      2.0275E+00      1.3650E-01      5.3381E+01      1.2951E+02      1.0000E+00
      1.3128E-01      1.2137E+00      1.0685E+00      1.2968E+00      1.1192E-01      7.5399E+01      1.0836E+02      1.0000E+00
      2.4088E-01      1.4536E+00      1.2794E+00      2.0534E+00      1.4236E-01      6.4691E+01      1.2213E+02      1.0000E+00
      3.2996E-01      1.1032E+00      1.0207E+00      1.1634E+00      2.8951E-01      8.3443E+01      1.0155E+02      1.0000E+00
      2.0572E-01      1.1728E+00      1.0378E+00      1.3145E+00      1.7381E-01      7.6823E+01      9.6855E+01      1.0000E+00
      2.3516E-01      1.1596E+00      1.1833E+00      1.2885E+00      1.8637E-01      6.6527E+01      1.2054E+02      1.0000E+00
      2.5837E-01      1.0723E+00      1.0240E+00      1.1751E+00      2.3703E-01      7.9559E+01      1.0016E+02      1.0000E+00
      1.3010E-01      1.4716E+00      1.1865E+00      1.7360E+00      8.7201E-02      6.6782E+01      1.1868E+02      1.0000E+00
      9.9493E-02      1.1385E+00      1.1211E+00      1.2336E+00      7.5403E-02      7.6422E+01      1.1682E+02      1.0000E+00
      1.5066E-01      1.6112E+00      1.2573E+00      2.0769E+00      7.9266E-02      6.3205E+01      1.2450E+02      1.0000E+00
      2.3640E-01      1.2402E+00      1.0803E+00      1.4249E+00      1.7338E-01      6.8354E+01      9.9619E+01      1.0000E+00
      2.6419E-01      1.0660E+00      1.0273E+00      1.0987E+00      2.4275E-01      8.0838E+01      1.0320E+02      1.0000E+00
      1.3545E-01      1.4149E+00      1.2670E+00      1.8946E+00      7.1609E-02      6.9915E+01      1.2594E+02      1.0000E+00
      7.9916E-02      1.3675E+00      1.3862E+00      1.7250E+00      4.2759E-02      6.6336E+01      1.3235E+02      1.0000E+00
      1.4020E-01      1.0385E+00      1.0052E+00      1.0598E+00      1.3547E-01      8.4719E+01      9.5778E+01      1.0000E+00
      1.3785E-01      1.2107E+00      1.0512E+00      1.3883E+00      1.1389E-01      7.5515E+01      1.0562E+02      1.0000E+00
      1.3969E-01      1.0412E+00      1.0030E+00      1.0659E+00      1.3368E-01      8.6045E+01      9.2436E+01      1.0000E+00
      1.4032E-01      1.0281E+00      1.0015E+00      1.0452E+00      1.3702E-01      8.7343E+01      9.2494E+01      1.0000E+00
      1.4404E-01      1.1776E+00      1.0360E+00      1.3529E+00      1.2146E-01      7.7146E+01      1.0203E+02      1.0000E+00
      1.4564E-01      1.0497E+00      1.0114E+00      1.0844E+00      1.3819E-01      8.1585E+01      9.7074E+01      1.0000E+00
      8.5725E-02      1.3701E+00      1.3137E+00      1.7149E+00      4.7431E-02      6.8265E+01      1.2929E+02      1.0000E+00
      1.6579E-01      1.1002E+00      1.0286E+00      1.1584E+00      1.5063E-01      7.6974E+01      9.9471E+01      1.0000E+00
      1.6693E-01      1.1019E+00      1.0299E+00      1.1642E+00      1.4943E-01      7.6498E+01      9.9082E+01      1.0000E+00
      1.3944E-01      1.0529E+00      1.0089E+00      1.0831E+00      1.3378E-01      8.2984E+01      9.6930E+01      1.0000E+00
      1.4478E-01      1.1837E+00      1.0339E+00      1.3519E+00      1.2136E-01      7.8084E+01      1.0050E+02      1.0000E+00
      1.1739E-01      1.2776E+00      1.2966E+00      1.4661E+00      6.7512E-02      7.2180E+01      1.2946E+02      1.0000E+00
      1.3854E-01      1.0778E+00      1.0291E+00      1.1289E+00      1.2739E-01      7.6441E+01      9.9242E+01      1.0000E+00
      8.6377E-02      1.3573E+00      1.2687E+00      1.7075E+00      4.8662E-02      7.0493E+01      1.2689E+02      1.0000E+00
      1.1982E-01      1.2371E+00      1.1871E+00      1.4498E+00      7.5458E-02      7.6099E+01      1.2240E+02      1.0000E+00
      3.4260E-01      1.3838E+00      1.3116E+00      1.7247E+00      1.9003E-01      6.7745E+01      1.2924E+02      1.0000E+00
      6.3299E-01      1.0472E+00      1.0184E+00      1.0594E+00      6.0903E-01      8.0012E+01      1.0087E+02      1.0000E+00
      4.7507E-01      1.2889E+00      1.2992E+00      1.4701E+00      2.7220E-01      7.1842E+01      1.2964E+02      1.0000E+00
      5.1917E-01      1.1655E+00      1.1086E+00      1.3035E+00      3.6770E-01      8.0949E+01      1.1557E+02      1.0000E+00
      7.0220E-01      1.0545E+00      1.0243E+00      1.0725E+00      6.6791E-01      7.7554E+01      1.0058E+02      1.0000E+00
      5.1358E-01      1.1641E+00      1.1066E+00      1.3064E+00      3.6309E-01      8.0977E+01      1.1535E+02      1.0000E+00
      2.0484E-01      1.4902E+00      1.3924E+00      2.0149E+00      1.2423E-01      5.7281E+01      1.2792E+02      1.0000E+00
      1.3026E-01      1.1471E+00      1.0349E+00      1.2975E+00      9.7809E-02      7.5082E+01      1.0393E+02      1.0000E+00
      2.0362E-01      1.4864E+00      1.4006E+00      2.0157E+00      1.2306E-01      5.7224E+01      1.2816E+02      1.0000E+00
      1.3325E-01      1.1985E+00      1.1086E+00      1.3676E+00      9.2164E-02      7.9878E+01      1.1553E+02      1.0000E+00
      1.9041E-01      1.0343E+00      1.0158E+00      1.0441E+00      1.8424E-01      7.9883E+01      9.8689E+01      1.0000E+00
      1.3778E-01      1.1640E+00      1.0256E+00      1.2979E+00      1.1610E-01      8.1500E+01      1.0009E+02      1.0000E+00
      5.2831E-02      1.4783E+00      1.3813E+00      2.0545E+00      3.2746E-02      5.7502E+01      1.2581E+02      1.0000E+00
      3.0228E-02      1.1063E+00      1.0270E+00      1.2151E+00      2.5714E-02      8.5588E+01      1.0273E+02      1.0000E+00
      5.7578E-02      1.5726E+00      1.4574E+00      2.1289E+00      3.2107E-02      5.5850E+01      1.3146E+02      1.0000E+00
      1.3916E-01      1.1483E+00      1.0557E+00      1.2799E+00      1.2018E-01      7.4282E+01      1.0705E+02      1.0000E+00
      1.3410E-01      1.1793E+00      1.1405E+00      1.3362E+00      9.5951E-02      7.5102E+01      1.1840E+02      1.0000E+00
      2.8706E-02      1.1023E+00      1.0422E+00      1.2424E+00      2.3733E-02      8.2922E+01      1.0541E+02      1.0000E+00
      4.3545E-02      1.4425E+00      1.3082E+00      1.9148E+00      2.8171E-02      5.4267E+01      1.1907E+02      1.0000E+00
      5.8043E-02      1.6931E+00      1.5622E+00      2.3037E+00      2.9283E-02      5.3312E+01      1.3552E+02      1.0000E+00
      4.1524E-02      1.4946E+00      1.4091E+00      2.0167E+00      2.6398E-02      5.1352E+01      1.2364E+02      1.0000E+00
      2.6602E-02      1.1183E+00      1.0304E+00      1.2789E+00      2.1355E-02      7.9886E+01      1.0248E+02      1.0000E+00
      5.0846E-02      1.6361E+00      1.5625E+00      2.2301E+00      2.8169E-02      5.1686E+01      1.3388E+02      1.0000E+00
      1.9675E-01      1.4931E+00      1.4066E+00      2.0185E+00      1.1616E-01      5.7610E+01      1.2899E+02      1.0000E+00
      1.1743E-01      1.1138E+00      1.0282E+00      1.2224E+00      9.4285E-02      8.0731E+01      1.0345E+02      1.0000E+00
      1.9623E-01      1.4864E+00      1.3814E+00      2.0195E+00      1.1798E-01      5.8120E+01      1.2755E+02      1.0000E+00
      1.4850E-01      1.0413E+00      1.0070E+00      1.0738E+00      1.4077E-01      8.5082E+01      9.6684E+01      1.0000E+00
      1.5843E-01      1.0259E+00      1.0074E+00      1.0453E+00      1.5211E-01      8.3044E+01      9.4746E+01      1.0000E+00
      1.7762E-01      1.0634E+00      1.0147E+00      1.1163E+00      1.6040E-01      8.0267E+01      9.4518E+01      1.0000E+00
      1.4953E-01      1.0365E+00      1.0049E+00      1.0690E+00      1.4272E-01      8.5788E+01      9.5537E+01      1.0000E+00
      5.7480E-01      1.1642E+00      1.0348E+00      1.3400E+00      4.8657E-01      7.7529E+01      1.0146E+02      1.0000E+00
      6.0235E-01      1.0535E+00      1.0125E+00      1.1012E+00      5.5304E-01      8.0996E+01      9.4828E+01      1.0000E+00
      3.4382E-01      1.3798E+00      1.3185E+00      1.7224E+00      1.8928E-01      6.7894E+01      1.2960E+02      1.0000E+00
      5.9168E-01      1.0381E+00      1.0095E+00      1.0752E+00      5.6724E-01      8.2224E+01      9.7133E+01      1.0000E+00
      5.0653E-01      1.1694E+00      1.1167E+00      1.3068E+00      3.5582E-01      8.0039E+01      1.1643E+02      1.0000E+00
      6.2868E-01      1.0459E+00      1.0134E+00      1.0780E+00      5.8842E-01      8.0675E+01      9.5979E+01      1.0000E+00
      5.4191E-01      1.1273E+00      1.0198E+00      1.2415E+00      4.5942E-01      8.3228E+01      1.0088E+02      1.0000E+00
      2.0356E-01      1.4682E+00      1.3482E+00      2.0183E+00      1.2697E-01      5.8726E+01      1.2498E+02      1.0000E+00
      1.2095E-01      1.1055E+00      1.0289E+00      1.2201E+00      1.0208E-01      8.5267E+01      1.0314E+02      1.0000E+00
      2.2345E-01      1.5740E+00      1.4471E+00      2.1028E+00      1.2285E-01      5.6568E+01      1.3188E+02      1.0000E+00
      3.4936E-02      1.0757E+00      1.0108E+00      1.1254E+00      3.2537E-02      8.4991E+01      9.7641E+01      1.0000E+00
      3.5702E-02      1.0262E+00      1.0018E+00      1.0416E+00      3.4957E-02      8.7486E+01      9.3171E+01      1.0000E+00
      4.3747E-02      1.0804E+00      1.0140E+00      1.1486E+00      3.9347E-02      8.0739E+01      9.4241E+01      1.0000E+00
      3.6883E-02      1.0225E+00      1.0028E+00      1.0458E+00      3.5730E-02      8.6838E+01      9.4139E+01      1.0000E+00
      3.5876E-02      1.0053E+00      1.0002E+00      1.0124E+00      3.5599E-02      8.8972E+01      9.1200E+01      1.0000E+00
      3.6196E-02      1.0039E+00      1.0000E+00      1.0089E+00      3.6045E-02      8.9847E+01      9.0326E+01      1.0000E+00
      3.5754E-02      1.0045E+00      1.0004E+00      1.0120E+00      3.5462E-02      8.8469E+01      9.1273E+01      1.0000E+00
      3.6053E-02      1.0027E+00      1.0001E+00      1.0057E+00      3.5947E-02      8.9122E+01      9.0886E+01      1.0000E+00
      5.0104E-02      1.4841E+00      1.3655E+00      2.0446E+00      2.9845E-02      5.9242E+01      1.2662E+02      1.0000E+00
      2.9541E-02      1.1175E+00      1.0404E+00      1.2302E+00      2.3324E-02      8.1766E+01      1.0601E+02      1.0000E+00
      4.9506E-02      1.4974E+00      1.3748E+00      2.0296E+00      2.9779E-02      5.8056E+01      1.2737E+02      1.0000E+00
      3.7100E-02      1.0345E+00      1.0034E+00      1.0537E+00      3.5647E-02      8.6717E+01      9.4693E+01      1.0000E+00
      3.6845E-02      1.0089E+00      1.0009E+00      1.0169E+00      3.6310E-02      8.7546E+01      9.1626E+01      1.0000E+00
      4.3886E-02      1.0568E+00      1.0120E+00      1.1094E+00      3.9756E-02      8.1162E+01      9.3503E+01      1.0000E+00
      3.7170E-02      1.0369E+00      1.0035E+00      1.0561E+00      3.5737E-02      8.6573E+01      9.4769E+01      1.0000E+00
      3.6154E-02      1.0045E+00      1.0001E+00      1.0100E+00      3.5948E-02      8.9404E+01      9.0328E+01      1.0000E+00
      3.5998E-02      1.0026E+00      1.0000E+00      1.0069E+00      3.5835E-02      8.9731E+01      9.0393E+01      1.0000E+00
      3.5852E-02      1.0031E+00      1.0000E+00      1.0044E+00      3.5772E-02      8.9515E+01      9.0459E+01      1.0000E+00
      3.5660E-02      1.0017E+00      1.0000E+00      1.0036E+00      3.5584E-02      8.9697E+01      9.0419E+01      1.0000E+00
      3.6009E-02      1.0054E+00      1.0002E+00      1.0093E+00      3.5830E-02      8.8990E+01      9.1049E+01      1.0000E+00
      3.5807E-02      1.0041E+00      1.0003E+00      1.0093E+00      3.5608E-02      8.8539E+01      9.1228E+01      1.0000E+00
      3.5641E-02      1.0012E+00      1.0001E+00      1.0029E+00      3.5582E-02      8.9408E+01      9.0565E+01      1.0000E+00
      3.5915E-02      1.0029E+00      1.0002E+00      1.0062E+00      3.5734E-02      8.8766E+01      9.1003E+01      1.0000E+00
      3.5966E-02      1.0058E+00      1.0002E+00      1.0081E+00      3.5809E-02      8.8837E+01      9.1098E+01      1.0000E+00
      3.5665E-02      1.0023E+00      1.0001E+00      1.0042E+00      3.5625E-02      8.9424E+01      9.0531E+01      1.0000E+00
      3.5903E-02      1.0064E+00      1.0004E+00      1.0126E+00      3.5699E-02      8.8467E+01      9.1211E+01      1.0000E+00
      3.6069E-02      1.0041E+00      1.0002E+00      1.0108E+00      3.5931E-02      8.8934E+01      9.1011E+01      1.0000E+00
      3.5626E-02      1.0021E+00      1.0000E+00      1.0040E+00      3.5605E-02      8.9545E+01      9.0428E+01      1.0000E+00
      3.5741E-02      1.0028E+00      1.0001E+00      1.0066E+00      3.5619E-02      8.9193E+01      9.0679E+01      1.0000E+00
      3.5906E-02      1.0053E+00      1.0001E+00      1.0111E+00      3.5870E-02      8.9493E+01      9.0486E+01      1.0000E+00
      3.5837E-02      1.0064E+00      1.0001E+00      1.0134E+00      3.5797E-02      8.9510E+01      9.0459E+01      1.0000E+00
      1.2676E-01      1.1627E+00      1.1208E+00      1.2842E+00      9.0186E-02      7.9353E+01      1.1684E+02      1.0000E+00
      1.5249E-01      1.0586E+00      1.0082E+00      1.1043E+00      1.3991E-01      8.2814E+01      9.3171E+01      1.0000E+00
      1.3156E-01      1.1568E+00      1.1246E+00      1.3100E+00      9.5075E-02      7.7873E+01      1.1694E+02      1.0000E+00
      4.9433E-02      1.5057E+00      1.3815E+00      2.0282E+00      2.9656E-02      5.7638E+01      1.2790E+02      1.0000E+00
      2.9710E-02      1.1213E+00      1.0395E+00      1.2365E+00      2.3471E-02      8.1640E+01      1.0584E+02      1.0000E+00
      5.0233E-02      1.4696E+00      1.3578E+00      2.0281E+00      2.9982E-02      5.9888E+01      1.2626E+02      1.0000E+00
      3.7464E-02      1.0264E+00      1.0033E+00      1.0543E+00      3.6065E-02      8.6731E+01      9.4472E+01      1.0000E+00
      3.7104E-02      1.0164E+00      1.0009E+00      1.0307E+00      3.6558E-02      8.7789E+01      9.1474E+01      1.0000E+00
      4.5085E-02      1.0733E+00      1.0135E+00      1.1450E+00      4.0396E-02      8.0748E+01      9.3417E+01      1.0000E+00
      3.7221E-02      1.0569E+00      1.0057E+00      1.0830E+00      3.5237E-02      8.5902E+01      9.5539E+01      1.0000E+00
      3.6301E-02      1.0118E+00      1.0003E+00      1.0242E+00      3.6230E-02      8.9507E+01      9.0419E+01      1.0000E+00
      3.6309E-02      1.0169E+00      1.0005E+00      1.0319E+00      3.6193E-02      8.9488E+01      9.0444E+01      1.0000E+00
      3.5566E-02      1.0348E+00      1.0022E+00      1.0649E+00      3.4423E-02      8.8900E+01      9.2601E+01      1.0000E+00
      3.7479E-02      1.0508E+00      1.0034E+00      1.0828E+00      3.6627E-02      8.8090E+01      9.1682E+01      1.0000E+00
      5.3727E-02      1.5444E+00      1.4095E+00      2.0933E+00      3.3001E-02      5.4995E+01      1.2789E+02      1.0000E+00
      3.0447E-02      1.0825E+00      1.0237E+00      1.1641E+00      2.5972E-02      8.5457E+01      1.0232E+02      1.0000E+00
      5.7728E-02      1.5191E+00      1.4373E+00      2.1071E+00      3.2673E-02      5.7492E+01      1.2979E+02      1.0000E+00
      2.9111E-02      1.0972E+00      1.0404E+00      1.2078E+00      2.4192E-02      8.2245E+01      1.0569E+02      1.0000E+00
      4.3967E-02      1.4607E+00      1.2872E+00      1.8913E+00      2.9007E-02      5.4857E+01      1.2008E+02      1.0000E+00
      5.7942E-02      1.6737E+00      1.5184E+00      2.3096E+00      2.8889E-02      5.5430E+01      1.3424E+02      1.0000E+00
      3.7197E-02      1.0274E+00      1.0031E+00      1.0521E+00      3.5869E-02      8.6749E+01      9.4386E+01      1.0000E+00
      4.4405E-02      1.0742E+00      1.0132E+00      1.1403E+00      3.9955E-02      8.0892E+01      9.3839E+01      1.0000E+00
      3.6778E-02      1.0147E+00      1.0012E+00      1.0236E+00      3.6167E-02      8.7324E+01      9.2014E+01      1.0000E+00
      3.6863E-02      1.0530E+00      1.0059E+00      1.0796E+00      3.4875E-02      8.5580E+01      9.6229E+01      1.0000E+00
      5.1813E-02      1.6288E+00      1.5532E+00      2.2261E+00      2.8758E-02      5.2037E+01      1.3355E+02      1.0000E+00
      2.8423E-02      1.1150E+00      1.0274E+00      1.2428E+00      2.2776E-02      8.0245E+01      1.0313E+02      1.0000E+00
      4.3669E-02      1.4917E+00      1.3678E+00      1.9498E+00      2.8406E-02      5.1876E+01      1.2332E+02      1.0000E+00
      3.5844E-02      1.0054E+00      1.0003E+00      1.0114E+00      3.5611E-02      8.8656E+01      9.1439E+01      1.0000E+00
      3.5265E-02      1.0082E+00      1.0006E+00      1.0129E+00      3.5029E-02      8.8137E+01      9.1896E+01      1.0000E+00
      3.5761E-02      1.0075E+00      1.0002E+00      1.0149E+00      3.5673E-02      8.9260E+01      9.0880E+01      1.0000E+00
      3.5635E-02      1.0071E+00      1.0003E+00      1.0138E+00      3.5631E-02      8.8832E+01      9.1164E+01      1.0000E+00
      3.5362E-02      1.0325E+00      1.0034E+00      1.0495E+00      3.4429E-02      8.6137E+01      9.4687E+01      1.0000E+00
      3.7304E-02      1.0519E+00      1.0052E+00      1.0816E+00      3.6394E-02      8.5887E+01      9.3913E+01      1.0000E+00
      3.5779E-02      1.0152E+00      1.0007E+00      1.0257E+00      3.5564E-02      8.8381E+01      9.1733E+01      1.0000E+00
      3.6165E-02      1.0173E+00      1.0007E+00      1.0307E+00      3.6020E-02      8.8857E+01      9.1174E+01      1.0000E+00
      5.7757E-02      1.7014E+00      1.5664E+00      2.3230E+00      2.9141E-02      5.3048E+01      1.3548E+02      1.0000E+00
      4.4369E-02      1.4692E+00      1.3179E+00      1.9324E+00      2.8704E-02      5.3653E+01      1.2052E+02      1.0000E+00
      2.8692E-02      1.0922E+00      1.0335E+00      1.2125E+00      2.4105E-02      8.3921E+01      1.0400E+02      1.0000E+00
      5.5600E-02      1.5597E+00      1.4446E+00      2.1023E+00      3.0710E-02      5.6879E+01      1.3146E+02      1.0000E+00
      2.9602E-02      1.1031E+00      1.0315E+00      1.2118E+00      2.5044E-02      8.4958E+01      1.0379E+02      1.0000E+00
      5.0782E-02      1.4595E+00      1.3500E+00      2.0182E+00      3.1727E-02      5.8886E+01      1.2475E+02      1.0000E+00
      3.7385E-02      1.0503E+00      1.0035E+00      1.0800E+00      3.6377E-02      8.7337E+01      9.2301E+01      1.0000E+00
      3.5245E-02      1.0314E+00      1.0018E+00      1.0514E+00      3.3999E-02      8.8060E+01      9.3335E+01      1.0000E+00
      3.6222E-02      1.0164E+00      1.0004E+00      1.0292E+00      3.6070E-02      8.9609E+01      9.0357E+01      1.0000E+00
      3.6120E-02      1.0099E+00      1.0002E+00      1.0180E+00      3.5999E-02      8.9612E+01      9.0297E+01      1.0000E+00
      3.6564E-02      1.0378E+00      1.0036E+00      1.0721E+00      3.4825E-02      8.6700E+01      9.4706E+01      1.0000E+00
      4.4417E-02      1.0665E+00      1.0154E+00      1.1302E+00      3.9658E-02      8.0009E+01      9.3898E+01      1.0000E+00
      3.6853E-02      1.0090E+00      1.0007E+00      1.0179E+00      3.6326E-02      8.7838E+01      9.1370E+01      1.0000E+00
      3.7338E-02      1.0366E+00      1.0039E+00      1.0586E+00      3.5922E-02      8.6018E+01      9.5002E+01      1.0000E+00
      3.6201E-02      1.0185E+00      1.0008E+00      1.0326E+00      3.6034E-02      8.8700E+01      9.1333E+01      1.0000E+00
      3.5797E-02      1.0155E+00      1.0008E+00      1.0259E+00      3.5580E-02      8.8295E+01      9.1800E+01      1.0000E+00
      3.7329E-02      1.0536E+00      1.0058E+00      1.0835E+00      3.6394E-02      8.5502E+01      9.4306E+01      1.0000E+00
      3.5398E-02      1.0323E+00      1.0036E+00      1.0484E+00      3.4486E-02      8.5933E+01      9.4845E+01      1.0000E+00
      3.5642E-02      1.0072E+00      1.0003E+00      1.0139E+00      3.5627E-02      8.8791E+01      9.1184E+01      1.0000E+00
      3.5754E-02      1.0069E+00      1.0002E+00      1.0141E+00      3.5672E-02      8.9249E+01      9.0859E+01      1.0000E+00
      3.5309E-02      1.0082E+00      1.0006E+00      1.0128E+00      3.5060E-02      8.8027E+01      9.2053E+01      1.0000E+00
      3.5882E-02      1.0061E+00      1.0004E+00      1.0123E+00      3.5639E-02      8.8534E+01      9.1540E+01      1.0000E+00
      4.3500E-02      1.4849E+00      1.3684E+00      1.9375E+00      2.8397E-02      5.1791E+01      1.2324E+02      1.0000E+00
      2.8451E-02      1.1168E+00      1.0260E+00      1.2460E+00      2.2767E-02      7.9775E+01      1.0280E+02      1.0000E+00
      5.1643E-02      1.6164E+00      1.5667E+00      2.2087E+00      2.8590E-02      5.2018E+01      1.3396E+02      1.0000E+00
      3.7006E-02      1.0547E+00      1.0069E+00      1.0810E+00      3.4954E-02      8.5140E+01      9.6701E+01      1.0000E+00
      3.6933E-02      1.0171E+00      1.0015E+00      1.0269E+00      3.6252E-02      8.6950E+01      9.2354E+01      1.0000E+00
      4.5025E-02      1.0858E+00      1.0171E+00      1.1538E+00      4.0309E-02      7.9757E+01      9.5193E+01      1.0000E+00
      3.7620E-02      1.0271E+00      1.0038E+00      1.0545E+00      3.6352E-02      8.5971E+01      9.4813E+01      1.0000E+00
      3.5804E-02      1.0062E+00      1.0001E+00      1.0124E+00      3.5747E-02      8.9518E+01      9.0393E+01      1.0000E+00
      3.5839E-02      1.0041E+00      1.0001E+00      1.0088E+00      3.5783E-02      8.9548E+01      9.0507E+01      1.0000E+00
      3.5750E-02      1.0028E+00      1.0001E+00      1.0065E+00      3.5610E-02      8.9116E+01      9.0721E+01      1.0000E+00
      3.5599E-02      1.0020E+00      1.0000E+00      1.0033E+00      3.5569E-02      8.9484E+01      9.0504E+01      1.0000E+00
      3.5990E-02      1.0029E+00      1.0002E+00      1.0079E+00      3.5844E-02      8.8867E+01      9.1121E+01      1.0000E+00
      3.5879E-02      1.0031E+00      1.0004E+00      1.0049E+00      3.5731E-02      8.8311E+01      9.1489E+01      1.0000E+00
      3.5613E-02      1.0012E+00      1.0001E+00      1.0028E+00      3.5566E-02      8.9316E+01      9.0636E+01      1.0000E+00
      3.5920E-02      1.0048E+00      1.0003E+00      1.0078E+00      3.5726E-02      8.8570E+01      9.1252E+01      1.0000E+00
      3.5979E-02      1.0036E+00      1.0003E+00      1.0078E+00      3.5755E-02      8.8535E+01      9.1165E+01      1.0000E+00
      3.5606E-02      1.0014E+00      1.0001E+00      1.0026E+00      3.5525E-02      8.9218E+01      9.0669E+01      1.0000E+00
      3.5961E-02      1.0039E+00      1.0004E+00      1.0084E+00      3.5841E-02      8.8299E+01      9.1581E+01      1.0000E+00
      3.5939E-02      1.0059E+00      1.0003E+00      1.0091E+00      3.5728E-02      8.8527E+01      9.1317E+01      1.0000E+00
      3.5525E-02      1.0002E+00      1.0000E+00      1.0006E+00      3.5514E-02      8.9454E+01      9.0552E+01      1.0000E+00
      3.5641E-02      1.0017E+00      1.0001E+00      1.0034E+00      3.5527E-02      8.9107E+01      9.0720E+01      1.0000E+00
      3.5645E-02      1.0019E+00      1.0001E+00      1.0037E+00      3.5524E-02      8.9096E+01      9.0712E+01      1.0000E+00
      3.5500E-02      1.0003E+00      1.0001E+00      1.0005E+00      3.5485E-02      8.9449E+01      9.0574E+01      1.0000E+00
      5.6254E-01      1.1453E+00      1.0554E+00      1.2767E+00      4.8568E-01      7.4461E+01      1.0702E+02      1.0000E+00
      5.3653E-01      1.1826E+00      1.1405E+00      1.3390E+00      3.8452E-01      7.4841E+01      1.1840E+02      1.0000E+00
      1.1795E-01      1.0946E+00      1.0387E+00      1.2124E+00      9.9092E-02      8.2921E+01      1.0509E+02      1.0000E+00
      1.9401E-01      1.4705E+00      1.3026E+00      2.0063E+00      1.2477E-01      5.6648E+01      1.1994E+02      1.0000E+00
      2.3329E-01      1.6977E+00      1.5434E+00      2.2915E+00      1.1997E-01      5.3127E+01      1.3497E+02      1.0000E+00
      1.6066E-01      1.6597E+00      1.4771E+00      2.4353E+00      8.5218E-02      4.9080E+01      1.2251E+02      1.0000E+00
      1.1019E-01      1.2837E+00      1.1124E+00      1.6446E+00      7.5897E-02      6.6683E+01      1.0418E+02      1.0000E+00
      2.0392E-01      1.6367E+00      1.5954E+00      2.2496E+00      1.0931E-01      5.1843E+01      1.3500E+02      1.0000E+00
      1.3831E-01      1.1798E+00      1.1301E+00      1.3471E+00      9.7407E-02      7.9221E+01      1.1751E+02      1.0000E+00
      1.8954E-01      1.0481E+00      1.0128E+00      1.0776E+00      1.8160E-01      8.1097E+01      9.6933E+01      1.0000E+00
      1.3064E-01      1.1843E+00      1.1132E+00      1.3593E+00      9.0982E-02      7.9597E+01      1.1592E+02      1.0000E+00
      5.1997E-02      1.4706E+00      1.3733E+00      2.0494E+00      3.1355E-02      5.8973E+01      1.2613E+02      1.0000E+00
      3.0116E-02      1.1199E+00      1.0351E+00      1.2363E+00      2.3898E-02      8.1138E+01      1.0494E+02      1.0000E+00
      5.1089E-02      1.5219E+00      1.4183E+00      2.0600E+00      3.0571E-02      5.6040E+01      1.2893E+02      1.0000E+00
      3.7449E-02      1.0402E+00      1.0044E+00      1.0588E+00      3.5980E-02      8.5772E+01      9.5367E+01      1.0000E+00
      3.6887E-02      1.0107E+00      1.0013E+00      1.0200E+00      3.6267E-02      8.7037E+01      9.2009E+01      1.0000E+00
      4.4346E-02      1.0637E+00      1.0157E+00      1.1240E+00      3.9947E-02      7.9931E+01      9.4473E+01      1.0000E+00
      3.7143E-02      1.0319E+00      1.0042E+00      1.0539E+00      3.5735E-02      8.6061E+01      9.5198E+01      1.0000E+00
      3.5881E-02      1.0044E+00      1.0003E+00      1.0081E+00      3.5691E-02      8.8555E+01      9.1298E+01      1.0000E+00
      3.5548E-02      1.0010E+00      1.0001E+00      1.0019E+00      3.5485E-02      8.9222E+01      9.0679E+01      1.0000E+00
      3.5753E-02      1.0033E+00      1.0005E+00      1.0060E+00      3.5572E-02      8.8162E+01      9.1557E+01      1.0000E+00
      3.5872E-02      1.0049E+00      1.0003E+00      1.0083E+00      3.5685E-02      8.8554E+01      9.1319E+01      1.0000E+00
      4.9169E-02      1.4658E+00      1.3745E+00      2.0049E+00      2.9728E-02      5.8791E+01      1.2696E+02      1.0000E+00
      2.9412E-02      1.1163E+00      1.0357E+00      1.2295E+00      2.3198E-02      8.0729E+01      1.0509E+02      1.0000E+00
      4.8947E-02      1.4832E+00      1.3913E+00      2.0135E+00      2.9413E-02      5.7845E+01      1.2795E+02      1.0000E+00
      3.7085E-02      1.0349E+00      1.0044E+00      1.0550E+00      3.5638E-02      8.5985E+01      9.5332E+01      1.0000E+00
      3.6841E-02      1.0098E+00      1.0013E+00      1.0182E+00      3.6229E-02      8.7031E+01      9.2066E+01      1.0000E+00
      4.4106E-02      1.0632E+00      1.0160E+00      1.1181E+00      3.9741E-02      7.9822E+01      9.4811E+01      1.0000E+00
      3.7297E-02      1.0347E+00      1.0042E+00      1.0560E+00      3.5918E-02      8.5812E+01      9.5235E+01      1.0000E+00
      2.0240E-01      1.4772E+00      1.3655E+00      2.0265E+00      1.2050E-01      5.9410E+01      1.2684E+02      1.0000E+00
      1.2766E-01      1.1532E+00      1.0358E+00      1.3043E+00      9.5489E-02      7.5897E+01      1.0509E+02      1.0000E+00
      1.9892E-01      1.4988E+00      1.3841E+00      2.0152E+00      1.1941E-01      5.7683E+01      1.2807E+02      1.0000E+00
      1.2914E-01      1.1963E+00      1.1097E+00      1.3561E+00      8.9760E-02      7.9913E+01      1.1566E+02      1.0000E+00
      1.8630E-01      1.0334E+00      1.0134E+00      1.0510E+00      1.7857E-01      8.0685E+01      9.7009E+01      1.0000E+00
      1.3076E-01      1.1861E+00      1.1129E+00      1.3425E+00      9.0729E-02      8.0229E+01      1.1601E+02      1.0000E+00
      5.0408E-02      1.4920E+00      1.3965E+00      2.0397E+00      3.0504E-02      5.7246E+01      1.2764E+02      1.0000E+00
      2.9809E-02      1.1112E+00      1.0338E+00      1.2212E+00      2.3679E-02      8.0991E+01      1.0470E+02      1.0000E+00
      5.0651E-02      1.4980E+00      1.3954E+00      2.0461E+00      3.0581E-02      5.7207E+01      1.2767E+02      1.0000E+00
      1.3116E-01      1.1851E+00      1.1110E+00      1.3448E+00      9.0898E-02      8.0408E+01      1.1581E+02      1.0000E+00
      1.8733E-01      1.0377E+00      1.0154E+00      1.0566E+00      1.7900E-01      7.9999E+01      9.7560E+01      1.0000E+00
      1.2952E-01      1.1968E+00      1.1083E+00      1.3582E+00      8.9934E-02      8.0113E+01      1.1552E+02      1.0000E+00
      5.0731E-02      1.4987E+00      1.3980E+00      2.0479E+00      3.0636E-02      5.7088E+01      1.2773E+02      1.0000E+00
      2.9818E-02      1.1113E+00      1.0337E+00      1.2215E+00      2.3687E-02      8.0968E+01      1.0467E+02      1.0000E+00
      5.0493E-02      1.4911E+00      1.3972E+00      2.0400E+00      3.0599E-02      5.7202E+01      1.2760E+02      1.0000E+00
      2.0106E-01      1.4962E+00      1.3960E+00      2.0184E+00      1.2114E-01      5.7205E+01      1.2826E+02      1.0000E+00
      1.2811E-01      1.1536E+00      1.0357E+00      1.3050E+00      9.5877E-02      7.5655E+01      1.0481E+02      1.0000E+00
      2.0475E-01      1.4756E+00      1.3752E+00      2.0314E+00      1.2248E-01      5.8931E+01      1.2693E+02      1.0000E+00
      3.7304E-02      1.0347E+00      1.0042E+00      1.0561E+00      3.5926E-02      8.5793E+01      9.5244E+01      1.0000E+00
      4.4131E-02      1.0636E+00      1.0162E+00      1.1187E+00      3.9749E-02      7.9767E+01      9.4851E+01      1.0000E+00
      3.6843E-02      1.0099E+00      1.0013E+00      1.0182E+00      3.6230E-02      8.7026E+01      9.2070E+01      1.0000E+00
      3.7091E-02      1.0349E+00      1.0044E+00      1.0551E+00      3.5643E-02      8.5971E+01      9.5341E+01      1.0000E+00
      4.9011E-02      1.4832E+00      1.3926E+00      2.0144E+00      2.9463E-02      5.7791E+01      1.2796E+02      1.0000E+00
      2.9419E-02      1.1163E+00      1.0356E+00      1.2295E+00      2.3204E-02      8.0714E+01      1.0508E+02      1.0000E+00
      4.9234E-02      1.4655E+00      1.3755E+00      2.0056E+00      2.9784E-02      5.8745E+01      1.2696E+02      1.0000E+00
      3.5873E-02      1.0049E+00      1.0003E+00      1.0083E+00      3.5685E-02      8.8553E+01      9.1319E+01      1.0000E+00
      3.5754E-02      1.0033E+00      1.0005E+00      1.0060E+00      3.5573E-02      8.8161E+01      9.1559E+01      1.0000E+00
      3.5548E-02      1.0010E+00      1.0001E+00      1.0019E+00      3.5485E-02      8.9221E+01      9.0679E+01      1.0000E+00
      3.5881E-02      1.0044E+00      1.0003E+00      1.0081E+00      3.5691E-02      8.8554E+01      9.1298E+01      1.0000E+00
      3.7149E-02      1.0320E+00      1.0042E+00      1.0540E+00      3.5741E-02      8.6048E+01      9.5205E+01      1.0000E+00
      4.4369E-02      1.0639E+00      1.0158E+00      1.1244E+00      3.9955E-02      7.9887E+01      9.4500E+01      1.0000E+00
      3.6889E-02      1.0107E+00      1.0013E+00      1.0200E+00      3.6267E-02      8.7032E+01      9.2012E+01      1.0000E+00
      3.7454E-02      1.0402E+00      1.0044E+00      1.0589E+00      3.5985E-02      8.5759E+01      9.5375E+01      1.0000E+00
      1.3100E-01      1.1847E+00      1.1123E+00      1.3612E+00      9.1140E-02      7.9751E+01      1.1582E+02      1.0000E+00
      1.9044E-01      1.0495E+00      1.0139E+00      1.0793E+00      1.8204E-01      8.0673E+01      9.7226E+01      1.0000E+00
      1.3858E-01      1.1795E+00      1.1293E+00      1.3474E+00      9.7536E-02      7.9303E+01      1.1744E+02      1.0000E+00
      5.1153E-02      1.5218E+00      1.4192E+00      2.0607E+00      3.0623E-02      5.6000E+01      1.2893E+02      1.0000E+00
      3.0123E-02      1.1199E+00      1.0350E+00      1.2363E+00      2.3904E-02      8.1125E+01      1.0493E+02      1.0000E+00
      5.2059E-02      1.4707E+00      1.3744E+00      2.0504E+00      3.1405E-02      5.8915E+01      1.2615E+02      1.0000E+00
      5.4390E-01      1.1845E+00      1.1321E+00      1.3468E+00      3.8854E-01      7.5749E+01      1.1764E+02      1.0000E+00
      5.6269E-01      1.1586E+00      1.0608E+00      1.2828E+00      4.8764E-01      7.2945E+01      1.0796E+02      1.0000E+00
      2.0534E-01      1.6292E+00      1.5965E+00      2.2479E+00      1.1057E-01      5.1867E+01      1.3482E+02      1.0000E+00
      1.1042E-01      1.2848E+00      1.1127E+00      1.6441E+00      7.6102E-02      6.6569E+01      1.0432E+02      1.0000E+00
      1.6186E-01      1.6681E+00      1.4881E+00      2.4479E+00      8.5475E-02      4.8664E+01      1.2284E+02      1.0000E+00
      2.3793E-01      1.6830E+00      1.5173E+00      2.2894E+00      1.2238E-01      5.4212E+01      1.3410E+02      1.0000E+00
      1.9521E-01      1.4772E+00      1.3016E+00      2.0081E+00      1.2559E-01      5.6563E+01      1.2016E+02      1.0000E+00
      1.1930E-01      1.0904E+00      1.0419E+00      1.2064E+00      9.9910E-02      8.2129E+01      1.0574E+02      1.0000E+00
      3.5500E-02      1.0003E+00      1.0001E+00      1.0005E+00      3.5485E-02      8.9449E+01      9.0574E+01      1.0000E+00
      3.5645E-02      1.0019E+00      1.0001E+00      1.0037E+00      3.5524E-02      8.9095E+01      9.0712E+01      1.0000E+00
      3.5641E-02      1.0017E+00      1.0001E+00      1.0034E+00      3.5527E-02      8.9108E+01      9.0719E+01      1.0000E+00
      3.5525E-02      1.0002E+00      1.0000E+00      1.0006E+00      3.5514E-02      8.9454E+01      9.0552E+01      1.0000E+00
      3.5939E-02      1.0059E+00      1.0003E+00      1.0091E+00      3.5729E-02      8.8526E+01      9.1318E+01      1.0000E+00
      3.5962E-02      1.0039E+00      1.0004E+00      1.0083E+00      3.5842E-02      8.8298E+01      9.1582E+01      1.0000E+00
      3.5606E-02      1.0014E+00      1.0001E+00      1.0026E+00      3.5525E-02      8.9218E+01      9.0669E+01      1.0000E+00
      3.5980E-02      1.0036E+00      1.0003E+00      1.0078E+00      3.5755E-02      8.8534E+01      9.1165E+01      1.0000E+00
      3.5920E-02      1.0048E+00      1.0003E+00      1.0078E+00      3.5726E-02      8.8572E+01      9.1251E+01      1.0000E+00
      3.5612E-02      1.0012E+00      1.0001E+00      1.0028E+00      3.5565E-02      8.9316E+01      9.0635E+01      1.0000E+00
      3.5878E-02      1.0031E+00      1.0004E+00      1.0050E+00      3.5729E-02      8.8313E+01      9.1486E+01      1.0000E+00
      3.5990E-02      1.0029E+00      1.0002E+00      1.0079E+00      3.5844E-02      8.8868E+01      9.1119E+01      1.0000E+00
      3.5599E-02      1.0020E+00      1.0000E+00      1.0033E+00      3.5569E-02      8.9484E+01      9.0504E+01      1.0000E+00
      3.5750E-02      1.0028E+00      1.0001E+00      1.0065E+00      3.5610E-02      8.9116E+01      9.0721E+01      1.0000E+00
      3.5839E-02      1.0041E+00      1.0001E+00      1.0088E+00      3.5783E-02      8.9549E+01      9.0507E+01      1.0000E+00
      3.5804E-02      1.0062E+00      1.0001E+00      1.0124E+00      3.5747E-02      8.9518E+01      9.0393E+01      1.0000E+00
      3.7625E-02      1.0272E+00      1.0038E+00      1.0546E+00      3.6356E-02      8.5960E+01      9.4820E+01      1.0000E+00
      4.5041E-02      1.0859E+00      1.0172E+00      1.1540E+00      4.0315E-02      7.9728E+01      9.5210E+01      1.0000E+00
      3.6934E-02      1.0171E+00      1.0015E+00      1.0270E+00      3.6252E-02      8.6947E+01      9.2355E+01      1.0000E+00
      3.7008E-02      1.0547E+00      1.0069E+00      1.0810E+00      3.4957E-02      8.5134E+01      9.6705E+01      1.0000E+00
      5.1676E-02      1.6160E+00      1.5669E+00      2.2088E+00      2.8617E-02      5.2014E+01      1.3395E+02      1.0000E+00
      2.8454E-02      1.1168E+00      1.0260E+00      1.2460E+00      2.2770E-02      7.9769E+01      1.0279E+02      1.0000E+00
      4.3525E-02      1.4855E+00      1.3691E+00      1.9385E+00      2.8400E-02      5.1756E+01      1.2325E+02      1.0000E+00
      3.5882E-02      1.0061E+00      1.0004E+00      1.0123E+00      3.5639E-02      8.8533E+01      9.1540E+01      1.0000E+00
      3.5310E-02      1.0082E+00      1.0006E+00      1.0128E+00      3.5060E-02      8.8027E+01      9.2053E+01      1.0000E+00
      3.5754E-02      1.0069E+00      1.0002E+00      1.0141E+00      3.5672E-02      8.9249E+01      9.0859E+01      1.0000E+00
      3.5642E-02      1.0072E+00      1.0003E+00      1.0139E+00      3.5627E-02      8.8791E+01      9.1184E+01      1.0000E+00
      3.5400E-02      1.0323E+00      1.0037E+00      1.0484E+00      3.4487E-02      8.5929E+01      9.4848E+01      1.0000E+00
      3.7332E-02      1.0536E+00      1.0059E+00      1.0836E+00      3.6395E-02      8.5496E+01      9.4311E+01      1.0000E+00
      3.5797E-02      1.0155E+00      1.0008E+00      1.0259E+00      3.5581E-02      8.8295E+01      9.1800E+01      1.0000E+00
      3.6201E-02      1.0185E+00      1.0008E+00      1.0326E+00      3.6034E-02      8.8699E+01      9.1333E+01      1.0000E+00
      3.7332E-02      1.0364E+00      1.0038E+00      1.0584E+00      3.5917E-02      8.6041E+01      9.4984E+01      1.0000E+00
      3.6851E-02      1.0090E+00      1.0007E+00      1.0179E+00      3.6326E-02      8.7846E+01      9.1364E+01      1.0000E+00
      4.4391E-02      1.0657E+00      1.0152E+00      1.1290E+00      3.9652E-02      8.0080E+01      9.3868E+01      1.0000E+00
      3.6558E-02      1.0380E+00      1.0036E+00      1.0722E+00      3.4815E-02      8.6721E+01      9.4700E+01      1.0000E+00
      3.6120E-02      1.0099E+00      1.0002E+00      1.0181E+00      3.5999E-02      8.9614E+01      9.0295E+01      1.0000E+00
      3.6222E-02      1.0164E+00      1.0004E+00      1.0292E+00      3.6071E-02      8.9611E+01      9.0356E+01      1.0000E+00
      3.5247E-02      1.0315E+00      1.0018E+00      1.0514E+00      3.4002E-02      8.8049E+01      9.3344E+01      1.0000E+00
      3.7389E-02      1.0504E+00      1.0035E+00      1.0801E+00      3.6380E-02      8.7323E+01      9.2313E+01      1.0000E+00
      5.0705E-02      1.4622E+00      1.3503E+00      2.0194E+00      3.1605E-02      5.8872E+01      1.2488E+02      1.0000E+00
      2.9601E-02      1.1028E+00      1.0316E+00      1.2110E+00      2.5044E-02      8.4910E+01      1.0382E+02      1.0000E+00
      5.5564E-02      1.5582E+00      1.4397E+00      2.1009E+00      3.0700E-02      5.7073E+01      1.3130E+02      1.0000E+00
      2.8693E-02      1.0922E+00      1.0334E+00      1.2124E+00      2.4101E-02      8.3958E+01      1.0398E+02      1.0000E+00
      4.4402E-02      1.4694E+00      1.3186E+00      1.9329E+00      2.8710E-02      5.3607E+01      1.2052E+02      1.0000E+00
      5.7783E-02      1.6993E+00      1.5681E+00      2.3219E+00      2.9153E-02      5.3049E+01      1.3550E+02      1.0000E+00
      3.6165E-02      1.0173E+00      1.0007E+00      1.0308E+00      3.6020E-02      8.8858E+01      9.1173E+01      1.0000E+00
      3.5779E-02      1.0152E+00      1.0007E+00      1.0257E+00      3.5564E-02      8.8382E+01      9.1733E+01      1.0000E+00
      3.7305E-02      1.0520E+00      1.0052E+00      1.0817E+00      3.6396E-02      8.5896E+01      9.3908E+01      1.0000E+00
      3.5361E-02      1.0326E+00      1.0035E+00      1.0497E+00      3.4426E-02      8.6141E+01      9.4688E+01      1.0000E+00
      3.5635E-02      1.0071E+00      1.0003E+00      1.0138E+00      3.5631E-02      8.8832E+01      9.1165E+01      1.0000E+00
      3.5760E-02      1.0075E+00      1.0002E+00      1.0149E+00      3.5673E-02      8.9259E+01      9.0880E+01      1.0000E+00
      3.5264E-02      1.0082E+00      1.0006E+00      1.0128E+00      3.5029E-02      8.8138E+01      9.1894E+01      1.0000E+00
      3.5841E-02      1.0053E+00      1.0003E+00      1.0114E+00      3.5610E-02      8.8652E+01      9.1439E+01      1.0000E+00
      4.3656E-02      1.4924E+00      1.3680E+00      1.9503E+00      2.8406E-02      5.1882E+01      1.2337E+02      1.0000E+00
      2.8422E-02      1.1150E+00      1.0274E+00      1.2427E+00      2.2776E-02      8.0256E+01      1.0314E+02      1.0000E+00
      5.1792E-02      1.6281E+00      1.5509E+00      2.2252E+00      2.8762E-02      5.2096E+01      1.3348E+02      1.0000E+00
      3.6859E-02      1.0529E+00      1.0059E+00      1.0794E+00      3.4876E-02      8.5588E+01      9.6216E+01      1.0000E+00
      3.6768E-02      1.0146E+00      1.0012E+00      1.0236E+00      3.6158E-02      8.7317E+01      9.2013E+01      1.0000E+00
      4.4380E-02      1.0736E+00      1.0131E+00      1.1396E+00      3.9940E-02      8.0931E+01      9.3783E+01      1.0000E+00
      3.7167E-02      1.0277E+00      1.0031E+00      1.0524E+00      3.5825E-02      8.6744E+01      9.4419E+01      1.0000E+00
      5.8053E-02      1.6734E+00      1.5168E+00      2.3110E+00      2.8926E-02      5.5513E+01      1.3418E+02      1.0000E+00
      4.3983E-02      1.4613E+00      1.2874E+00      1.8918E+00      2.9015E-02      5.4845E+01      1.2010E+02      1.0000E+00
      2.9127E-02      1.0976E+00      1.0405E+00      1.2081E+00      2.4203E-02      8.2202E+01      1.0572E+02      1.0000E+00
      5.7901E-02      1.5172E+00      1.4385E+00      2.1075E+00      3.2806E-02      5.7474E+01      1.2976E+02      1.0000E+00
      3.0468E-02      1.0824E+00      1.0236E+00      1.1639E+00      2.5990E-02      8.5419E+01      1.0228E+02      1.0000E+00
      5.3872E-02      1.5459E+00      1.4127E+00      2.0965E+00      3.3096E-02      5.4850E+01      1.2796E+02      1.0000E+00
      3.7482E-02      1.0508E+00      1.0034E+00      1.0829E+00      3.6630E-02      8.8094E+01      9.1678E+01      1.0000E+00
      3.5569E-02      1.0348E+00      1.0022E+00      1.0649E+00      3.4427E-02      8.8895E+01      9.2595E+01      1.0000E+00
      3.6309E-02      1.0170E+00      1.0005E+00      1.0319E+00      3.6193E-02      8.9487E+01      9.0446E+01      1.0000E+00
      3.6301E-02      1.0118E+00      1.0003E+00      1.0242E+00      3.6230E-02      8.9504E+01      9.0421E+01      1.0000E+00
      3.7233E-02      1.0570E+00      1.0057E+00      1.0832E+00      3.5247E-02      8.5873E+01      9.5561E+01      1.0000E+00
      4.5119E-02      1.0737E+00      1.0137E+00      1.1459E+00      4.0413E-02      8.0693E+01      9.3462E+01      1.0000E+00
      3.7105E-02      1.0164E+00      1.0009E+00      1.0308E+00      3.6557E-02      8.7779E+01      9.1481E+01      1.0000E+00
      3.7468E-02      1.0264E+00      1.0033E+00      1.0544E+00      3.6070E-02      8.6713E+01      9.4484E+01      1.0000E+00
      1.3199E-01      1.1580E+00      1.1235E+00      1.3135E+00      9.5391E-02      7.8048E+01      1.1681E+02      1.0000E+00
      1.5321E-01      1.0592E+00      1.0086E+00      1.1059E+00      1.4077E-01      8.2675E+01      9.3358E+01      1.0000E+00
      1.2709E-01      1.1639E+00      1.1204E+00      1.2866E+00      9.0345E-02      7.9393E+01      1.1680E+02      1.0000E+00
      5.0305E-02      1.4689E+00      1.3584E+00      2.0285E+00      3.0040E-02      5.9872E+01      1.2625E+02      1.0000E+00
      2.9716E-02      1.1213E+00      1.0394E+00      1.2366E+00      2.3476E-02      8.1623E+01      1.0582E+02      1.0000E+00
      4.9497E-02      1.5062E+00      1.3830E+00      2.0297E+00      2.9694E-02      5.7572E+01      1.2793E+02      1.0000E+00
      3.5834E-02      1.0064E+00      1.0001E+00      1.0134E+00      3.5794E-02      8.9506E+01      9.0461E+01      1.0000E+00
      3.5901E-02      1.0052E+00      1.0001E+00      1.0111E+00      3.5864E-02      8.9484E+01      9.0500E+01      1.0000E+00
      3.5732E-02      1.0028E+00      1.0001E+00      1.0066E+00      3.5610E-02      8.9179E+01      9.0684E+01      1.0000E+00
      3.5603E-02      1.0022E+00      1.0000E+00      1.0039E+00      3.5582E-02      8.9510E+01      9.0481E+01      1.0000E+00
      3.6058E-02      1.0040E+00      1.0002E+00      1.0107E+00      3.5920E-02      8.8916E+01      9.1035E+01      1.0000E+00
      3.5891E-02      1.0064E+00      1.0004E+00      1.0124E+00      3.5689E-02      8.8447E+01      9.1232E+01      1.0000E+00
      3.5621E-02      1.0019E+00      1.0001E+00      1.0040E+00      3.5578E-02      8.9355E+01      9.0587E+01      1.0000E+00
      3.5906E-02      1.0054E+00      1.0003E+00      1.0078E+00      3.5740E-02      8.8731E+01      9.1163E+01      1.0000E+00
      3.5889E-02      1.0031E+00      1.0002E+00      1.0066E+00      3.5706E-02      8.8727E+01      9.1062E+01      1.0000E+00
      3.5571E-02      1.0010E+00      1.0001E+00      1.0021E+00      3.5509E-02      8.9301E+01      9.0613E+01      1.0000E+00
      3.5745E-02      1.0045E+00      1.0004E+00      1.0092E+00      3.5550E-02      8.8466E+01      9.1266E+01      1.0000E+00
      3.5847E-02      1.0050E+00      1.0003E+00      1.0078E+00      3.5679E-02      8.8738E+01      9.1172E+01      1.0000E+00
      3.5514E-02      1.0005E+00      1.0000E+00      1.0010E+00      3.5500E-02      8.9494E+01      9.0524E+01      1.0000E+00
      3.5635E-02      1.0018E+00      1.0001E+00      1.0035E+00      3.5529E-02      8.9179E+01      9.0652E+01      1.0000E+00
      3.5621E-02      1.0015E+00      1.0001E+00      1.0031E+00      3.5518E-02      8.9193E+01      9.0650E+01      1.0000E+00
      3.5507E-02      1.0003E+00      1.0000E+00      1.0007E+00      3.5497E-02      8.9493E+01      9.0514E+01      1.0000E+00
      3.7163E-02      1.0369E+00      1.0035E+00      1.0560E+00      3.5729E-02      8.6534E+01      9.4801E+01      1.0000E+00
      4.3903E-02      1.0571E+00      1.0122E+00      1.1098E+00      3.9758E-02      8.1113E+01      9.3548E+01      1.0000E+00
      3.6796E-02      1.0089E+00      1.0010E+00      1.0169E+00      3.6243E-02      8.7420E+01      9.1723E+01      1.0000E+00
      3.7109E-02      1.0346E+00      1.0034E+00      1.0537E+00      3.5685E-02      8.6607E+01      9.4719E+01      1.0000E+00
      4.9569E-02      1.4973E+00      1.3751E+00      2.0298E+00      2.9828E-02      5.8035E+01      1.2737E+02      1.0000E+00
      2.9620E-02      1.1171E+00      1.0399E+00      1.2280E+00      2.3412E-02      8.1772E+01      1.0592E+02      1.0000E+00
      5.0316E-02      1.4859E+00      1.3662E+00      2.0451E+00      2.9928E-02      5.9209E+01      1.2671E+02      1.0000E+00
      3.5871E-02      1.0047E+00      1.0003E+00      1.0079E+00      3.5699E-02      8.8720E+01      9.1176E+01      1.0000E+00
      3.5779E-02      1.0041E+00      1.0004E+00      1.0084E+00      3.5588E-02      8.8461E+01      9.1277E+01      1.0000E+00
      3.5572E-02      1.0010E+00      1.0001E+00      1.0021E+00      3.5506E-02      8.9298E+01      9.0607E+01      1.0000E+00
      3.5896E-02      1.0032E+00      1.0002E+00      1.0067E+00      3.5709E-02      8.8720E+01      9.1065E+01      1.0000E+00
      3.7217E-02      1.0281E+00      1.0031E+00      1.0526E+00      3.5877E-02      8.6698E+01      9.4440E+01      1.0000E+00
      4.4438E-02      1.0739E+00      1.0132E+00      1.1393E+00      3.9982E-02      8.0882E+01      9.3855E+01      1.0000E+00
      3.6778E-02      1.0146E+00      1.0012E+00      1.0235E+00      3.6165E-02      8.7308E+01      9.2020E+01      1.0000E+00
      3.6862E-02      1.0528E+00      1.0059E+00      1.0792E+00      3.4876E-02      8.5591E+01      9.6221E+01      1.0000E+00
      5.5150E-01      1.1788E+00      1.0290E+00      1.3008E+00      4.6573E-01      8.0565E+01      9.9252E+01      1.0000E+00
      7.4961E-01      1.0579E+00      1.0215E+00      1.0796E+00      7.2613E-01      7.8523E+01      1.0022E+02      1.0000E+00
      5.2420E-01      1.1785E+00      1.0999E+00      1.3734E+00      3.6420E-01      7.9137E+01      1.1436E+02      1.0000E+00
      2.3198E-01      1.5472E+00      1.4461E+00      2.1030E+00      1.3042E-01      5.6580E+01      1.3089E+02      1.0000E+00
      1.2295E-01      1.1006E+00      1.0250E+00      1.2118E+00      1.0393E-01      8.4548E+01      1.0228E+02      1.0000E+00
      2.1081E-01      1.4948E+00      1.3983E+00      2.0554E+00      1.3068E-01      5.6369E+01      1.2683E+02      1.0000E+00
      7.7494E-01      1.4072E+00      1.3896E+00      1.9571E+00      4.7690E-01      5.9422E+01      1.2647E+02      1.0000E+00
      4.9943E-01      1.1833E+00      1.0523E+00      1.3659E+00      3.6858E-01      7.1953E+01      1.0232E+02      1.0000E+00
      7.3909E-01      1.4644E+00      1.4677E+00      1.9056E+00      4.5870E-01      5.4497E+01      1.3121E+02      1.0000E+00
      1.5094E-01      1.0422E+00      1.0061E+00      1.0747E+00      1.4383E-01      8.5014E+01      9.6176E+01      1.0000E+00
      1.8018E-01      1.0660E+00      1.0189E+00      1.1275E+00      1.6169E-01      7.8948E+01      9.5363E+01      1.0000E+00
      1.5908E-01      1.0264E+00      1.0077E+00      1.0453E+00      1.5299E-01      8.2937E+01      9.4892E+01      1.0000E+00
      1.4921E-01      1.0369E+00      1.0078E+00      1.0729E+00      1.4177E-01      8.4637E+01      9.6940E+01      1.0000E+00
      1.9838E-01      1.4390E+00      1.3708E+00      1.9883E+00      1.2234E-01      5.9071E+01      1.2597E+02      1.0000E+00
      1.1756E-01      1.1232E+00      1.0257E+00      1.2426E+00      9.4149E-02      7.9844E+01      1.0283E+02      1.0000E+00
      1.9744E-01      1.5081E+00      1.4648E+00      2.0230E+00      1.1550E-01      5.5547E+01      1.3120E+02      1.0000E+00
      1.3502E-01      1.1830E+00      1.1414E+00      1.3404E+00      9.6616E-02      7.4824E+01      1.1848E+02      1.0000E+00
      1.3964E-01      1.1542E+00      1.0574E+00      1.2832E+00      1.2034E-01      7.3931E+01      1.0744E+02      1.0000E+00
      5.1786E-02      1.6256E+00      1.5499E+00      2.2232E+00      2.8777E-02      5.2156E+01      1.3343E+02      1.0000E+00
      2.8414E-02      1.1153E+00      1.0275E+00      1.2430E+00      2.2763E-02      8.0250E+01      1.0316E+02      1.0000E+00
      4.3652E-02      1.4929E+00      1.3686E+00      1.9508E+00      2.8401E-02      5.1860E+01      1.2340E+02      1.0000E+00
      5.8217E-02      1.6887E+00      1.5557E+00      2.3064E+00      2.9433E-02      5.3537E+01      1.3522E+02      1.0000E+00
      4.4442E-02      1.4686E+00      1.3162E+00      1.9288E+00      2.8792E-02      5.3692E+01      1.2051E+02      1.0000E+00
      2.8930E-02      1.0903E+00      1.0350E+00      1.2123E+00      2.4264E-02      8.3505E+01      1.0428E+02      1.0000E+00
      1.3806E-01      1.1715E+00      1.0270E+00      1.3024E+00      1.1632E-01      8.0883E+01      9.9623E+01      1.0000E+00
      1.9253E-01      1.0592E+00      1.0227E+00      1.0712E+00      1.8493E-01      7.8111E+01      1.0086E+02      1.0000E+00
      1.3434E-01      1.1914E+00      1.1054E+00      1.3698E+00      9.2590E-02      7.9218E+01      1.1516E+02      1.0000E+00
      5.7719E-02      1.5640E+00      1.4540E+00      2.1294E+00      3.2341E-02      5.6039E+01      1.3108E+02      1.0000E+00
      3.0057E-02      1.1000E+00      1.0289E+00      1.2061E+00      2.5539E-02      8.5298E+01      1.0323E+02      1.0000E+00
      5.2848E-02      1.4863E+00      1.3833E+00      2.0667E+00      3.2914E-02      5.7074E+01      1.2570E+02      1.0000E+00
      5.2896E-01      1.2151E+00      1.0768E+00      1.3783E+00      3.7448E-01      7.7667E+01      1.1177E+02      1.0000E+00
      7.7368E-01      1.0782E+00      1.0337E+00      1.0930E+00      7.2566E-01      7.7703E+01      1.0465E+02      1.0000E+00
      6.0055E-01      1.1965E+00      1.0911E+00      1.3662E+00      4.1289E-01      7.7291E+01      1.1358E+02      1.0000E+00
      2.1384E-01      1.4454E+00      1.4061E+00      2.0111E+00      1.3478E-01      5.6936E+01      1.2625E+02      1.0000E+00
      1.3255E-01      1.1534E+00      1.0395E+00      1.3152E+00      9.9307E-02      7.4154E+01      1.0319E+02      1.0000E+00
      2.1976E-01      1.5132E+00      1.4800E+00      2.0787E+00      1.2929E-01      5.4937E+01      1.3056E+02      1.0000E+00
      1.3425E+00      1.1864E+00      1.0401E+00      1.3841E+00      1.0835E+00      7.9586E+01      1.0391E+02      1.0000E+00
      1.0373E+00      1.1164E+00      1.0226E+00      1.1592E+00      9.5112E-01      8.0698E+01      1.0023E+02      1.0000E+00
      7.8272E-01      1.1086E+00      1.0223E+00      1.1761E+00      7.0423E-01      7.9003E+01      9.7471E+01      1.0000E+00
      8.8550E-01      1.2036E+00      1.0791E+00      1.3600E+00      7.3509E-01      6.8795E+01      1.0879E+02      1.0000E+00
      9.1815E-01      1.0777E+00      1.0217E+00      1.1421E+00      8.4403E-01      7.8411E+01      9.7174E+01      1.0000E+00
      8.1688E-01      1.0589E+00      1.0152E+00      1.1013E+00      7.8816E-01      8.0628E+01      9.7518E+01      1.0000E+00
      9.2421E-01      1.1504E+00      1.0738E+00      1.3776E+00      7.5533E-01      7.1907E+01      1.0163E+02      1.0000E+00
      5.1655E-01      1.4330E+00      1.1790E+00      1.7839E+00      3.3112E-01      6.7349E+01      1.2007E+02      1.0000E+00
      5.4701E-01      1.5443E+00      1.2420E+00      1.8016E+00      3.4740E-01      6.3537E+01      1.2316E+02      1.0000E+00
      4.4214E-01      1.1751E+00      1.1237E+00      1.3755E+00      3.0298E-01      7.9706E+01      1.1677E+02      1.0000E+00
      6.5637E-01      1.0478E+00      1.0057E+00      1.0738E+00      6.2443E-01      8.4329E+01      9.4124E+01      1.0000E+00
      6.2757E-01      1.0977E+00      1.0295E+00      1.2113E+00      5.6379E-01      7.7819E+01      1.0138E+02      1.0000E+00
      6.1814E-01      1.0439E+00      1.0134E+00      1.0968E+00      5.6839E-01      8.4543E+01      9.9144E+01      1.0000E+00
      5.6266E-01      1.1623E+00      1.0460E+00      1.3214E+00      4.8014E-01      7.5985E+01      1.0486E+02      1.0000E+00
      4.0927E-01      1.2997E+00      1.0796E+00      1.5767E+00      2.9594E-01      7.0492E+01      1.0370E+02      1.0000E+00
      1.8096E-01      1.2721E+00      1.2647E+00      1.5541E+00      9.8827E-02      7.4692E+01      1.2749E+02      1.0000E+00
      5.7109E-01      1.0219E+00      1.0021E+00      1.0632E+00      5.5988E-01      8.8830E+01      9.1107E+01      1.0000E+00
      3.3489E-01      1.3561E+00      1.3841E+00      1.7079E+00      1.8273E-01      6.5936E+01      1.3209E+02      1.0000E+00
      4.1952E-01      1.2470E+00      1.3881E+00      1.3606E+00      2.4795E-01      6.8011E+01      1.3379E+02      1.0000E+00
      4.6840E-01      1.2893E+00      1.3169E+00      1.4705E+00      2.6544E-01      7.1359E+01      1.3055E+02      1.0000E+00
      6.5693E-01      1.0739E+00      1.0231E+00      1.1284E+00      5.9145E-01      7.7836E+01      9.7124E+01      1.0000E+00
      5.8194E-01      1.0105E+00      1.0016E+00      1.0170E+00      5.7582E-01      8.6841E+01      9.2912E+01      1.0000E+00
      5.6095E-01      1.1650E+00      1.0402E+00      1.3438E+00      4.7425E-01      7.6518E+01      1.0249E+02      1.0000E+00
      5.5970E-01      1.0220E+00      1.0015E+00      1.0437E+00      5.4022E-01      8.6946E+01      9.1489E+01      1.0000E+00
      3.3597E-01      1.3779E+00      1.3333E+00      1.7093E+00      1.8565E-01      6.7010E+01      1.3031E+02      1.0000E+00
      5.7886E-01      1.0389E+00      1.0075E+00      1.0772E+00      5.5471E-01      8.3135E+01      9.6298E+01      1.0000E+00
      4.6113E-01      1.2864E+00      1.3249E+00      1.4599E+00      2.6292E-01      7.0704E+01      1.3094E+02      1.0000E+00
      5.7642E-01      1.0070E+00      1.0014E+00      1.0158E+00      5.6910E-01      8.7489E+01      9.3045E+01      1.0000E+00
      6.1900E-01      1.0333E+00      1.0081E+00      1.0620E+00      5.8608E-01      8.2711E+01      9.4298E+01      1.0000E+00
      5.8261E-01      1.0056E+00      1.0011E+00      1.0112E+00      5.7924E-01      8.7373E+01      9.2654E+01      1.0000E+00
      5.9061E-01      1.0059E+00      1.0008E+00      1.0074E+00      5.8814E-01      8.7813E+01      9.2241E+01      1.0000E+00
      5.0439E-01      1.1577E+00      1.1174E+00      1.2845E+00      3.5894E-01      7.9751E+01      1.1650E+02      1.0000E+00
      6.1931E-01      1.0278E+00      1.0067E+00      1.0518E+00      5.9126E-01      8.3373E+01      9.4115E+01      1.0000E+00
      4.9786E-01      1.1630E+00      1.1314E+00      1.2914E+00      3.4897E-01      7.9038E+01      1.1788E+02      1.0000E+00
      1.9743E-01      1.4894E+00      1.3812E+00      2.0087E+00      1.1796E-01      5.8216E+01      1.2798E+02      1.0000E+00
      1.2816E-01      1.1580E+00      1.0388E+00      1.3202E+00      9.4129E-02      7.4679E+01      1.0547E+02      1.0000E+00
      1.9608E-01      1.4779E+00      1.3598E+00      2.0084E+00      1.1918E-01      5.8807E+01      1.2654E+02      1.0000E+00
      5.8491E-01      1.0074E+00      1.0011E+00      1.0162E+00      5.7861E-01      8.7663E+01      9.2640E+01      1.0000E+00
      5.9724E-01      1.0096E+00      1.0011E+00      1.0133E+00      5.9443E-01      8.7447E+01      9.2533E+01      1.0000E+00
      6.5415E-01      1.0800E+00      1.0209E+00      1.1337E+00      5.8919E-01      7.8510E+01      9.6861E+01      1.0000E+00
      5.9268E-01      1.0133E+00      1.0010E+00      1.0255E+00      5.8708E-01      8.8175E+01      9.2345E+01      1.0000E+00
      5.9660E-01      1.0116E+00      1.0006E+00      1.0161E+00      5.9221E-01      8.8266E+01      9.1695E+01      1.0000E+00
      6.1466E-01      1.0297E+00      1.0055E+00      1.0515E+00      5.8938E-01      8.4035E+01      9.4017E+01      1.0000E+00
      5.9454E-01      1.0134E+00      1.0007E+00      1.0273E+00      5.8926E-01      8.8013E+01      9.1530E+01      1.0000E+00
      6.3477E-01      1.0650E+00      1.0068E+00      1.1053E+00      5.8858E-01      8.3905E+01      9.3460E+01      1.0000E+00
      1.3788E-01      1.1099E+00      1.0174E+00      1.2044E+00      1.1651E-01      8.2652E+01      1.0055E+02      1.0000E+00
      1.4332E-01      1.1418E+00      1.0546E+00      1.2544E+00      1.2351E-01      7.4951E+01      1.0750E+02      1.0000E+00
      1.7290E-01      1.0660E+00      1.0139E+00      1.1310E+00      1.5579E-01      8.0549E+01      9.3837E+01      1.0000E+00
      1.4830E-01      1.0365E+00      1.0041E+00      1.0505E+00      1.4458E-01      8.5642E+01      9.4776E+01      1.0000E+00
      1.3467E-01      1.1882E+00      1.1437E+00      1.3494E+00      9.6220E-02      7.4415E+01      1.1864E+02      1.0000E+00
      1.5428E-01      1.0362E+00      1.0090E+00      1.0684E+00      1.4530E-01      8.2355E+01      9.4415E+01      1.0000E+00
      1.2591E-01      1.1628E+00      1.1225E+00      1.2920E+00      8.8663E-02      7.9658E+01      1.1702E+02      1.0000E+00
      5.0032E-02      1.4837E+00      1.3632E+00      2.0418E+00      2.9731E-02      5.9419E+01      1.2664E+02      1.0000E+00
      2.9523E-02      1.1182E+00      1.0399E+00      1.2300E+00      2.3339E-02      8.1796E+01      1.0593E+02      1.0000E+00
      4.9134E-02      1.4996E+00      1.3737E+00      2.0251E+00      2.9623E-02      5.7936E+01      1.2743E+02      1.0000E+00
      1.9366E-01      1.5081E+00      1.3688E+00      2.0127E+00      1.1590E-01      5.8091E+01      1.2787E+02      1.0000E+00
      1.1945E-01      1.1203E+00      1.0371E+00      1.2333E+00      9.4477E-02      8.1271E+01      1.0537E+02      1.0000E+00
      1.9678E-01      1.4926E+00      1.3516E+00      2.0259E+00      1.1696E-01      5.9540E+01      1.2676E+02      1.0000E+00
      1.5111E-01      1.0296E+00      1.0038E+00      1.0518E+00      1.4581E-01      8.6117E+01      9.4942E+01      1.0000E+00
      1.5641E-01      1.0249E+00      1.0072E+00      1.0461E+00      1.5106E-01      8.3153E+01      9.5383E+01      1.0000E+00
      1.7669E-01      1.0624E+00      1.0123E+00      1.1180E+00      1.5925E-01      8.1060E+01      9.3720E+01      1.0000E+00
      1.4393E-01      1.0523E+00      1.0097E+00      1.1012E+00      1.3375E-01      8.4679E+01      9.7753E+01      1.0000E+00
      3.6997E-02      1.0356E+00      1.0034E+00      1.0537E+00      3.5579E-02      8.6641E+01      9.4695E+01      1.0000E+00
      3.6709E-02      1.0086E+00      1.0010E+00      1.0162E+00      3.6168E-02      8.7471E+01      9.1696E+01      1.0000E+00
      4.3590E-02      1.0555E+00      1.0120E+00      1.1081E+00      3.9478E-02      8.1169E+01      9.3460E+01      1.0000E+00
      3.6927E-02      1.0334E+00      1.0033E+00      1.0530E+00      3.5514E-02      8.6673E+01      9.4678E+01      1.0000E+00
      3.5843E-02      1.0043E+00      1.0002E+00      1.0069E+00      3.5688E-02      8.8780E+01      9.1114E+01      1.0000E+00
      3.5580E-02      1.0011E+00      1.0001E+00      1.0025E+00      3.5547E-02      8.9400E+01      9.0575E+01      1.0000E+00
      3.5701E-02      1.0043E+00      1.0003E+00      1.0077E+00      3.5480E-02      8.8499E+01      9.1175E+01      1.0000E+00
      3.5919E-02      1.0020E+00      1.0002E+00      1.0068E+00      3.5780E-02      8.9066E+01      9.0988E+01      1.0000E+00
      4.8746E-02      1.4942E+00      1.3734E+00      2.0253E+00      2.9251E-02      5.8275E+01      1.2739E+02      1.0000E+00
      2.9316E-02      1.1125E+00      1.0390E+00      1.2197E+00      2.3203E-02      8.1726E+01      1.0575E+02      1.0000E+00
      4.8811E-02      1.4900E+00      1.3636E+00      2.0221E+00      2.9466E-02      5.8567E+01      1.2686E+02      1.0000E+00
      3.6952E-02      1.0330E+00      1.0030E+00      1.0540E+00      3.5547E-02      8.6891E+01      9.4390E+01      1.0000E+00
      3.6723E-02      1.0087E+00      1.0005E+00      1.0178E+00      3.6278E-02      8.8236E+01      9.1109E+01      1.0000E+00
      4.3667E-02      1.0597E+00      1.0115E+00      1.1152E+00      3.9274E-02      8.1366E+01      9.2978E+01      1.0000E+00
      3.6397E-02      1.0392E+00      1.0029E+00      1.0693E+00      3.4679E-02      8.7234E+01      9.4282E+01      1.0000E+00
      3.5581E-02      1.0021E+00      1.0000E+00      1.0035E+00      3.5551E-02      8.9519E+01      9.0472E+01      1.0000E+00
      3.5724E-02      1.0029E+00      1.0001E+00      1.0065E+00      3.5596E-02      8.9184E+01      9.0662E+01      1.0000E+00
      3.5825E-02      1.0047E+00      1.0001E+00      1.0095E+00      3.5768E-02      8.9619E+01      9.0461E+01      1.0000E+00
      3.5807E-02      1.0065E+00      1.0001E+00      1.0130E+00      3.5750E-02      8.9536E+01      9.0373E+01      1.0000E+00
      3.5840E-02      1.0054E+00      1.0003E+00      1.0114E+00      3.5610E-02      8.8656E+01      9.1429E+01      1.0000E+00
      3.5262E-02      1.0083E+00      1.0006E+00      1.0129E+00      3.5027E-02      8.8141E+01      9.1889E+01      1.0000E+00
      3.5756E-02      1.0073E+00      1.0002E+00      1.0146E+00      3.5676E-02      8.9277E+01      9.0840E+01      1.0000E+00
      3.5636E-02      1.0072E+00      1.0003E+00      1.0139E+00      3.5632E-02      8.8843E+01      9.1153E+01      1.0000E+00
      3.6109E-02      1.0112E+00      1.0002E+00      1.0209E+00      3.5959E-02      8.9645E+01      9.0212E+01      1.0000E+00
      3.6247E-02      1.0172E+00      1.0005E+00      1.0311E+00      3.6088E-02      8.9586E+01      9.0357E+01      1.0000E+00
      3.5200E-02      1.0336E+00      1.0021E+00      1.0572E+00      3.3916E-02      8.8069E+01      9.3460E+01      1.0000E+00
      3.7361E-02      1.0513E+00      1.0036E+00      1.0813E+00      3.6405E-02      8.7562E+01      9.2181E+01      1.0000E+00
      3.6198E-02      1.0180E+00      1.0007E+00      1.0320E+00      3.6050E-02      8.8805E+01      9.1222E+01      1.0000E+00
      3.5807E-02      1.0157E+00      1.0008E+00      1.0264E+00      3.5590E-02      8.8324E+01      9.1774E+01      1.0000E+00
      3.7334E-02      1.0522E+00      1.0055E+00      1.0823E+00      3.6417E-02      8.5686E+01      9.4085E+01      1.0000E+00
      3.5414E-02      1.0326E+00      1.0036E+00      1.0488E+00      3.4502E-02      8.5958E+01      9.4807E+01      1.0000E+00
      1.2431E-01      1.1602E+00      1.1216E+00      1.2852E+00      8.7734E-02      7.9838E+01      1.1693E+02      1.0000E+00
      1.4225E-01      1.0698E+00      1.0159E+00      1.1289E+00      1.2895E-01      7.9936E+01      9.5975E+01      1.0000E+00
      1.2627E-01      1.1082E+00      1.0148E+00      1.1952E+00      1.1155E-01      8.3761E+01      9.9225E+01      1.0000E+00
      4.9841E-02      1.4659E+00      1.3270E+00      2.0061E+00      3.1275E-02      5.9426E+01      1.2420E+02      1.0000E+00
      2.9392E-02      1.1000E+00      1.0323E+00      1.2014E+00      2.4886E-02      8.4664E+01      1.0409E+02      1.0000E+00
      5.3937E-02      1.5669E+00      1.4415E+00      2.0939E+00      2.9686E-02      5.6891E+01      1.3171E+02      1.0000E+00
      1.3356E-01      1.1454E+00      1.0689E+00      1.2557E+00      1.1629E-01      7.2177E+01      1.0931E+02      1.0000E+00
      1.2926E-01      1.1641E+00      1.1111E+00      1.3595E+00      9.4496E-02      7.7051E+01      1.1492E+02      1.0000E+00
      2.8532E-02      1.0907E+00      1.0326E+00      1.2064E+00      2.3977E-02      8.4096E+01      1.0392E+02      1.0000E+00
      4.3694E-02      1.4629E+00      1.3034E+00      1.9119E+00      2.8651E-02      5.4466E+01      1.2050E+02      1.0000E+00
      5.5990E-02      1.7056E+00      1.5594E+00      2.3075E+00      2.8251E-02      5.3116E+01      1.3559E+02      1.0000E+00
      4.3564E-02      1.4781E+00      1.3614E+00      1.9322E+00      2.8408E-02      5.1992E+01      1.2268E+02      1.0000E+00
      2.8408E-02      1.1152E+00      1.0256E+00      1.2435E+00      2.2752E-02      7.9767E+01      1.0271E+02      1.0000E+00
      5.1160E-02      1.6312E+00      1.5860E+00      2.2139E+00      2.8317E-02      5.1199E+01      1.3460E+02      1.0000E+00
      5.1820E-01      1.1863E+00      1.1493E+00      1.3236E+00      3.6941E-01      7.4460E+01      1.1936E+02      1.0000E+00
      4.3981E-01      1.3428E+00      1.6912E+00      1.4855E+00      2.0521E-01      6.3488E+01      1.4360E+02      1.0000E+00
      2.0553E-01      1.5686E+00      1.4748E+00      2.2244E+00      1.1943E-01      5.4444E+01      1.2918E+02      1.0000E+00
      1.0882E-01      1.1347E+00      1.0256E+00      1.2377E+00      9.4189E-02      8.3916E+01      9.9709E+01      1.0000E+00
      1.8178E-01      1.7361E+00      1.4815E+00      2.1374E+00      1.1271E-01      4.6368E+01      1.3111E+02      1.0000E+00
      9.9241E-02      1.1427E+00      1.0697E+00      1.2990E+00      7.9961E-02      8.0911E+01      1.0967E+02      1.0000E+00
      1.3881E-01      1.3391E+00      1.1889E+00      1.7685E+00      9.8105E-02      6.3582E+01      1.1412E+02      1.0000E+00
      1.5632E-01      1.7621E+00      1.5058E+00      2.0697E+00      8.8506E-02      4.9980E+01      1.3621E+02      1.0000E+00
      1.4515E-01      1.3381E+00      1.3036E+00      1.7347E+00      1.0233E-01      5.5561E+01      1.1923E+02      1.0000E+00
      1.1577E-01      1.1917E+00      1.0680E+00      1.4302E+00      8.1629E-02      6.9778E+01      1.0391E+02      1.0000E+00
      1.6951E-01      1.5208E+00      1.6104E+00      1.9381E+00      9.6604E-02      5.1943E+01      1.3686E+02      1.0000E+00
      3.5355E-02      1.0326E+00      1.0034E+00      1.0498E+00      3.4419E-02      8.6153E+01      9.4683E+01      1.0000E+00
      3.7304E-02      1.0521E+00      1.0052E+00      1.0818E+00      3.6394E-02      8.5893E+01      9.3917E+01      1.0000E+00
      3.5780E-02      1.0152E+00      1.0007E+00      1.0258E+00      3.5566E-02      8.8389E+01      9.1725E+01      1.0000E+00
      3.6168E-02      1.0173E+00      1.0007E+00      1.0308E+00      3.6023E-02      8.8858E+01      9.1171E+01      1.0000E+00
      3.7426E-02      1.0499E+00      1.0034E+00      1.0798E+00      3.6428E-02      8.7375E+01      9.2247E+01      1.0000E+00
      3.5367E-02      1.0307E+00      1.0017E+00      1.0501E+00      3.4171E-02      8.8151E+01      9.3167E+01      1.0000E+00
      3.6240E-02      1.0162E+00      1.0004E+00      1.0289E+00      3.6097E-02      8.9619E+01      9.0359E+01      1.0000E+00
      3.6166E-02      1.0096E+00      1.0002E+00      1.0175E+00      3.6064E-02      8.9631E+01      9.0313E+01      1.0000E+00
      3.5647E-02      1.0074E+00      1.0003E+00      1.0143E+00      3.5630E-02      8.8798E+01      9.1185E+01      1.0000E+00
      3.5756E-02      1.0070E+00      1.0002E+00      1.0142E+00      3.5678E-02      8.9256E+01      9.0849E+01      1.0000E+00
      3.5301E-02      1.0082E+00      1.0006E+00      1.0124E+00      3.5065E-02      8.8036E+01      9.2022E+01      1.0000E+00
      3.5873E-02      1.0058E+00      1.0004E+00      1.0121E+00      3.5634E-02      8.8555E+01      9.1522E+01      1.0000E+00
      3.5814E-02      1.0061E+00      1.0001E+00      1.0123E+00      3.5760E-02      8.9535E+01      9.0383E+01      1.0000E+00
      3.5867E-02      1.0040E+00      1.0001E+00      1.0086E+00      3.5818E-02      8.9584E+01      9.0455E+01      1.0000E+00
      3.5766E-02      1.0026E+00      1.0001E+00      1.0064E+00      3.5629E-02      8.9159E+01      9.0702E+01      1.0000E+00
      3.5662E-02      1.0015E+00      1.0000E+00      1.0033E+00      3.5631E-02      8.9592E+01      9.0371E+01      1.0000E+00
      3.6833E-02      1.0403E+00      1.0039E+00      1.0757E+00      3.5089E-02      8.6304E+01      9.4890E+01      1.0000E+00
      4.4702E-02      1.0696E+00      1.0166E+00      1.1301E+00      3.9801E-02      7.9628E+01      9.4354E+01      1.0000E+00
      3.6905E-02      1.0090E+00      1.0007E+00      1.0185E+00      3.6363E-02      8.7820E+01      9.1395E+01      1.0000E+00
      3.7286E-02      1.0347E+00      1.0037E+00      1.0567E+00      3.5883E-02      8.6218E+01      9.4871E+01      1.0000E+00
      5.0074E-02      1.4736E+00      1.3835E+00      2.0174E+00      3.0449E-02      5.8049E+01      1.2707E+02      1.0000E+00
      2.9689E-02      1.1127E+00      1.0359E+00      1.2232E+00      2.3485E-02      8.1046E+01      1.0513E+02      1.0000E+00
      5.0284E-02      1.4826E+00      1.3959E+00      2.0280E+00      3.0208E-02      5.7762E+01      1.2779E+02      1.0000E+00
      3.6039E-02      1.0024E+00      1.0002E+00      1.0070E+00      3.5902E-02      8.9005E+01      9.0956E+01      1.0000E+00
      3.5961E-02      1.0028E+00      1.0003E+00      1.0065E+00      3.5777E-02      8.8550E+01      9.1230E+01      1.0000E+00
      3.5767E-02      1.0022E+00      1.0000E+00      1.0031E+00      3.5715E-02      8.9592E+01      9.0415E+01      1.0000E+00
      3.6282E-02      1.0071E+00      1.0001E+00      1.0120E+00      3.6035E-02      8.9192E+01      9.0902E+01      1.0000E+00
      3.7483E-02      1.0366E+00      1.0038E+00      1.0588E+00      3.5967E-02      8.6336E+01      9.4949E+01      1.0000E+00
      4.5220E-02      1.0697E+00      1.0160E+00      1.1310E+00      4.0358E-02      7.9824E+01      9.4509E+01      1.0000E+00
      3.7520E-02      1.0111E+00      1.0005E+00      1.0209E+00      3.6973E-02      8.8211E+01      9.1299E+01      1.0000E+00
      3.7798E-02      1.0364E+00      1.0030E+00      1.0657E+00      3.6160E-02      8.6936E+01      9.4336E+01      1.0000E+00
      3.6892E-02      1.0550E+00      1.0070E+00      1.0820E+00      3.4858E-02      8.5106E+01      9.6738E+01      1.0000E+00
      3.6862E-02      1.0173E+00      1.0015E+00      1.0269E+00      3.6214E-02      8.6993E+01      9.2392E+01      1.0000E+00
      4.4371E-02      1.0877E+00      1.0177E+00      1.1578E+00      3.9900E-02      7.9671E+01      9.5504E+01      1.0000E+00
      3.7426E-02      1.0204E+00      1.0037E+00      1.0468E+00      3.6353E-02      8.5983E+01      9.4650E+01      1.0000E+00
      3.6018E-02      1.0044E+00      1.0003E+00      1.0080E+00      3.5806E-02      8.8619E+01      9.1069E+01      1.0000E+00
      3.5774E-02      1.0029E+00      1.0001E+00      1.0051E+00      3.5682E-02      8.9431E+01      9.0572E+01      1.0000E+00
      3.6078E-02      1.0044E+00      1.0006E+00      1.0124E+00      3.5893E-02      8.8260E+01      9.1799E+01      1.0000E+00
      3.6390E-02      1.0100E+00      1.0003E+00      1.0157E+00      3.6059E-02      8.8855E+01      9.1290E+01      1.0000E+00
      5.0317E-02      1.4078E+00      1.3351E+00      1.9685E+00      3.1860E-02      6.0619E+01      1.2342E+02      1.0000E+00
      2.9866E-02      1.1267E+00      1.0341E+00      1.2556E+00      2.3518E-02      8.0180E+01      1.0470E+02      1.0000E+00
      5.0445E-02      1.5150E+00      1.4820E+00      2.0374E+00      2.9073E-02      5.5348E+01      1.3188E+02      1.0000E+00
      3.7842E-02      1.0490E+00      1.0064E+00      1.0734E+00      3.5985E-02      8.5243E+01      9.6445E+01      1.0000E+00
      3.7948E-02      1.0194E+00      1.0013E+00      1.0305E+00      3.7260E-02      8.7241E+01      9.2393E+01      1.0000E+00
      4.6664E-02      1.1016E+00      1.0267E+00      1.1643E+00      4.1431E-02      7.7229E+01      9.8110E+01      1.0000E+00
      3.9099E-02      1.0295E+00      1.0055E+00      1.0647E+00      3.7854E-02      8.4584E+01      9.5470E+01      1.0000E+00
      3.5850E-02      1.0018E+00      1.0000E+00      1.0037E+00      3.5734E-02      8.9814E+01      9.0186E+01      1.0000E+00
      3.6328E-02      1.0067E+00      1.0001E+00      1.0118E+00      3.6111E-02      8.9262E+01      9.0728E+01      1.0000E+00
      3.6400E-02      1.0079E+00      1.0001E+00      1.0138E+00      3.6149E-02      8.9353E+01      9.0650E+01      1.0000E+00
      3.6140E-02      1.0027E+00      1.0002E+00      1.0050E+00      3.5982E-02      8.8808E+01      9.0973E+01      1.0000E+00
      3.7549E-02      1.0105E+00      1.0005E+00      1.0204E+00      3.6982E-02      8.8203E+01      9.1217E+01      1.0000E+00
      3.7819E-02      1.0394E+00      1.0032E+00      1.0690E+00      3.6092E-02      8.6830E+01      9.4527E+01      1.0000E+00
      3.7597E-02      1.0351E+00      1.0035E+00      1.0576E+00      3.6130E-02      8.6457E+01      9.4743E+01      1.0000E+00
      4.5342E-02      1.0635E+00      1.0154E+00      1.1260E+00      4.0483E-02      8.0000E+01      9.4075E+01      1.0000E+00
      3.7844E-02      1.0134E+00      1.0003E+00      1.0251E+00      3.7189E-02      8.8581E+01      9.0853E+01      1.0000E+00
      3.7760E-02      1.0358E+00      1.0032E+00      1.0602E+00      3.6221E-02      8.6717E+01      9.4544E+01      1.0000E+00
      3.8628E-02      1.0392E+00      1.0019E+00      1.0692E+00      3.7026E-02      8.7894E+01      9.3007E+01      1.0000E+00
      4.5994E-02      1.0622E+00      1.0127E+00      1.1299E+00      4.1003E-02      8.0903E+01      9.3340E+01      1.0000E+00
      2.9931E-02      1.1134E+00      1.0379E+00      1.2231E+00      2.3666E-02      8.1403E+01      1.0552E+02      1.0000E+00
      5.0673E-02      1.4800E+00      1.3852E+00      2.0286E+00      3.0427E-02      5.8261E+01      1.2736E+02      1.0000E+00
      5.1174E-02      1.4831E+00      1.3795E+00      2.0402E+00      3.0585E-02      5.8583E+01      1.2711E+02      1.0000E+00
      1.3655E-01      1.2013E+00      1.1039E+00      1.3828E+00      9.4825E-02      7.9596E+01      1.1495E+02      1.0000E+00
      2.0299E-01      1.0437E+00      1.0203E+00      1.0676E+00      1.9284E-01      7.8540E+01      9.9135E+01      1.0000E+00
      1.4216E-01      1.1816E+00      1.0364E+00      1.2995E+00      1.1891E-01      8.0709E+01      1.0273E+02      1.0000E+00
      5.4094E-02      1.4930E+00      1.3837E+00      2.0634E+00      3.3808E-02      5.6720E+01      1.2588E+02      1.0000E+00
      3.1000E-02      1.0956E+00      1.0360E+00      1.1986E+00      2.5734E-02      8.4268E+01      1.0499E+02      1.0000E+00
      6.0373E-02      1.5330E+00      1.4211E+00      2.1504E+00      3.3642E-02      5.8333E+01      1.2913E+02      1.0000E+00
      2.2618E-01      1.4867E+00      1.3913E+00      2.0346E+00      1.4005E-01      5.6811E+01      1.2686E+02      1.0000E+00
      1.2679E-01      1.1143E+00      1.0363E+00      1.1938E+00      1.0549E-01      8.2972E+01      1.0521E+02      1.0000E+00
      2.5480E-01      1.5025E+00      1.4109E+00      2.1885E+00      1.3816E-01      6.0874E+01      1.2793E+02      1.0000E+00
      1.4195E-01      1.2121E+00      1.0467E+00      1.3300E+00      1.1759E-01      7.9849E+01      1.0319E+02      1.0000E+00
      1.3721E-01      1.1777E+00      1.1128E+00      1.3538E+00      9.5737E-02      7.9827E+01      1.1586E+02      1.0000E+00
      2.0208E-01      1.0681E+00      1.0157E+00      1.1117E+00      1.9419E-01      8.0771E+01      9.7740E+01      1.0000E+00
      3.1024E-02      1.0932E+00      1.0347E+00      1.1929E+00      2.5838E-02      8.4389E+01      1.0474E+02      1.0000E+00
      6.0158E-02      1.5178E+00      1.3974E+00      2.1311E+00      3.4026E-02      5.9095E+01      1.2803E+02      1.0000E+00
      5.4106E-02      1.5183E+00      1.4038E+00      2.0855E+00      3.3203E-02      5.5925E+01      1.2724E+02      1.0000E+00
      1.2741E-01      1.1100E+00      1.0252E+00      1.2006E+00      1.0900E-01      8.4572E+01      1.0259E+02      1.0000E+00
      2.5272E-01      1.4411E+00      1.3652E+00      2.1172E+00      1.4527E-01      6.2519E+01      1.2464E+02      1.0000E+00
      2.2838E-01      1.6423E+00      1.5078E+00      2.1509E+00      1.3400E-01      5.1150E+01      1.3277E+02      1.0000E+00
      1.3862E-01      1.2197E+00      1.0657E+00      1.3977E+00      1.0126E-01      7.8464E+01      1.1007E+02      1.0000E+00
      2.2541E-01      1.1772E+00      1.0634E+00      1.3308E+00      1.7619E-01      7.8360E+01      1.0941E+02      1.0000E+00
      1.9893E-01      1.2619E+00      1.0868E+00      1.4476E+00      1.4394E-01      6.7791E+01      1.0069E+02      1.0000E+00
      5.9534E-02      1.4485E+00      1.4166E+00      2.0605E+00      3.8513E-02      5.5024E+01      1.2377E+02      1.0000E+00
      3.2944E-02      1.1013E+00      1.0226E+00      1.2229E+00      2.7407E-02      8.2398E+01      1.0168E+02      1.0000E+00
      6.8766E-02      1.5523E+00      1.6076E+00      2.2250E+00      3.5891E-02      5.4535E+01      1.3455E+02      1.0000E+00
      1.4148E-01      1.2059E+00      1.1318E+00      1.3936E+00      9.8281E-02      7.6403E+01      1.1758E+02      1.0000E+00
      1.6948E-01      1.1522E+00      1.0560E+00      1.2283E+00      1.4055E-01      7.7747E+01      1.0873E+02      1.0000E+00
      2.1604E-01      1.0281E+00      1.0063E+00      1.0700E+00      2.0796E-01      8.4655E+01      9.5737E+01      1.0000E+00
      3.2743E-02      1.0852E+00      1.0464E+00      1.1803E+00      2.7639E-02      8.0705E+01      1.0682E+02      1.0000E+00
      5.6052E-02      1.5437E+00      1.3803E+00      2.0975E+00      3.4381E-02      5.6108E+01      1.2683E+02      1.0000E+00
      6.7427E-02      1.5711E+00      1.3408E+00      2.2197E+00      3.6613E-02      6.1651E+01      1.2635E+02      1.0000E+00
      1.7219E-01      1.2324E+00      1.2553E+00      1.4183E+00      1.0157E-01      7.5697E+01      1.2714E+02      1.0000E+00
      1.7708E-01      1.2096E+00      1.1263E+00      1.3865E+00      1.4476E-01      6.7135E+01      1.1473E+02      1.0000E+00
      2.3816E-01      1.4536E+00      1.2576E+00      1.9022E+00      1.5516E-01      6.1290E+01      1.2225E+02      1.0000E+00
      2.7854E-01      1.3193E+00      1.2046E+00      1.5210E+00      1.9053E-01      6.6483E+01      1.2303E+02      1.0000E+00
      5.5964E-01      1.1700E+00      1.1255E+00      1.3324E+00      4.2219E-01      7.6812E+01      1.1644E+02      1.0000E+00
      5.4051E-01      1.1312E+00      1.1013E+00      1.2253E+00      4.1445E-01      7.8311E+01      1.1474E+02      1.0000E+00
      6.3585E-01      1.0797E+00      1.0088E+00      1.1383E+00      5.7059E-01      8.4394E+01      9.6248E+01      1.0000E+00
      1.3574E-01      1.1513E+00      1.0428E+00      1.3159E+00      1.0069E-01      7.6498E+01      1.0640E+02      1.0000E+00
      2.1672E-01      1.4451E+00      1.3519E+00      2.0185E+00      1.2985E-01      6.0806E+01      1.2548E+02      1.0000E+00
      2.1883E-01      1.5013E+00      1.3838E+00      2.0368E+00      1.2891E-01      5.8345E+01      1.2811E+02      1.0000E+00
      4.7394E-01      1.2748E+00      1.0645E+00      1.5986E+00      3.4467E-01      7.4480E+01      1.0642E+02      1.0000E+00
      8.2801E-01      1.6039E+00      1.4138E+00      2.0465E+00      5.2644E-01      4.9547E+01      1.2718E+02      1.0000E+00
      7.2543E-01      1.8329E+00      1.5616E+00      2.6224E+00      3.5842E-01      4.4818E+01      1.2639E+02      1.0000E+00
      6.7539E-01      1.8684E+00      1.8895E+00      2.3340E+00      3.8977E-01      4.0492E+01      1.4105E+02      1.0000E+00
      4.2336E-01      1.2554E+00      1.1184E+00      1.5737E+00      2.9099E-01      6.4613E+01      1.0038E+02      1.0000E+00
      4.7070E-01      1.7714E+00      1.6239E+00      2.0960E+00      2.6824E-01      3.8042E+01      1.2155E+02      1.0000E+00
      8.3801E-01      1.6876E+00      1.6001E+00      2.3070E+00      4.9805E-01      4.6644E+01      1.3155E+02      1.0000E+00
      4.5368E-01      1.1268E+00      1.0229E+00      1.2455E+00      3.6730E-01      7.8006E+01      9.9988E+01      1.0000E+00
      7.2735E-01      1.7361E+00      1.5415E+00      2.2064E+00      4.1802E-01      4.2739E+01      1.2846E+02      1.0000E+00
      5.6192E-01      1.1691E+00      1.0398E+00      1.3412E+00      4.7525E-01      7.6213E+01      1.0272E+02      1.0000E+00
      5.6013E-01      1.0326E+00      1.0016E+00      1.0518E+00      5.4058E-01      8.7165E+01      9.1611E+01      1.0000E+00
      3.3735E-01      1.3711E+00      1.3279E+00      1.7074E+00      1.8674E-01      6.7446E+01      1.3000E+02      1.0000E+00
      5.7797E-01      1.0487E+00      1.0094E+00      1.0808E+00      5.5015E-01      8.2435E+01      9.6415E+01      1.0000E+00
      5.7349E-01      1.0238E+00      1.0019E+00      1.0379E+00      5.6504E-01      8.7223E+01      9.3170E+01      1.0000E+00
      5.7906E-01      1.1200E+00      1.0278E+00      1.2085E+00      5.2356E-01      7.7960E+01      1.0186E+02      1.0000E+00
      5.6539E-01      1.0201E+00      1.0018E+00      1.0404E+00      5.5826E-01      8.6920E+01      9.2445E+01      1.0000E+00
      4.8996E-01      1.0545E+00      1.0112E+00      1.1457E+00      4.5070E-01      8.3196E+01      9.5295E+01      1.0000E+00
      4.6559E-01      1.2746E+00      1.3033E+00      1.4590E+00      2.6859E-01      7.1721E+01      1.2981E+02      1.0000E+00
      6.5719E-01      1.1145E+00      1.0295E+00      1.1909E+00      5.7829E-01      7.6764E+01      9.8206E+01      1.0000E+00
      6.0154E-01      1.1419E+00      1.0222E+00      1.2200E+00      5.3918E-01      8.2089E+01      9.8387E+01      1.0000E+00
      5.9196E-01      1.1752E+00      1.0354E+00      1.3181E+00      5.0781E-01      7.7779E+01      1.0164E+02      1.0000E+00
      6.3859E-01      1.1100E+00      1.0274E+00      1.1804E+00      5.6234E-01      7.7192E+01      9.7907E+01      1.0000E+00
      4.5816E-01      1.2723E+00      1.3558E+00      1.4881E+00      2.4907E-01      7.3334E+01      1.3229E+02      1.0000E+00
      4.2305E-01      1.2371E+00      1.0751E+00      1.4232E+00      3.4116E-01      7.0400E+01      1.0718E+02      1.0000E+00
      4.0855E-01      1.1166E+00      1.0200E+00      1.1807E+00      3.6315E-01      8.2372E+01      1.0053E+02      1.0000E+00
      6.0052E-01      1.0516E+00      1.0084E+00      1.1231E+00      5.5977E-01      8.3516E+01      9.5273E+01      1.0000E+00
      5.8696E-01      1.0087E+00      1.0002E+00      1.0167E+00      5.8582E-01      8.9222E+01      9.0699E+01      1.0000E+00
      5.3587E-01      1.0453E+00      1.0027E+00      1.0754E+00      5.1449E-01      8.7141E+01      9.3255E+01      1.0000E+00
      6.5677E-01      1.0722E+00      1.0176E+00      1.1380E+00      5.8162E-01      7.9335E+01      9.4231E+01      1.0000E+00
      5.2797E-01      1.1386E+00      1.0425E+00      1.2857E+00      4.5556E-01      7.6918E+01      1.0434E+02      1.0000E+00
      4.2636E-01      1.3162E+00      1.5458E+00      1.4663E+00      2.0263E-01      6.9207E+01      1.3969E+02      1.0000E+00
      6.2196E-01      1.0431E+00      1.0071E+00      1.0851E+00      5.8723E-01      8.3271E+01      9.3586E+01      1.0000E+00
      5.3366E-01      1.0037E+00      1.0004E+00      1.0060E+00      5.3259E-01      8.8521E+01      9.1547E+01      1.0000E+00
      5.6141E-01      1.1564E+00      1.0432E+00      1.3322E+00      4.7229E-01      7.5388E+01      1.0251E+02      1.0000E+00
      5.8436E-01      1.0546E+00      1.0089E+00      1.1028E+00      5.5225E-01      8.2765E+01      9.6492E+01      1.0000E+00
      3.3874E-01      1.3763E+00      1.3272E+00      1.7010E+00      1.8865E-01      6.7018E+01      1.3005E+02      1.0000E+00
      6.2092E-01      1.0826E+00      1.0119E+00      1.1650E+00      5.6011E-01      8.5026E+01      9.6300E+01      1.0000E+00
      4.2797E-01      1.3580E+00      1.3123E+00      1.4419E+00      2.6904E-01      6.4376E+01      1.3035E+02      1.0000E+00
      4.9234E-01      1.2819E+00      1.3322E+00      1.4123E+00      2.9090E-01      6.9637E+01      1.3133E+02      1.0000E+00
      3.6213E-01      1.3535E+00      1.2966E+00      1.7358E+00      2.0158E-01      6.9514E+01      1.2791E+02      1.0000E+00
      6.2636E-01      1.1004E+00      1.0165E+00      1.1542E+00      5.7610E-01      8.1240E+01      9.7739E+01      1.0000E+00
      5.3158E-01      1.2303E+00      1.2800E+00      1.4858E+00      3.1506E-01      7.3023E+01      1.2781E+02      1.0000E+00
      5.5018E-01      1.1076E+00      1.0537E+00      1.2625E+00      4.7666E-01      7.6252E+01      1.0559E+02      1.0000E+00
      8.5053E-01      1.5961E+00      1.4029E+00      1.7550E+00      5.8179E-01      4.6171E+01      1.2683E+02      1.0000E+00
      9.4507E-01      1.6705E+00      1.4803E+00      2.3420E+00      5.5184E-01      5.0215E+01      1.2758E+02      1.0000E+00
      6.8719E-01      1.8184E+00      1.5917E+00      2.3314E+00      3.7087E-01      4.0553E+01      1.2856E+02      1.0000E+00
      4.7501E-01      1.2388E+00      1.0738E+00      1.4577E+00      3.4772E-01      6.9320E+01      1.0059E+02      1.0000E+00
      7.9447E-01      1.6711E+00      1.5904E+00      2.2227E+00      4.7697E-01      4.5407E+01      1.3086E+02      1.0000E+00
      7.7256E-01      1.9221E+00      1.8830E+00      2.8777E+00      3.9158E-01      4.2525E+01      1.3600E+02      1.0000E+00
      2.7147E-01      1.2880E+00      1.1346E+00      1.5037E+00      1.9914E-01      6.9186E+01      1.1684E+02      1.0000E+00
      7.8909E-01      1.7295E+00      1.7349E+00      2.0992E+00      4.9195E-01      4.3036E+01      1.3845E+02      1.0000E+00
      8.1067E-01      1.6516E+00      1.5373E+00      2.1489E+00      4.9283E-01      4.5620E+01      1.2939E+02      1.0000E+00
      8.3665E-01      1.6384E+00      1.4664E+00      2.0823E+00      5.1431E-01      4.6473E+01      1.2765E+02      1.0000E+00
      5.7088E-01      1.1966E+00      1.0639E+00      1.4083E+00      4.0891E-01      7.0081E+01      1.0296E+02      1.0000E+00
      6.6290E-01      1.0344E+00      1.0041E+00      1.0896E+00      6.3064E-01      8.6651E+01      9.4011E+01      1.0000E+00
      6.8044E-01      1.1098E+00      1.0245E+00      1.1798E+00      5.9890E-01      7.7980E+01      9.7242E+01      1.0000E+00
      6.3959E-01      1.0579E+00      1.0074E+00      1.1206E+00      6.2285E-01      8.6274E+01      9.2405E+01      1.0000E+00
      6.0560E-01      1.1798E+00      1.0406E+00      1.3121E+00      5.2287E-01      7.6785E+01      1.0302E+02      1.0000E+00
      4.7613E-01      1.2807E+00      1.3105E+00      1.4713E+00      2.7218E-01      7.1476E+01      1.3017E+02      1.0000E+00
      6.6283E-01      1.0646E+00      1.0139E+00      1.1090E+00      6.5319E-01      8.2057E+01      9.7457E+01      1.0000E+00
      3.6726E-01      1.3427E+00      1.3149E+00      1.7315E+00      2.0190E-01      6.9579E+01      1.2875E+02      1.0000E+00
      5.1154E-01      1.2606E+00      1.3065E+00      1.4891E+00      2.8386E-01      7.4218E+01      1.2988E+02      1.0000E+00
      5.1593E-01      1.4228E+00      1.3640E+00      1.6490E+00      2.7208E-01      6.8141E+01      1.3278E+02      1.0000E+00
      7.2226E-01      1.1602E+00      1.0309E+00      1.2627E+00      6.5878E-01      8.0968E+01      9.7391E+01      1.0000E+00
      6.5865E-01      1.1065E+00      1.0486E+00      1.3174E+00      5.6152E-01      7.9105E+01      1.0211E+02      1.0000E+00
      5.4343E-01      1.2938E+00      1.2539E+00      1.5236E+00      3.4064E-01      7.2643E+01      1.2638E+02      1.0000E+00
      4.4726E-01      1.4551E+00      1.3722E+00      1.6632E+00      2.6923E-01      5.9283E+01      1.3239E+02      1.0000E+00
      3.0193E-01      1.3022E+00      1.1357E+00      1.6736E+00      1.9868E-01      6.7810E+01      1.0776E+02      1.0000E+00
      5.3688E-01      1.1592E+00      1.1229E+00      1.3246E+00      4.5389E-01      6.5211E+01      1.1219E+02      1.0000E+00
      7.8738E-01      1.2460E+00      1.1546E+00      1.2842E+00      6.6535E-01      6.0264E+01      1.1479E+02      1.0000E+00
      1.0273E+00      1.4218E+00      1.2382E+00      1.5876E+00      8.7144E-01      5.6555E+01      1.1974E+02      1.0000E+00
      8.9646E-01      1.3581E+00      1.1379E+00      1.6170E+00      7.8579E-01      7.0740E+01      1.0740E+02      1.0000E+00
      7.2623E-01      1.1466E+00      1.0304E+00      1.2791E+00      7.0252E-01      8.6573E+01      9.2631E+01      1.0000E+00
      6.4081E-01      1.0605E+00      1.0066E+00      1.1219E+00      6.3800E-01      8.9763E+01      9.0483E+01      1.0000E+00
      6.0125E-01      1.0296E+00      1.0015E+00      1.0563E+00      5.9918E-01      8.9800E+01      9.0229E+01      1.0000E+00
      5.8370E-01      1.0146E+00      1.0004E+00      1.0253E+00      5.8125E-01      8.9355E+01      9.0628E+01      1.0000E+00
      5.7252E-01      1.0066E+00      1.0002E+00      1.0146E+00      5.6908E-01      8.9372E+01      9.0889E+01      1.0000E+00
      5.6043E-01      1.0066E+00      1.0002E+00      1.0170E+00      5.5528E-01      8.9111E+01      9.0578E+01      1.0000E+00
      5.5211E-01      1.0114E+00      1.0002E+00      1.0186E+00      5.4742E-01      8.9422E+01      9.0399E+01      1.0000E+00
      5.5376E-01      1.0087E+00      1.0002E+00      1.0174E+00      5.4913E-01      8.9354E+01      9.0314E+01      1.0000E+00
      5.6115E-01      1.0037E+00      1.0001E+00      1.0106E+00      5.5813E-01      8.9369E+01      9.0646E+01      1.0000E+00
      5.6821E-01      1.0105E+00      1.0002E+00      1.0154E+00      5.6393E-01      8.9486E+01      9.0631E+01      1.0000E+00
      5.7782E-01      1.0247E+00      1.0008E+00      1.0384E+00      5.7127E-01      8.9181E+01      9.0795E+01      1.0000E+00
      5.9073E-01      1.0328E+00      1.0016E+00      1.0581E+00      5.8410E-01      8.9164E+01      9.0637E+01      1.0000E+00
      5.9938E-01      1.0289E+00      1.0018E+00      1.0617E+00      5.9520E-01      8.9514E+01      9.0291E+01      1.0000E+00
      6.0346E-01      1.0264E+00      1.0021E+00      1.0627E+00      5.9722E-01      8.8588E+01      9.1375E+01      1.0000E+00
      6.0619E-01      1.0267E+00      1.0032E+00      1.0651E+00      5.9760E-01      8.7071E+01      9.2854E+01      1.0000E+00
      5.9848E-01      1.0335E+00      1.0033E+00      1.0651E+00      5.8922E-01      8.7146E+01      9.3711E+01      1.0000E+00
      5.7715E-01      1.0371E+00      1.0033E+00      1.0640E+00      5.6509E-01      8.6289E+01      9.3045E+01      1.0000E+00
      5.5877E-01      1.0223E+00      1.0016E+00      1.0473E+00      5.4549E-01      8.6955E+01      9.1853E+01      1.0000E+00
      5.5446E-01      1.0071E+00      1.0004E+00      1.0188E+00      5.4831E-01      8.8478E+01      9.1316E+01      1.0000E+00
      5.5724E-01      1.0042E+00      1.0001E+00      1.0063E+00      5.5494E-01      8.9539E+01      9.0572E+01      1.0000E+00
      5.5891E-01      1.0020E+00      1.0000E+00      1.0036E+00      5.5820E-01      8.9901E+01      9.0147E+01      1.0000E+00
      5.5848E-01      1.0008E+00      1.0000E+00      1.0012E+00      5.5813E-01      8.9938E+01      9.0054E+01      1.0000E+00
      5.5646E-01      1.0016E+00      1.0000E+00      1.0029E+00      5.5609E-01      8.9881E+01      9.0138E+01      1.0000E+00
      5.4994E-01      1.0066E+00      1.0001E+00      1.0097E+00      5.4762E-01      8.9482E+01      9.0467E+01      1.0000E+00
      5.2942E-01      1.0182E+00      1.0007E+00      1.0301E+00      5.2133E-01      8.8259E+01      9.1792E+01      1.0000E+00
      4.7453E-01      1.0453E+00      1.0065E+00      1.0908E+00      4.4944E-01      8.4899E+01      9.6131E+01      1.0000E+00
      3.3576E-01      1.1625E+00      1.1431E+00      1.3134E+00      2.5416E-01      7.4273E+01      1.1804E+02      1.0000E+00
      4.6810E-01      1.8097E+00      1.4245E+00      1.9924E+00      2.9725E-01      5.4143E+01      1.2827E+02      1.0000E+00
      1.0882E+00      1.2976E+00      1.1801E+00      1.8030E+00      7.9859E-01      7.9638E+01      1.0814E+02      1.0000E+00
      1.5660E+00      1.2504E+00      1.2202E+00      1.7505E+00      1.1545E+00      6.6869E+01      1.0793E+02      1.0000E+00
      8.0047E-01      1.8718E+00      1.4719E+00      2.3159E+00      4.5695E-01      4.9081E+01      1.3340E+02      1.0000E+00
      3.6630E-01      1.1031E+00      1.0788E+00      1.2925E+00      3.2174E-01      7.4544E+01      1.0673E+02      1.0000E+00
      3.0868E-01      1.1791E+00      1.0763E+00      1.4351E+00      2.3836E-01      8.2759E+01      1.0836E+02      1.0000E+00
      1.1945E-01      1.7221E+00      1.3556E+00      2.0791E+00      7.1035E-02      5.6086E+01      1.2837E+02      1.0000E+00
      7.0040E-02      1.1369E+00      1.0804E+00      1.3354E+00      5.6057E-02      7.6094E+01      1.0979E+02      1.0000E+00
      6.4968E-02      1.1291E+00      1.1176E+00      1.3090E+00      5.1936E-02      7.3693E+01      1.1412E+02      1.0000E+00
      9.0695E-02      1.8800E+00      1.4781E+00      2.1601E+00      6.0506E-02      5.1071E+01      1.2815E+02      1.0000E+00
      1.9127E-01      1.3662E+00      1.3283E+00      2.1951E+00      1.3119E-01      7.5925E+01      1.0553E+02      1.0000E+00
      1.6900E-01      1.4628E+00      1.3293E+00      2.1975E+00      1.2029E-01      7.5788E+01      1.0757E+02      1.0000E+00
      8.2966E-02      1.7966E+00      1.4142E+00      2.0128E+00      5.7153E-02      5.6807E+01      1.2454E+02      1.0000E+00
      6.4115E-02      1.1506E+00      1.1331E+00      1.3569E+00      5.0082E-02      7.3783E+01      1.1525E+02      1.0000E+00
      6.8055E-02      1.1344E+00      1.1076E+00      1.3395E+00      5.2827E-02      7.4987E+01      1.1313E+02      1.0000E+00
      1.0355E-01      1.6566E+00      1.3036E+00      1.9101E+00      6.3725E-02      6.2760E+01      1.2326E+02      1.0000E+00
      2.5684E-01      1.3401E+00      1.1382E+00      1.5777E+00      1.9836E-01      7.6298E+01      1.1103E+02      1.0000E+00
      4.3851E-01      1.2278E+00      1.0710E+00      1.4179E+00      3.6693E-01      8.2419E+01      1.0370E+02      1.0000E+00
      5.0741E-01      1.1411E+00      1.0472E+00      1.2512E+00      4.3565E-01      7.3171E+01      9.9896E+01      1.0000E+00
      3.5774E-01      1.1553E+00      1.1344E+00      1.2778E+00      2.7086E-01      7.5175E+01      1.1777E+02      1.0000E+00
      5.5226E-01      1.6573E+00      1.2987E+00      2.0130E+00      3.3470E-01      6.0305E+01      1.2467E+02      1.0000E+00
      1.4148E+00      1.1431E+00      1.0714E+00      1.3143E+00      1.1206E+00      8.1143E+01      1.0980E+02      1.0000E+00
      2.1596E+00      1.0446E+00      1.0162E+00      1.1373E+00      2.0433E+00      8.3264E+01      9.7205E+01      1.0000E+00
      3.0227E+00      1.2767E+00      1.1012E+00      1.4607E+00      2.6438E+00      7.0100E+01      1.0703E+02      1.0000E+00
      3.5751E+00      1.3471E+00      1.2111E+00      1.4468E+00      2.9606E+00      5.6555E+01      1.1805E+02      1.0000E+00
      2.5930E+00      1.2094E+00      1.1334E+00      1.3607E+00      2.1367E+00      6.1953E+01      1.1169E+02      1.0000E+00
      1.4854E+00      1.1590E+00      1.1282E+00      1.3811E+00      1.2339E+00      6.8311E+01      1.1259E+02      1.0000E+00
      7.2400E-01      1.2024E+00      1.1664E+00      1.5641E+00      5.6139E-01      6.7405E+01      1.1183E+02      1.0000E+00
      3.0631E-01      1.3671E+00      1.2120E+00      1.8863E+00      1.7531E-01      6.8171E+01      1.1826E+02      1.0000E+00
      2.9750E-01      1.2956E+00      1.1763E+00      1.7724E+00      1.8716E-01      7.4197E+01      1.1665E+02      1.0000E+00
      3.3711E-01      1.2446E+00      1.1710E+00      1.3438E+00      2.8460E-01      5.9802E+01      1.1859E+02      1.0000E+00
      3.8712E-01      1.4656E+00      1.1721E+00      1.7145E+00      2.7191E-01      6.4294E+01      1.1196E+02      1.0000E+00
      5.0205E-01      1.2762E+00      1.1284E+00      1.5959E+00      3.4323E-01      6.2873E+01      1.0001E+02      1.0000E+00
      2.5538E-01      1.2678E+00      1.1381E+00      1.5153E+00      1.7513E-01      7.3322E+01      1.1751E+02      1.0000E+00
      2.6828E-01      1.3286E+00      1.1546E+00      1.6150E+00      2.0281E-01      6.4736E+01      1.1608E+02      1.0000E+00
      2.9334E-01      1.2651E+00      1.1096E+00      1.5661E+00      1.8935E-01      6.4338E+01      1.0561E+02      1.0000E+00
      1.1139E-01      1.3137E+00      1.2046E+00      1.7957E+00      6.7355E-02      7.3189E+01      1.1950E+02      1.0000E+00
      7.3100E-02      1.1605E+00      1.0377E+00      1.3086E+00      5.7581E-02      7.8985E+01      1.0364E+02      1.0000E+00
      7.1323E-02      1.1166E+00      1.1244E+00      1.1457E+00      6.0805E-02      6.9983E+01      1.1697E+02      1.0000E+00
      1.0539E-01      1.5983E+00      1.2366E+00      1.8323E+00      6.9672E-02      6.2023E+01      1.1357E+02      1.0000E+00
      1.4608E-01      1.3422E+00      1.2104E+00      1.7650E+00      9.9394E-02      5.8885E+01      1.0561E+02      1.0000E+00
      7.6370E-02      1.3213E+00      1.1631E+00      1.4670E+00      5.4125E-02      6.8211E+01      1.2050E+02      1.0000E+00
      8.3326E-02      1.3975E+00      1.1576E+00      1.6158E+00      6.2769E-02      6.4728E+01      1.1625E+02      1.0000E+00
      8.6586E-02      1.3890E+00      1.1974E+00      1.5176E+00      6.8711E-02      5.9055E+01      1.2101E+02      1.0000E+00
      9.0100E-02      1.4075E+00      1.1632E+00      1.5879E+00      6.8295E-02      6.3938E+01      1.1434E+02      1.0000E+00
      1.1388E-01      1.2336E+00      1.0811E+00      1.4825E+00      8.0211E-02      6.8234E+01      1.0253E+02      1.0000E+00
      6.0936E-02      1.2216E+00      1.1033E+00      1.4804E+00      4.1669E-02      7.7473E+01      1.1403E+02      1.0000E+00
      6.7906E-02      1.2987E+00      1.1770E+00      1.6448E+00      4.8377E-02      6.6982E+01      1.1734E+02      1.0000E+00
      7.4970E-02      1.2370E+00      1.1266E+00      1.4057E+00      6.1885E-02      6.5687E+01      1.1483E+02      1.0000E+00
      8.3943E-02      1.3902E+00      1.1556E+00      1.6635E+00      6.2146E-02      6.3354E+01      1.1531E+02      1.0000E+00
      1.1056E-01      1.1906E+00      1.0637E+00      1.4142E+00      7.9445E-02      7.0243E+01      1.0278E+02      1.0000E+00
      6.0607E-02      1.2136E+00      1.0950E+00      1.4658E+00      4.1769E-02      7.7215E+01      1.1316E+02      1.0000E+00
      6.7962E-02      1.3003E+00      1.1788E+00      1.6445E+00      4.8362E-02      6.6836E+01      1.1755E+02      1.0000E+00
      7.5157E-02      1.2365E+00      1.1231E+00      1.3985E+00      6.2124E-02      6.5937E+01      1.1470E+02      1.0000E+00
      8.4484E-02      1.4012E+00      1.1619E+00      1.6695E+00      6.2553E-02      6.3055E+01      1.1584E+02      1.0000E+00
      1.1180E-01      1.1959E+00      1.0675E+00      1.4278E+00      8.0910E-02      7.0183E+01      1.0208E+02      1.0000E+00
      6.1835E-02      1.2202E+00      1.0978E+00      1.4518E+00      4.2712E-02      7.7924E+01      1.1380E+02      1.0000E+00
      6.9845E-02      1.3431E+00      1.1873E+00      1.6753E+00      4.8293E-02      6.6023E+01      1.1931E+02      1.0000E+00
      7.9489E-02      1.2594E+00      1.1183E+00      1.3488E+00      6.6634E-02      6.5334E+01      1.1575E+02      1.0000E+00
      9.4340E-02      1.5575E+00      1.2596E+00      1.7793E+00      6.7261E-02      5.8670E+01      1.2185E+02      1.0000E+00
      1.4039E-01      1.2358E+00      1.1246E+00      1.6015E+00      1.0301E-01      6.9452E+01      9.8991E+01      1.0000E+00
      8.4251E-02      1.2838E+00      1.0910E+00      1.4492E+00      6.1747E-02      7.4715E+01      1.1323E+02      1.0000E+00
      1.0053E-01      1.3661E+00      1.2088E+00      1.6546E+00      7.2355E-02      6.2130E+01      1.2083E+02      1.0000E+00
      1.2235E-01      1.2262E+00      1.1554E+00      1.4544E+00      9.4477E-02      6.7064E+01      1.1690E+02      1.0000E+00
      1.4318E-01      1.3330E+00      1.1235E+00      1.7133E+00      8.7827E-02      6.9880E+01      1.1561E+02      1.0000E+00
      3.5154E-01      1.3450E+00      1.1237E+00      1.6297E+00      2.2133E-01      6.5825E+01      1.1012E+02      1.0000E+00
      4.2581E-01      1.2107E+00      1.0775E+00      1.4714E+00      2.9645E-01      6.9878E+01      1.0506E+02      1.0000E+00
      2.3250E-01      1.2186E+00      1.0798E+00      1.4936E+00      1.6015E-01      7.4936E+01      1.1096E+02      1.0000E+00
      2.6246E-01      1.2489E+00      1.1960E+00      1.6067E+00      1.9290E-01      6.6283E+01      1.1695E+02      1.0000E+00
      2.8625E-01      1.1865E+00      1.1120E+00      1.4154E+00      2.3211E-01      6.9839E+01      1.1185E+02      1.0000E+00
      3.2221E-01      1.2977E+00      1.1535E+00      1.6326E+00      2.4301E-01      6.6178E+01      1.1436E+02      1.0000E+00
      4.7963E-01      1.1606E+00      1.0273E+00      1.2973E+00      3.9180E-01      8.0564E+01      1.0197E+02      1.0000E+00
      3.7103E-01      1.1432E+00      1.0243E+00      1.2986E+00      3.0169E-01      7.8031E+01      9.9584E+01      1.0000E+00
      7.3428E-01      1.7847E+00      1.7843E+00      2.4217E+00      3.8708E-01      4.5641E+01      1.3887E+02      1.0000E+00
      1.0195E+00      1.4520E+00      1.2686E+00      1.9477E+00      5.7301E-01      5.2077E+01      1.0828E+02      1.0000E+00
      3.6036E-01      1.2143E+00      1.2041E+00      1.6264E+00      2.2474E-01      7.6283E+01      1.1981E+02      1.0000E+00
      3.2803E-01      1.2085E+00      1.1144E+00      1.5563E+00      2.4653E-01      7.3647E+01      1.0983E+02      1.0000E+00
      3.2561E-01      1.2331E+00      1.1642E+00      1.4471E+00      2.6573E-01      6.3420E+01      1.1638E+02      1.0000E+00
      3.4360E-01      1.3491E+00      1.1255E+00      1.6365E+00      2.5548E-01      6.5797E+01      1.1229E+02      1.0000E+00
      4.4149E-01      1.1922E+00      1.0653E+00      1.3987E+00      3.1652E-01      6.9844E+01      1.0263E+02      1.0000E+00
      2.4064E-01      1.1984E+00      1.0935E+00      1.4575E+00      1.6674E-01      7.7368E+01      1.1272E+02      1.0000E+00
      2.7050E-01      1.2953E+00      1.1791E+00      1.6516E+00      1.9214E-01      6.7145E+01      1.1723E+02      1.0000E+00
      3.0074E-01      1.2283E+00      1.1194E+00      1.3914E+00      2.5053E-01      6.6138E+01      1.1416E+02      1.0000E+00
      3.4056E-01      1.3987E+00      1.1624E+00      1.6737E+00      2.5033E-01      6.2669E+01      1.1567E+02      1.0000E+00
      4.5350E-01      1.1889E+00      1.0668E+00      1.4281E+00      3.2646E-01      7.1091E+01      1.0342E+02      1.0000E+00
      2.5096E-01      1.2254E+00      1.0830E+00      1.4626E+00      1.7465E-01      7.6576E+01      1.1198E+02      1.0000E+00
      2.8744E-01      1.3208E+00      1.2049E+00      1.6596E+00      2.0580E-01      6.4115E+01      1.1927E+02      1.0000E+00
      3.1909E-01      1.2439E+00      1.1108E+00      1.4135E+00      2.6137E-01      6.7221E+01      1.1364E+02      1.0000E+00
      3.6237E-01      1.3740E+00      1.1551E+00      1.6500E+00      2.7276E-01      6.3252E+01      1.1648E+02      1.0000E+00
      5.1399E-01      1.1946E+00      1.0468E+00      1.3643E+00      3.7617E-01      7.3345E+01      1.0456E+02      1.0000E+00
      3.2833E-01      1.2548E+00      1.1199E+00      1.6199E+00      2.2792E-01      7.5438E+01      1.1040E+02      1.0000E+00
      4.6486E-01      1.3356E+00      1.2593E+00      2.0209E+00      2.5479E-01      6.6219E+01      1.1721E+02      1.0000E+00
      7.2328E-01      1.1876E+00      1.1096E+00      1.1770E+00      7.1413E-01      6.5573E+01      1.1378E+02      1.0000E+00
      4.9275E-01      1.4121E+00      1.1306E+00      1.7689E+00      3.0408E-01      6.6243E+01      1.1317E+02      1.0000E+00
      4.0799E-01      1.2441E+00      1.1954E+00      1.4042E+00      3.2727E-01      6.2019E+01      1.2045E+02      1.0000E+00
      3.5364E-01      1.3081E+00      1.0857E+00      1.5748E+00      2.7451E-01      7.1871E+01      1.0818E+02      1.0000E+00
      3.2309E-01      1.2748E+00      1.1794E+00      1.4367E+00      2.6470E-01      6.1092E+01      1.1903E+02      1.0000E+00
      2.7549E-01      1.3695E+00      1.2063E+00      1.6860E+00      1.7925E-01      6.6727E+01      1.2206E+02      1.0000E+00
      2.5440E-01      1.3420E+00      1.1695E+00      1.5958E+00      1.5481E-01      7.4458E+01      1.2110E+02      1.0000E+00
      4.9824E-01      1.2768E+00      1.1129E+00      1.6010E+00      3.5272E-01      7.1382E+01      1.0554E+02      1.0000E+00
      3.8482E-01      1.5044E+00      1.2535E+00      1.7423E+00      2.7075E-01      5.5684E+01      1.2094E+02      1.0000E+00
      3.2479E-01      1.2442E+00      1.0955E+00      1.3646E+00      2.7248E-01      6.7845E+01      1.1125E+02      1.0000E+00
      2.8587E-01      1.3393E+00      1.2023E+00      1.6773E+00      2.0299E-01      6.4014E+01      1.1944E+02      1.0000E+00
      2.4907E-01      1.2206E+00      1.0882E+00      1.4511E+00      1.7368E-01      7.7477E+01      1.1265E+02      1.0000E+00
      4.4758E-01      1.1876E+00      1.0654E+00      1.4199E+00      3.2444E-01      7.0785E+01      1.0252E+02      1.0000E+00
      3.3550E-01      1.3979E+00      1.1606E+00      1.6786E+00      2.4735E-01      6.2950E+01      1.1585E+02      1.0000E+00
      2.9679E-01      1.2262E+00      1.1219E+00      1.3948E+00      2.4577E-01      6.6286E+01      1.1434E+02      1.0000E+00
      2.6769E-01      1.2916E+00      1.1830E+00      1.6508E+00      1.9003E-01      6.7051E+01      1.1740E+02      1.0000E+00
      2.3775E-01      1.2021E+00      1.0924E+00      1.4643E+00      1.6409E-01      7.6894E+01      1.1261E+02      1.0000E+00
      4.3265E-01      1.1816E+00      1.0598E+00      1.3889E+00      3.1142E-01      7.0656E+01      1.0311E+02      1.0000E+00
      3.2849E-01      1.3725E+00      1.1452E+00      1.6625E+00      2.4331E-01      6.3918E+01      1.1473E+02      1.0000E+00
      2.9309E-01      1.2207E+00      1.1262E+00      1.4027E+00      2.4214E-01      6.6225E+01      1.1434E+02      1.0000E+00
      2.6512E-01      1.2830E+00      1.1811E+00      1.6474E+00      1.8862E-01      6.7446E+01      1.1699E+02      1.0000E+00
      2.3625E-01      1.1998E+00      1.0946E+00      1.4696E+00      1.6271E-01      7.6881E+01      1.1270E+02      1.0000E+00
      4.3211E-01      1.1844E+00      1.0620E+00      1.3909E+00      3.0979E-01      7.0323E+01      1.0312E+02      1.0000E+00
      3.2923E-01      1.3732E+00      1.1453E+00      1.6599E+00      2.4408E-01      6.3965E+01      1.1468E+02      1.0000E+00
      2.9517E-01      1.2292E+00      1.1304E+00      1.4115E+00      2.4304E-01      6.5753E+01      1.1478E+02      1.0000E+00
      2.6752E-01      1.2899E+00      1.1810E+00      1.6511E+00      1.9019E-01      6.7199E+01      1.1715E+02      1.0000E+00
      2.3894E-01      1.2061E+00      1.0989E+00      1.4744E+00      1.6429E-01      7.7287E+01      1.1325E+02      1.0000E+00
      4.3954E-01      1.1917E+00      1.0673E+00      1.4102E+00      3.1358E-01      6.9543E+01      1.0271E+02      1.0000E+00
      3.3397E-01      1.3895E+00      1.1536E+00      1.6721E+00      2.4640E-01      6.3531E+01      1.1511E+02      1.0000E+00
      2.9873E-01      1.2376E+00      1.1343E+00      1.4129E+00      2.4665E-01      6.5029E+01      1.1525E+02      1.0000E+00
      2.6871E-01      1.3025E+00      1.1851E+00      1.6723E+00      1.8908E-01      6.6956E+01      1.1752E+02      1.0000E+00
      2.3752E-01      1.1976E+00      1.0991E+00      1.4621E+00      1.6404E-01      7.7693E+01      1.1324E+02      1.0000E+00
      4.3196E-01      1.1879E+00      1.0649E+00      1.3943E+00      3.1099E-01      6.9893E+01      1.0231E+02      1.0000E+00
      3.2623E-01      1.3758E+00      1.1439E+00      1.6757E+00      2.4091E-01      6.4233E+01      1.1461E+02      1.0000E+00
      2.9108E-01      1.2194E+00      1.1349E+00      1.4062E+00      2.4074E-01      6.5523E+01      1.1485E+02      1.0000E+00
      2.6235E-01      1.2807E+00      1.1780E+00      1.6583E+00      1.8569E-01      6.8082E+01      1.1650E+02      1.0000E+00
      2.3365E-01      1.1926E+00      1.1021E+00      1.4708E+00      1.6052E-01      7.7424E+01      1.1330E+02      1.0000E+00
      4.2342E-01      1.1777E+00      1.0597E+00      1.3698E+00      3.0679E-01      7.0673E+01      1.0258E+02      1.0000E+00
      3.2595E-01      1.3631E+00      1.1410E+00      1.6339E+00      2.4550E-01      6.4410E+01      1.1480E+02      1.0000E+00
      3.0064E-01      1.2398E+00      1.1303E+00      1.4306E+00      2.4725E-01      6.5397E+01      1.1453E+02      1.0000E+00
      2.7289E-01      1.3017E+00      1.1894E+00      1.6793E+00      1.9461E-01      6.6146E+01      1.1718E+02      1.0000E+00
      2.3558E-01      1.1925E+00      1.0936E+00      1.4473E+00      1.6301E-01      7.7353E+01      1.1281E+02      1.0000E+00
      4.3646E-01      1.2169E+00      1.0751E+00      1.4329E+00      3.0814E-01      6.8533E+01      1.0265E+02      1.0000E+00
      3.5267E-01      1.3696E+00      1.1386E+00      1.6312E+00      2.5549E-01      6.4336E+01      1.1123E+02      1.0000E+00
      3.1302E-01      1.2328E+00      1.1324E+00      1.3749E+00      2.5731E-01      6.2358E+01      1.1438E+02      1.0000E+00
      2.5579E-01      1.3568E+00      1.2058E+00      1.7633E+00      1.6374E-01      6.8054E+01      1.2042E+02      1.0000E+00
      2.2962E-01      1.2451E+00      1.1530E+00      1.5459E+00      1.4503E-01      7.6214E+01      1.1880E+02      1.0000E+00
      4.4095E-01      1.2054E+00      1.0657E+00      1.4295E+00      3.1420E-01      7.0440E+01      1.0379E+02      1.0000E+00
      3.3780E-01      1.4081E+00      1.1793E+00      1.7207E+00      2.4331E-01      6.0783E+01      1.1721E+02      1.0000E+00
      2.9163E-01      1.1945E+00      1.1075E+00      1.3762E+00      2.4505E-01      6.7757E+01      1.1203E+02      1.0000E+00
      2.5853E-01      1.2736E+00      1.1991E+00      1.6744E+00      1.8227E-01      6.7250E+01      1.1718E+02      1.0000E+00
      2.2791E-01      1.1775E+00      1.0921E+00      1.4701E+00      1.5761E-01      7.6390E+01      1.1163E+02      1.0000E+00
      4.1506E-01      1.2075E+00      1.0595E+00      1.3890E+00      2.9837E-01      7.0900E+01      1.0361E+02      1.0000E+00
      3.1418E-01      1.3399E+00      1.1433E+00      1.6746E+00      2.3165E-01      6.5138E+01      1.1345E+02      1.0000E+00
      2.8029E-01      1.1884E+00      1.1373E+00      1.4046E+00      2.3161E-01      6.6613E+01      1.1390E+02      1.0000E+00
      2.5455E-01      1.2443E+00      1.1907E+00      1.6635E+00      1.8021E-01      6.9074E+01      1.1559E+02      1.0000E+00
      2.2827E-01      1.2042E+00      1.0980E+00      1.5368E+00      1.5681E-01      7.5803E+01      1.1139E+02      1.0000E+00
      4.2073E-01      1.2209E+00      1.0668E+00      1.4377E+00      3.0969E-01      7.3330E+01      1.0420E+02      1.0000E+00
      3.3132E-01      1.2646E+00      1.2285E+00      1.6909E+00      2.3262E-01      6.6173E+01      1.1810E+02      1.0000E+00
      4.8750E-01      1.3990E+00      1.5158E+00      2.5829E+00      2.8469E-01      6.8577E+01      1.0618E+02      1.0000E+00
      4.5051E-01      1.4632E+00      1.3671E+00      2.2684E+00      3.1870E-01      8.2262E+01      1.1240E+02      1.0000E+00
      3.3309E-01      1.5051E+00      1.2758E+00      1.8837E+00      2.3921E-01      7.1135E+01      1.1768E+02      1.0000E+00
      1.8844E-01      1.4539E+00      1.1892E+00      1.8085E+00      1.1486E-01      6.3242E+01      1.1171E+02      1.0000E+00
      1.9037E-01      1.2122E+00      1.2215E+00      1.4055E+00      1.2575E-01      7.3790E+01      1.2438E+02      1.0000E+00
      3.2931E-01      1.3070E+00      1.1398E+00      1.6295E+00      2.1875E-01      6.1523E+01      1.0458E+02      1.0000E+00
      3.4873E-01      1.3699E+00      1.1514E+00      1.8453E+00      2.1390E-01      6.3679E+01      1.0900E+02      1.0000E+00
      3.3070E-01      1.1580E+00      1.0286E+00      1.2489E+00      3.0959E-01      8.4397E+01      9.5533E+01      1.0000E+00
      3.1874E-01      1.1611E+00      1.0571E+00      1.3912E+00      2.9123E-01      8.4264E+01      9.8389E+01      1.0000E+00
      2.6144E-01      1.2767E+00      1.0818E+00      1.4143E+00      2.2388E-01      7.8664E+01      1.0328E+02      1.0000E+00
      3.4106E-01      1.4037E+00      1.1579E+00      1.7399E+00      1.9569E-01      6.0400E+01      1.1141E+02      1.0000E+00
      3.4468E-01      1.2186E+00      1.0702E+00      1.3980E+00      2.8326E-01      7.0819E+01      1.0758E+02      1.0000E+00
      3.8358E-01      1.2767E+00      1.2201E+00      1.5164E+00      2.7638E-01      6.4262E+01      1.2230E+02      1.0000E+00
      3.9250E-01      1.2440E+00      1.1480E+00      1.5891E+00      2.6503E-01      7.4328E+01      1.1626E+02      1.0000E+00
      3.6589E-01      1.2849E+00      1.1438E+00      1.5811E+00      2.2530E-01      7.3442E+01      1.1852E+02      1.0000E+00
      6.0709E-01      1.1017E+00      1.0203E+00      1.2327E+00      5.2369E-01      7.9585E+01      9.6322E+01      1.0000E+00
      7.1838E-01      1.0095E+00      1.0011E+00      1.0259E+00      7.0640E-01      8.7281E+01      9.2220E+01      1.0000E+00
      5.6928E-01      1.1322E+00      1.0581E+00      1.2844E+00      4.3927E-01      8.2535E+01      1.0873E+02      1.0000E+00
      9.1236E-01      1.7042E+00      1.3932E+00      2.1506E+00      5.7358E-01      5.0651E+01      1.2856E+02      1.0000E+00
      1.4319E+00      1.2945E+00      1.1485E+00      1.6528E+00      1.0722E+00      6.5448E+01      1.0059E+02      1.0000E+00
      9.8942E-01      1.1983E+00      1.1102E+00      1.4855E+00      7.8043E-01      7.9707E+01      1.1029E+02      1.0000E+00
      4.2630E-01      1.7219E+00      1.3308E+00      2.1192E+00      2.5774E-01      5.8390E+01      1.2476E+02      1.0000E+00
      2.7721E-01      1.1575E+00      1.0807E+00      1.2372E+00      2.2345E-01      7.5877E+01      1.1225E+02      1.0000E+00
      3.7859E-01      1.1454E+00      1.0408E+00      1.2724E+00      3.0359E-01      8.3028E+01      1.0593E+02      1.0000E+00
      6.9212E-01      1.3677E+00      1.1704E+00      1.7660E+00      3.4711E-01      6.1429E+01      1.2119E+02      1.0000E+00
      7.5270E-01      1.2715E+00      1.1300E+00      1.5529E+00      4.9257E-01      6.2252E+01      1.0225E+02      1.0000E+00
      2.6952E-01      1.3700E+00      1.1483E+00      1.8780E+00      1.6706E-01      6.5767E+01      1.1017E+02      1.0000E+00
      2.1779E-01      1.2477E+00      1.2023E+00      1.5189E+00      1.7117E-01      6.0360E+01      1.1511E+02      1.0000E+00
      2.6153E-01      1.3093E+00      1.0905E+00      1.5640E+00      1.7857E-01      7.4585E+01      1.1268E+02      1.0000E+00
      1.8013E-01      1.0908E+00      1.0397E+00      1.1590E+00      1.5315E-01      8.2278E+01      1.0586E+02      1.0000E+00
      1.4760E-01      1.0486E+00      1.0168E+00      1.0904E+00      1.4018E-01      8.2521E+01      1.0002E+02      1.0000E+00
      1.4539E-01      1.0947E+00      1.0420E+00      1.2192E+00      1.3100E-01      7.5438E+01      1.0187E+02      1.0000E+00
      1.4918E-01      1.1635E+00      1.1814E+00      1.4500E+00      1.1785E-01      6.7050E+01      1.1558E+02      1.0000E+00
      7.8066E-02      1.6337E+00      1.2591E+00      2.0698E+00      4.8413E-02      6.2368E+01      1.2056E+02      1.0000E+00
      5.7615E-02      1.2318E+00      1.1457E+00      1.3851E+00      4.1315E-02      7.4786E+01      1.1891E+02      1.0000E+00
      8.6905E-02      1.0752E+00      1.0240E+00      1.2359E+00      7.6385E-02      8.3799E+01      9.7042E+01      1.0000E+00
      1.1326E-01      1.1922E+00      1.0559E+00      1.3795E+00      8.8573E-02      7.1849E+01      1.0069E+02      1.0000E+00
      7.4159E-02      1.3844E+00      1.2003E+00      1.7962E+00      5.1238E-02      6.4173E+01      1.1820E+02      1.0000E+00
      6.0828E-02      1.1679E+00      1.0953E+00      1.3975E+00      4.3537E-02      8.0072E+01      1.1294E+02      1.0000E+00
      1.0576E-01      1.2110E+00      1.0658E+00      1.4079E+00      7.6951E-02      6.9995E+01      1.0163E+02      1.0000E+00
      7.7315E-02      1.3622E+00      1.1580E+00      1.7199E+00      5.5925E-02      6.4040E+01      1.1434E+02      1.0000E+00
      6.7876E-02      1.1790E+00      1.1279E+00      1.4038E+00      5.6073E-02      6.7798E+01      1.1277E+02      1.0000E+00
      6.0645E-02      1.2552E+00      1.2370E+00      1.6662E+00      4.2318E-02      6.6204E+01      1.1917E+02      1.0000E+00
      5.3700E-02      1.2116E+00      1.0811E+00      1.5347E+00      3.6873E-02      7.2547E+01      1.0847E+02      1.0000E+00
      9.9547E-02      1.2023E+00      1.0682E+00      1.4434E+00      6.7418E-02      7.2555E+01      1.1012E+02      1.0000E+00
      7.7646E-02      1.3980E+00      1.1952E+00      1.5890E+00      5.8127E-02      5.8762E+01      1.1796E+02      1.0000E+00
      7.6128E-02      1.4142E+00      1.1711E+00      1.6038E+00      5.6020E-02      6.2359E+01      1.1381E+02      1.0000E+00
      9.4499E-02      1.2547E+00      1.1250E+00      1.5923E+00      6.5714E-02      6.5233E+01      9.9843E+01      1.0000E+00
      5.2977E-02      1.2482E+00      1.1262E+00      1.3263E+00      4.0344E-02      7.0961E+01      1.1738E+02      1.0000E+00
      6.7040E-02      1.7501E+00      1.3616E+00      2.0247E+00      4.1839E-02      5.3876E+01      1.2160E+02      1.0000E+00
      1.2444E-01      1.2338E+00      1.2896E+00      1.7540E+00      9.1378E-02      6.5913E+01      1.1570E+02      1.0000E+00
      1.2659E-01      1.2365E+00      1.1110E+00      1.5800E+00      1.0325E-01      8.3037E+01      1.0599E+02      1.0000E+00
      1.7396E-01      1.3705E+00      1.2130E+00      1.8964E+00      1.2140E-01      7.2673E+01      1.0754E+02      1.0000E+00
      3.3735E-01      1.4831E+00      1.4565E+00      2.4019E+00      1.8399E-01      5.5229E+01      1.0466E+02      1.0000E+00
      3.6306E-01      1.4017E+00      1.2687E+00      2.0436E+00      2.0184E-01      6.6764E+01      1.1829E+02      1.0000E+00
      1.9121E-01      1.3366E+00      1.0963E+00      1.6441E+00      1.2525E-01      7.0631E+01      1.1211E+02      1.0000E+00
      2.3790E-01      1.3594E+00      1.3282E+00      1.8362E+00      1.4391E-01      6.3918E+01      1.2602E+02      1.0000E+00
      3.2549E-01      1.1515E+00      1.1179E+00      1.2970E+00      2.8088E-01      6.5992E+01      1.1267E+02      1.0000E+00
      4.1511E-01      1.3709E+00      1.1288E+00      1.7470E+00      2.9708E-01      6.6762E+01      1.1168E+02      1.0000E+00
      5.6462E-01      1.1644E+00      1.0740E+00      1.2673E+00      4.6327E-01      6.8707E+01      1.0262E+02      1.0000E+00
      3.4145E-01      1.1906E+00      1.1622E+00      1.3927E+00      2.3799E-01      7.6325E+01      1.1974E+02      1.0000E+00
      3.9508E-01      1.2327E+00      1.2202E+00      1.4677E+00      2.3725E-01      7.6576E+01      1.2467E+02      1.0000E+00
      5.6657E-01      1.3949E+00      1.1337E+00      1.7024E+00      3.9102E-01      6.9614E+01      1.1525E+02      1.0000E+00
      9.7752E-01      1.5429E+00      1.3587E+00      2.0200E+00      4.4963E-01      6.5318E+01      1.3186E+02      1.0000E+00
      1.2566E+00      1.3246E+00      1.1398E+00      1.5096E+00      8.2609E-01      7.5019E+01      1.1866E+02      1.0000E+00
      9.2784E-01      1.4394E+00      1.3764E+00      1.7054E+00      7.0069E-01      5.0132E+01      1.2364E+02      1.0000E+00
      1.3055E+00      1.4276E+00      1.5625E+00      2.1631E+00      6.6362E-01      6.0864E+01      1.3226E+02      1.0000E+00
      1.0464E+00      1.2427E+00      1.1186E+00      1.4333E+00      7.8336E-01      7.1331E+01      1.1555E+02      1.0000E+00
      7.1913E-01      1.2232E+00      1.1698E+00      1.2142E+00      5.8177E-01      6.6023E+01      1.2125E+02      1.0000E+00
      3.5743E-01      1.4281E+00      1.2781E+00      2.2415E+00      2.0003E-01      6.3480E+01      1.1282E+02      1.0000E+00
      2.3088E-01      1.4058E+00      1.2027E+00      1.7890E+00      1.6484E-01      7.7451E+01      1.1355E+02      1.0000E+00
      3.0018E-01      1.1911E+00      1.0988E+00      1.3915E+00      2.3537E-01      7.9424E+01      1.1245E+02      1.0000E+00
      3.8890E-01      1.3151E+00      1.1651E+00      1.8346E+00      2.1975E-01      6.6887E+01      1.1728E+02      1.0000E+00
      3.8064E-01      1.3436E+00      1.2235E+00      1.8844E+00      2.3218E-01      6.0247E+01      1.0659E+02      1.0000E+00
      2.9239E-01      1.1537E+00      1.0401E+00      1.3261E+00      2.4119E-01      7.9719E+01      9.9917E+01      1.0000E+00
      2.1412E-01      1.2927E+00      1.1497E+00      1.5092E+00      1.5544E-01      7.3847E+01      1.1820E+02      1.0000E+00
      3.1511E-01      1.4736E+00      1.1634E+00      2.0610E+00      1.8468E-01      6.5468E+01      1.1561E+02      1.0000E+00
      4.0076E-01      1.3234E+00      1.6485E+00      2.3091E+00      2.2932E-01      6.2101E+01      1.2372E+02      1.0000E+00
      4.1160E-01      1.1944E+00      1.2823E+00      1.8642E+00      2.8060E-01      7.2409E+01      1.1060E+02      1.0000E+00
      1.8979E-01      1.8873E+00      1.4778E+00      2.3190E+00      1.1171E-01      4.7949E+01      1.3048E+02      1.0000E+00
      8.6918E-02      1.2071E+00      1.1646E+00      1.7561E+00      6.1635E-02      7.6083E+01      1.0622E+02      1.0000E+00
      2.0327E-01      2.0510E+00      1.6320E+00      2.4797E+00      1.0987E-01      4.1393E+01      1.3453E+02      1.0000E+00
      2.6289E-01      1.2219E+00      1.1657E+00      1.4377E+00      2.1865E-01      6.2835E+01      1.1379E+02      1.0000E+00
      3.7028E-01      2.2507E+00      2.1803E+00      4.1056E+00      1.2978E-01      3.7481E+01      1.2069E+02      1.0000E+00
      4.8693E-01      1.8854E+00      2.0955E+00      3.6176E+00      2.2004E-01      4.2645E+01      1.1170E+02      1.0000E+00
      4.9908E-01      1.8839E+00      2.0839E+00      3.6419E+00      2.1995E-01      4.2731E+01      1.1000E+02      1.0000E+00
      3.8309E-01      2.2475E+00      1.9419E+00      3.6058E+00      1.6142E-01      3.6492E+01      1.2351E+02      1.0000E+00
      2.4061E-01      1.3281E+00      1.2955E+00      1.8755E+00      1.7557E-01      6.2291E+01      1.1162E+02      1.0000E+00
      1.8918E-01      1.5113E+00      1.2331E+00      1.8748E+00      1.1077E-01      5.5738E+01      1.1008E+02      1.0000E+00
      1.8910E-01      1.2930E+00      1.1586E+00      1.6311E+00      1.3165E-01      6.1005E+01      1.0897E+02      1.0000E+00
      2.7495E-01      1.4226E+00      1.1524E+00      1.6384E+00      1.9295E-01      6.4522E+01      1.0921E+02      1.0000E+00
      2.4810E-01      1.2728E+00      1.0767E+00      1.4006E+00      2.0602E-01      7.9100E+01      1.0379E+02      1.0000E+00
      3.1525E-01      1.4168E+00      1.1396E+00      1.7297E+00      1.9503E-01      6.4336E+01      1.1113E+02      1.0000E+00
      3.1471E-01      1.4210E+00      1.1417E+00      1.7317E+00      1.9474E-01      6.3946E+01      1.1077E+02      1.0000E+00
      2.4654E-01      1.2760E+00      1.0779E+00      1.4124E+00      2.0474E-01      7.9605E+01      1.0338E+02      1.0000E+00
      2.7134E-01      1.4315E+00      1.1542E+00      1.6335E+00      1.9145E-01      6.4978E+01      1.0913E+02      1.0000E+00
      1.8657E-01      1.2768E+00      1.1714E+00      1.6426E+00      1.2935E-01      6.1157E+01      1.0850E+02      1.0000E+00
      1.8730E-01      1.4555E+00      1.2023E+00      1.8554E+00      1.1027E-01      5.7284E+01      1.0771E+02      1.0000E+00
      2.9207E-01      1.1723E+00      1.0479E+00      1.3920E+00      2.3133E-01      7.4613E+01      9.9777E+01      1.0000E+00
      2.9252E-01      1.3552E+00      1.1768E+00      1.9122E+00      1.8394E-01      6.5639E+01      1.0794E+02      1.0000E+00
      2.7595E-01      1.5789E+00      1.2469E+00      2.1397E+00      1.5080E-01      5.5684E+01      1.1262E+02      1.0000E+00
      2.5225E-01      1.2747E+00      1.0780E+00      1.4308E+00      2.1215E-01      8.0901E+01      1.0192E+02      1.0000E+00
      3.1179E-01      1.1674E+00      1.0539E+00      1.3831E+00      2.5133E-01      8.1423E+01      1.0352E+02      1.0000E+00
      4.3498E-01      1.2307E+00      1.0738E+00      1.4905E+00      3.0235E-01      6.8805E+01      1.0420E+02      1.0000E+00
      3.2820E-01      1.3713E+00      1.1591E+00      1.5758E+00      2.4382E-01      6.2008E+01      1.1367E+02      1.0000E+00
      3.2567E-01      1.4268E+00      1.1949E+00      1.6217E+00      2.3526E-01      5.9439E+01      1.1544E+02      1.0000E+00
      4.4471E-01      1.2673E+00      1.1318E+00      1.7344E+00      2.7869E-01      7.0186E+01      1.1263E+02      1.0000E+00
      2.2141E-01      1.3782E+00      1.1150E+00      1.8305E+00      1.4012E-01      6.8879E+01      1.1263E+02      1.0000E+00
      9.6707E-02      1.1222E+00      1.0930E+00      1.4464E+00      7.7255E-02      7.7612E+01      1.0470E+02      1.0000E+00
      5.0243E-02      1.1177E+00      1.0433E+00      1.3350E+00      4.1706E-02      8.0994E+01      9.9714E+01      1.0000E+00
      3.3705E-02      1.2252E+00      1.0663E+00      1.4053E+00      2.6197E-02      7.5977E+01      1.0946E+02      1.0000E+00
      1.6075E-02      1.4359E+00      1.2251E+00      1.9264E+00      1.0823E-02      6.1295E+01      1.1730E+02      1.0000E+00
      1.1564E-02      1.2250E+00      1.0765E+00      1.4271E+00      8.9753E-03      7.4556E+01      1.1025E+02      1.0000E+00
      2.1026E-02      1.4072E+00      1.3438E+00      2.1259E+00      1.1406E-02      5.5504E+01      1.0693E+02      1.0000E+00
      2.8799E-02      1.2203E+00      1.1025E+00      1.4632E+00      1.9123E-02      7.5450E+01      1.1452E+02      1.0000E+00
      2.1705E-02      1.1710E+00      1.0791E+00      1.3130E+00      1.7748E-02      7.8347E+01      1.1098E+02      1.0000E+00
      2.0513E-02      1.2014E+00      1.0687E+00      1.3857E+00      1.9142E-02      8.0386E+01      1.0269E+02      1.0000E+00
      2.1255E-02      1.2012E+00      1.0626E+00      1.4130E+00      2.0655E-02      8.4675E+01      9.3801E+01      1.0000E+00
      2.3021E-02      1.1623E+00      1.0514E+00      1.3762E+00      2.1499E-02      8.7436E+01      9.4237E+01      1.0000E+00
      2.5492E-02      1.1258E+00      1.0300E+00      1.2743E+00      2.2665E-02      8.5413E+01      9.8047E+01      1.0000E+00
      2.9957E-02      1.2280E+00      1.0669E+00      1.4058E+00      2.3548E-02      7.1097E+01      1.0330E+02      1.0000E+00
      1.8718E-02      1.3774E+00      1.1914E+00      1.8319E+00      1.2936E-02      6.5265E+01      1.1628E+02      1.0000E+00
      1.4919E-02      1.1539E+00      1.1083E+00      1.3910E+00      1.0707E-02      7.9092E+01      1.1398E+02      1.0000E+00
      2.6078E-02      1.2329E+00      1.0798E+00      1.4265E+00      1.8757E-02      6.8149E+01      1.0079E+02      1.0000E+00
      1.9502E-02      1.3470E+00      1.1342E+00      1.7015E+00      1.4039E-02      6.5568E+01      1.1174E+02      1.0000E+00
      1.7508E-02      1.1841E+00      1.1492E+00      1.4153E+00      1.4471E-02      6.5719E+01      1.1402E+02      1.0000E+00
      1.6428E-02      1.2191E+00      1.2160E+00      1.6623E+00      1.1563E-02      6.9069E+01      1.1619E+02      1.0000E+00
      1.5606E-02      1.2741E+00      1.1454E+00      1.6991E+00      1.0018E-02      6.8344E+01      1.0942E+02      1.0000E+00
      3.1254E-02      1.2161E+00      1.1249E+00      1.4430E+00      2.4487E-02      6.9198E+01      1.1417E+02      1.0000E+00
      5.6956E-02      1.2550E+00      1.0958E+00      1.3964E+00      4.3891E-02      7.2060E+01      1.1377E+02      1.0000E+00
      1.1059E-01      1.2788E+00      1.1017E+00      1.5484E+00      7.4025E-02      7.2462E+01      1.1152E+02      1.0000E+00
      1.2195E-01      1.2298E+00      1.1048E+00      1.2780E+00      1.0705E-01      6.6441E+01      1.1281E+02      1.0000E+00
      2.0692E-01      1.7968E+00      1.4155E+00      2.2741E+00      1.2455E-01      5.0468E+01      1.3025E+02      1.0000E+00
      3.9843E-01      1.3683E+00      1.2393E+00      1.8152E+00      2.6558E-01      5.8141E+01      1.1468E+02      1.0000E+00
      3.4897E-01      1.3245E+00      1.1261E+00      1.6783E+00      2.5740E-01      6.7469E+01      1.1133E+02      1.0000E+00
      2.2901E-01      1.3372E+00      1.1601E+00      1.8022E+00      1.4417E-01      6.3391E+01      1.0610E+02      1.0000E+00
      2.2821E-01      1.3430E+00      1.2578E+00      1.7752E+00      1.5455E-01      5.6323E+01      1.1163E+02      1.0000E+00
      2.7017E-01      1.3364E+00      1.1690E+00      1.7664E+00      1.7750E-01      6.4918E+01      1.0470E+02      1.0000E+00
      2.5192E-01      1.3063E+00      1.1463E+00      1.6697E+00      1.9175E-01      6.7004E+01      1.0062E+02      1.0000E+00
      2.3918E-01      1.2046E+00      1.0568E+00      1.3809E+00      1.8516E-01      7.1930E+01      9.8253E+01      1.0000E+00
      1.8413E-01      1.1775E+00      1.0944E+00      1.4820E+00      1.4105E-01      7.1000E+01      1.0326E+02      1.0000E+00
      1.1527E-01      1.4781E+00      1.2124E+00      1.7155E+00      8.4057E-02      6.0093E+01      1.1549E+02      1.0000E+00
      1.1983E-01      1.4924E+00      1.2284E+00      1.7140E+00      8.6433E-02      5.8531E+01      1.1736E+02      1.0000E+00
      2.1370E-01      1.1880E+00      1.0763E+00      1.4916E+00      1.6837E-01      7.4614E+01      1.0341E+02      1.0000E+00
      2.4940E-01      1.1214E+00      1.0251E+00      1.1945E+00      2.3541E-01      8.2277E+01      9.8876E+01      1.0000E+00
      2.4448E-01      1.2348E+00      1.0768E+00      1.3948E+00      1.9045E-01      7.4215E+01      1.1117E+02      1.0000E+00
      3.1094E-01      1.3477E+00      1.0966E+00      1.6440E+00      2.1277E-01      6.8784E+01      1.0719E+02      1.0000E+00
      2.2191E-01      1.3060E+00      1.1791E+00      1.6743E+00      1.5389E-01      6.0590E+01      1.1075E+02      1.0000E+00
      2.3129E-01      1.3764E+00      1.1729E+00      1.8000E+00      1.4923E-01      6.0576E+01      1.0957E+02      1.0000E+00
      3.8286E-01      1.2564E+00      1.1205E+00      1.6867E+00      2.7514E-01      7.4245E+01      1.0884E+02      1.0000E+00
      3.8410E-01      1.2054E+00      1.1071E+00      1.5669E+00      3.0558E-01      7.7042E+01      9.8671E+01      1.0000E+00
      4.4011E-01      1.1788E+00      1.1748E+00      1.7377E+00      3.1891E-01      7.6139E+01      1.0296E+02      1.0000E+00
      2.6931E-01      1.5320E+00      1.2763E+00      1.8194E+00      1.7426E-01      5.3400E+01      1.1692E+02      1.0000E+00
      2.5549E-01      1.4366E+00      1.1864E+00      1.6928E+00      1.7290E-01      5.9842E+01      1.1079E+02      1.0000E+00
      3.7261E-01      1.2602E+00      1.1557E+00      1.7025E+00      2.5969E-01      6.6925E+01      1.0665E+02      1.0000E+00
      3.2169E-01      1.1405E+00      1.0357E+00      1.3616E+00      2.6570E-01      8.0087E+01      9.9472E+01      1.0000E+00
      1.1720E+00      1.0468E+00      1.0094E+00      1.0933E+00      1.1249E+00      8.5025E+01      9.7070E+01      1.0000E+00
      1.2901E+00      1.2740E+00      1.3098E+00      1.7612E+00      9.6333E-01      6.1929E+01      1.1725E+02      1.0000E+00
      1.0825E+00      1.0384E+00      1.0059E+00      1.0769E+00      1.0166E+00      8.7302E+01      9.6139E+01      1.0000E+00
      2.6414E-01      1.0584E+00      1.0140E+00      1.1117E+00      2.4484E-01      8.2891E+01      9.9230E+01      1.0000E+00
      2.7598E-01      1.0367E+00      1.0115E+00      1.0969E+00      2.5713E-01      8.4372E+01      9.8049E+01      1.0000E+00
      1.0902E+00      1.0681E+00      1.0088E+00      1.1254E+00      1.0092E+00      8.6589E+01      9.6984E+01      1.0000E+00
