  
 ----------------
 Bad Element Info
 ----------------
  
 Element          637
         -2.6578447075263498       -6.4701146436607440        0.0000000000000000     
         -1.9203386789896730       -6.3429203082622649        0.0000000000000000     
         -2.5441134365165707       -6.1702188177286237        0.0000000000000000     
         -2.8554961253352302       -6.2187819495196353        0.0000000000000000     
 Problems:
       Minimum Angle      25.260838705811633     
       Maximum Angle      155.66002610085712     
  
 //////////////////////////////////////////////////
 Element          638
         -3.3823910615634882       -6.0920284208763338        0.0000000000000000     
         -2.8554961253352302       -6.2187819495196353        0.0000000000000000     
         -2.5441134365165707       -6.1702188177286237        0.0000000000000000     
         -3.3848664638280455       -5.8247356580260590        0.0000000000000000     
 Problems:
       Minimum Angle      31.203213394230485     
       Maximum Angle      157.60913538677983     
  
 //////////////////////////////////////////////////
 Element          641
         0.91974370655686366       -6.3430535081845383        0.0000000000000000     
          1.6576299111994408       -6.4701446003340521        0.0000000000000000     
          1.8553222857162428       -6.2188063994606928        0.0000000000000000     
          1.5431307613222880       -6.1705442784359477        0.0000000000000000     
 Problems:
       Minimum Angle      25.240859409805196     
       Maximum Angle      155.74382501880197     
  
 //////////////////////////////////////////////////
 Element          643
          1.8553222857162428       -6.2188063994606928        0.0000000000000000     
          2.3823950783975838       -6.0919762385209495        0.0000000000000000     
          2.3854702559200880       -5.8244365737984012        0.0000000000000000     
          1.5431307613222880       -6.1705442784359477        0.0000000000000000     
 Problems:
       Minimum Angle      31.125071365982944     
       Maximum Angle      157.68220684905239     
  
 //////////////////////////////////////////////////
 Element          665
         -6.3348406282944074       -3.6633997895798074        0.0000000000000000     
         -5.9963636793792476       -3.8506384568772214        0.0000000000000000     
         -5.8919188167849113       -3.6300429023912102        0.0000000000000000     
         -6.2786833134498892       -2.9760408536940166        0.0000000000000000     
 Problems:
       Minimum Angle      35.269969590851090     
  
 //////////////////////////////////////////////////
 Element          671
          4.9939319572367076       -3.8543600709772718        0.0000000000000000     
          5.3326598645018350       -3.6665838057084414        0.0000000000000000     
          5.2775662644222008       -2.9782088677946175        0.0000000000000000     
          4.8886075449883730       -3.6349564957636527        0.0000000000000000     
 Problems:
       Minimum Angle      35.212007644699874     
  
 //////////////////////////////////////////////////
 Element          688
         -7.1724862327712957       -1.0394039898753056        0.0000000000000000     
         -6.9084857888073739       -1.0868808097735163        0.0000000000000000     
         -7.0000000000000000       -8.5875382694727512E-010   0.0000000000000000     
         -7.2296054965256671       -9.3901905652888617E-008   0.0000000000000000     
 Problems:
       Edge Ratio         4.7504381248699206     
  
 //////////////////////////////////////////////////
 Element          693
          5.9165193455514480       -1.0384023729576213        0.0000000000000000     
          6.1726471630502671      -0.99696099975526298        0.0000000000000000     
          6.2254112733849096        6.5831811317326641E-002   0.0000000000000000     
          5.9994026467460690        8.8120573478563308E-002   0.0000000000000000     
 Problems:
       Edge Ratio         4.9737689562933483     
  
 //////////////////////////////////////////////////
 Element          696
         -7.2296054965256671       -9.3901905652888617E-008   0.0000000000000000     
         -7.0000000000000000       -8.5875382694727512E-010   0.0000000000000000     
         -6.9084860692513770        1.0868791562133431        0.0000000000000000     
         -7.1724862406162675        1.0394038514242299        0.0000000000000000     
 Problems:
       Edge Ratio         4.7504308534930448     
  
 //////////////////////////////////////////////////
 Element          701
          5.9994026467460690        8.8120573478563308E-002   0.0000000000000000     
          6.2254112733849096        6.5831811317326641E-002   0.0000000000000000     
          6.1620175592614128        1.1088567782005114        0.0000000000000000     
          5.8922608788067175        1.1785588051841864        0.0000000000000000     
 Problems:
       Edge Ratio         4.8245928383806618     
  
 //////////////////////////////////////////////////
 Element          716
         -6.2786832954259832        2.9760408886916676        0.0000000000000000     
         -5.8919197499403229        3.6300415163195425        0.0000000000000000     
         -5.9963637055817980        3.8506384201980728        0.0000000000000000     
         -6.3348406396140726        3.6633997730869221        0.0000000000000000     
 Problems:
       Minimum Angle      35.269965178087574     
  
 //////////////////////////////////////////////////
 Element          746
         -3.3848681066215773        5.8247348443854197        0.0000000000000000     
         -2.5441189114739404        6.1702170039435877        0.0000000000000000     
         -2.8554980833145955        6.2187813932150116        0.0000000000000000     
         -3.3823921401871737        6.0920280841333936        0.0000000000000000     
 Problems:
       Minimum Angle      31.203571315794065     
       Maximum Angle      157.60881178900971     
  
 //////////////////////////////////////////////////
 Element          747
         -2.8554980833145955        6.2187813932150116        0.0000000000000000     
         -2.5441189114739404        6.1702170039435877        0.0000000000000000     
         -1.9203435495039396        6.3429192176302038        0.0000000000000000     
         -2.6578469728198297        6.4701141761064331        0.0000000000000000     
 Problems:
       Minimum Angle      25.260967029489272     
       Maximum Angle      155.65965426132254     
  
 //////////////////////////////////////////////////
 Element          751
          1.5428732343140861        6.1706295423176316        0.0000000000000000     
          2.3848918891794688        5.8247230653264985        0.0000000000000000     
          2.3820077697654800        6.0922267749700367        0.0000000000000000     
          1.8550870173804850        6.2189251453709087        0.0000000000000000     
 Problems:
       Minimum Angle      31.126415303253175     
       Maximum Angle      157.68660871038514     
  
 //////////////////////////////////////////////////
 Element          753
          1.5428732343140861        6.1706295423176316        0.0000000000000000     
          1.8550870173804850        6.2189251453709087        0.0000000000000000     
          1.6574724179943949        6.4702263750412321        0.0000000000000000     
         0.91964026235778529        6.3430766608557336        0.0000000000000000     
 Problems:
       Minimum Angle      25.244319693578504     
       Maximum Angle      155.74010361164596     
  
 //////////////////////////////////////////////////
 Element          773
         -1.9867240747028931       -1.3922200527162987        0.0000000000000000     
         -1.5286971993868779       -1.5152458400544100        0.0000000000000000     
         -1.5960077170856506       -1.3765081914664916        0.0000000000000000     
         -2.0617662573583679       -1.0595529315400927        0.0000000000000000     
 Problems:
       Maximum Angle      150.11683348018485     
  
 //////////////////////////////////////////////////
 Element          778
         -1.5286971993868779       -1.5152458400544100        0.0000000000000000     
         -1.0046114185713046       -1.5723250294521649        0.0000000000000000     
         -1.0053958902386693       -1.4999902947581134        0.0000000000000000     
         -1.5960077170856506       -1.3765081914664916        0.0000000000000000     
 Problems:
       Edge Ratio         8.3410382191050658     
  
 //////////////////////////////////////////////////
 Element          782
         -1.0046114185713046       -1.5723250294521649        0.0000000000000000     
        -0.47984314056601896       -1.5160439952893088        0.0000000000000000     
        -0.41164517137328760       -1.3797965776271632        0.0000000000000000     
         -1.0053958902386693       -1.4999902947581134        0.0000000000000000     
 Problems:
       Edge Ratio         8.3743784065432987     
  
 //////////////////////////////////////////////////
 Element          786
        -0.47984314056601896       -1.5160439952893088        0.0000000000000000     
         -2.1694945147742763E-002  -1.3912587256064717        0.0000000000000000     
          6.2468113176866513E-002  -1.0588491434016412        0.0000000000000000     
        -0.41164517137328760       -1.3797965776271632        0.0000000000000000     
 Problems:
       Maximum Angle      150.68576982944052     
  
 //////////////////////////////////////////////////
 Element          792
         -2.3941154169260441      -0.98408543297798967        0.0000000000000000     
         -2.0617662573583679       -1.0595529315400927        0.0000000000000000     
         -2.3781948606800776      -0.59209705791789047        0.0000000000000000     
         -2.5166165139379051      -0.52514315727212202        0.0000000000000000     
 Problems:
       Maximum Angle      149.90755536874656     
  
 //////////////////////////////////////////////////
 Element          794
         -2.5166165139379051      -0.52514315727212202        0.0000000000000000     
         -2.3781948606800776      -0.59209705791789047        0.0000000000000000     
         -2.4999999452233030        4.0537647622460152E-004   0.0000000000000000     
         -2.5729843809920405        5.5808111778199332E-005   0.0000000000000000     
 Problems:
       Edge Ratio         8.2878782978921866     
  
 //////////////////////////////////////////////////
 Element          797
          6.2468113176866513E-002  -1.0588491434016412        0.0000000000000000     
         0.38747322562626135      -0.97490306652732761        0.0000000000000000     
         0.51161855149399327      -0.50142710496467102        0.0000000000000000     
         0.38798476636448664      -0.56876909931897801        0.0000000000000000     
 Problems:
       Condition          4.7318907819009715     
       Maximum Angle      152.16921292747753     
  
 //////////////////////////////////////////////////
 Element          801
         0.38798476636448664      -0.56876909931897801        0.0000000000000000     
         0.51161855149399327      -0.50142710496467102        0.0000000000000000     
         0.56316030274465523        3.8495071883820543E-002   0.0000000000000000     
         0.49878175792661872        6.0442055775712142E-002   0.0000000000000000     
 Problems:
       Condition          4.8068827080086871     
       Edge Ratio         9.3931642745230519     
  
 //////////////////////////////////////////////////
 Element          804
         -2.5729843809920405        5.5808111778199332E-005   0.0000000000000000     
         -2.4999999452233030        4.0537647622460152E-004   0.0000000000000000     
         -2.3780057790740310       0.59253698014433898        0.0000000000000000     
         -2.5166556299214218       0.52518031092929662        0.0000000000000000     
 Problems:
       Edge Ratio         8.2834239183061271     
  
 //////////////////////////////////////////////////
 Element          808
         -2.5166556299214218       0.52518031092929662        0.0000000000000000     
         -2.3780057790740310       0.59253698014433898        0.0000000000000000     
         -2.0619416965256741        1.0593770967791276        0.0000000000000000     
         -2.3942644914416409       0.98400390596101794        0.0000000000000000     
 Problems:
       Maximum Angle      150.00979416159805     
  
 //////////////////////////////////////////////////
 Element          813
         -2.0619416965256741        1.0593770967791276        0.0000000000000000     
         -1.5974557490298389        1.3758803101837001        0.0000000000000000     
         -1.5305549900968005        1.5154597069253701        0.0000000000000000     
         -1.9873593386960311        1.3921140758241102        0.0000000000000000     
 Problems:
       Maximum Angle      149.87924544031156     
  
 //////////////////////////////////////////////////
 Element          817
         -1.5974557490298389        1.3758803101837001        0.0000000000000000     
         -1.0115357247951149        1.4999556416952642        0.0000000000000000     
         -1.0091926247179726        1.5741268638606041        0.0000000000000000     
         -1.5305549900968005        1.5154597069253701        0.0000000000000000     
 Problems:
       Edge Ratio         8.0707114314413779     
  
 //////////////////////////////////////////////////
 Element          820
         0.49878175792661872        6.0442055775712142E-002   0.0000000000000000     
         0.56316030274465523        3.8495071883820543E-002   0.0000000000000000     
         0.49931811557418337       0.56331471961810331        0.0000000000000000     
         0.35375170869136197       0.64603119987754276        0.0000000000000000     
 Problems:
       Condition          5.3391225143190226     
       Edge Ratio         8.8696101306044586     
  
 //////////////////////////////////////////////////
 Element          825
         -1.0115357247951149        1.4999556416952642        0.0000000000000000     
        -0.42766557444055453        1.3865184114607132        0.0000000000000000     
        -0.48843827351201830        1.5221829988888969        0.0000000000000000     
         -1.0091926247179726        1.5741268638606041        0.0000000000000000     
 Problems:
       Edge Ratio         8.0151179484077772     
  
 //////////////////////////////////////////////////
 Element          829
         0.35375170869136197       0.64603119987754276        0.0000000000000000     
         0.49931811557418337       0.56331471961810331        0.0000000000000000     
         0.37336588684370525        1.0087363735418360        0.0000000000000000     
          3.5809860756150558E-002   1.0849414419038126        0.0000000000000000     
 Problems:
       Maximum Angle      155.52608570976901     
  
 //////////////////////////////////////////////////
  
 ------------------------
 2D Mesh Quality Measures
 ------------------------
  
Signed Area     Aspect Ratio    Condition       Edge Ratio      Jacobian        Minimum Angle   Maximum Angle   Area Sign       
      6.1775E-01      1.4145E+00      1.3028E+00      1.6605E+00      3.8466E-01      6.2002E+01      1.2875E+02      1.0000E+00
      7.8473E-01      1.0870E+00      1.0191E+00      1.1976E+00      7.1944E-01      8.5379E+01      9.8550E+01      1.0000E+00
      8.9674E-01      1.0394E+00      1.0081E+00      1.1099E+00      8.6371E-01      8.5949E+01      9.4512E+01      1.0000E+00
      9.6837E-01      1.0266E+00      1.0029E+00      1.0674E+00      9.4628E-01      8.7220E+01      9.2280E+01      1.0000E+00
      1.0035E+00      1.0213E+00      1.0009E+00      1.0416E+00      9.9021E-01      8.8743E+01      9.0583E+01      1.0000E+00
      1.0035E+00      1.0213E+00      1.0009E+00      1.0416E+00      9.9029E-01      8.8743E+01      9.0588E+01      1.0000E+00
      9.6847E-01      1.0265E+00      1.0029E+00      1.0673E+00      9.4641E-01      8.7219E+01      9.2281E+01      1.0000E+00
      8.9686E-01      1.0393E+00      1.0081E+00      1.1097E+00      8.6383E-01      8.5948E+01      9.4513E+01      1.0000E+00
      7.8483E-01      1.0869E+00      1.0191E+00      1.1975E+00      7.1953E-01      8.5379E+01      9.8550E+01      1.0000E+00
      6.1783E-01      1.4144E+00      1.3028E+00      1.6605E+00      3.8470E-01      6.2008E+01      1.2874E+02      1.0000E+00
      6.0633E-01      1.3904E+00      1.3143E+00      1.6578E+00      3.5274E-01      6.5277E+01      1.2971E+02      1.0000E+00
      9.5797E-01      1.1035E+00      1.0464E+00      1.2842E+00      8.2220E-01      7.6335E+01      1.0127E+02      1.0000E+00
      1.0294E+00      1.0597E+00      1.0153E+00      1.1621E+00      9.2791E-01      8.1409E+01      9.5603E+01      1.0000E+00
      9.0883E-01      1.0481E+00      1.0038E+00      1.0819E+00      8.8479E-01      8.7795E+01      9.2912E+01      1.0000E+00
      9.3618E-01      1.0288E+00      1.0021E+00      1.0651E+00      9.1756E-01      8.8508E+01      9.2252E+01      1.0000E+00
      9.6876E-01      1.0166E+00      1.0011E+00      1.0425E+00      9.5920E-01      8.8755E+01      9.1212E+01      1.0000E+00
      9.8685E-01      1.0151E+00      1.0005E+00      1.0308E+00      9.8071E-01      8.9418E+01      9.0250E+01      1.0000E+00
      9.8705E-01      1.0150E+00      1.0005E+00      1.0304E+00      9.8111E-01      8.9411E+01      9.0258E+01      1.0000E+00
      9.6927E-01      1.0163E+00      1.0011E+00      1.0418E+00      9.5983E-01      8.8750E+01      9.1218E+01      1.0000E+00
      9.3680E-01      1.0284E+00      1.0020E+00      1.0644E+00      9.1819E-01      8.8505E+01      9.2254E+01      1.0000E+00
      9.0938E-01      1.0478E+00      1.0038E+00      1.0812E+00      8.8528E-01      8.7806E+01      9.2909E+01      1.0000E+00
      1.0298E+00      1.0598E+00      1.0152E+00      1.1618E+00      9.2841E-01      8.1405E+01      9.5607E+01      1.0000E+00
      9.5824E-01      1.1037E+00      1.0463E+00      1.2843E+00      8.2238E-01      7.6338E+01      1.0127E+02      1.0000E+00
      6.0646E-01      1.3902E+00      1.3141E+00      1.6578E+00      3.5281E-01      6.5289E+01      1.2970E+02      1.0000E+00
      8.0419E-01      1.2855E+00      1.3228E+00      1.4301E+00      4.6434E-01      7.0887E+01      1.3088E+02      1.0000E+00
      1.0169E+00      1.0351E+00      1.0077E+00      1.0944E+00      9.6122E-01      8.3543E+01      9.4844E+01      1.0000E+00
      9.6185E-01      1.0259E+00      1.0016E+00      1.0562E+00      9.3718E-01      8.8984E+01      9.2283E+01      1.0000E+00
      9.8408E-01      1.0145E+00      1.0004E+00      1.0283E+00      9.8118E-01      8.9827E+01      9.0303E+01      1.0000E+00
      9.7374E-01      1.0154E+00      1.0006E+00      1.0346E+00      9.6707E-01      8.9548E+01      9.0323E+01      1.0000E+00
      9.6804E-01      1.0170E+00      1.0006E+00      1.0331E+00      9.6356E-01      8.9560E+01      9.0648E+01      1.0000E+00
      9.7467E-01      1.0135E+00      1.0004E+00      1.0292E+00      9.7161E-01      8.9589E+01      9.0463E+01      1.0000E+00
      9.8037E-01      1.0126E+00      1.0003E+00      1.0259E+00      9.7818E-01      8.9799E+01      9.0102E+01      1.0000E+00
      9.8127E-01      1.0122E+00      1.0003E+00      1.0241E+00      9.7997E-01      8.9767E+01      9.0175E+01      1.0000E+00
      9.7692E-01      1.0124E+00      1.0004E+00      1.0266E+00      9.7427E-01      8.9564E+01      9.0494E+01      1.0000E+00
      9.7065E-01      1.0156E+00      1.0005E+00      1.0303E+00      9.6615E-01      8.9546E+01      9.0663E+01      1.0000E+00
      9.7595E-01      1.0140E+00      1.0005E+00      1.0315E+00      9.6965E-01      8.9588E+01      9.0319E+01      1.0000E+00
      9.8567E-01      1.0136E+00      1.0003E+00      1.0261E+00      9.8300E-01      8.9838E+01      9.0253E+01      1.0000E+00
      9.6291E-01      1.0252E+00      1.0015E+00      1.0553E+00      9.3797E-01      8.9006E+01      9.2257E+01      1.0000E+00
      1.0175E+00      1.0348E+00      1.0076E+00      1.0935E+00      9.6211E-01      8.3527E+01      9.4866E+01      1.0000E+00
      8.0453E-01      1.2854E+00      1.3225E+00      1.4301E+00      4.6449E-01      7.0912E+01      1.3087E+02      1.0000E+00
      8.6747E-01      1.2517E+00      1.2964E+00      1.4071E+00      5.0139E-01      7.3862E+01      1.2952E+02      1.0000E+00
      1.1212E+00      1.0544E+00      1.0151E+00      1.1115E+00      1.0315E+00      8.0114E+01      9.5904E+01      1.0000E+00
      1.0127E+00      1.0142E+00      1.0005E+00      1.0259E+00      1.0037E+00      8.8867E+01      9.1511E+01      1.0000E+00
      9.9678E-01      1.0088E+00      1.0003E+00      1.0214E+00      9.9172E-01      8.9402E+01      9.0676E+01      1.0000E+00
      9.8645E-01      1.0113E+00      1.0003E+00      1.0249E+00      9.8258E-01      8.9595E+01      9.0306E+01      1.0000E+00
      9.7774E-01      1.0153E+00      1.0006E+00      1.0350E+00      9.7180E-01      8.9317E+01      9.0572E+01      1.0000E+00
      9.6633E-01      1.0197E+00      1.0010E+00      1.0437E+00      9.6069E-01      8.9260E+01      9.0646E+01      1.0000E+00
      9.5778E-01      1.0225E+00      1.0011E+00      1.0478E+00      9.5493E-01      8.9555E+01      9.0462E+01      1.0000E+00
      9.5534E-01      1.0243E+00      1.0011E+00      1.0483E+00      9.5429E-01      8.9925E+01      9.0053E+01      1.0000E+00
      9.5915E-01      1.0223E+00      1.0011E+00      1.0476E+00      9.5559E-01      8.9554E+01      9.0501E+01      1.0000E+00
      9.6715E-01      1.0188E+00      1.0009E+00      1.0416E+00      9.6233E-01      8.9248E+01      9.0686E+01      1.0000E+00
      9.7614E-01      1.0153E+00      1.0006E+00      1.0336E+00      9.7081E-01      8.9235E+01      9.0623E+01      1.0000E+00
      9.8446E-01      1.0105E+00      1.0003E+00      1.0244E+00      9.8031E-01      8.9459E+01      9.0490E+01      1.0000E+00
      9.9081E-01      1.0074E+00      1.0001E+00      1.0169E+00      9.8852E-01      8.9783E+01      9.0198E+01      1.0000E+00
      1.0001E+00      1.0068E+00      1.0002E+00      1.0166E+00      9.9604E-01      8.9305E+01      9.0755E+01      1.0000E+00
      1.0149E+00      1.0135E+00      1.0005E+00      1.0235E+00      1.0064E+00      8.8705E+01      9.1595E+01      1.0000E+00
      1.1223E+00      1.0540E+00      1.0152E+00      1.1103E+00      1.0332E+00      8.0082E+01      9.5957E+01      1.0000E+00
      8.6799E-01      1.2517E+00      1.2960E+00      1.4074E+00      5.0160E-01      7.3897E+01      1.2950E+02      1.0000E+00
      8.6744E-01      1.2517E+00      1.2964E+00      1.4070E+00      5.0138E-01      7.3862E+01      1.2952E+02      1.0000E+00
      1.1541E+00      1.0553E+00      1.0184E+00      1.0990E+00      1.0560E+00      7.9105E+01      9.6049E+01      1.0000E+00
      1.0501E+00      1.0058E+00      1.0008E+00      1.0139E+00      1.0424E+00      8.7673E+01      9.2102E+01      1.0000E+00
      1.0215E+00      1.0097E+00      1.0006E+00      1.0250E+00      1.0065E+00      8.8183E+01      9.1300E+01      1.0000E+00
      9.9222E-01      1.0112E+00      1.0005E+00      1.0296E+00      9.8175E-01      8.9274E+01      9.0926E+01      1.0000E+00
      9.7644E-01      1.0203E+00      1.0013E+00      1.0467E+00      9.6720E-01      8.8623E+01      9.1178E+01      1.0000E+00
      9.6070E-01      1.0364E+00      1.0032E+00      1.0793E+00      9.4430E-01      8.8050E+01      9.1287E+01      1.0000E+00
      9.2612E-01      1.0468E+00      1.0064E+00      1.1127E+00      9.0635E-01      8.7734E+01      9.2051E+01      1.0000E+00
      8.8942E-01      1.0622E+00      1.0082E+00      1.1361E+00      8.7429E-01      8.8831E+01      9.1618E+01      1.0000E+00
      8.7612E-01      1.0698E+00      1.0081E+00      1.1353E+00      8.7225E-01      8.9716E+01      9.0289E+01      1.0000E+00
      8.8942E-01      1.0621E+00      1.0081E+00      1.1359E+00      8.7430E-01      8.8812E+01      9.1637E+01      1.0000E+00
      9.2565E-01      1.0468E+00      1.0063E+00      1.1123E+00      9.0606E-01      8.7695E+01      9.2084E+01      1.0000E+00
      9.5927E-01      1.0365E+00      1.0032E+00      1.0790E+00      9.4308E-01      8.7967E+01      9.1357E+01      1.0000E+00
      9.7321E-01      1.0204E+00      1.0013E+00      1.0461E+00      9.6445E-01      8.8452E+01      9.1336E+01      1.0000E+00
      9.8457E-01      1.0107E+00      1.0005E+00      1.0273E+00      9.7578E-01      8.8933E+01      9.1243E+01      1.0000E+00
      1.0016E+00      1.0060E+00      1.0001E+00      1.0163E+00      9.9412E-01      8.9474E+01      9.0340E+01      1.0000E+00
      1.0269E+00      1.0075E+00      1.0006E+00      1.0185E+00      1.0139E+00      8.7977E+01      9.1527E+01      1.0000E+00
      1.0530E+00      1.0049E+00      1.0009E+00      1.0113E+00      1.0464E+00      8.7554E+01      9.2257E+01      1.0000E+00
      1.1555E+00      1.0551E+00      1.0185E+00      1.0981E+00      1.0582E+00      7.9058E+01      9.6137E+01      1.0000E+00
      8.6802E-01      1.2517E+00      1.2960E+00      1.4075E+00      5.0161E-01      7.3898E+01      1.2950E+02      1.0000E+00
      8.0412E-01      1.2856E+00      1.3229E+00      1.4300E+00      4.6431E-01      7.0880E+01      1.3089E+02      1.0000E+00
      1.1211E+00      1.0543E+00      1.0151E+00      1.1114E+00      1.0314E+00      8.0124E+01      9.5887E+01      1.0000E+00
      1.0501E+00      1.0056E+00      1.0008E+00      1.0132E+00      1.0423E+00      8.7686E+01      9.2061E+01      1.0000E+00
      1.0323E+00      1.0100E+00      1.0007E+00      1.0201E+00      1.0134E+00      8.7784E+01      9.1201E+01      1.0000E+00
      1.0047E+00      1.0087E+00      1.0003E+00      1.0228E+00      9.9250E-01      8.9396E+01      9.1001E+01      1.0000E+00
      9.7271E-01      1.0183E+00      1.0027E+00      1.0528E+00      9.5329E-01      8.7108E+01      9.3111E+01      1.0000E+00
      9.2649E-01      1.0492E+00      1.0093E+00      1.1161E+00      8.9226E-01      8.5505E+01      9.5633E+01      1.0000E+00
      9.6839E-01      1.1116E+00      1.0183E+00      1.2079E+00      9.1524E-01      8.6851E+01      9.3463E+01      1.0000E+00
      8.6185E-01      1.1242E+00      1.0593E+00      1.3612E+00      7.6565E-01      8.0436E+01      9.8418E+01      1.0000E+00
      7.2690E-01      1.1755E+00      1.0455E+00      1.3500E+00      6.9828E-01      8.7699E+01      9.2536E+01      1.0000E+00
      7.2099E-01      1.1789E+00      1.0447E+00      1.3464E+00      7.1290E-01      8.9142E+01      9.0857E+01      1.0000E+00
      7.2678E-01      1.1755E+00      1.0455E+00      1.3499E+00      6.9824E-01      8.7714E+01      9.2542E+01      1.0000E+00
      8.6142E-01      1.1244E+00      1.0594E+00      1.3613E+00      7.6534E-01      8.0412E+01      9.8433E+01      1.0000E+00
      9.6726E-01      1.1118E+00      1.0184E+00      1.2085E+00      9.1375E-01      8.6890E+01      9.3551E+01      1.0000E+00
      9.2380E-01      1.0491E+00      1.0095E+00      1.1153E+00      8.9042E-01      8.5371E+01      9.5735E+01      1.0000E+00
      9.6644E-01      1.0178E+00      1.0029E+00      1.0509E+00      9.4903E-01      8.6813E+01      9.3317E+01      1.0000E+00
      9.9265E-01      1.0073E+00      1.0004E+00      1.0197E+00      9.8363E-01      8.8861E+01      9.1371E+01      1.0000E+00
      1.0114E+00      1.0060E+00      1.0001E+00      1.0136E+00      9.9984E-01      8.9051E+01      9.0381E+01      1.0000E+00
      1.0380E+00      1.0088E+00      1.0010E+00      1.0171E+00      1.0216E+00      8.7482E+01      9.1624E+01      1.0000E+00
      1.0532E+00      1.0050E+00      1.0009E+00      1.0116E+00      1.0468E+00      8.7545E+01      9.2283E+01      1.0000E+00
      1.1225E+00      1.0540E+00      1.0152E+00      1.1103E+00      1.0335E+00      8.0077E+01      9.5970E+01      1.0000E+00
      8.0458E-01      1.2854E+00      1.3225E+00      1.4302E+00      4.6451E-01      7.0915E+01      1.3087E+02      1.0000E+00
      6.0623E-01      1.3905E+00      1.3144E+00      1.6577E+00      3.5270E-01      6.5267E+01      1.2972E+02      1.0000E+00
      1.0166E+00      1.0351E+00      1.0077E+00      1.0947E+00      9.6090E-01      8.3554E+01      9.4832E+01      1.0000E+00
      1.0129E+00      1.0143E+00      1.0005E+00      1.0259E+00      1.0038E+00      8.8877E+01      9.1494E+01      1.0000E+00
      1.0228E+00      1.0093E+00      1.0005E+00      1.0232E+00      1.0083E+00      8.8232E+01      9.1227E+01      1.0000E+00
      1.0056E+00      1.0080E+00      1.0002E+00      1.0179E+00      9.9265E-01      8.9534E+01      9.1103E+01      1.0000E+00
      9.8097E-01      1.0145E+00      1.0023E+00      1.0298E+00      9.5816E-01      8.7339E+01      9.3849E+01      1.0000E+00
      1.0043E+00      1.0513E+00      1.0050E+00      1.0794E+00      9.7369E-01      8.6308E+01      9.4268E+01      1.0000E+00
      8.2819E-01      1.1095E+00      1.1175E+00      1.3483E+00      6.8133E-01      7.2731E+01      1.1086E+02      1.0000E+00
      6.4066E-01      1.4240E+00      1.2157E+00      1.4816E+00      4.7869E-01      6.1994E+01      1.2377E+02      1.0000E+00
      6.4009E-01      1.4242E+00      1.2160E+00      1.4820E+00      4.7840E-01      6.1956E+01      1.2379E+02      1.0000E+00
      8.2645E-01      1.1097E+00      1.1179E+00      1.3479E+00      6.8032E-01      7.2666E+01      1.1090E+02      1.0000E+00
      1.0002E+00      1.0522E+00      1.0053E+00      1.0811E+00      9.6847E-01      8.6138E+01      9.4521E+01      1.0000E+00
      9.7383E-01      1.0138E+00      1.0026E+00      1.0281E+00      9.5323E-01      8.6989E+01      9.4067E+01      1.0000E+00
      9.9590E-01      1.0071E+00      1.0003E+00      1.0148E+00      9.8516E-01      8.9132E+01      9.1443E+01      1.0000E+00
      1.0130E+00      1.0067E+00      1.0002E+00      1.0157E+00      1.0025E+00      8.8988E+01      9.0545E+01      1.0000E+00
      1.0281E+00      1.0075E+00      1.0007E+00      1.0187E+00      1.0158E+00      8.7935E+01      9.1626E+01      1.0000E+00
      1.0154E+00      1.0138E+00      1.0006E+00      1.0237E+00      1.0069E+00      8.8651E+01      9.1635E+01      1.0000E+00
      1.0177E+00      1.0347E+00      1.0076E+00      1.0934E+00      9.6236E-01      8.3521E+01      9.4878E+01      1.0000E+00
      6.0650E-01      1.3902E+00      1.3141E+00      1.6579E+00      3.5282E-01      6.5292E+01      1.2970E+02      1.0000E+00
      9.5767E-01      1.1032E+00      1.0464E+00      1.2839E+00      8.2203E-01      7.6327E+01      1.0128E+02      1.0000E+00
      9.6114E-01      1.0261E+00      1.0016E+00      1.0565E+00      9.3684E-01      8.8961E+01      9.2305E+01      1.0000E+00
      9.9673E-01      1.0096E+00      1.0003E+00      1.0231E+00      9.9074E-01      8.9457E+01      9.0668E+01      1.0000E+00
      1.0006E+00      1.0105E+00      1.0004E+00      1.0258E+00      9.9309E-01      8.9399E+01      9.0437E+01      1.0000E+00
      9.8594E-01      1.0184E+00      1.0019E+00      1.0418E+00      9.6832E-01      8.7655E+01      9.3049E+01      1.0000E+00
      9.9425E-01      1.0179E+00      1.0024E+00      1.0298E+00      9.8206E-01      8.6627E+01      9.3903E+01      1.0000E+00
      7.8825E-01      1.2403E+00      1.3308E+00      1.2768E+00      5.1072E-01      6.6747E+01      1.3128E+02      1.0000E+00
      7.8586E-01      1.2409E+00      1.3315E+00      1.2765E+00      5.0950E-01      6.6663E+01      1.3132E+02      1.0000E+00
      9.9039E-01      1.0180E+00      1.0027E+00      1.0299E+00      9.7722E-01      8.6482E+01      9.4129E+01      1.0000E+00
      9.8132E-01      1.0178E+00      1.0020E+00      1.0396E+00      9.6490E-01      8.7439E+01      9.3243E+01      1.0000E+00
      9.9899E-01      1.0084E+00      1.0003E+00      1.0219E+00      9.9271E-01      8.9267E+01      9.0667E+01      1.0000E+00
      1.0046E+00      1.0054E+00      1.0002E+00      1.0154E+00      9.9895E-01      8.9343E+01      9.0598E+01      1.0000E+00
      1.0012E+00      1.0071E+00      1.0002E+00      1.0165E+00      9.9712E-01      8.9255E+01      9.0845E+01      1.0000E+00
      9.6327E-01      1.0252E+00      1.0015E+00      1.0554E+00      9.3813E-01      8.9030E+01      9.2241E+01      1.0000E+00
      9.5834E-01      1.1037E+00      1.0463E+00      1.2844E+00      8.2244E-01      7.6342E+01      1.0127E+02      1.0000E+00
      6.1761E-01      1.4147E+00      1.3029E+00      1.6605E+00      3.8459E-01      6.1991E+01      1.2875E+02      1.0000E+00
      1.0287E+00      1.0597E+00      1.0154E+00      1.1627E+00      9.2697E-01      8.1419E+01      9.5585E+01      1.0000E+00
      9.8205E-01      1.0154E+00      1.0005E+00      1.0310E+00      9.7820E-01      8.9774E+01      9.0449E+01      1.0000E+00
      9.8250E-01      1.0129E+00      1.0005E+00      1.0308E+00      9.7615E-01      8.9222E+01      9.0693E+01      1.0000E+00
      9.7888E-01      1.0244E+00      1.0021E+00      1.0592E+00      9.6020E-01      8.7737E+01      9.1748E+01      1.0000E+00
      1.0315E+00      1.0738E+00      1.0075E+00      1.1230E+00      9.8108E-01      8.7741E+01      9.3548E+01      1.0000E+00
      8.0913E-01      1.2611E+00      1.2895E+00      1.3412E+00      5.3685E-01      6.7466E+01      1.2907E+02      1.0000E+00
      9.5975E-01      1.4278E+00      1.1288E+00      1.6653E+00      7.1930E-01      7.2478E+01      1.0743E+02      1.0000E+00
      8.0741E-01      1.2616E+00      1.2915E+00      1.3388E+00      5.3538E-01      6.7325E+01      1.2919E+02      1.0000E+00
      1.0302E+00      1.0734E+00      1.0075E+00      1.1228E+00      9.7937E-01      8.7684E+01      9.3712E+01      1.0000E+00
      9.7929E-01      1.0234E+00      1.0021E+00      1.0571E+00      9.6096E-01      8.7643E+01      9.1862E+01      1.0000E+00
      9.8903E-01      1.0090E+00      1.0004E+00      1.0248E+00      9.8229E-01      8.9287E+01      9.0717E+01      1.0000E+00
      9.9246E-01      1.0072E+00      1.0001E+00      1.0158E+00      9.9030E-01      8.9867E+01      9.0179E+01      1.0000E+00
      9.8635E-01      1.0133E+00      1.0003E+00      1.0253E+00      9.8396E-01      8.9876E+01      9.0190E+01      1.0000E+00
      1.0300E+00      1.0599E+00      1.0152E+00      1.1616E+00      9.2871E-01      8.1399E+01      9.5616E+01      1.0000E+00
      6.1787E-01      1.4144E+00      1.3027E+00      1.6606E+00      3.8472E-01      6.2012E+01      1.2874E+02      1.0000E+00
      7.8447E-01      1.0871E+00      1.0191E+00      1.1979E+00      7.1926E-01      8.5375E+01      9.8555E+01      1.0000E+00
      9.0763E-01      1.0487E+00      1.0039E+00      1.0827E+00      8.8397E-01      8.7736E+01      9.2933E+01      1.0000E+00
      9.6947E-01      1.0171E+00      1.0008E+00      1.0396E+00      9.6175E-01      8.9332E+01      9.0502E+01      1.0000E+00
      9.6542E-01      1.0194E+00      1.0014E+00      1.0486E+00      9.5565E-01      8.8644E+01      9.1390E+01      1.0000E+00
      9.2893E-01      1.0415E+00      1.0083E+00      1.1133E+00      9.0042E-01      8.6010E+01      9.4049E+01      1.0000E+00
      8.8070E-01      1.1199E+00      1.0823E+00      1.3703E+00      7.6048E-01      7.5613E+01      1.0402E+02      1.0000E+00
      9.7668E-01      1.1228E+00      1.0206E+00      1.2574E+00      8.0054E-01      8.0315E+01      1.0108E+02      1.0000E+00
      1.2571E+00      1.3268E+00      1.1098E+00      1.5691E+00      9.6048E-01      6.8807E+01      1.1255E+02      1.0000E+00
      1.5903E+00      1.1684E+00      1.0814E+00      1.3156E+00      1.2055E+00      8.0790E+01      1.1212E+02      1.0000E+00
      1.2278E+00      1.0634E+00      1.0141E+00      1.1503E+00      1.1893E+00      8.4436E+01      9.5251E+01      1.0000E+00
      1.1735E+00      1.2723E+00      1.0855E+00      1.4985E+00      8.7479E-01      6.8724E+01      1.0443E+02      1.0000E+00
      8.8341E-01      1.1224E+00      1.0830E+00      1.3748E+00      7.6236E-01      7.5568E+01      1.0395E+02      1.0000E+00
      9.3156E-01      1.0422E+00      1.0083E+00      1.1138E+00      9.0344E-01      8.5960E+01      9.4020E+01      1.0000E+00
      9.7146E-01      1.0167E+00      1.0012E+00      1.0431E+00      9.6198E-01      8.8684E+01      9.1337E+01      1.0000E+00
      9.8630E-01      1.0089E+00      1.0002E+00      1.0210E+00      9.8296E-01      8.9677E+01      9.0311E+01      1.0000E+00
      9.7715E-01      1.0134E+00      1.0004E+00      1.0299E+00      9.7122E-01      8.9678E+01      9.0366E+01      1.0000E+00
      9.0978E-01      1.0475E+00      1.0038E+00      1.0810E+00      8.8554E-01      8.7831E+01      9.2898E+01      1.0000E+00
      7.8492E-01      1.0868E+00      1.0191E+00      1.1974E+00      7.1959E-01      8.5380E+01      9.8548E+01      1.0000E+00
      8.9634E-01      1.0396E+00      1.0081E+00      1.1103E+00      8.6338E-01      8.5945E+01      9.4517E+01      1.0000E+00
      9.3430E-01      1.0298E+00      1.0022E+00      1.0668E+00      9.1608E-01      8.8482E+01      9.2278E+01      1.0000E+00
      9.6115E-01      1.0204E+00      1.0008E+00      1.0384E+00      9.5831E-01      8.9285E+01      9.0752E+01      1.0000E+00
      9.4575E-01      1.0290E+00      1.0025E+00      1.0677E+00      9.3642E-01      8.8443E+01      9.1591E+01      1.0000E+00
      8.7098E-01      1.0745E+00      1.0153E+00      1.1764E+00      8.4167E-01      8.6071E+01      9.4529E+01      1.0000E+00
      7.0367E-01      1.1992E+00      1.0680E+00      1.4300E+00      6.5383E-01      8.5177E+01      9.8511E+01      1.0000E+00
      1.0946E+00      1.0327E+00      1.0130E+00      1.0451E+00      1.0604E+00      8.2428E+01      9.9153E+01      1.0000E+00
      1.2916E+00      1.2366E+00      1.0758E+00      1.4725E+00      8.3918E-01      6.8614E+01      1.0963E+02      1.0000E+00
      1.3443E+00      1.2077E+00      1.0635E+00      1.4180E+00      9.3638E-01      7.0141E+01      1.0545E+02      1.0000E+00
      7.1029E-01      1.2014E+00      1.0696E+00      1.4385E+00      6.6209E-01      8.5276E+01      9.8031E+01      1.0000E+00
      8.7641E-01      1.0741E+00      1.0156E+00      1.1775E+00      8.4867E-01      8.6142E+01      9.4221E+01      1.0000E+00
      9.5307E-01      1.0275E+00      1.0023E+00      1.0647E+00      9.4341E-01      8.8534E+01      9.1435E+01      1.0000E+00
      9.7982E-01      1.0122E+00      1.0004E+00      1.0264E+00      9.7657E-01      8.9574E+01      9.0349E+01      1.0000E+00
      9.7284E-01      1.0144E+00      1.0004E+00      1.0287E+00      9.6773E-01      8.9673E+01      9.0607E+01      1.0000E+00
      9.3751E-01      1.0280E+00      1.0020E+00      1.0638E+00      9.1871E-01      8.8518E+01      9.2241E+01      1.0000E+00
      8.9703E-01      1.0392E+00      1.0080E+00      1.1095E+00      8.6395E-01      8.5950E+01      9.4511E+01      1.0000E+00
      9.6783E-01      1.0269E+00      1.0030E+00      1.0680E+00      9.4583E-01      8.7217E+01      9.2284E+01      1.0000E+00
      9.6619E-01      1.0180E+00      1.0012E+00      1.0450E+00      9.5703E-01      8.8736E+01      9.1236E+01      1.0000E+00
      9.6537E-01      1.0188E+00      1.0007E+00      1.0384E+00      9.6349E-01      8.9492E+01      9.0576E+01      1.0000E+00
      9.3204E-01      1.0383E+00      1.0034E+00      1.0827E+00      9.2593E-01      8.8763E+01      9.1197E+01      1.0000E+00
      8.3629E-01      1.1002E+00      1.0206E+00      1.2181E+00      8.2130E-01      8.7152E+01      9.3023E+01      1.0000E+00
      6.6960E-01      1.2480E+00      1.0968E+00      1.5339E+00      6.4538E-01      8.4688E+01      9.6010E+01      1.0000E+00
      9.6297E-01      1.1387E+00      1.0298E+00      1.2692E+00      8.1533E-01      7.7162E+01      9.5173E+01      1.0000E+00
      1.2851E+00      1.2034E+00      1.0603E+00      1.3890E+00      9.8603E-01      7.1147E+01      1.0003E+02      1.0000E+00
      1.0525E+00      1.2195E+00      1.0518E+00      1.3197E+00      8.8898E-01      8.0976E+01      1.0204E+02      1.0000E+00
      6.7920E-01      1.2546E+00      1.1018E+00      1.5513E+00      6.5777E-01      8.5218E+01      9.4794E+01      1.0000E+00
      8.4356E-01      1.1040E+00      1.0215E+00      1.2252E+00      8.2843E-01      8.7493E+01      9.2306E+01      1.0000E+00
      9.3891E-01      1.0386E+00      1.0033E+00      1.0828E+00      9.3096E-01      8.8952E+01      9.0855E+01      1.0000E+00
      9.7627E-01      1.0146E+00      1.0004E+00      1.0298E+00      9.7415E-01      8.9701E+01      9.0204E+01      1.0000E+00
      9.8063E-01      1.0107E+00      1.0003E+00      1.0238E+00      9.7711E-01      8.9630E+01      9.0437E+01      1.0000E+00
      9.7040E-01      1.0157E+00      1.0010E+00      1.0409E+00      9.6076E-01      8.8765E+01      9.1205E+01      1.0000E+00
      9.6873E-01      1.0264E+00      1.0029E+00      1.0671E+00      9.4662E-01      8.7221E+01      9.2280E+01      1.0000E+00
      1.0028E+00      1.0217E+00      1.0009E+00      1.0423E+00      9.8963E-01      8.8743E+01      9.0588E+01      1.0000E+00
      9.8378E-01      1.0167E+00      1.0006E+00      1.0340E+00      9.7794E-01      8.9412E+01      9.0266E+01      1.0000E+00
      9.6927E-01      1.0188E+00      1.0007E+00      1.0376E+00      9.6827E-01      8.9768E+01      9.0178E+01      1.0000E+00
      9.2584E-01      1.0442E+00      1.0037E+00      1.0897E+00      9.2295E-01      8.9483E+01      9.0395E+01      1.0000E+00
      8.2260E-01      1.1187E+00      1.0237E+00      1.2420E+00      8.1561E-01      8.8693E+01      9.0951E+01      1.0000E+00
      6.5259E-01      1.2950E+00      1.1143E+00      1.6040E+00      6.4125E-01      8.7265E+01      9.1864E+01      1.0000E+00
      1.0541E+00      1.1462E+00      1.0633E+00      1.3296E+00      8.9719E-01      7.3214E+01      1.0575E+02      1.0000E+00
      1.1554E+00      1.1418E+00      1.0488E+00      1.2518E+00      1.0092E+00      7.5008E+01      1.0641E+02      1.0000E+00
      1.0639E+00      1.0393E+00      1.0034E+00      1.0843E+00      1.0466E+00      8.8551E+01      9.0766E+01      1.0000E+00
      6.6106E-01      1.3058E+00      1.1192E+00      1.6219E+00      6.4803E-01      8.8514E+01      9.0837E+01      1.0000E+00
      8.2904E-01      1.1230E+00      1.0247E+00      1.2482E+00      8.2042E-01      8.9433E+01      9.0632E+01      1.0000E+00
      9.3107E-01      1.0446E+00      1.0037E+00      1.0894E+00      9.2680E-01      8.9834E+01      9.0361E+01      1.0000E+00
      9.7489E-01      1.0155E+00      1.0005E+00      1.0307E+00      9.7392E-01      8.9938E+01      9.0106E+01      1.0000E+00
      9.8652E-01      1.0095E+00      1.0002E+00      1.0196E+00      9.8469E-01      8.9843E+01      9.0079E+01      1.0000E+00
      9.8856E-01      1.0142E+00      1.0004E+00      1.0290E+00      9.8248E-01      8.9427E+01      9.0245E+01      1.0000E+00
      1.0038E+00      1.0211E+00      1.0008E+00      1.0412E+00      9.9060E-01      8.8745E+01      9.0582E+01      1.0000E+00
      1.0028E+00      1.0217E+00      1.0009E+00      1.0423E+00      9.8963E-01      8.8743E+01      9.0588E+01      1.0000E+00
      9.8378E-01      1.0167E+00      1.0006E+00      1.0340E+00      9.7794E-01      8.9412E+01      9.0266E+01      1.0000E+00
      9.6927E-01      1.0188E+00      1.0007E+00      1.0376E+00      9.6827E-01      8.9768E+01      9.0178E+01      1.0000E+00
      9.2584E-01      1.0442E+00      1.0037E+00      1.0897E+00      9.2295E-01      8.9483E+01      9.0395E+01      1.0000E+00
      8.2260E-01      1.1187E+00      1.0237E+00      1.2420E+00      8.1561E-01      8.8693E+01      9.0951E+01      1.0000E+00
      6.5259E-01      1.2950E+00      1.1143E+00      1.6040E+00      6.4125E-01      8.7265E+01      9.1864E+01      1.0000E+00
      1.0541E+00      1.1462E+00      1.0633E+00      1.3296E+00      8.9719E-01      7.3213E+01      1.0575E+02      1.0000E+00
      1.1449E+00      1.1492E+00      1.0561E+00      1.2529E+00      9.9753E-01      7.3800E+01      1.0776E+02      1.0000E+00
      1.0522E+00      1.0388E+00      1.0040E+00      1.0811E+00      1.0317E+00      8.6563E+01      9.2525E+01      1.0000E+00
      6.5564E-01      1.2960E+00      1.1159E+00      1.6035E+00      6.4331E-01      8.5348E+01      9.3736E+01      1.0000E+00
      8.2572E-01      1.1182E+00      1.0239E+00      1.2404E+00      8.1799E-01      8.7582E+01      9.2015E+01      1.0000E+00
      9.2964E-01      1.0425E+00      1.0036E+00      1.0864E+00      9.2593E-01      8.8941E+01      9.0894E+01      1.0000E+00
      9.7444E-01      1.0148E+00      1.0004E+00      1.0298E+00      9.7370E-01      8.9656E+01      9.0313E+01      1.0000E+00
      9.8641E-01      1.0095E+00      1.0002E+00      1.0195E+00      9.8452E-01      8.9740E+01      9.0172E+01      1.0000E+00
      9.8854E-01      1.0142E+00      1.0004E+00      1.0290E+00      9.8244E-01      8.9405E+01      9.0264E+01      1.0000E+00
      1.0038E+00      1.0211E+00      1.0008E+00      1.0412E+00      9.9059E-01      8.8742E+01      9.0586E+01      1.0000E+00
      9.6783E-01      1.0269E+00      1.0030E+00      1.0680E+00      9.4583E-01      8.7217E+01      9.2284E+01      1.0000E+00
      9.6619E-01      1.0180E+00      1.0012E+00      1.0450E+00      9.5703E-01      8.8736E+01      9.1236E+01      1.0000E+00
      9.6537E-01      1.0188E+00      1.0007E+00      1.0384E+00      9.6349E-01      8.9492E+01      9.0576E+01      1.0000E+00
      9.3204E-01      1.0383E+00      1.0034E+00      1.0827E+00      9.2593E-01      8.8763E+01      9.1197E+01      1.0000E+00
      8.3629E-01      1.1002E+00      1.0206E+00      1.2181E+00      8.2130E-01      8.7152E+01      9.3023E+01      1.0000E+00
      6.6960E-01      1.2480E+00      1.0968E+00      1.5339E+00      6.4538E-01      8.4688E+01      9.6010E+01      1.0000E+00
      9.6296E-01      1.1387E+00      1.0298E+00      1.2693E+00      8.1533E-01      7.7162E+01      9.5172E+01      1.0000E+00
      1.2674E+00      1.2130E+00      1.0663E+00      1.3902E+00      9.7893E-01      7.0417E+01      1.0144E+02      1.0000E+00
      1.0249E+00      1.2188E+00      1.0475E+00      1.3182E+00      8.6014E-01      8.0582E+01      1.0066E+02      1.0000E+00
      6.6668E-01      1.2440E+00      1.0946E+00      1.5170E+00      6.4020E-01      8.3266E+01      9.7899E+01      1.0000E+00
      8.3583E-01      1.0979E+00      1.0201E+00      1.2104E+00      8.1914E-01      8.6295E+01      9.4112E+01      1.0000E+00
      9.3555E-01      1.0348E+00      1.0031E+00      1.0762E+00      9.2833E-01      8.8354E+01      9.1724E+01      1.0000E+00
      9.7520E-01      1.0130E+00      1.0004E+00      1.0273E+00      9.7380E-01      8.9469E+01      9.0532E+01      1.0000E+00
      9.8037E-01      1.0102E+00      1.0003E+00      1.0232E+00      9.7708E-01      8.9538E+01      9.0503E+01      1.0000E+00
      9.7035E-01      1.0157E+00      1.0010E+00      1.0408E+00      9.6068E-01      8.8745E+01      9.1220E+01      1.0000E+00
      9.6872E-01      1.0264E+00      1.0029E+00      1.0671E+00      9.4661E-01      8.7218E+01      9.2282E+01      1.0000E+00
      8.9634E-01      1.0396E+00      1.0081E+00      1.1103E+00      8.6338E-01      8.5945E+01      9.4517E+01      1.0000E+00
      9.3430E-01      1.0298E+00      1.0022E+00      1.0668E+00      9.1608E-01      8.8482E+01      9.2278E+01      1.0000E+00
      9.6115E-01      1.0204E+00      1.0008E+00      1.0384E+00      9.5831E-01      8.9285E+01      9.0752E+01      1.0000E+00
      9.4575E-01      1.0290E+00      1.0025E+00      1.0677E+00      9.3642E-01      8.8443E+01      9.1591E+01      1.0000E+00
      8.7098E-01      1.0745E+00      1.0153E+00      1.1764E+00      8.4167E-01      8.6071E+01      9.4529E+01      1.0000E+00
      7.0367E-01      1.1992E+00      1.0680E+00      1.4300E+00      6.5383E-01      8.5177E+01      9.8511E+01      1.0000E+00
      1.0945E+00      1.0327E+00      1.0130E+00      1.0451E+00      1.0604E+00      8.2428E+01      9.9153E+01      1.0000E+00
      1.2848E+00      1.2335E+00      1.0758E+00      1.4676E+00      8.3762E-01      6.8379E+01      1.0911E+02      1.0000E+00
      1.3265E+00      1.2105E+00      1.0686E+00      1.4145E+00      9.1844E-01      6.9384E+01      1.0519E+02      1.0000E+00
      6.9769E-01      1.1941E+00      1.0651E+00      1.4100E+00      6.4555E-01      8.4162E+01      9.9885E+01      1.0000E+00
      8.6855E-01      1.0719E+00      1.0147E+00      1.1668E+00      8.3727E-01      8.5558E+01      9.5361E+01      1.0000E+00
      9.4965E-01      1.0262E+00      1.0021E+00      1.0604E+00      9.3844E-01      8.8231E+01      9.2004E+01      1.0000E+00
      9.7872E-01      1.0108E+00      1.0003E+00      1.0241E+00      9.7596E-01      8.9450E+01      9.0571E+01      1.0000E+00
      9.7257E-01      1.0140E+00      1.0004E+00      1.0280E+00      9.6768E-01      8.9635E+01      9.0646E+01      1.0000E+00
      9.3746E-01      1.0279E+00      1.0020E+00      1.0637E+00      9.1871E-01      8.8503E+01      9.2251E+01      1.0000E+00
      8.9702E-01      1.0392E+00      1.0080E+00      1.1095E+00      8.6395E-01      8.5947E+01      9.4513E+01      1.0000E+00
      7.8447E-01      1.0871E+00      1.0191E+00      1.1979E+00      7.1926E-01      8.5375E+01      9.8555E+01      1.0000E+00
      9.0763E-01      1.0487E+00      1.0039E+00      1.0827E+00      8.8397E-01      8.7736E+01      9.2933E+01      1.0000E+00
      9.6947E-01      1.0171E+00      1.0008E+00      1.0396E+00      9.6175E-01      8.9332E+01      9.0502E+01      1.0000E+00
      9.6542E-01      1.0194E+00      1.0014E+00      1.0486E+00      9.5565E-01      8.8644E+01      9.1390E+01      1.0000E+00
      9.2893E-01      1.0415E+00      1.0083E+00      1.1133E+00      9.0042E-01      8.6010E+01      9.4049E+01      1.0000E+00
      8.8070E-01      1.1199E+00      1.0823E+00      1.3703E+00      7.6048E-01      7.5613E+01      1.0402E+02      1.0000E+00
      9.7661E-01      1.1227E+00      1.0205E+00      1.2574E+00      8.0049E-01      8.0311E+01      1.0108E+02      1.0000E+00
      1.2567E+00      1.3266E+00      1.1097E+00      1.5688E+00      9.6016E-01      6.8831E+01      1.1254E+02      1.0000E+00
      1.5899E+00      1.1684E+00      1.0816E+00      1.3152E+00      1.2051E+00      8.0760E+01      1.1215E+02      1.0000E+00
      1.2262E+00      1.0638E+00      1.0140E+00      1.1510E+00      1.1868E+00      8.4487E+01      9.5131E+01      1.0000E+00
      1.1691E+00      1.2749E+00      1.0872E+00      1.4989E+00      8.7019E-01      6.8517E+01      1.0452E+02      1.0000E+00
      8.7359E-01      1.1124E+00      1.0818E+00      1.3502E+00      7.5664E-01      7.5159E+01      1.0490E+02      1.0000E+00
      9.2630E-01      1.0377E+00      1.0078E+00      1.1037E+00      8.9641E-01      8.5758E+01      9.4548E+01      1.0000E+00
      9.6917E-01      1.0163E+00      1.0011E+00      1.0406E+00      9.5844E-01      8.8572E+01      9.1621E+01      1.0000E+00
      9.8554E-01      1.0086E+00      1.0002E+00      1.0201E+00      9.8187E-01      8.9627E+01      9.0429E+01      1.0000E+00
      9.7696E-01      1.0131E+00      1.0004E+00      1.0294E+00      9.7121E-01      8.9662E+01      9.0328E+01      1.0000E+00
      9.0975E-01      1.0475E+00      1.0037E+00      1.0808E+00      8.8554E-01      8.7827E+01      9.2902E+01      1.0000E+00
      7.8491E-01      1.0868E+00      1.0191E+00      1.1973E+00      7.1959E-01      8.5379E+01      9.8549E+01      1.0000E+00
      6.1761E-01      1.4147E+00      1.3029E+00      1.6605E+00      3.8459E-01      6.1991E+01      1.2875E+02      1.0000E+00
      1.0287E+00      1.0597E+00      1.0154E+00      1.1627E+00      9.2697E-01      8.1419E+01      9.5585E+01      1.0000E+00
      9.8205E-01      1.0154E+00      1.0005E+00      1.0310E+00      9.7820E-01      8.9774E+01      9.0449E+01      1.0000E+00
      9.8250E-01      1.0129E+00      1.0005E+00      1.0308E+00      9.7615E-01      8.9222E+01      9.0693E+01      1.0000E+00
      9.7888E-01      1.0244E+00      1.0021E+00      1.0592E+00      9.6020E-01      8.7737E+01      9.1748E+01      1.0000E+00
      1.0315E+00      1.0738E+00      1.0075E+00      1.1230E+00      9.8108E-01      8.7741E+01      9.3548E+01      1.0000E+00
      8.0913E-01      1.2611E+00      1.2895E+00      1.3412E+00      5.3685E-01      6.7466E+01      1.2907E+02      1.0000E+00
      9.5947E-01      1.4279E+00      1.1289E+00      1.6652E+00      7.1902E-01      7.2461E+01      1.0744E+02      1.0000E+00
      8.0287E-01      1.2548E+00      1.2861E+00      1.3309E+00      5.3368E-01      6.7690E+01      1.2891E+02      1.0000E+00
      1.0254E+00      1.0679E+00      1.0066E+00      1.1137E+00      9.7550E-01      8.7749E+01      9.3724E+01      1.0000E+00
      9.7672E-01      1.0200E+00      1.0019E+00      1.0510E+00      9.5990E-01      8.7613E+01      9.2037E+01      1.0000E+00
      9.8789E-01      1.0087E+00      1.0003E+00      1.0234E+00      9.8059E-01      8.9261E+01      9.0827E+01      1.0000E+00
      9.9207E-01      1.0065E+00      1.0001E+00      1.0148E+00      9.9026E-01      8.9887E+01      9.0124E+01      1.0000E+00
      9.8625E-01      1.0133E+00      1.0003E+00      1.0252E+00      9.8378E-01      8.9858E+01      9.0207E+01      1.0000E+00
      1.0300E+00      1.0599E+00      1.0152E+00      1.1616E+00      9.2867E-01      8.1400E+01      9.5612E+01      1.0000E+00
      6.1787E-01      1.4144E+00      1.3027E+00      1.6606E+00      3.8472E-01      6.2011E+01      1.2874E+02      1.0000E+00
      9.5767E-01      1.1032E+00      1.0464E+00      1.2839E+00      8.2203E-01      7.6327E+01      1.0128E+02      1.0000E+00
      9.6114E-01      1.0261E+00      1.0016E+00      1.0565E+00      9.3684E-01      8.8961E+01      9.2305E+01      1.0000E+00
      9.9673E-01      1.0096E+00      1.0003E+00      1.0231E+00      9.9074E-01      8.9457E+01      9.0668E+01      1.0000E+00
      1.0006E+00      1.0105E+00      1.0004E+00      1.0258E+00      9.9309E-01      8.9399E+01      9.0437E+01      1.0000E+00
      9.8594E-01      1.0184E+00      1.0019E+00      1.0418E+00      9.6832E-01      8.7655E+01      9.3049E+01      1.0000E+00
      9.9425E-01      1.0179E+00      1.0024E+00      1.0298E+00      9.8206E-01      8.6627E+01      9.3903E+01      1.0000E+00
      7.8825E-01      1.2403E+00      1.3308E+00      1.2768E+00      5.1072E-01      6.6747E+01      1.3128E+02      1.0000E+00
      7.8434E-01      1.2416E+00      1.3290E+00      1.2784E+00      5.0896E-01      6.6706E+01      1.3120E+02      1.0000E+00
      9.8831E-01      1.0166E+00      1.0026E+00      1.0273E+00      9.7494E-01      8.6553E+01      9.4077E+01      1.0000E+00
      9.7964E-01      1.0168E+00      1.0019E+00      1.0370E+00      9.6311E-01      8.7473E+01      9.3248E+01      1.0000E+00
      9.9799E-01      1.0070E+00      1.0003E+00      1.0194E+00      9.9234E-01      8.9278E+01      9.0709E+01      1.0000E+00
      1.0042E+00      1.0052E+00      1.0002E+00      1.0147E+00      9.9831E-01      8.9353E+01      9.0555E+01      1.0000E+00
      1.0011E+00      1.0068E+00      1.0002E+00      1.0161E+00      9.9713E-01      8.9260E+01      9.0825E+01      1.0000E+00
      9.6323E-01      1.0252E+00      1.0015E+00      1.0552E+00      9.3812E-01      8.9023E+01      9.2244E+01      1.0000E+00
      9.5833E-01      1.1037E+00      1.0463E+00      1.2844E+00      8.2243E-01      7.6341E+01      1.0127E+02      1.0000E+00
      6.0623E-01      1.3905E+00      1.3144E+00      1.6577E+00      3.5270E-01      6.5267E+01      1.2972E+02      1.0000E+00
      1.0166E+00      1.0351E+00      1.0077E+00      1.0947E+00      9.6090E-01      8.3554E+01      9.4832E+01      1.0000E+00
      1.0129E+00      1.0143E+00      1.0005E+00      1.0259E+00      1.0038E+00      8.8877E+01      9.1494E+01      1.0000E+00
      1.0228E+00      1.0093E+00      1.0005E+00      1.0232E+00      1.0083E+00      8.8232E+01      9.1227E+01      1.0000E+00
      1.0056E+00      1.0080E+00      1.0002E+00      1.0179E+00      9.9265E-01      8.9534E+01      9.1103E+01      1.0000E+00
      9.8097E-01      1.0145E+00      1.0023E+00      1.0298E+00      9.5816E-01      8.7339E+01      9.3849E+01      1.0000E+00
      1.0043E+00      1.0513E+00      1.0050E+00      1.0794E+00      9.7369E-01      8.6308E+01      9.4268E+01      1.0000E+00
      8.2819E-01      1.1095E+00      1.1175E+00      1.3483E+00      6.8133E-01      7.2731E+01      1.1086E+02      1.0000E+00
      6.4066E-01      1.4240E+00      1.2157E+00      1.4816E+00      4.7869E-01      6.1994E+01      1.2377E+02      1.0000E+00
      6.3993E-01      1.4242E+00      1.2159E+00      1.4823E+00      4.7832E-01      6.1966E+01      1.2377E+02      1.0000E+00
      8.2599E-01      1.1099E+00      1.1175E+00      1.3481E+00      6.7999E-01      7.2716E+01      1.1087E+02      1.0000E+00
      9.9952E-01      1.0525E+00      1.0053E+00      1.0819E+00      9.6767E-01      8.6183E+01      9.4490E+01      1.0000E+00
      9.7312E-01      1.0142E+00      1.0026E+00      1.0290E+00      9.5257E-01      8.7011E+01      9.4041E+01      1.0000E+00
      9.9535E-01      1.0068E+00      1.0003E+00      1.0140E+00      9.8458E-01      8.9150E+01      9.1439E+01      1.0000E+00
      1.0127E+00      1.0066E+00      1.0002E+00      1.0152E+00      1.0021E+00      8.8987E+01      9.0530E+01      1.0000E+00
      1.0279E+00      1.0075E+00      1.0007E+00      1.0184E+00      1.0156E+00      8.7936E+01      9.1614E+01      1.0000E+00
      1.0153E+00      1.0137E+00      1.0005E+00      1.0236E+00      1.0069E+00      8.8655E+01      9.1628E+01      1.0000E+00
      1.0176E+00      1.0347E+00      1.0076E+00      1.0934E+00      9.6234E-01      8.3522E+01      9.4876E+01      1.0000E+00
      6.0649E-01      1.3902E+00      1.3141E+00      1.6579E+00      3.5282E-01      6.5292E+01      1.2970E+02      1.0000E+00
      8.0412E-01      1.2856E+00      1.3229E+00      1.4300E+00      4.6431E-01      7.0880E+01      1.3089E+02      1.0000E+00
      1.1211E+00      1.0543E+00      1.0151E+00      1.1114E+00      1.0314E+00      8.0124E+01      9.5887E+01      1.0000E+00
      1.0501E+00      1.0056E+00      1.0008E+00      1.0132E+00      1.0423E+00      8.7686E+01      9.2061E+01      1.0000E+00
      1.0323E+00      1.0100E+00      1.0007E+00      1.0201E+00      1.0134E+00      8.7784E+01      9.1201E+01      1.0000E+00
      1.0047E+00      1.0087E+00      1.0003E+00      1.0228E+00      9.9250E-01      8.9396E+01      9.1001E+01      1.0000E+00
      9.7271E-01      1.0183E+00      1.0027E+00      1.0528E+00      9.5329E-01      8.7108E+01      9.3111E+01      1.0000E+00
      9.2648E-01      1.0492E+00      1.0093E+00      1.1161E+00      8.9226E-01      8.5505E+01      9.5633E+01      1.0000E+00
      9.6838E-01      1.1116E+00      1.0183E+00      1.2079E+00      9.1524E-01      8.6851E+01      9.3463E+01      1.0000E+00
      8.6184E-01      1.1242E+00      1.0593E+00      1.3612E+00      7.6565E-01      8.0436E+01      9.8418E+01      1.0000E+00
      7.2689E-01      1.1755E+00      1.0455E+00      1.3500E+00      6.9828E-01      8.7699E+01      9.2537E+01      1.0000E+00
      7.2098E-01      1.1789E+00      1.0447E+00      1.3464E+00      7.1289E-01      8.9143E+01      9.0856E+01      1.0000E+00
      7.2676E-01      1.1755E+00      1.0455E+00      1.3499E+00      6.9822E-01      8.7712E+01      9.2540E+01      1.0000E+00
      8.6137E-01      1.1244E+00      1.0594E+00      1.3612E+00      7.6532E-01      8.0419E+01      9.8429E+01      1.0000E+00
      9.6714E-01      1.1118E+00      1.0184E+00      1.2086E+00      9.1362E-01      8.6881E+01      9.3542E+01      1.0000E+00
      9.2362E-01      1.0492E+00      1.0095E+00      1.1155E+00      8.9026E-01      8.5387E+01      9.5722E+01      1.0000E+00
      9.6622E-01      1.0179E+00      1.0029E+00      1.0511E+00      9.4883E-01      8.6826E+01      9.3304E+01      1.0000E+00
      9.9244E-01      1.0074E+00      1.0004E+00      1.0199E+00      9.8342E-01      8.8867E+01      9.1362E+01      1.0000E+00
      1.0112E+00      1.0061E+00      1.0001E+00      1.0138E+00      9.9968E-01      8.9048E+01      9.0387E+01      1.0000E+00
      1.0379E+00      1.0088E+00      1.0010E+00      1.0169E+00      1.0215E+00      8.7481E+01      9.1620E+01      1.0000E+00
      1.0532E+00      1.0049E+00      1.0009E+00      1.0115E+00      1.0467E+00      8.7545E+01      9.2280E+01      1.0000E+00
      1.1224E+00      1.0540E+00      1.0152E+00      1.1103E+00      1.0334E+00      8.0078E+01      9.5968E+01      1.0000E+00
      8.0458E-01      1.2854E+00      1.3225E+00      1.4302E+00      4.6450E-01      7.0915E+01      1.3087E+02      1.0000E+00
      8.6744E-01      1.2517E+00      1.2964E+00      1.4070E+00      5.0138E-01      7.3862E+01      1.2952E+02      1.0000E+00
      1.1541E+00      1.0553E+00      1.0184E+00      1.0990E+00      1.0560E+00      7.9105E+01      9.6049E+01      1.0000E+00
      1.0501E+00      1.0058E+00      1.0008E+00      1.0139E+00      1.0424E+00      8.7673E+01      9.2102E+01      1.0000E+00
      1.0215E+00      1.0097E+00      1.0006E+00      1.0250E+00      1.0065E+00      8.8183E+01      9.1300E+01      1.0000E+00
      9.9222E-01      1.0112E+00      1.0005E+00      1.0296E+00      9.8175E-01      8.9274E+01      9.0926E+01      1.0000E+00
      9.7644E-01      1.0203E+00      1.0013E+00      1.0467E+00      9.6720E-01      8.8623E+01      9.1178E+01      1.0000E+00
      9.6070E-01      1.0364E+00      1.0032E+00      1.0793E+00      9.4430E-01      8.8050E+01      9.1287E+01      1.0000E+00
      9.2612E-01      1.0468E+00      1.0064E+00      1.1127E+00      9.0635E-01      8.7734E+01      9.2052E+01      1.0000E+00
      8.8942E-01      1.0622E+00      1.0082E+00      1.1361E+00      8.7429E-01      8.8830E+01      9.1618E+01      1.0000E+00
      8.7612E-01      1.0698E+00      1.0081E+00      1.1353E+00      8.7225E-01      8.9717E+01      9.0289E+01      1.0000E+00
      8.8941E-01      1.0621E+00      1.0081E+00      1.1359E+00      8.7428E-01      8.8814E+01      9.1636E+01      1.0000E+00
      9.2563E-01      1.0468E+00      1.0063E+00      1.1123E+00      9.0605E-01      8.7698E+01      9.2082E+01      1.0000E+00
      9.5922E-01      1.0365E+00      1.0032E+00      1.0790E+00      9.4306E-01      8.7971E+01      9.1354E+01      1.0000E+00
      9.7316E-01      1.0204E+00      1.0013E+00      1.0462E+00      9.6440E-01      8.8456E+01      9.1332E+01      1.0000E+00
      9.8451E-01      1.0107E+00      1.0005E+00      1.0274E+00      9.7573E-01      8.8936E+01      9.1239E+01      1.0000E+00
      1.0015E+00      1.0060E+00      1.0001E+00      1.0164E+00      9.9407E-01      8.9472E+01      9.0342E+01      1.0000E+00
      1.0269E+00      1.0076E+00      1.0006E+00      1.0186E+00      1.0139E+00      8.7976E+01      9.1528E+01      1.0000E+00
      1.0530E+00      1.0049E+00      1.0009E+00      1.0114E+00      1.0463E+00      8.7553E+01      9.2258E+01      1.0000E+00
      1.1555E+00      1.0551E+00      1.0185E+00      1.0981E+00      1.0582E+00      7.9058E+01      9.6136E+01      1.0000E+00
      8.6801E-01      1.2517E+00      1.2960E+00      1.4075E+00      5.0161E-01      7.3898E+01      1.2950E+02      1.0000E+00
      8.6747E-01      1.2517E+00      1.2964E+00      1.4071E+00      5.0139E-01      7.3862E+01      1.2952E+02      1.0000E+00
      1.1212E+00      1.0544E+00      1.0151E+00      1.1115E+00      1.0315E+00      8.0114E+01      9.5904E+01      1.0000E+00
      1.0127E+00      1.0142E+00      1.0005E+00      1.0259E+00      1.0037E+00      8.8867E+01      9.1511E+01      1.0000E+00
      9.9678E-01      1.0088E+00      1.0003E+00      1.0214E+00      9.9172E-01      8.9402E+01      9.0676E+01      1.0000E+00
      9.8645E-01      1.0113E+00      1.0003E+00      1.0249E+00      9.8258E-01      8.9595E+01      9.0306E+01      1.0000E+00
      9.7774E-01      1.0153E+00      1.0006E+00      1.0350E+00      9.7180E-01      8.9317E+01      9.0572E+01      1.0000E+00
      9.6633E-01      1.0197E+00      1.0010E+00      1.0437E+00      9.6069E-01      8.9260E+01      9.0646E+01      1.0000E+00
      9.5778E-01      1.0225E+00      1.0011E+00      1.0478E+00      9.5493E-01      8.9555E+01      9.0462E+01      1.0000E+00
      9.5534E-01      1.0243E+00      1.0011E+00      1.0483E+00      9.5429E-01      8.9925E+01      9.0053E+01      1.0000E+00
      9.5915E-01      1.0223E+00      1.0011E+00      1.0476E+00      9.5559E-01      8.9554E+01      9.0501E+01      1.0000E+00
      9.6714E-01      1.0188E+00      1.0009E+00      1.0416E+00      9.6232E-01      8.9248E+01      9.0686E+01      1.0000E+00
      9.7613E-01      1.0153E+00      1.0006E+00      1.0336E+00      9.7080E-01      8.9237E+01      9.0622E+01      1.0000E+00
      9.8445E-01      1.0105E+00      1.0003E+00      1.0244E+00      9.8029E-01      8.9460E+01      9.0490E+01      1.0000E+00
      9.9079E-01      1.0074E+00      1.0001E+00      1.0169E+00      9.8851E-01      8.9784E+01      9.0197E+01      1.0000E+00
      1.0001E+00      1.0068E+00      1.0002E+00      1.0166E+00      9.9602E-01      8.9305E+01      9.0755E+01      1.0000E+00
      1.0149E+00      1.0135E+00      1.0005E+00      1.0235E+00      1.0064E+00      8.8704E+01      9.1595E+01      1.0000E+00
      1.1223E+00      1.0540E+00      1.0152E+00      1.1103E+00      1.0332E+00      8.0081E+01      9.5957E+01      1.0000E+00
      8.6799E-01      1.2517E+00      1.2960E+00      1.4074E+00      5.0160E-01      7.3897E+01      1.2950E+02      1.0000E+00
      8.0419E-01      1.2855E+00      1.3228E+00      1.4301E+00      4.6434E-01      7.0887E+01      1.3088E+02      1.0000E+00
      1.0169E+00      1.0351E+00      1.0077E+00      1.0944E+00      9.6122E-01      8.3543E+01      9.4844E+01      1.0000E+00
      9.6185E-01      1.0259E+00      1.0016E+00      1.0562E+00      9.3718E-01      8.8984E+01      9.2283E+01      1.0000E+00
      9.8408E-01      1.0145E+00      1.0004E+00      1.0283E+00      9.8118E-01      8.9827E+01      9.0303E+01      1.0000E+00
      9.7374E-01      1.0154E+00      1.0006E+00      1.0346E+00      9.6707E-01      8.9548E+01      9.0323E+01      1.0000E+00
      9.6804E-01      1.0170E+00      1.0006E+00      1.0331E+00      9.6356E-01      8.9560E+01      9.0648E+01      1.0000E+00
      9.7467E-01      1.0135E+00      1.0004E+00      1.0292E+00      9.7161E-01      8.9589E+01      9.0463E+01      1.0000E+00
      9.8037E-01      1.0126E+00      1.0003E+00      1.0259E+00      9.7818E-01      8.9799E+01      9.0102E+01      1.0000E+00
      9.8127E-01      1.0122E+00      1.0003E+00      1.0241E+00      9.7997E-01      8.9768E+01      9.0174E+01      1.0000E+00
      9.7692E-01      1.0124E+00      1.0004E+00      1.0266E+00      9.7427E-01      8.9564E+01      9.0494E+01      1.0000E+00
      9.7065E-01      1.0156E+00      1.0005E+00      1.0303E+00      9.6615E-01      8.9546E+01      9.0663E+01      1.0000E+00
      9.7594E-01      1.0140E+00      1.0005E+00      1.0315E+00      9.6965E-01      8.9589E+01      9.0319E+01      1.0000E+00
      9.8567E-01      1.0136E+00      1.0003E+00      1.0261E+00      9.8300E-01      8.9838E+01      9.0253E+01      1.0000E+00
      9.6291E-01      1.0252E+00      1.0015E+00      1.0553E+00      9.3796E-01      8.9006E+01      9.2257E+01      1.0000E+00
      1.0175E+00      1.0348E+00      1.0076E+00      1.0936E+00      9.6211E-01      8.3527E+01      9.4866E+01      1.0000E+00
      8.0453E-01      1.2854E+00      1.3225E+00      1.4301E+00      4.6449E-01      7.0912E+01      1.3087E+02      1.0000E+00
      6.0633E-01      1.3904E+00      1.3143E+00      1.6578E+00      3.5274E-01      6.5277E+01      1.2971E+02      1.0000E+00
      9.5797E-01      1.1035E+00      1.0464E+00      1.2842E+00      8.2220E-01      7.6335E+01      1.0127E+02      1.0000E+00
      1.0294E+00      1.0597E+00      1.0153E+00      1.1621E+00      9.2791E-01      8.1409E+01      9.5603E+01      1.0000E+00
      9.0883E-01      1.0481E+00      1.0038E+00      1.0819E+00      8.8479E-01      8.7795E+01      9.2912E+01      1.0000E+00
      9.3618E-01      1.0288E+00      1.0021E+00      1.0651E+00      9.1756E-01      8.8508E+01      9.2252E+01      1.0000E+00
      9.6876E-01      1.0166E+00      1.0011E+00      1.0425E+00      9.5920E-01      8.8755E+01      9.1212E+01      1.0000E+00
      9.8685E-01      1.0151E+00      1.0005E+00      1.0308E+00      9.8071E-01      8.9418E+01      9.0250E+01      1.0000E+00
      9.8705E-01      1.0150E+00      1.0005E+00      1.0304E+00      9.8111E-01      8.9411E+01      9.0258E+01      1.0000E+00
      9.6927E-01      1.0163E+00      1.0011E+00      1.0418E+00      9.5983E-01      8.8750E+01      9.1218E+01      1.0000E+00
      9.3680E-01      1.0284E+00      1.0020E+00      1.0644E+00      9.1819E-01      8.8505E+01      9.2254E+01      1.0000E+00
      9.0938E-01      1.0478E+00      1.0038E+00      1.0812E+00      8.8528E-01      8.7806E+01      9.2909E+01      1.0000E+00
      1.0298E+00      1.0598E+00      1.0152E+00      1.1618E+00      9.2841E-01      8.1405E+01      9.5607E+01      1.0000E+00
      9.5824E-01      1.1037E+00      1.0463E+00      1.2843E+00      8.2238E-01      7.6338E+01      1.0127E+02      1.0000E+00
      6.0646E-01      1.3902E+00      1.3141E+00      1.6578E+00      3.5281E-01      6.5289E+01      1.2970E+02      1.0000E+00
      6.1775E-01      1.4145E+00      1.3028E+00      1.6605E+00      3.8466E-01      6.2002E+01      1.2875E+02      1.0000E+00
      7.8473E-01      1.0870E+00      1.0191E+00      1.1976E+00      7.1944E-01      8.5379E+01      9.8550E+01      1.0000E+00
      8.9674E-01      1.0394E+00      1.0081E+00      1.1099E+00      8.6371E-01      8.5949E+01      9.4512E+01      1.0000E+00
      9.6837E-01      1.0266E+00      1.0029E+00      1.0674E+00      9.4628E-01      8.7220E+01      9.2280E+01      1.0000E+00
      1.0035E+00      1.0213E+00      1.0009E+00      1.0416E+00      9.9021E-01      8.8743E+01      9.0583E+01      1.0000E+00
      1.0035E+00      1.0213E+00      1.0009E+00      1.0416E+00      9.9029E-01      8.8743E+01      9.0588E+01      1.0000E+00
      9.6847E-01      1.0265E+00      1.0029E+00      1.0673E+00      9.4641E-01      8.7220E+01      9.2281E+01      1.0000E+00
      8.9686E-01      1.0393E+00      1.0081E+00      1.1097E+00      8.6383E-01      8.5948E+01      9.4513E+01      1.0000E+00
      7.8483E-01      1.0869E+00      1.0191E+00      1.1975E+00      7.1953E-01      8.5379E+01      9.8550E+01      1.0000E+00
      6.1783E-01      1.4144E+00      1.3028E+00      1.6605E+00      3.8470E-01      6.2008E+01      1.2874E+02      1.0000E+00
      5.7448E-01      1.5747E+00      1.6815E+00      2.2820E+00      3.4090E-01      4.8898E+01      1.3250E+02      1.0000E+00
      5.2887E-01      1.5550E+00      1.6839E+00      2.2807E+00      3.1839E-01      4.7897E+01      1.3035E+02      1.0000E+00
      2.5112E-01      1.1066E+00      1.0182E+00      1.2090E+00      2.1976E-01      8.2719E+01      9.7151E+01      1.0000E+00
      5.2755E-01      1.6359E+00      1.3969E+00      2.3214E+00      2.8352E-01      5.8156E+01      1.2821E+02      1.0000E+00
      2.1913E-01      1.1109E+00      1.0804E+00      1.3444E+00      1.7560E-01      7.7691E+01      1.0812E+02      1.0000E+00
      3.3794E-01      1.5500E+00      1.4809E+00      2.1951E+00      1.9908E-01      4.9328E+01      1.2366E+02      1.0000E+00
      5.3237E-01      1.6149E+00      1.5564E+00      2.4190E+00      2.6739E-01      5.6000E+01      1.3226E+02      1.0000E+00
      3.4053E-01      1.5604E+00      1.5557E+00      2.2349E+00      1.9656E-01      4.6918E+01      1.2416E+02      1.0000E+00
      2.0840E-01      1.1166E+00      1.0487E+00      1.3464E+00      1.6737E-01      8.1767E+01      1.0359E+02      1.0000E+00
      5.2237E-01      1.4849E+00      1.4681E+00      2.1974E+00      2.9150E-01      5.8480E+01      1.2838E+02      1.0000E+00
      2.2990E-01      1.0971E+00      1.0305E+00      1.1859E+00      1.9939E-01      8.3617E+01      1.0366E+02      1.0000E+00
      4.5110E-01      1.4995E+00      1.4993E+00      2.1518E+00      2.7832E-01      5.3665E+01      1.2797E+02      1.0000E+00
      5.1697E-01      1.5449E+00      1.6550E+00      2.2537E+00      3.1651E-01      4.8968E+01      1.3049E+02      1.0000E+00
      5.5410E-01      1.6114E+00      1.6195E+00      2.3034E+00      3.3543E-01      4.8808E+01      1.3120E+02      1.0000E+00
      2.4811E-01      1.1021E+00      1.0172E+00      1.1989E+00      2.1807E-01      8.4324E+01      9.8307E+01      1.0000E+00
      4.2819E-01      1.0775E+00      1.0425E+00      1.1081E+00      3.9289E-01      7.3588E+01      1.0190E+02      1.0000E+00
      2.8657E-01      1.1868E+00      1.0783E+00      1.5140E+00      2.2719E-01      7.6177E+01      1.0346E+02      1.0000E+00
      2.8504E-01      1.1924E+00      1.0792E+00      1.5121E+00      2.2589E-01      7.5416E+01      1.0410E+02      1.0000E+00
      2.0424E-01      1.1393E+00      1.0344E+00      1.2818E+00      1.9638E-01      8.5374E+01      9.6646E+01      1.0000E+00
      2.0950E-01      1.1477E+00      1.0374E+00      1.3070E+00      2.0411E-01      8.5889E+01      9.2911E+01      1.0000E+00
      2.0800E-01      1.1572E+00      1.0445E+00      1.3264E+00      2.0133E-01      8.3457E+01      9.5199E+01      1.0000E+00
      1.9768E-01      1.1508E+00      1.0407E+00      1.2851E+00      1.9182E-01      8.2416E+01      9.8898E+01      1.0000E+00
      2.6558E-01      1.1860E+00      1.0988E+00      1.4943E+00      2.1073E-01      7.2154E+01      1.0664E+02      1.0000E+00
      3.9320E-01      1.0739E+00      1.0270E+00      1.1273E+00      3.5770E-01      7.6872E+01      9.8133E+01      1.0000E+00
      2.6475E-01      1.1687E+00      1.1056E+00      1.4991E+00      2.0915E-01      7.2708E+01      1.0577E+02      1.0000E+00
      4.5208E-01      1.4753E+00      1.5056E+00      2.1823E+00      2.7752E-01      5.4568E+01      1.2685E+02      1.0000E+00
      2.2413E-01      1.1253E+00      1.0293E+00      1.2329E+00      1.9522E-01      8.3299E+01      1.0292E+02      1.0000E+00
      4.9824E-01      1.5422E+00      1.5121E+00      2.2017E+00      2.8701E-01      5.4277E+01      1.3023E+02      1.0000E+00
      4.9096E-01      1.6535E+00      1.4718E+00      2.2869E+00      2.5865E-01      5.5571E+01      1.3193E+02      1.0000E+00
      2.1605E-01      1.1085E+00      1.0715E+00      1.3462E+00      1.7247E-01      7.9432E+01      1.0687E+02      1.0000E+00
      3.2427E-01      1.4757E+00      1.4306E+00      2.0819E+00      1.9794E-01      5.1215E+01      1.2120E+02      1.0000E+00
      2.0416E-01      1.1392E+00      1.0353E+00      1.2818E+00      1.9586E-01      8.4743E+01      9.7478E+01      1.0000E+00
      2.0933E-01      1.1514E+00      1.0390E+00      1.3109E+00      2.0418E-01      8.5092E+01      9.3686E+01      1.0000E+00
      2.5347E-01      1.0173E+00      1.0005E+00      1.0313E+00      2.4799E-01      8.9258E+01      9.1742E+01      1.0000E+00
      2.5549E-01      1.0135E+00      1.0013E+00      1.0284E+00      2.5180E-01      8.7916E+01      9.2782E+01      1.0000E+00
      1.9559E-01      1.1630E+00      1.0460E+00      1.3311E+00      1.9032E-01      8.4052E+01      9.7145E+01      1.0000E+00
      2.0296E-01      1.1735E+00      1.0511E+00      1.3683E+00      1.9844E-01      8.6512E+01      9.3083E+01      1.0000E+00
      2.0069E-01      1.1449E+00      1.0649E+00      1.4065E+00      1.6020E-01      8.2843E+01      1.0505E+02      1.0000E+00
      4.8185E-01      1.6712E+00      1.5480E+00      2.3622E+00      2.4147E-01      5.4586E+01      1.3409E+02      1.0000E+00
      3.1564E-01      1.4679E+00      1.4677E+00      2.1422E+00      1.8879E-01      5.1194E+01      1.2086E+02      1.0000E+00
      3.2427E-01      1.4756E+00      1.4306E+00      2.0819E+00      1.9793E-01      5.1217E+01      1.2119E+02      1.0000E+00
      4.9095E-01      1.6535E+00      1.4718E+00      2.2869E+00      2.5865E-01      5.5571E+01      1.3193E+02      1.0000E+00
      2.1603E-01      1.1085E+00      1.0715E+00      1.3463E+00      1.7246E-01      7.9428E+01      1.0687E+02      1.0000E+00
      2.0932E-01      1.1514E+00      1.0390E+00      1.3110E+00      2.0417E-01      8.5093E+01      9.3683E+01      1.0000E+00
      2.0414E-01      1.1392E+00      1.0353E+00      1.2819E+00      1.9584E-01      8.4746E+01      9.7472E+01      1.0000E+00
      2.5149E-01      1.0138E+00      1.0016E+00      1.0270E+00      2.4598E-01      8.8056E+01      9.3177E+01      1.0000E+00
      2.5196E-01      1.0126E+00      1.0004E+00      1.0287E+00      2.4669E-01      8.8942E+01      9.1335E+01      1.0000E+00
      2.0062E-01      1.1713E+00      1.0499E+00      1.3469E+00      1.9647E-01      8.3468E+01      9.5738E+01      1.0000E+00
      1.9130E-01      1.1546E+00      1.0444E+00      1.2970E+00      1.8420E-01      8.1917E+01      1.0000E+02      1.0000E+00
      3.1073E-01      1.4849E+00      1.4893E+00      2.1416E+00      1.8749E-01      5.0373E+01      1.2266E+02      1.0000E+00
      1.9848E-01      1.1288E+00      1.0564E+00      1.3801E+00      1.5971E-01      8.2375E+01      1.0375E+02      1.0000E+00
      4.7829E-01      1.6701E+00      1.5362E+00      2.3756E+00      2.3938E-01      5.5039E+01      1.3360E+02      1.0000E+00
      5.5409E-01      1.6114E+00      1.6195E+00      2.3034E+00      3.3543E-01      4.8807E+01      1.3120E+02      1.0000E+00
      2.4809E-01      1.1021E+00      1.0172E+00      1.1990E+00      2.1806E-01      8.4321E+01      9.8304E+01      1.0000E+00
      5.1695E-01      1.5449E+00      1.6551E+00      2.2538E+00      3.1649E-01      4.8969E+01      1.3050E+02      1.0000E+00
      2.8500E-01      1.1922E+00      1.0791E+00      1.5119E+00      2.2587E-01      7.5429E+01      1.0408E+02      1.0000E+00
      4.2813E-01      1.0774E+00      1.0425E+00      1.1079E+00      3.9283E-01      7.3587E+01      1.0191E+02      1.0000E+00
      2.8644E-01      1.1872E+00      1.0783E+00      1.5140E+00      2.2713E-01      7.6154E+01      1.0350E+02      1.0000E+00
      2.0396E-01      1.1393E+00      1.0344E+00      1.2813E+00      1.9597E-01      8.5260E+01      9.6787E+01      1.0000E+00
      2.0887E-01      1.1483E+00      1.0373E+00      1.3061E+00      2.0351E-01      8.5640E+01      9.3058E+01      1.0000E+00
      2.0700E-01      1.1581E+00      1.0447E+00      1.3306E+00      1.9986E-01      8.3731E+01      9.4774E+01      1.0000E+00
      1.9629E-01      1.1533E+00      1.0405E+00      1.2895E+00      1.9071E-01      8.2884E+01      9.8251E+01      1.0000E+00
      2.6050E-01      1.1843E+00      1.1026E+00      1.4932E+00      2.0820E-01      7.2170E+01      1.0740E+02      1.0000E+00
      2.6280E-01      1.1759E+00      1.0950E+00      1.4871E+00      2.0893E-01      7.3032E+01      1.0566E+02      1.0000E+00
      3.9039E-01      1.0715E+00      1.0280E+00      1.1169E+00      3.5472E-01      7.6610E+01      9.8614E+01      1.0000E+00
      2.2189E-01      1.1141E+00      1.0286E+00      1.2115E+00      1.9353E-01      8.3370E+01      1.0299E+02      1.0000E+00
      4.9408E-01      1.5350E+00      1.5278E+00      2.2059E+00      2.8395E-01      5.4144E+01      1.3043E+02      1.0000E+00
      4.5110E-01      1.4748E+00      1.5010E+00      2.1723E+00      2.8018E-01      5.4318E+01      1.2658E+02      1.0000E+00
      5.2884E-01      1.5551E+00      1.6838E+00      2.2807E+00      3.1837E-01      4.7895E+01      1.3035E+02      1.0000E+00
      2.5105E-01      1.1063E+00      1.0181E+00      1.2085E+00      2.1972E-01      8.2739E+01      9.7163E+01      1.0000E+00
      5.7443E-01      1.5746E+00      1.6814E+00      2.2824E+00      3.4086E-01      4.8903E+01      1.3249E+02      1.0000E+00
      2.1899E-01      1.1112E+00      1.0801E+00      1.3451E+00      1.7552E-01      7.7715E+01      1.0806E+02      1.0000E+00
      3.3742E-01      1.5509E+00      1.4825E+00      2.1950E+00      1.9881E-01      4.9252E+01      1.2374E+02      1.0000E+00
      5.2742E-01      1.6354E+00      1.3969E+00      2.3214E+00      2.8348E-01      5.8166E+01      1.2820E+02      1.0000E+00
      3.4012E-01      1.5599E+00      1.5536E+00      2.2381E+00      1.9588E-01      4.6978E+01      1.2397E+02      1.0000E+00
      2.0769E-01      1.1175E+00      1.0502E+00      1.3477E+00      1.6687E-01      8.2058E+01      1.0382E+02      1.0000E+00
      5.3206E-01      1.6155E+00      1.5547E+00      2.4193E+00      2.6741E-01      5.6013E+01      1.3221E+02      1.0000E+00
      2.2899E-01      1.0996E+00      1.0300E+00      1.1932E+00      1.9838E-01      8.3859E+01      1.0348E+02      1.0000E+00
      4.4949E-01      1.4979E+00      1.5082E+00      2.1573E+00      2.7637E-01      5.3592E+01      1.2814E+02      1.0000E+00
      5.2210E-01      1.4840E+00      1.4689E+00      2.1956E+00      2.9175E-01      5.8427E+01      1.2838E+02      1.0000E+00
      5.4917E-01      1.3212E+00      1.1800E+00      1.7853E+00      3.7159E-01      6.9096E+01      1.1544E+02      1.0000E+00
      4.5728E-01      1.2941E+00      1.1300E+00      1.6028E+00      3.0969E-01      7.8008E+01      1.1581E+02      1.0000E+00
      7.3249E-01      1.1143E+00      1.0489E+00      1.3158E+00      6.5365E-01      7.9731E+01      9.8295E+01      1.0000E+00
      9.0458E-01      1.0589E+00      1.0164E+00      1.1542E+00      8.5109E-01      8.2519E+01      9.6274E+01      1.0000E+00
      1.0096E+00      1.0334E+00      1.0045E+00      1.0782E+00      9.7144E-01      8.5230E+01      9.3302E+01      1.0000E+00
      1.0604E+00      1.0226E+00      1.0009E+00      1.0388E+00      1.0368E+00      8.7845E+01      9.1257E+01      1.0000E+00
      1.0604E+00      1.0226E+00      1.0009E+00      1.0388E+00      1.0368E+00      8.7845E+01      9.1257E+01      1.0000E+00
      1.0096E+00      1.0334E+00      1.0045E+00      1.0782E+00      9.7146E-01      8.5230E+01      9.3302E+01      1.0000E+00
      9.0460E-01      1.0589E+00      1.0164E+00      1.1542E+00      8.5111E-01      8.2519E+01      9.6274E+01      1.0000E+00
      7.3251E-01      1.1143E+00      1.0489E+00      1.3158E+00      6.5367E-01      7.9731E+01      9.8295E+01      1.0000E+00
      4.5729E-01      1.2941E+00      1.1300E+00      1.6028E+00      3.0969E-01      7.8008E+01      1.1581E+02      1.0000E+00
      5.4921E-01      1.3212E+00      1.1800E+00      1.7854E+00      3.7161E-01      6.9091E+01      1.1544E+02      1.0000E+00
      7.7290E-01      1.2076E+00      1.0612E+00      1.3917E+00      5.9583E-01      7.1159E+01      9.7827E+01      1.0000E+00
      4.4264E-01      1.1973E+00      1.1155E+00      1.4741E+00      3.0427E-01      7.8965E+01      1.1466E+02      1.0000E+00
      4.9878E-01      1.2703E+00      1.1645E+00      1.6502E+00      3.5020E-01      6.9920E+01      1.1564E+02      1.0000E+00
      5.4685E-01      1.2193E+00      1.1475E+00      1.4205E+00      4.3822E-01      6.6083E+01      1.1618E+02      1.0000E+00
      5.8032E-01      1.3009E+00      1.1147E+00      1.5697E+00      4.4335E-01      6.8426E+01      1.1295E+02      1.0000E+00
      6.0617E-01      1.2796E+00      1.1334E+00      1.4666E+00      4.8277E-01      6.5454E+01      1.1581E+02      1.0000E+00
      6.1747E-01      1.3043E+00      1.1211E+00      1.5121E+00      4.8287E-01      6.6573E+01      1.1469E+02      1.0000E+00
      6.1746E-01      1.3043E+00      1.1211E+00      1.5121E+00      4.8287E-01      6.6574E+01      1.1469E+02      1.0000E+00
      6.0618E-01      1.2796E+00      1.1334E+00      1.4666E+00      4.8277E-01      6.5452E+01      1.1581E+02      1.0000E+00
      5.8033E-01      1.3009E+00      1.1147E+00      1.5697E+00      4.4335E-01      6.8426E+01      1.1296E+02      1.0000E+00
      5.4686E-01      1.2193E+00      1.1475E+00      1.4205E+00      4.3822E-01      6.6082E+01      1.1618E+02      1.0000E+00
      4.9879E-01      1.2703E+00      1.1645E+00      1.6502E+00      3.5020E-01      6.9919E+01      1.1564E+02      1.0000E+00
      4.4264E-01      1.1972E+00      1.1155E+00      1.4741E+00      3.0428E-01      7.8965E+01      1.1466E+02      1.0000E+00
      7.7291E-01      1.2075E+00      1.0612E+00      1.3917E+00      5.9583E-01      7.1158E+01      9.7826E+01      1.0000E+00
      5.4922E-01      1.3213E+00      1.1801E+00      1.7854E+00      3.7161E-01      6.9089E+01      1.1544E+02      1.0000E+00
      4.5730E-01      1.2941E+00      1.1300E+00      1.6028E+00      3.0969E-01      7.8008E+01      1.1582E+02      1.0000E+00
      7.3253E-01      1.1143E+00      1.0489E+00      1.3158E+00      6.5368E-01      7.9731E+01      9.8296E+01      1.0000E+00
      9.0463E-01      1.0589E+00      1.0164E+00      1.1541E+00      8.5113E-01      8.2519E+01      9.6274E+01      1.0000E+00
      1.0097E+00      1.0333E+00      1.0045E+00      1.0782E+00      9.7150E-01      8.5230E+01      9.3302E+01      1.0000E+00
      1.0604E+00      1.0226E+00      1.0009E+00      1.0388E+00      1.0368E+00      8.7845E+01      9.1257E+01      1.0000E+00
      1.0604E+00      1.0226E+00      1.0009E+00      1.0387E+00      1.0368E+00      8.7845E+01      9.1257E+01      1.0000E+00
      1.0097E+00      1.0333E+00      1.0045E+00      1.0782E+00      9.7150E-01      8.5229E+01      9.3303E+01      1.0000E+00
      9.0463E-01      1.0589E+00      1.0164E+00      1.1541E+00      8.5113E-01      8.2518E+01      9.6275E+01      1.0000E+00
      7.3253E-01      1.1143E+00      1.0489E+00      1.3158E+00      6.5368E-01      7.9730E+01      9.8296E+01      1.0000E+00
      4.5730E-01      1.2941E+00      1.1300E+00      1.6028E+00      3.0969E-01      7.8008E+01      1.1582E+02      1.0000E+00
      5.4922E-01      1.3213E+00      1.1801E+00      1.7854E+00      3.7161E-01      6.9089E+01      1.1544E+02      1.0000E+00
      7.7291E-01      1.2075E+00      1.0612E+00      1.3917E+00      5.9584E-01      7.1159E+01      9.7826E+01      1.0000E+00
      4.4264E-01      1.1972E+00      1.1155E+00      1.4741E+00      3.0428E-01      7.8965E+01      1.1466E+02      1.0000E+00
      4.9879E-01      1.2703E+00      1.1645E+00      1.6502E+00      3.5020E-01      6.9919E+01      1.1564E+02      1.0000E+00
      5.4686E-01      1.2193E+00      1.1475E+00      1.4205E+00      4.3822E-01      6.6082E+01      1.1618E+02      1.0000E+00
      5.8033E-01      1.3009E+00      1.1147E+00      1.5697E+00      4.4335E-01      6.8426E+01      1.1296E+02      1.0000E+00
      6.0617E-01      1.2796E+00      1.1334E+00      1.4666E+00      4.8277E-01      6.5453E+01      1.1581E+02      1.0000E+00
      6.1747E-01      1.3043E+00      1.1211E+00      1.5121E+00      4.8287E-01      6.6574E+01      1.1469E+02      1.0000E+00
      6.1747E-01      1.3043E+00      1.1211E+00      1.5121E+00      4.8287E-01      6.6573E+01      1.1469E+02      1.0000E+00
      6.0617E-01      1.2796E+00      1.1334E+00      1.4666E+00      4.8277E-01      6.5454E+01      1.1581E+02      1.0000E+00
      5.8032E-01      1.3009E+00      1.1147E+00      1.5697E+00      4.4335E-01      6.8426E+01      1.1295E+02      1.0000E+00
      5.4685E-01      1.2193E+00      1.1475E+00      1.4205E+00      4.3822E-01      6.6083E+01      1.1618E+02      1.0000E+00
      4.9878E-01      1.2703E+00      1.1645E+00      1.6502E+00      3.5020E-01      6.9920E+01      1.1564E+02      1.0000E+00
      4.4264E-01      1.1973E+00      1.1155E+00      1.4741E+00      3.0427E-01      7.8965E+01      1.1466E+02      1.0000E+00
      7.7290E-01      1.2076E+00      1.0612E+00      1.3917E+00      5.9582E-01      7.1159E+01      9.7827E+01      1.0000E+00
      5.4921E-01      1.3212E+00      1.1800E+00      1.7854E+00      3.7161E-01      6.9091E+01      1.1544E+02      1.0000E+00
      4.5729E-01      1.2941E+00      1.1300E+00      1.6028E+00      3.0969E-01      7.8008E+01      1.1581E+02      1.0000E+00
      7.3251E-01      1.1143E+00      1.0489E+00      1.3158E+00      6.5367E-01      7.9731E+01      9.8295E+01      1.0000E+00
      9.0460E-01      1.0589E+00      1.0164E+00      1.1542E+00      8.5111E-01      8.2519E+01      9.6274E+01      1.0000E+00
      1.0096E+00      1.0334E+00      1.0045E+00      1.0782E+00      9.7146E-01      8.5230E+01      9.3302E+01      1.0000E+00
      1.0604E+00      1.0226E+00      1.0009E+00      1.0388E+00      1.0368E+00      8.7845E+01      9.1257E+01      1.0000E+00
      1.0604E+00      1.0226E+00      1.0009E+00      1.0388E+00      1.0368E+00      8.7845E+01      9.1257E+01      1.0000E+00
      1.0096E+00      1.0334E+00      1.0045E+00      1.0782E+00      9.7144E-01      8.5230E+01      9.3302E+01      1.0000E+00
      9.0458E-01      1.0589E+00      1.0164E+00      1.1542E+00      8.5109E-01      8.2519E+01      9.6274E+01      1.0000E+00
      7.3250E-01      1.1143E+00      1.0489E+00      1.3158E+00      6.5365E-01      7.9731E+01      9.8295E+01      1.0000E+00
      4.5728E-01      1.2941E+00      1.1300E+00      1.6028E+00      3.0969E-01      7.8008E+01      1.1581E+02      1.0000E+00
      5.4917E-01      1.3212E+00      1.1800E+00      1.7853E+00      3.7159E-01      6.9096E+01      1.1544E+02      1.0000E+00
      7.7285E-01      1.2076E+00      1.0612E+00      1.3918E+00      5.9579E-01      7.1158E+01      9.7829E+01      1.0000E+00
      4.4262E-01      1.1973E+00      1.1155E+00      1.4741E+00      3.0427E-01      7.8965E+01      1.1466E+02      1.0000E+00
      4.9873E-01      1.2702E+00      1.1645E+00      1.6500E+00      3.5018E-01      6.9928E+01      1.1563E+02      1.0000E+00
      5.4680E-01      1.2192E+00      1.1475E+00      1.4204E+00      4.3820E-01      6.6085E+01      1.1617E+02      1.0000E+00
      5.8022E-01      1.3007E+00      1.1146E+00      1.5695E+00      4.4331E-01      6.8438E+01      1.1294E+02      1.0000E+00
      6.0608E-01      1.2794E+00      1.1334E+00      1.4664E+00      4.8274E-01      6.5460E+01      1.1580E+02      1.0000E+00
      6.1734E-01      1.3041E+00      1.1210E+00      1.5119E+00      4.8282E-01      6.6587E+01      1.1468E+02      1.0000E+00
      6.1734E-01      1.3041E+00      1.1210E+00      1.5119E+00      4.8283E-01      6.6585E+01      1.1468E+02      1.0000E+00
      6.0606E-01      1.2794E+00      1.1333E+00      1.4664E+00      4.8273E-01      6.5462E+01      1.1580E+02      1.0000E+00
      5.8021E-01      1.3007E+00      1.1146E+00      1.5694E+00      4.4330E-01      6.8440E+01      1.1294E+02      1.0000E+00
      5.4678E-01      1.2192E+00      1.1475E+00      1.4204E+00      4.3820E-01      6.6087E+01      1.1617E+02      1.0000E+00
      4.9870E-01      1.2702E+00      1.1644E+00      1.6500E+00      3.5017E-01      6.9931E+01      1.1563E+02      1.0000E+00
      4.4260E-01      1.1973E+00      1.1155E+00      1.4742E+00      3.0426E-01      7.8966E+01      1.1466E+02      1.0000E+00
      7.7279E-01      1.2077E+00      1.0612E+00      1.3919E+00      5.9576E-01      7.1159E+01      9.7831E+01      1.0000E+00
      5.4912E-01      1.3211E+00      1.1799E+00      1.7851E+00      3.7156E-01      6.9103E+01      1.1543E+02      1.0000E+00
      4.5726E-01      1.2942E+00      1.1300E+00      1.6029E+00      3.0968E-01      7.8008E+01      1.1581E+02      1.0000E+00
      7.3245E-01      1.1144E+00      1.0489E+00      1.3159E+00      6.5362E-01      7.9731E+01      9.8295E+01      1.0000E+00
      9.0451E-01      1.0590E+00      1.0164E+00      1.1543E+00      8.5103E-01      8.2519E+01      9.6274E+01      1.0000E+00
      1.0095E+00      1.0334E+00      1.0045E+00      1.0783E+00      9.7136E-01      8.5229E+01      9.3303E+01      1.0000E+00
      1.0602E+00      1.0227E+00      1.0009E+00      1.0389E+00      1.0367E+00      8.7845E+01      9.1257E+01      1.0000E+00
      1.0602E+00      1.0227E+00      1.0009E+00      1.0389E+00      1.0367E+00      8.7845E+01      9.1257E+01      1.0000E+00
      1.0095E+00      1.0334E+00      1.0045E+00      1.0783E+00      9.7136E-01      8.5229E+01      9.3303E+01      1.0000E+00
      9.0451E-01      1.0590E+00      1.0164E+00      1.1543E+00      8.5103E-01      8.2519E+01      9.6274E+01      1.0000E+00
      7.3245E-01      1.1144E+00      1.0489E+00      1.3159E+00      6.5362E-01      7.9731E+01      9.8295E+01      1.0000E+00
      4.5726E-01      1.2942E+00      1.1300E+00      1.6029E+00      3.0968E-01      7.8008E+01      1.1581E+02      1.0000E+00
      5.4912E-01      1.3211E+00      1.1799E+00      1.7851E+00      3.7156E-01      6.9103E+01      1.1543E+02      1.0000E+00
      7.7279E-01      1.2077E+00      1.0612E+00      1.3919E+00      5.9576E-01      7.1159E+01      9.7831E+01      1.0000E+00
      4.4260E-01      1.1973E+00      1.1155E+00      1.4742E+00      3.0426E-01      7.8966E+01      1.1466E+02      1.0000E+00
      4.9870E-01      1.2702E+00      1.1644E+00      1.6500E+00      3.5017E-01      6.9931E+01      1.1563E+02      1.0000E+00
      5.4678E-01      1.2192E+00      1.1475E+00      1.4204E+00      4.3820E-01      6.6087E+01      1.1617E+02      1.0000E+00
      5.8021E-01      1.3007E+00      1.1146E+00      1.5694E+00      4.4330E-01      6.8440E+01      1.1294E+02      1.0000E+00
      6.0606E-01      1.2794E+00      1.1333E+00      1.4664E+00      4.8273E-01      6.5462E+01      1.1580E+02      1.0000E+00
      6.1734E-01      1.3041E+00      1.1210E+00      1.5119E+00      4.8283E-01      6.6585E+01      1.1468E+02      1.0000E+00
      6.1734E-01      1.3041E+00      1.1210E+00      1.5119E+00      4.8282E-01      6.6586E+01      1.1468E+02      1.0000E+00
      6.0608E-01      1.2794E+00      1.1334E+00      1.4664E+00      4.8274E-01      6.5460E+01      1.1580E+02      1.0000E+00
      5.8022E-01      1.3007E+00      1.1146E+00      1.5695E+00      4.4331E-01      6.8438E+01      1.1294E+02      1.0000E+00
      5.4680E-01      1.2192E+00      1.1475E+00      1.4204E+00      4.3820E-01      6.6085E+01      1.1617E+02      1.0000E+00
      4.9873E-01      1.2702E+00      1.1645E+00      1.6500E+00      3.5018E-01      6.9928E+01      1.1563E+02      1.0000E+00
      4.4262E-01      1.1973E+00      1.1155E+00      1.4741E+00      3.0427E-01      7.8965E+01      1.1466E+02      1.0000E+00
      7.7285E-01      1.2076E+00      1.0612E+00      1.3918E+00      5.9579E-01      7.1158E+01      9.7829E+01      1.0000E+00
      4.0166E-01      1.6137E+00      1.4209E+00      2.3884E+00      3.5420E-01      7.5385E+01      9.9488E+01      1.0000E+00
      5.1367E-01      1.3678E+00      1.1468E+00      1.7024E+00      4.9700E-01      8.6714E+01      9.3375E+01      1.0000E+00
      3.3723E-01      1.8322E+00      1.7365E+00      1.8545E+00      1.8772E-01      4.7350E+01      1.4439E+02      1.0000E+00
      3.3298E-01      1.4027E+00      1.2356E+00      1.9481E+00      2.3351E-01      7.4003E+01      1.0903E+02      1.0000E+00
      3.4409E-01      1.9489E+00      1.5261E+00      2.5468E+00      2.0415E-01      4.6626E+01      1.2560E+02      1.0000E+00
      3.8061E-01      1.7090E+00      1.4143E+00      2.4143E+00      3.7922E-01      8.9469E+01      9.0529E+01      1.0000E+00
      5.3717E-01      1.3708E+00      1.1552E+00      1.7334E+00      5.3284E-01      8.9203E+01      9.0798E+01      1.0000E+00
      4.6149E-01      1.2224E+00      1.0652E+00      1.4316E+00      4.5542E-01      8.8742E+01      9.1249E+01      1.0000E+00
      4.4453E-01      1.5026E+00      1.2195E+00      1.8744E+00      4.0321E-01      8.0738E+01      9.9263E+01      1.0000E+00
      4.0165E-01      1.6138E+00      1.4208E+00      2.3887E+00      3.5420E-01      7.5434E+01      9.9444E+01      1.0000E+00
      5.1362E-01      1.3678E+00      1.1468E+00      1.7025E+00      4.9695E-01      8.6711E+01      9.3382E+01      1.0000E+00
      3.3739E-01      1.8326E+00      1.7400E+00      1.8536E+00      1.8779E-01      4.7260E+01      1.4448E+02      1.0000E+00
      3.4410E-01      1.9552E+00      1.5302E+00      2.5578E+00      2.0397E-01      4.6547E+01      1.2570E+02      1.0000E+00
      3.3318E-01      1.4066E+00      1.2386E+00      1.9571E+00      2.3359E-01      7.3677E+01      1.0877E+02      1.0000E+00
      2.7413E-01      1.9473E+00      2.1118E+00      3.3272E+00      1.8348E-01      5.0778E+01      1.2080E+02      1.0000E+00
      3.3209E-01      1.4105E+00      1.3005E+00      1.8569E+00      2.6289E-01      7.2142E+01      1.1782E+02      1.0000E+00
      4.3295E-01      1.4026E+00      1.3282E+00      1.7363E+00      2.2930E-01      7.2254E+01      1.3052E+02      1.0000E+00
      4.1807E-01      1.2237E+00      1.1016E+00      1.5589E+00      2.7870E-01      7.0253E+01      1.0867E+02      1.0000E+00
      4.4159E-01      1.5418E+00      1.2511E+00      1.9566E+00      2.1977E-01      5.8397E+01      1.2081E+02      1.0000E+00
      1.8437E-01      1.6550E+00      1.8437E+00      1.9934E+00      1.0737E-01      5.4379E+01      1.4171E+02      1.0000E+00
      1.4728E-01      2.5794E+00      3.0822E+00      2.3747E+00      8.4069E-02      2.5261E+01      1.5566E+02      1.0000E+00
      1.4446E-01      3.1985E+00      3.1183E+00      3.4005E+00      6.5057E-02      3.1203E+01      1.5761E+02      1.0000E+00
      6.7691E-01      1.0881E+00      1.0339E+00      1.1685E+00      5.9861E-01      7.5292E+01      9.9597E+01      1.0000E+00
      7.3236E-01      1.1944E+00      1.0383E+00      1.3689E+00      5.7183E-01      7.5666E+01      1.0134E+02      1.0000E+00
      1.4726E-01      2.5819E+00      3.0864E+00      2.3702E+00      8.3942E-02      2.5241E+01      1.5574E+02      1.0000E+00
      1.8440E-01      1.6553E+00      1.8442E+00      1.9935E+00      1.0740E-01      5.4366E+01      1.4172E+02      1.0000E+00
      1.4466E-01      3.2046E+00      3.1240E+00      3.4037E+00      6.5033E-02      3.1125E+01      1.5768E+02      1.0000E+00
      6.9092E-01      1.0970E+00      1.0369E+00      1.1937E+00      6.0133E-01      7.4685E+01      9.8841E+01      1.0000E+00
      7.3557E-01      1.1933E+00      1.0380E+00      1.3736E+00      5.7515E-01      7.5719E+01      1.0122E+02      1.0000E+00
      2.7416E-01      1.9480E+00      2.1133E+00      3.3245E+00      1.8352E-01      5.0704E+01      1.2094E+02      1.0000E+00
      3.3195E-01      1.4105E+00      1.3006E+00      1.8563E+00      2.6284E-01      7.2114E+01      1.1784E+02      1.0000E+00
      4.3113E-01      1.4060E+00      1.3306E+00      1.7564E+00      2.2760E-01      7.2476E+01      1.3049E+02      1.0000E+00
      4.3045E-01      1.5182E+00      1.2374E+00      1.9415E+00      2.1740E-01      5.7969E+01      1.1889E+02      1.0000E+00
      4.1624E-01      1.2387E+00      1.1137E+00      1.6024E+00      2.7118E-01      7.0468E+01      1.1062E+02      1.0000E+00
      1.8679E-01      1.3337E+00      1.5504E+00      1.3172E+00      1.1070E-01      5.9561E+01      1.3980E+02      1.0000E+00
      1.8850E-01      2.1353E+00      2.1700E+00      3.9009E+00      8.2154E-02      3.7170E+01      1.1746E+02      1.0000E+00
      1.8470E-01      2.2157E+00      2.1706E+00      4.0332E+00      7.3430E-02      4.1993E+01      1.2151E+02      1.0000E+00
      4.7320E-01      1.4578E+00      1.2586E+00      1.8566E+00      2.2920E-01      6.4530E+01      1.2723E+02      1.0000E+00
      4.0039E-01      1.2522E+00      1.1074E+00      1.4942E+00      2.7502E-01      6.4624E+01      1.0084E+02      1.0000E+00
      4.7656E-01      1.3793E+00      1.3448E+00      1.7005E+00      2.2233E-01      6.8430E+01      1.3193E+02      1.0000E+00
      1.8844E-01      2.1360E+00      2.1681E+00      3.9100E+00      8.1820E-02      3.7246E+01      1.1739E+02      1.0000E+00
      1.8641E-01      1.3333E+00      1.5488E+00      1.3168E+00      1.1054E-01      5.9591E+01      1.3976E+02      1.0000E+00
      1.8408E-01      2.2065E+00      2.1615E+00      4.0213E+00      7.3580E-02      4.2067E+01      1.2100E+02      1.0000E+00
      4.5276E-01      1.4408E+00      1.2328E+00      1.8468E+00      2.2062E-01      6.3491E+01      1.2564E+02      1.0000E+00
      4.5564E-01      1.3546E+00      1.3139E+00      1.6755E+00      2.1526E-01      6.7584E+01      1.3043E+02      1.0000E+00
      3.8418E-01      1.2553E+00      1.0975E+00      1.5100E+00      2.5820E-01      6.5772E+01      1.0393E+02      1.0000E+00
      1.9531E-01      1.3981E+00      1.4799E+00      1.4983E+00      1.1777E-01      6.0530E+01      1.3695E+02      1.0000E+00
      1.9512E-01      2.2393E+00      2.1290E+00      3.5113E+00      7.4716E-02      4.8423E+01      1.3666E+02      1.0000E+00
      1.9840E-01      1.9918E+00      2.0728E+00      3.1130E+00      9.4223E-02      3.5270E+01      1.2406E+02      1.0000E+00
      4.0599E-01      1.6337E+00      1.2983E+00      2.1075E+00      2.1397E-01      5.3392E+01      1.1319E+02      1.0000E+00
      4.0863E-01      1.2709E+00      1.1500E+00      1.7155E+00      2.7716E-01      7.5352E+01      1.1145E+02      1.0000E+00
      4.2467E-01      1.5737E+00      1.4666E+00      1.9316E+00      2.2502E-01      6.2900E+01      1.3536E+02      1.0000E+00
      1.9451E-01      2.2314E+00      2.1206E+00      3.5076E+00      7.4706E-02      4.8471E+01      1.3637E+02      1.0000E+00
      1.9500E-01      1.3970E+00      1.4800E+00      1.4941E+00      1.1754E-01      6.0508E+01      1.3699E+02      1.0000E+00
      1.9901E-01      1.9987E+00      2.0770E+00      3.1363E+00      9.4096E-02      3.5212E+01      1.2372E+02      1.0000E+00
      3.9376E-01      1.6145E+00      1.2926E+00      2.0991E+00      2.0993E-01      5.2468E+01      1.1042E+02      1.0000E+00
      4.2740E-01      1.5977E+00      1.4841E+00      1.9923E+00      2.2555E-01      6.2634E+01      1.3551E+02      1.0000E+00
      4.0338E-01      1.2866E+00      1.1684E+00      1.7609E+00      2.7112E-01      7.7658E+01      1.1407E+02      1.0000E+00
      4.9340E-01      1.4128E+00      1.2111E+00      1.8396E+00      4.4945E-01      7.9699E+01      1.0386E+02      1.0000E+00
      3.8689E-01      1.7418E+00      1.7778E+00      2.6307E+00      3.0065E-01      5.9563E+01      1.2214E+02      1.0000E+00
      3.9025E-01      1.7710E+00      1.8254E+00      2.6941E+00      3.0033E-01      5.9167E+01      1.2290E+02      1.0000E+00
      4.9973E-01      1.4219E+00      1.2189E+00      1.8651E+00      4.5632E-01      8.0072E+01      1.0346E+02      1.0000E+00
      4.7758E-01      1.5531E+00      1.3575E+00      2.2082E+00      4.4416E-01      7.9199E+01      1.0144E+02      1.0000E+00
      3.0070E-01      2.2854E+00      2.2522E+00      3.8429E+00      2.5186E-01      6.6673E+01      1.1437E+02      1.0000E+00
      7.2577E-01      1.2252E+00      1.1029E+00      1.5640E+00      6.0588E-01      7.9761E+01      9.7437E+01      1.0000E+00
      7.2393E-01      1.1048E+00      1.0479E+00      1.3360E+00      6.4686E-01      8.3724E+01      9.5964E+01      1.0000E+00
      7.3715E-01      1.1349E+00      1.0625E+00      1.4110E+00      6.5135E-01      8.4779E+01      9.6099E+01      1.0000E+00
      7.4820E-01      1.2526E+00      1.1228E+00      1.6292E+00      6.2147E-01      7.9146E+01      9.7177E+01      1.0000E+00
      3.0448E-01      2.3800E+00      2.3675E+00      4.1125E+00      2.5340E-01      6.6141E+01      1.1309E+02      1.0000E+00
      4.8723E-01      1.5814E+00      1.3772E+00      2.2753E+00      4.5360E-01      7.9726E+01      9.9728E+01      1.0000E+00
      4.5293E-01      1.6904E+00      1.4225E+00      2.4289E+00      4.3666E-01      8.4258E+01      9.4461E+01      1.0000E+00
      2.6062E-01      2.7512E+00      2.4892E+00      4.7504E+00      2.3865E-01      7.4992E+01      1.0334E+02      1.0000E+00
      9.1534E-01      1.1467E+00      1.0365E+00      1.3083E+00      8.5801E-01      8.5187E+01      9.2360E+01      1.0000E+00
      9.1294E-01      1.0811E+00      1.0161E+00      1.1945E+00      8.8313E-01      8.8425E+01      9.1753E+01      1.0000E+00
      9.3119E-01      1.1039E+00      1.0244E+00      1.2407E+00      9.0533E-01      8.7429E+01      9.2569E+01      1.0000E+00
      9.4463E-01      1.1714E+00      1.0462E+00      1.3529E+00      8.8489E-01      8.4379E+01      9.2679E+01      1.0000E+00
      2.6324E-01      2.8753E+00      2.5882E+00      4.9738E+00      2.4138E-01      7.6601E+01      1.0203E+02      1.0000E+00
      4.6117E-01      1.7179E+00      1.4410E+00      2.4785E+00      4.4374E-01      8.6041E+01      9.2827E+01      1.0000E+00
      4.5293E-01      1.6904E+00      1.4225E+00      2.4289E+00      4.3666E-01      8.4258E+01      9.4461E+01      1.0000E+00
      2.6062E-01      2.7512E+00      2.4892E+00      4.7504E+00      2.3865E-01      7.4993E+01      1.0334E+02      1.0000E+00
      9.1534E-01      1.1467E+00      1.0365E+00      1.3083E+00      8.5802E-01      8.5187E+01      9.2360E+01      1.0000E+00
      9.1294E-01      1.0811E+00      1.0161E+00      1.1945E+00      8.8313E-01      8.8426E+01      9.1754E+01      1.0000E+00
      9.1518E-01      1.0998E+00      1.0228E+00      1.2338E+00      8.8448E-01      8.7626E+01      9.2009E+01      1.0000E+00
      9.1649E-01      1.1520E+00      1.0411E+00      1.3303E+00      8.5665E-01      8.5802E+01      9.3080E+01      1.0000E+00
      2.6050E-01      2.7827E+00      2.5652E+00      4.8246E+00      2.3432E-01      6.9901E+01      1.0797E+02      1.0000E+00
      4.5521E-01      1.6955E+00      1.4309E+00      2.4339E+00      4.3725E-01      8.1211E+01      9.7330E+01      1.0000E+00
      4.7758E-01      1.5531E+00      1.3575E+00      2.2082E+00      4.4416E-01      7.9199E+01      1.0144E+02      1.0000E+00
      3.0070E-01      2.2854E+00      2.2522E+00      3.8429E+00      2.5186E-01      6.6673E+01      1.1437E+02      1.0000E+00
      7.2577E-01      1.2252E+00      1.1029E+00      1.5640E+00      6.0588E-01      7.9760E+01      9.7437E+01      1.0000E+00
      7.2393E-01      1.1048E+00      1.0479E+00      1.3360E+00      6.4686E-01      8.3724E+01      9.5964E+01      1.0000E+00
      7.0700E-01      1.1286E+00      1.0592E+00      1.3885E+00      6.1993E-01      8.2882E+01      9.5474E+01      1.0000E+00
      7.0132E-01      1.2163E+00      1.1027E+00      1.5611E+00      5.8633E-01      8.0093E+01      9.7243E+01      1.0000E+00
      2.9732E-01      2.2398E+00      2.2307E+00      3.6110E+00      2.4428E-01      6.4485E+01      1.1937E+02      1.0000E+00
      4.7331E-01      1.5369E+00      1.3501E+00      2.1511E+00      4.3694E-01      7.7210E+01      1.0446E+02      1.0000E+00
      4.9340E-01      1.4128E+00      1.2111E+00      1.8396E+00      4.4945E-01      7.9699E+01      1.0386E+02      1.0000E+00
      3.8689E-01      1.7418E+00      1.7778E+00      2.6307E+00      3.0065E-01      5.9563E+01      1.2214E+02      1.0000E+00
      4.2467E-01      1.5737E+00      1.4666E+00      1.9316E+00      2.2502E-01      6.2900E+01      1.3536E+02      1.0000E+00
      4.0863E-01      1.2709E+00      1.1500E+00      1.7155E+00      2.7716E-01      7.5352E+01      1.1145E+02      1.0000E+00
      4.0599E-01      1.6337E+00      1.2983E+00      2.1075E+00      2.1397E-01      5.3392E+01      1.1319E+02      1.0000E+00
      1.9840E-01      1.9918E+00      2.0728E+00      3.1130E+00      9.4223E-02      3.5270E+01      1.2407E+02      1.0000E+00
      1.9512E-01      2.2393E+00      2.1290E+00      3.5113E+00      7.4715E-02      4.8423E+01      1.3666E+02      1.0000E+00
      1.9531E-01      1.3981E+00      1.4799E+00      1.4983E+00      1.1777E-01      6.0530E+01      1.3695E+02      1.0000E+00
      3.8502E-01      1.2807E+00      1.1597E+00      1.7410E+00      2.5709E-01      7.5859E+01      1.1312E+02      1.0000E+00
      4.0215E-01      1.5641E+00      1.4540E+00      1.9458E+00      2.1368E-01      6.3870E+01      1.3467E+02      1.0000E+00
      3.7972E-01      1.6131E+00      1.2886E+00      2.0934E+00      1.9952E-01      5.3056E+01      1.1221E+02      1.0000E+00
      3.7986E-01      1.6982E+00      1.7392E+00      2.4771E+00      2.9325E-01      5.9019E+01      1.2408E+02      1.0000E+00
      4.8634E-01      1.4004E+00      1.2015E+00      1.7919E+00      4.4039E-01      7.7943E+01      1.0571E+02      1.0000E+00
      1.9578E-01      1.9550E+00      2.0215E+00      3.1019E+00      9.2794E-02      3.6328E+01      1.2212E+02      1.0000E+00
      1.9311E-01      1.3829E+00      1.4645E+00      1.4833E+00      1.1672E-01      6.1252E+01      1.3646E+02      1.0000E+00
      1.9259E-01      2.2017E+00      2.0872E+00      3.4936E+00      7.4761E-02      4.8496E+01      1.3513E+02      1.0000E+00
      4.7656E-01      1.3793E+00      1.3448E+00      1.7005E+00      2.2233E-01      6.8430E+01      1.3193E+02      1.0000E+00
      4.0039E-01      1.2522E+00      1.1074E+00      1.4942E+00      2.7502E-01      6.4624E+01      1.0084E+02      1.0000E+00
      4.7320E-01      1.4578E+00      1.2586E+00      1.8567E+00      2.2920E-01      6.4529E+01      1.2723E+02      1.0000E+00
      1.8470E-01      2.2157E+00      2.1706E+00      4.0332E+00      7.3430E-02      4.1993E+01      1.2151E+02      1.0000E+00
      1.8850E-01      2.1353E+00      2.1700E+00      3.9009E+00      8.2154E-02      3.7170E+01      1.1746E+02      1.0000E+00
      1.8679E-01      1.3337E+00      1.5504E+00      1.3172E+00      1.1070E-01      5.9561E+01      1.3980E+02      1.0000E+00
      3.7875E-01      1.2550E+00      1.1007E+00      1.5035E+00      2.5412E-01      6.5375E+01      1.0365E+02      1.0000E+00
      4.4733E-01      1.3600E+00      1.3133E+00      1.6894E+00      2.1170E-01      6.7625E+01      1.3038E+02      1.0000E+00
      4.4891E-01      1.4419E+00      1.2380E+00      1.8467E+00      2.1806E-01      6.3631E+01      1.2597E+02      1.0000E+00
      1.8333E-01      2.1958E+00      2.1493E+00      3.9920E+00      7.3348E-02      4.2398E+01      1.2132E+02      1.0000E+00
      1.8596E-01      1.3336E+00      1.5444E+00      1.3199E+00      1.1034E-01      5.9689E+01      1.3962E+02      1.0000E+00
      1.8806E-01      2.1306E+00      2.1609E+00      3.8897E+00      8.1825E-02      3.7271E+01      1.1730E+02      1.0000E+00
      4.4159E-01      1.5418E+00      1.2511E+00      1.9566E+00      2.1977E-01      5.8397E+01      1.2081E+02      1.0000E+00
      4.1807E-01      1.2237E+00      1.1016E+00      1.5589E+00      2.7870E-01      7.0254E+01      1.0867E+02      1.0000E+00
      4.3295E-01      1.4026E+00      1.3282E+00      1.7363E+00      2.2930E-01      7.2254E+01      1.3052E+02      1.0000E+00
      3.3209E-01      1.4105E+00      1.3005E+00      1.8569E+00      2.6289E-01      7.2142E+01      1.1782E+02      1.0000E+00
      2.7413E-01      1.9473E+00      2.1118E+00      3.3272E+00      1.8348E-01      5.0778E+01      1.2080E+02      1.0000E+00
      7.3235E-01      1.1944E+00      1.0383E+00      1.3689E+00      5.7182E-01      7.5665E+01      1.0133E+02      1.0000E+00
      6.7687E-01      1.0881E+00      1.0339E+00      1.1685E+00      5.9860E-01      7.5297E+01      9.9594E+01      1.0000E+00
      1.4446E-01      3.1984E+00      3.1182E+00      3.4005E+00      6.5057E-02      3.1204E+01      1.5761E+02      1.0000E+00
      1.4728E-01      2.5794E+00      3.0822E+00      2.3748E+00      8.4069E-02      2.5261E+01      1.5566E+02      1.0000E+00
      1.8437E-01      1.6550E+00      1.8437E+00      1.9934E+00      1.0737E-01      5.4379E+01      1.4171E+02      1.0000E+00
      7.3491E-01      1.1935E+00      1.0379E+00      1.3740E+00      5.7444E-01      7.5732E+01      1.0127E+02      1.0000E+00
      6.8971E-01      1.0976E+00      1.0373E+00      1.1951E+00      6.0011E-01      7.4610E+01      9.8925E+01      1.0000E+00
      1.4463E-01      3.2033E+00      3.1227E+00      3.4027E+00      6.5005E-02      3.1126E+01      1.5769E+02      1.0000E+00
      1.8435E-01      1.6552E+00      1.8435E+00      1.9938E+00      1.0738E-01      5.4380E+01      1.4170E+02      1.0000E+00
      1.4724E-01      2.5818E+00      3.0854E+00      2.3699E+00      8.3940E-02      2.5244E+01      1.5574E+02      1.0000E+00
      4.1510E-01      1.2398E+00      1.1148E+00      1.6059E+00      2.7033E-01      7.0402E+01      1.1057E+02      1.0000E+00
      4.2877E-01      1.5194E+00      1.2386E+00      1.9443E+00      2.1667E-01      5.7983E+01      1.1890E+02      1.0000E+00
      4.3045E-01      1.4059E+00      1.3314E+00      1.7558E+00      2.2716E-01      7.2452E+01      1.3053E+02      1.0000E+00
      3.3181E-01      1.4104E+00      1.3001E+00      1.8565E+00      2.6274E-01      7.2144E+01      1.1781E+02      1.0000E+00
      2.7400E-01      1.9460E+00      2.1108E+00      3.3218E+00      1.8347E-01      5.0774E+01      1.2089E+02      1.0000E+00
      3.4408E-01      1.9489E+00      1.5261E+00      2.5468E+00      2.0415E-01      4.6626E+01      1.2560E+02      1.0000E+00
      3.3296E-01      1.4026E+00      1.2356E+00      1.9480E+00      2.3350E-01      7.4006E+01      1.0903E+02      1.0000E+00
      3.3722E-01      1.8322E+00      1.7365E+00      1.8545E+00      1.8771E-01      4.7350E+01      1.4439E+02      1.0000E+00
      5.1367E-01      1.3678E+00      1.1468E+00      1.7024E+00      4.9700E-01      8.6715E+01      9.3375E+01      1.0000E+00
      4.0166E-01      1.6137E+00      1.4209E+00      2.3884E+00      3.5420E-01      7.5385E+01      9.9488E+01      1.0000E+00
      4.4450E-01      1.5026E+00      1.2195E+00      1.8744E+00      4.0318E-01      8.0736E+01      9.9265E+01      1.0000E+00
      4.6144E-01      1.2224E+00      1.0652E+00      1.4316E+00      4.5536E-01      8.8738E+01      9.1252E+01      1.0000E+00
      5.3716E-01      1.3708E+00      1.1552E+00      1.7333E+00      5.3283E-01      8.9202E+01      9.0800E+01      1.0000E+00
      3.8061E-01      1.7089E+00      1.4143E+00      2.4142E+00      3.7921E-01      8.9469E+01      9.0529E+01      1.0000E+00
      3.3312E-01      1.4067E+00      1.2386E+00      1.9574E+00      2.3354E-01      7.3671E+01      1.0877E+02      1.0000E+00
      3.4400E-01      1.9553E+00      1.5302E+00      2.5580E+00      2.0393E-01      4.6548E+01      1.2570E+02      1.0000E+00
      3.3736E-01      1.8326E+00      1.7400E+00      1.8536E+00      1.8777E-01      4.7260E+01      1.4448E+02      1.0000E+00
      5.1361E-01      1.3678E+00      1.1468E+00      1.7025E+00      4.9693E-01      8.6708E+01      9.3385E+01      1.0000E+00
      4.0163E-01      1.6137E+00      1.4207E+00      2.3885E+00      3.5419E-01      7.5439E+01      9.9438E+01      1.0000E+00
      9.3211E-02      2.3162E+00      3.9411E+00      3.6534E+00      4.3284E-02      4.3052E+01      1.5012E+02      1.0000E+00
      1.4180E-01      1.3702E+00      1.2089E+00      1.8048E+00      1.2425E-01      7.8541E+01      1.0752E+02      1.0000E+00
      1.6187E-01      1.4495E+00      1.2414E+00      1.9195E+00      8.9051E-02      6.7011E+01      1.2166E+02      1.0000E+00
      1.5287E-01      1.1426E+00      1.1169E+00      1.2327E+00      1.1436E-01      7.7657E+01      1.1645E+02      1.0000E+00
      1.6189E-01      1.4526E+00      1.2448E+00      1.9233E+00      8.9290E-02      6.7365E+01      1.2189E+02      1.0000E+00
      5.5747E-02      3.6722E+00      4.3320E+00      8.3410E+00      3.7865E-02      5.2310E+01      1.2210E+02      1.0000E+00
      1.3500E-01      1.5250E+00      1.3048E+00      2.1249E+00      1.2683E-01      8.1304E+01      9.5958E+01      1.0000E+00
      2.2928E-01      1.0567E+00      1.0122E+00      1.1495E+00      2.1819E-01      8.5085E+01      9.4045E+01      1.0000E+00
      2.6848E-01      1.1717E+00      1.0417E+00      1.3334E+00      2.2714E-01      7.8289E+01      9.6369E+01      1.0000E+00
      5.5352E-02      3.7164E+00      4.3238E+00      8.3744E+00      3.8003E-02      5.1966E+01      1.2271E+02      1.0000E+00
      1.3432E-01      1.5326E+00      1.3068E+00      2.1273E+00      1.2665E-01      8.0675E+01      9.6809E+01      1.0000E+00
      2.3195E-01      1.0549E+00      1.0109E+00      1.1336E+00      2.2273E-01      8.4648E+01      9.4425E+01      1.0000E+00
      2.7176E-01      1.1689E+00      1.0380E+00      1.3161E+00      2.3229E-01      7.8459E+01      9.5632E+01      1.0000E+00
      9.2250E-02      2.3935E+00      4.1093E+00      3.7577E+00      4.2709E-02      4.1696E+01      1.5069E+02      1.0000E+00
      1.3897E-01      1.3803E+00      1.2206E+00      1.8071E+00      1.2281E-01      7.7067E+01      1.0844E+02      1.0000E+00
      1.6813E-01      1.4439E+00      1.2304E+00      1.8928E+00      9.3822E-02      6.6925E+01      1.2071E+02      1.0000E+00
      1.7305E-01      1.4667E+00      1.2572E+00      1.9451E+00      9.4408E-02      6.7396E+01      1.2283E+02      1.0000E+00
      1.5844E-01      1.1434E+00      1.1175E+00      1.2400E+00      1.1996E-01      7.7181E+01      1.1646E+02      1.0000E+00
      1.4234E-01      1.3676E+00      1.2081E+00      1.7960E+00      1.2493E-01      7.8230E+01      1.0769E+02      1.0000E+00
      9.3402E-02      2.3178E+00      3.9325E+00      3.6711E+00      4.3520E-02      4.3112E+01      1.4991E+02      1.0000E+00
      1.3609E-01      1.5208E+00      1.2996E+00      2.1106E+00      1.2812E-01      8.1130E+01      9.6199E+01      1.0000E+00
      5.6105E-02      3.6653E+00      4.2880E+00      8.2879E+00      3.8351E-02      5.2570E+01      1.2194E+02      1.0000E+00
      2.6687E-01      1.1784E+00      1.0440E+00      1.3440E+00      2.2667E-01      7.8569E+01      9.6366E+01      1.0000E+00
      2.2765E-01      1.0643E+00      1.0137E+00      1.1627E+00      2.1776E-01      8.5406E+01      9.3863E+01      1.0000E+00
      9.1065E-02      2.5104E+00      4.7319E+00      4.1790E+00      3.8670E-02      4.1925E+01      1.5217E+02      1.0000E+00
      1.4029E-01      1.4039E+00      1.2432E+00      1.8884E+00      1.2478E-01      7.7910E+01      1.0647E+02      1.0000E+00
      2.3389E-01      1.0803E+00      1.0171E+00      1.1832E+00      2.2286E-01      8.4038E+01      9.4364E+01      1.0000E+00
      2.8429E-01      1.2079E+00      1.0522E+00      1.3787E+00      2.3976E-01      7.7679E+01      9.6663E+01      1.0000E+00
      5.3111E-02      4.1805E+00      4.8069E+00      9.3932E+00      3.5891E-02      5.1437E+01      1.2403E+02      1.0000E+00
      1.3471E-01      1.5813E+00      1.3400E+00      2.2291E+00      1.2639E-01      8.2774E+01      9.4954E+01      1.0000E+00
      1.3608E-01      1.5207E+00      1.2995E+00      2.1103E+00      1.2811E-01      8.1116E+01      9.6211E+01      1.0000E+00
      5.6094E-02      3.6640E+00      4.2946E+00      8.2834E+00      3.8306E-02      5.2448E+01      1.2203E+02      1.0000E+00
      2.6617E-01      1.1796E+00      1.0448E+00      1.3471E+00      2.2588E-01      7.8172E+01      9.6040E+01      1.0000E+00
      2.2667E-01      1.0656E+00      1.0150E+00      1.1640E+00      2.1645E-01      8.4453E+01      9.4747E+01      1.0000E+00
      1.4231E-01      1.3677E+00      1.2079E+00      1.7958E+00      1.2489E-01      7.8242E+01      1.0770E+02      1.0000E+00
      9.3345E-02      2.3155E+00      3.9320E+00      3.6574E+00      4.3438E-02      4.3122E+01      1.5001E+02      1.0000E+00
      1.6072E-01      1.4565E+00      1.2481E+00      1.9351E+00      8.8546E-02      6.6987E+01      1.2164E+02      1.0000E+00
      1.5107E-01      1.1387E+00      1.1231E+00      1.2214E+00      1.1316E-01      7.7027E+01      1.1708E+02      1.0000E+00
      1.5972E-01      1.4563E+00      1.2459E+00      1.9292E+00      8.8637E-02      6.7052E+01      1.2128E+02      1.0000E+00
      1.4154E-01      1.3694E+00      1.2083E+00      1.8010E+00      1.2391E-01      7.8449E+01      1.0770E+02      1.0000E+00
      9.3227E-02      2.3076E+00      3.8925E+00      3.6313E+00      4.3658E-02      4.3095E+01      1.4988E+02      1.0000E+00
      2.6098E-01      1.1802E+00      1.0439E+00      1.3431E+00      2.2300E-01      7.8194E+01      9.5719E+01      1.0000E+00
      2.2443E-01      1.0629E+00      1.0142E+00      1.1555E+00      2.1508E-01      8.4367E+01      9.4930E+01      1.0000E+00
      1.3434E-01      1.5211E+00      1.3037E+00      2.1179E+00      1.2624E-01      8.0992E+01      9.6598E+01      1.0000E+00
      5.6007E-02      3.6159E+00      4.2185E+00      8.0707E+00      3.8533E-02      5.2435E+01      1.2203E+02      1.0000E+00
      2.2818E-01      1.0664E+00      1.0143E+00      1.1713E+00      2.1673E-01      8.5639E+01      9.3379E+01      1.0000E+00
      2.6818E-01      1.1723E+00      1.0460E+00      1.3523E+00      2.2502E-01      7.8424E+01      9.7153E+01      1.0000E+00
      5.2816E-02      3.9048E+00      5.3391E+00      8.8696E+00      3.2386E-02      4.6483E+01      1.2654E+02      1.0000E+00
      1.3251E-01      1.5539E+00      1.3369E+00      2.1728E+00      1.2365E-01      7.7387E+01      1.0001E+02      1.0000E+00
      2.5763E-01      1.1794E+00      1.0467E+00      1.3557E+00      2.1767E-01      7.8855E+01      9.7088E+01      1.0000E+00
      2.2309E-01      1.0605E+00      1.0129E+00      1.1597E+00      2.1298E-01      8.5848E+01      9.3543E+01      1.0000E+00
      1.3295E-01      1.5260E+00      1.2990E+00      2.1126E+00      1.2613E-01      8.1984E+01      9.5712E+01      1.0000E+00
      5.5532E-02      3.5908E+00      4.1228E+00      8.0151E+00      3.8747E-02      5.4875E+01      1.1983E+02      1.0000E+00
      1.4882E-01      1.1427E+00      1.1128E+00      1.2366E+00      1.1079E-01      7.8299E+01      1.1602E+02      1.0000E+00
      1.5472E-01      1.4226E+00      1.2268E+00      1.8991E+00      8.6506E-02      6.7228E+01      1.2027E+02      1.0000E+00
      1.5412E-01      1.4606E+00      1.2560E+00      1.9376E+00      8.3377E-02      6.7952E+01      1.2372E+02      1.0000E+00
      8.9174E-02      2.3070E+00      4.2797E+00      3.2371E+00      3.7592E-02      4.1359E+01      1.5553E+02      1.0000E+00
      1.3576E-01      1.3797E+00      1.2256E+00      1.7732E+00      1.1804E-01      7.4900E+01      1.1147E+02      1.0000E+00
      1.3686E-01      1.3846E+00      1.2115E+00      1.8212E+00      1.2151E-01      7.8648E+01      1.0689E+02      1.0000E+00
      9.0847E-02      2.2802E+00      3.6797E+00      3.7197E+00      4.4550E-02      4.4810E+01      1.4718E+02      1.0000E+00
      4.2587E-01      1.7159E+00      1.4232E+00      1.8568E+00      2.7688E-01      5.3169E+01      1.3271E+02      1.0000E+00
      2.6306E-01      1.5568E+00      1.5211E+00      2.2064E+00      1.6123E-01      6.7407E+01      1.2913E+02      1.0000E+00
      3.1763E-01      1.3714E+00      1.3896E+00      2.1980E+00      1.8758E-01      6.4466E+01      1.1982E+02      1.0000E+00
      4.2575E-01      1.7160E+00      1.4234E+00      1.8569E+00      2.7678E-01      5.3170E+01      1.3271E+02      1.0000E+00
      3.1754E-01      1.3715E+00      1.3899E+00      2.1982E+00      1.8756E-01      6.4444E+01      1.1982E+02      1.0000E+00
      2.6307E-01      1.5576E+00      1.5212E+00      2.2078E+00      1.6123E-01      6.7401E+01      1.2912E+02      1.0000E+00
      3.7366E-01      1.7297E+00      1.3468E+00      1.8937E+00      2.5897E-01      6.0299E+01      1.2066E+02      1.0000E+00
      2.3906E-01      1.3377E+00      1.4442E+00      1.5052E+00      1.5834E-01      6.3211E+01      1.3391E+02      1.0000E+00
      3.0985E-01      1.5459E+00      1.2049E+00      2.0262E+00      1.8924E-01      6.5247E+01      1.1977E+02      1.0000E+00
      5.4384E-01      1.4806E+00      1.3649E+00      2.1661E+00      2.7882E-01      5.0845E+01      1.0674E+02      1.0000E+00
      5.4271E-01      1.3092E+00      1.4213E+00      1.9450E+00      3.5842E-01      5.9897E+01      1.2208E+02      1.0000E+00
      6.8233E-01      1.3633E+00      1.4223E+00      1.7513E+00      4.1098E-01      5.9902E+01      1.3117E+02      1.0000E+00
      5.4312E-01      1.3020E+00      1.4208E+00      1.9354E+00      3.6103E-01      5.9957E+01      1.2181E+02      1.0000E+00
      5.4648E-01      1.4806E+00      1.3685E+00      2.1718E+00      2.8083E-01      5.0865E+01      1.0652E+02      1.0000E+00
      6.9012E-01      1.3685E+00      1.4322E+00      1.7554E+00      4.1227E-01      5.9695E+01      1.3167E+02      1.0000E+00
      3.7313E-01      1.7301E+00      1.3470E+00      1.8931E+00      2.5846E-01      6.0326E+01      1.2066E+02      1.0000E+00
      3.0925E-01      1.5459E+00      1.2049E+00      2.0248E+00      1.8901E-01      6.5248E+01      1.1975E+02      1.0000E+00
      2.3889E-01      1.3359E+00      1.4440E+00      1.5033E+00      1.5821E-01      6.3270E+01      1.3391E+02      1.0000E+00
      2.8540E-01      1.6240E+00      1.2441E+00      2.0185E+00      1.7884E-01      6.5574E+01      1.1786E+02      1.0000E+00
      1.9537E-01      1.2843E+00      1.3748E+00      1.3145E+00      1.2847E-01      6.3365E+01      1.3324E+02      1.0000E+00
      2.8809E-01      1.6810E+00      1.2783E+00      1.9716E+00      1.8677E-01      6.1503E+01      1.1617E+02      1.0000E+00
      4.9553E-01      1.4760E+00      1.3070E+00      1.8745E+00      2.6987E-01      4.9925E+01      1.0430E+02      1.0000E+00
      6.1608E-01      1.4496E+00      1.5669E+00      2.0300E+00      4.0327E-01      5.0436E+01      1.2825E+02      1.0000E+00
      6.1109E-01      1.4560E+00      1.5763E+00      1.9893E+00      4.0630E-01      4.9637E+01      1.2934E+02      1.0000E+00
      5.6782E-01      1.3679E+00      1.4626E+00      1.9288E+00      3.6725E-01      5.6647E+01      1.2678E+02      1.0000E+00
      4.7311E-01      1.4633E+00      1.2797E+00      1.8765E+00      2.5183E-01      5.1406E+01      1.0603E+02      1.0000E+00
      5.5647E-01      1.3819E+00      1.4570E+00      1.8860E+00      3.7188E-01      5.5032E+01      1.2719E+02      1.0000E+00
      2.8464E-01      1.6249E+00      1.2442E+00      2.0196E+00      1.7846E-01      6.5576E+01      1.1781E+02      1.0000E+00
      2.8731E-01      1.6799E+00      1.2773E+00      1.9729E+00      1.8630E-01      6.1578E+01      1.1613E+02      1.0000E+00
      1.9496E-01      1.2832E+00      1.3731E+00      1.3144E+00      1.2811E-01      6.3480E+01      1.3317E+02      1.0000E+00
      3.3324E-01      1.4566E+00      1.2055E+00      2.0588E+00      2.0390E-01      6.7834E+01      1.1692E+02      1.0000E+00
      2.8351E-01      1.3666E+00      1.4334E+00      1.7479E+00      1.8096E-01      6.8268E+01      1.3044E+02      1.0000E+00
      4.3604E-01      1.6759E+00      1.3494E+00      1.8384E+00      2.9826E-01      5.8573E+01      1.2493E+02      1.0000E+00
      4.7994E-01      1.4994E+00      1.2888E+00      1.9899E+00      2.6076E-01      5.1047E+01      1.0416E+02      1.0000E+00
      6.0162E-01      1.5041E+00      1.5718E+00      1.9714E+00      4.0371E-01      4.8449E+01      1.3109E+02      1.0000E+00
      6.0911E-01      1.3919E+00      1.5294E+00      2.0801E+00      3.9286E-01      5.4185E+01      1.2480E+02      1.0000E+00
      5.4281E-01      1.4402E+00      1.4654E+00      1.8727E+00      3.5652E-01      5.3404E+01      1.2989E+02      1.0000E+00
      4.5587E-01      1.4893E+00      1.2597E+00      1.9998E+00      2.4120E-01      5.2818E+01      1.0834E+02      1.0000E+00
      5.5263E-01      1.3150E+00      1.3970E+00      1.9710E+00      3.5396E-01      6.1808E+01      1.2177E+02      1.0000E+00
      3.3291E-01      1.4588E+00      1.2049E+00      2.0574E+00      2.0376E-01      6.7757E+01      1.1699E+02      1.0000E+00
      4.3788E-01      1.6791E+00      1.3520E+00      1.8458E+00      3.0021E-01      5.8649E+01      1.2484E+02      1.0000E+00
      2.8456E-01      1.3674E+00      1.4383E+00      1.7475E+00      1.8241E-01      6.8071E+01      1.3051E+02      1.0000E+00
      1.4100E-01      1.5801E+00      1.2386E+00      1.7793E+00      9.8655E-02      6.2489E+01      1.1556E+02      1.0000E+00
      9.1539E-02      1.2285E+00      1.2985E+00      1.0708E+00      7.8179E-02      5.7429E+01      1.2963E+02      1.0000E+00
      1.4128E-01      1.5709E+00      1.2304E+00      1.7716E+00      9.8892E-02      6.3073E+01      1.1481E+02      1.0000E+00
      1.3436E-01      1.5950E+00      1.2415E+00      1.7586E+00      9.6003E-02      6.4552E+01      1.1436E+02      1.0000E+00
      1.3513E-01      1.6159E+00      1.2606E+00      1.8097E+00      9.6954E-02      6.3450E+01      1.1538E+02      1.0000E+00
      8.9968E-02      1.2596E+00      1.3108E+00      1.0775E+00      7.8966E-02      5.5449E+01      1.3026E+02      1.0000E+00
      1.4124E-01      1.5711E+00      1.2306E+00      1.7719E+00      9.8861E-02      6.3049E+01      1.1484E+02      1.0000E+00
      9.1509E-02      1.2284E+00      1.2987E+00      1.0719E+00      7.8063E-02      5.7459E+01      1.2965E+02      1.0000E+00
      1.4092E-01      1.5795E+00      1.2380E+00      1.7803E+00      9.8556E-02      6.2520E+01      1.1552E+02      1.0000E+00
      8.8673E-02      1.2658E+00      1.3043E+00      1.1237E+00      7.4961E-02      5.6928E+01      1.2991E+02      1.0000E+00
      1.3197E-01      1.5871E+00      1.2304E+00      1.7889E+00      9.2857E-02      6.4956E+01      1.1378E+02      1.0000E+00
      1.3224E-01      1.6054E+00      1.2578E+00      1.7854E+00      9.4913E-02      6.2852E+01      1.1630E+02      1.0000E+00
      4.3604E-01      1.6759E+00      1.3494E+00      1.8384E+00      2.9826E-01      5.8573E+01      1.2493E+02      1.0000E+00
      2.8351E-01      1.3666E+00      1.4334E+00      1.7479E+00      1.8096E-01      6.8268E+01      1.3044E+02      1.0000E+00
      3.3324E-01      1.4566E+00      1.2055E+00      2.0588E+00      2.0390E-01      6.7834E+01      1.1692E+02      1.0000E+00
      6.0911E-01      1.3918E+00      1.5294E+00      2.0801E+00      3.9286E-01      5.4185E+01      1.2480E+02      1.0000E+00
      6.0161E-01      1.5041E+00      1.5718E+00      1.9714E+00      4.0370E-01      4.8449E+01      1.3109E+02      1.0000E+00
      4.7994E-01      1.4994E+00      1.2888E+00      1.9899E+00      2.6076E-01      5.1047E+01      1.0416E+02      1.0000E+00
      5.3360E-01      1.3264E+00      1.4191E+00      1.9682E+00      3.4350E-01      6.0236E+01      1.2295E+02      1.0000E+00
      4.4324E-01      1.4854E+00      1.2664E+00      1.9860E+00      2.3568E-01      5.2310E+01      1.0727E+02      1.0000E+00
      5.3146E-01      1.4292E+00      1.4713E+00      1.8733E+00      3.4856E-01      5.3617E+01      1.2978E+02      1.0000E+00
      2.7980E-01      1.3418E+00      1.4172E+00      1.7096E+00      1.7758E-01      6.8397E+01      1.3026E+02      1.0000E+00
      4.3071E-01      1.6633E+00      1.3346E+00      1.8064E+00      2.9265E-01      5.9373E+01      1.2420E+02      1.0000E+00
      3.2968E-01      1.4639E+00      1.1930E+00      2.0566E+00      2.0215E-01      6.8336E+01      1.1633E+02      1.0000E+00
      2.8809E-01      1.6810E+00      1.2783E+00      1.9716E+00      1.8677E-01      6.1503E+01      1.1617E+02      1.0000E+00
      1.9537E-01      1.2843E+00      1.3748E+00      1.3145E+00      1.2847E-01      6.3365E+01      1.3324E+02      1.0000E+00
      2.8540E-01      1.6240E+00      1.2441E+00      2.0185E+00      1.7884E-01      6.5574E+01      1.1786E+02      1.0000E+00
      6.1108E-01      1.4559E+00      1.5763E+00      1.9893E+00      4.0629E-01      4.9638E+01      1.2933E+02      1.0000E+00
      6.1607E-01      1.4496E+00      1.5669E+00      2.0300E+00      4.0326E-01      5.0436E+01      1.2825E+02      1.0000E+00
      4.9552E-01      1.4760E+00      1.3070E+00      1.8745E+00      2.6987E-01      4.9925E+01      1.0430E+02      1.0000E+00
      5.5063E-01      1.3874E+00      1.4635E+00      1.8858E+00      3.6857E-01      5.4606E+01      1.2751E+02      1.0000E+00
      4.7014E-01      1.4667E+00      1.2820E+00      1.8812E+00      2.5051E-01      5.1281E+01      1.0580E+02      1.0000E+00
      5.6482E-01      1.3644E+00      1.4621E+00      1.9265E+00      3.6551E-01      5.6764E+01      1.2669E+02      1.0000E+00
      1.9407E-01      1.2774E+00      1.3684E+00      1.3092E+00      1.2725E-01      6.3864E+01      1.3298E+02      1.0000E+00
      2.8584E-01      1.6733E+00      1.2730E+00      1.9780E+00      1.8521E-01      6.1640E+01      1.1611E+02      1.0000E+00
      2.8392E-01      1.6247E+00      1.2430E+00      2.0200E+00      1.7805E-01      6.5716E+01      1.1758E+02      1.0000E+00
      3.0985E-01      1.5459E+00      1.2049E+00      2.0262E+00      1.8924E-01      6.5247E+01      1.1977E+02      1.0000E+00
      2.3906E-01      1.3377E+00      1.4442E+00      1.5052E+00      1.5834E-01      6.3211E+01      1.3391E+02      1.0000E+00
      3.7366E-01      1.7297E+00      1.3468E+00      1.8937E+00      2.5897E-01      6.0299E+01      1.2066E+02      1.0000E+00
      6.8226E-01      1.3633E+00      1.4222E+00      1.7512E+00      4.1092E-01      5.9907E+01      1.3117E+02      1.0000E+00
      5.4265E-01      1.3092E+00      1.4212E+00      1.9449E+00      3.5837E-01      5.9902E+01      1.2208E+02      1.0000E+00
      5.4383E-01      1.4806E+00      1.3649E+00      2.1660E+00      2.7881E-01      5.0845E+01      1.0674E+02      1.0000E+00
      6.8936E-01      1.3688E+00      1.4330E+00      1.7551E+00      4.1191E-01      5.9647E+01      1.3170E+02      1.0000E+00
      5.4617E-01      1.4809E+00      1.3687E+00      2.1721E+00      2.8071E-01      5.0853E+01      1.0650E+02      1.0000E+00
      5.4291E-01      1.3017E+00      1.4208E+00      1.9352E+00      3.6093E-01      5.9963E+01      1.2180E+02      1.0000E+00
      2.3868E-01      1.3359E+00      1.4433E+00      1.5058E+00      1.5799E-01      6.3351E+01      1.3385E+02      1.0000E+00
      3.0882E-01      1.5443E+00      1.2036E+00      2.0255E+00      1.8877E-01      6.5329E+01      1.1966E+02      1.0000E+00
      3.7294E-01      1.7296E+00      1.3469E+00      1.8929E+00      2.5833E-01      6.0301E+01      1.2069E+02      1.0000E+00
      3.1763E-01      1.3714E+00      1.3896E+00      2.1980E+00      1.8758E-01      6.4466E+01      1.1982E+02      1.0000E+00
      2.6305E-01      1.5568E+00      1.5211E+00      2.2064E+00      1.6123E-01      6.7408E+01      1.2913E+02      1.0000E+00
      4.2587E-01      1.7159E+00      1.4232E+00      1.8568E+00      2.7688E-01      5.3169E+01      1.3271E+02      1.0000E+00
      2.6305E-01      1.5575E+00      1.5212E+00      2.2081E+00      1.6121E-01      6.7412E+01      1.2911E+02      1.0000E+00
      3.1748E-01      1.3714E+00      1.3897E+00      2.1982E+00      1.8754E-01      6.4457E+01      1.1981E+02      1.0000E+00
      4.2573E-01      1.7159E+00      1.4233E+00      1.8568E+00      2.7677E-01      5.3170E+01      1.3271E+02      1.0000E+00
