  
 ----------------
 Bad Element Info
 ----------------
  
 Element          709
          7.3268013054672112        39.103990162333574        0.0000000000000000     
          7.4500000000000002        37.849997999999999        0.0000000000000000     
          8.5039254646317097        39.386184521762523        0.0000000000000000     
          7.6657629154041107        39.915913367132681        0.0000000000000000     
 Problems:
       Maximum Angle      151.72941687169575     
  
 //////////////////////////////////////////////////
  
 ------------------------
 2D Mesh Quality Measures
 ------------------------
  
Signed Area     Aspect Ratio    Condition       Edge Ratio      Jacobian        Minimum Angle   Maximum Angle   Area Sign       
      2.1947E+00      1.1807E+00      1.1272E+00      1.3188E+00      1.5397E+00      7.8925E+01      1.1747E+02      1.0000E+00
      3.2479E+00      1.0446E+00      1.0096E+00      1.1276E+00      3.0172E+00      8.3809E+01      9.4822E+01      1.0000E+00
      3.7012E+00      1.0355E+00      1.0017E+00      1.0594E+00      3.5921E+00      8.7605E+01      9.1402E+01      1.0000E+00
      3.5271E+00      1.0309E+00      1.0051E+00      1.0969E+00      3.3514E+00      8.7293E+01      9.3745E+01      1.0000E+00
      2.7340E+00      1.3448E+00      1.2419E+00      1.6059E+00      1.7048E+00      6.7597E+01      1.2548E+02      1.0000E+00
      2.7589E+00      1.3499E+00      1.2388E+00      1.6072E+00      1.7244E+00      6.7514E+01      1.2534E+02      1.0000E+00
      3.5337E+00      1.0404E+00      1.0056E+00      1.1078E+00      3.3608E+00      8.7463E+01      9.4016E+01      1.0000E+00
      3.6719E+00      1.0269E+00      1.0024E+00      1.0696E+00      3.6123E+00      8.8971E+01      9.0961E+01      1.0000E+00
      3.1816E+00      1.2929E+00      1.1513E+00      1.5280E+00      2.2395E+00      6.9717E+01      1.1845E+02      1.0000E+00
      3.1754E+00      1.0495E+00      1.0052E+00      1.0858E+00      2.9778E+00      8.4453E+01      9.3073E+01      1.0000E+00
      3.2401E+00      1.0218E+00      1.0027E+00      1.0621E+00      3.1288E+00      8.7651E+01      9.3325E+01      1.0000E+00
      3.5519E+00      1.0168E+00      1.0016E+00      1.0511E+00      3.4820E+00      8.8452E+01      9.1722E+01      1.0000E+00
      3.7402E+00      1.0328E+00      1.0017E+00      1.0563E+00      3.6555E+00      8.8796E+01      9.1958E+01      1.0000E+00
      4.2809E+00      1.0567E+00      1.0159E+00      1.1375E+00      3.9326E+00      8.0207E+01      9.7582E+01      1.0000E+00
      3.5464E+00      1.2671E+00      1.2855E+00      1.4168E+00      2.0981E+00      7.2166E+01      1.2893E+02      1.0000E+00
      3.5930E+00      1.2651E+00      1.2767E+00      1.4170E+00      2.1319E+00      7.2649E+01      1.2844E+02      1.0000E+00
      4.3350E+00      1.0574E+00      1.0165E+00      1.1404E+00      3.9730E+00      8.0007E+01      9.7661E+01      1.0000E+00
      3.8060E+00      1.0360E+00      1.0018E+00      1.0597E+00      3.7255E+00      8.8751E+01      9.1229E+01      1.0000E+00
      3.7487E+00      1.0228E+00      1.0012E+00      1.0456E+00      3.7238E+00      8.8368E+01      9.1254E+01      1.0000E+00
      4.1650E+00      1.1131E+00      1.0368E+00      1.1911E+00      3.5912E+00      7.4823E+01      9.8570E+01      1.0000E+00
      3.1003E+00      1.2590E+00      1.1206E+00      1.5145E+00      2.2989E+00      7.0855E+01      1.1444E+02      1.0000E+00
      3.1060E+00      1.0611E+00      1.0050E+00      1.1036E+00      2.8698E+00      8.5450E+01      9.4223E+01      1.0000E+00
      3.1759E+00      1.0322E+00      1.0034E+00      1.0859E+00      3.0333E+00      8.7959E+01      9.3024E+01      1.0000E+00
      3.6106E+00      1.0252E+00      1.0032E+00      1.0782E+00      3.4576E+00      8.7534E+01      9.2295E+01      1.0000E+00
      3.9768E+00      1.0199E+00      1.0019E+00      1.0511E+00      3.8576E+00      8.8087E+01      9.3026E+01      1.0000E+00
      4.2059E+00      1.0113E+00      1.0018E+00      1.0291E+00      4.1292E+00      8.7405E+01      9.3215E+01      1.0000E+00
      4.8216E+00      1.0861E+00      1.0247E+00      1.1486E+00      4.2870E+00      7.7496E+01      9.7220E+01      1.0000E+00
      4.1384E+00      1.1754E+00      1.0392E+00      1.3396E+00      3.5146E+00      7.6312E+01      1.0300E+02      1.0000E+00
      2.4729E+00      1.3759E+00      1.3608E+00      1.7568E+00      1.3343E+00      6.6773E+01      1.3104E+02      1.0000E+00
      2.4970E+00      1.3672E+00      1.3381E+00      1.7529E+00      1.3603E+00      6.7775E+01      1.2995E+02      1.0000E+00
      4.1688E+00      1.1790E+00      1.0386E+00      1.3382E+00      3.5306E+00      7.6655E+01      1.0233E+02      1.0000E+00
      4.8586E+00      1.0899E+00      1.0267E+00      1.1522E+00      4.3029E+00      7.6987E+01      9.7449E+01      1.0000E+00
      4.2406E+00      1.0092E+00      1.0015E+00      1.0270E+00      4.1721E+00      8.7471E+01      9.2920E+01      1.0000E+00
      4.0441E+00      1.0180E+00      1.0011E+00      1.0469E+00      3.9485E+00      8.8925E+01      9.1844E+01      1.0000E+00
      3.7668E+00      1.0207E+00      1.0034E+00      1.0614E+00      3.6631E+00      8.6850E+01      9.3607E+01      1.0000E+00
      3.3218E+00      1.0419E+00      1.0071E+00      1.0890E+00      3.1062E+00      8.6853E+01      9.6572E+01      1.0000E+00
      3.0157E+00      1.0373E+00      1.0043E+00      1.0903E+00      2.8752E+00      8.5717E+01      9.3877E+01      1.0000E+00
      2.0217E+00      1.2108E+00      1.0904E+00      1.3558E+00      1.4531E+00      7.9794E+01      1.1349E+02      1.0000E+00
      2.8704E+00      1.0604E+00      1.0119E+00      1.1619E+00      2.6739E+00      8.5985E+01      9.3534E+01      1.0000E+00
      3.9082E+00      1.0982E+00      1.0341E+00      1.2602E+00      3.3288E+00      7.7451E+01      9.8173E+01      1.0000E+00
      4.3546E+00      1.0368E+00      1.0073E+00      1.0775E+00      4.0770E+00      8.3117E+01      9.3621E+01      1.0000E+00
      4.1808E+00      1.0182E+00      1.0015E+00      1.0380E+00      4.0531E+00      8.6871E+01      9.1730E+01      1.0000E+00
      4.3074E+00      1.0061E+00      1.0008E+00      1.0131E+00      4.2868E+00      8.7797E+01      9.2044E+01      1.0000E+00
      4.1393E+00      1.0263E+00      1.0012E+00      1.0498E+00      3.9886E+00      8.7370E+01      9.1547E+01      1.0000E+00
      4.3280E+00      1.0677E+00      1.0104E+00      1.1048E+00      4.0763E+00      8.2565E+01      9.6431E+01      1.0000E+00
      3.9657E+00      1.1184E+00      1.0242E+00      1.2298E+00      3.5387E+00      7.8771E+01      1.0066E+02      1.0000E+00
      3.2673E+00      1.0568E+00      1.0034E+00      1.1078E+00      3.0972E+00      8.6649E+01      9.3456E+01      1.0000E+00
      3.9332E+00      1.1205E+00      1.0221E+00      1.2290E+00      3.4883E+00      7.9332E+01      9.9401E+01      1.0000E+00
      4.2806E+00      1.0726E+00      1.0137E+00      1.1068E+00      4.0030E+00      8.1193E+01      9.6998E+01      1.0000E+00
      4.1091E+00      1.0313E+00      1.0017E+00      1.0535E+00      3.9720E+00      8.6992E+01      9.1631E+01      1.0000E+00
      4.2974E+00      1.0084E+00      1.0009E+00      1.0202E+00      4.2642E+00      8.7633E+01      9.2181E+01      1.0000E+00
      4.1804E+00      1.0187E+00      1.0012E+00      1.0390E+00      4.0402E+00      8.7182E+01      9.1136E+01      1.0000E+00
      4.3716E+00      1.0348E+00      1.0053E+00      1.0784E+00      4.1013E+00      8.4104E+01      9.2986E+01      1.0000E+00
      3.9508E+00      1.0938E+00      1.0366E+00      1.2523E+00      3.3929E+00      7.6891E+01      9.9167E+01      1.0000E+00
      2.8796E+00      1.0595E+00      1.0112E+00      1.1610E+00      2.6650E+00      8.6943E+01      9.5201E+01      1.0000E+00
      1.9655E+00      1.1937E+00      1.1008E+00      1.3291E+00      1.4044E+00      7.9562E+01      1.1472E+02      1.0000E+00
      2.9003E+00      1.3428E+00      1.6562E+00      1.4973E+00      1.3242E+00      6.5700E+01      1.4280E+02      1.0000E+00
      4.2552E+00      1.0149E+00      1.0028E+00      1.0350E+00      4.1517E+00      8.5756E+01      9.3376E+01      1.0000E+00
      4.2849E+00      1.0081E+00      1.0007E+00      1.0155E+00      4.2306E+00      8.8463E+01      9.2094E+01      1.0000E+00
      4.3533E+00      1.0173E+00      1.0009E+00      1.0316E+00      4.2822E+00      8.7786E+01      9.2123E+01      1.0000E+00
      4.2230E+00      1.0130E+00      1.0004E+00      1.0246E+00      4.1358E+00      8.8458E+01      9.0826E+01      1.0000E+00
      3.8968E+00      1.0316E+00      1.0012E+00      1.0606E+00      3.7660E+00      8.8121E+01      9.2348E+01      1.0000E+00
      3.6368E+00      1.0066E+00      1.0002E+00      1.0152E+00      3.6086E+00      8.9027E+01      9.0995E+01      1.0000E+00
      3.7161E+00      1.0245E+00      1.0011E+00      1.0444E+00      3.6040E+00      8.8347E+01      9.2606E+01      1.0000E+00
      4.0041E+00      1.0270E+00      1.0018E+00      1.0404E+00      3.9007E+00      8.7301E+01      9.3360E+01      1.0000E+00
      4.2596E+00      1.0126E+00      1.0013E+00      1.0268E+00      4.1793E+00      8.7107E+01      9.1961E+01      1.0000E+00
      4.2556E+00      1.0128E+00      1.0004E+00      1.0202E+00      4.1931E+00      8.8866E+01      9.1661E+01      1.0000E+00
      4.2066E+00      1.0104E+00      1.0013E+00      1.0275E+00      4.1283E+00      8.7042E+01      9.2343E+01      1.0000E+00
      2.8731E+00      1.3525E+00      1.6943E+00      1.4906E+00      1.3013E+00      6.4510E+01      1.4378E+02      1.0000E+00
      3.2093E+00      1.3247E+00      1.4008E+00      1.5037E+00      1.7064E+00      6.8839E+01      1.3440E+02      1.0000E+00
      4.8808E+00      1.0989E+00      1.0220E+00      1.1625E+00      4.3613E+00      7.8572E+01      9.7589E+01      1.0000E+00
      4.4404E+00      1.0171E+00      1.0008E+00      1.0363E+00      4.3882E+00      8.8510E+01      9.0930E+01      1.0000E+00
      4.6300E+00      1.0574E+00      1.0087E+00      1.0986E+00      4.2822E+00      8.2631E+01      9.3913E+01      1.0000E+00
      3.8368E+00      1.1345E+00      1.0351E+00      1.2822E+00      3.3067E+00      7.8620E+01      1.0292E+02      1.0000E+00
      3.4048E+00      1.0399E+00      1.0135E+00      1.1111E+00      3.1541E+00      8.3867E+01      9.8442E+01      1.0000E+00
      3.3869E+00      1.0415E+00      1.0072E+00      1.1077E+00      3.1244E+00      8.6808E+01      9.6200E+01      1.0000E+00
      3.7798E+00      1.1449E+00      1.0449E+00      1.2782E+00      3.1906E+00      7.7633E+01      1.0580E+02      1.0000E+00
      4.6646E+00      1.0530E+00      1.0062E+00      1.0922E+00      4.3393E+00      8.3831E+01      9.3147E+01      1.0000E+00
      4.7935E+00      1.0872E+00      1.0181E+00      1.1478E+00      4.3135E+00      7.9535E+01      9.6633E+01      1.0000E+00
      3.1490E+00      1.3309E+00      1.4355E+00      1.4925E+00      1.6568E+00      6.7616E+01      1.3581E+02      1.0000E+00
      4.4713E+00      1.1495E+00      1.0301E+00      1.2569E+00      3.8505E+00      7.7737E+01      9.9291E+01      1.0000E+00
      4.4828E+00      1.0306E+00      1.0060E+00      1.0863E+00      4.3003E+00      8.5081E+01      9.4079E+01      1.0000E+00
      3.7185E+00      1.2033E+00      1.1632E+00      1.3146E+00      2.5710E+00      7.5104E+01      1.2072E+02      1.0000E+00
      3.9018E+00      1.1572E+00      1.0332E+00      1.2741E+00      3.3118E+00      7.9151E+01      1.0398E+02      1.0000E+00
      4.3625E+00      1.1421E+00      1.0304E+00      1.2542E+00      3.7400E+00      7.7140E+01      9.9229E+01      1.0000E+00
      3.1115E+00      1.0931E+00      1.0126E+00      1.1638E+00      2.7050E+00      8.3694E+01      9.8766E+01      1.0000E+00
      3.5596E+00      1.1632E+00      1.0372E+00      1.2686E+00      3.1104E+00      7.7513E+01      1.0326E+02      1.0000E+00
      3.8242E+00      1.1685E+00      1.0464E+00      1.2704E+00      3.2867E+00      7.4393E+01      1.0295E+02      1.0000E+00
      3.0875E+00      1.0787E+00      1.0122E+00      1.1479E+00      2.7036E+00      8.4578E+01      9.8876E+01      1.0000E+00
      2.2726E+00      1.3809E+00      1.2723E+00      1.7973E+00      1.3048E+00      6.8250E+01      1.2588E+02      1.0000E+00
      4.2918E+00      1.3164E+00      1.0775E+00      1.5620E+00      3.3204E+00      7.5507E+01      1.0523E+02      1.0000E+00
      4.3547E+00      1.1045E+00      1.0483E+00      1.1130E+00      4.1971E+00      7.3202E+01      1.0660E+02      1.0000E+00
      2.2795E+00      1.3944E+00      1.2804E+00      1.7943E+00      1.3010E+00      6.7569E+01      1.2667E+02      1.0000E+00
      4.6732E+00      1.2560E+00      1.0666E+00      1.4014E+00      3.8415E+00      7.5435E+01      1.0562E+02      1.0000E+00
      4.5059E+00      1.1426E+00      1.0468E+00      1.1824E+00      4.1917E+00      7.5094E+01      1.0550E+02      1.0000E+00
      4.7464E+00      1.2625E+00      1.0718E+00      1.4183E+00      3.8380E+00      7.4669E+01      1.0712E+02      1.0000E+00
      3.9901E+00      1.2110E+00      1.0518E+00      1.3707E+00      3.3167E+00      7.4764E+01      9.9263E+01      1.0000E+00
      3.2612E+00      1.4286E+00      1.5556E+00      1.8010E+00      1.2684E+00      6.6913E+01      1.3991E+02      1.0000E+00
      4.6305E+00      1.2924E+00      1.1919E+00      1.5521E+00      2.7852E+00      7.5675E+01      1.2270E+02      1.0000E+00
      4.7959E+00      1.3347E+00      1.1118E+00      1.5046E+00      3.7163E+00      7.0684E+01      1.1147E+02      1.0000E+00
      3.0893E+00      1.3276E+00      1.3497E+00      1.5824E+00      1.6018E+00      7.2320E+01      1.3207E+02      1.0000E+00
      4.8652E+00      1.0613E+00      1.0298E+00      1.1122E+00      4.4244E+00      8.1068E+01      1.0364E+02      1.0000E+00
      5.0398E+00      1.3043E+00      1.1311E+00      1.6078E+00      3.0392E+00      7.0637E+01      1.1754E+02      1.0000E+00
      4.4096E+00      1.2574E+00      1.0676E+00      1.5278E+00      3.3151E+00      7.1443E+01      1.0368E+02      1.0000E+00
      2.4015E+00      1.4494E+00      1.2637E+00      1.9120E+00      1.3115E+00      6.8796E+01      1.2568E+02      1.0000E+00
      2.5867E+00      1.3651E+00      1.2399E+00      1.6704E+00      1.6288E+00      6.6325E+01      1.2465E+02      1.0000E+00
      3.2951E+00      1.0589E+00      1.0085E+00      1.1387E+00      2.9437E+00      8.4502E+01      9.6700E+01      1.0000E+00
      4.3146E+00      1.1226E+00      1.0183E+00      1.2175E+00      3.7260E+00      8.0166E+01      9.6048E+01      1.0000E+00
      4.4273E+00      1.1143E+00      1.0425E+00      1.1879E+00      3.8308E+00      7.3687E+01      9.9864E+01      1.0000E+00
      3.7130E+00      1.1338E+00      1.0206E+00      1.2170E+00      3.2296E+00      8.0208E+01      9.6117E+01      1.0000E+00
      3.8407E+00      1.1415E+00      1.0205E+00      1.2091E+00      3.4136E+00      8.2769E+01      9.6213E+01      1.0000E+00
      4.3747E+00      1.0909E+00      1.0311E+00      1.1736E+00      3.9852E+00      7.6256E+01      1.0250E+02      1.0000E+00
      4.2342E+00      1.1036E+00      1.0147E+00      1.2076E+00      3.7417E+00      8.1065E+01      9.6280E+01      1.0000E+00
      3.2200E+00      1.0630E+00      1.0097E+00      1.1476E+00      2.8808E+00      8.5326E+01      9.7354E+01      1.0000E+00
      2.5204E+00      1.3587E+00      1.2404E+00      1.6526E+00      1.6041E+00      6.6022E+01      1.2469E+02      1.0000E+00
      3.0367E+00      1.2227E+00      1.1336E+00      1.4491E+00      2.2010E+00      7.2416E+01      1.1658E+02      1.0000E+00
      3.9605E+00      1.0731E+00      1.0203E+00      1.1446E+00      3.5580E+00      7.8602E+01      9.5885E+01      1.0000E+00
      4.0125E+00      1.0755E+00      1.0168E+00      1.1558E+00      3.5632E+00      7.9619E+01      9.4288E+01      1.0000E+00
      3.6948E+00      1.1018E+00      1.0153E+00      1.1917E+00      3.2549E+00      8.3879E+01      9.9545E+01      1.0000E+00
      3.8017E+00      1.1297E+00      1.0606E+00      1.2265E+00      3.3652E+00      7.2987E+01      1.0824E+02      1.0000E+00
      3.1420E+00      1.2413E+00      1.0677E+00      1.5564E+00      2.4549E+00      7.5656E+01      1.0422E+02      1.0000E+00
      4.1361E+00      1.2185E+00      1.0780E+00      1.3088E+00      3.4665E+00      7.1069E+01      1.1141E+02      1.0000E+00
      4.1036E+00      1.0226E+00      1.0029E+00      1.0490E+00      4.0608E+00      8.6416E+01      9.3351E+01      1.0000E+00
      3.9726E+00      1.0087E+00      1.0008E+00      1.0284E+00      3.9124E+00      8.8078E+01      9.1695E+01      1.0000E+00
      3.7227E+00      1.0311E+00      1.0019E+00      1.0624E+00      3.5626E+00      8.7170E+01      9.2102E+01      1.0000E+00
      3.9213E+00      1.0589E+00      1.0176E+00      1.1161E+00      3.5722E+00      7.9325E+01      9.5998E+01      1.0000E+00
      2.9441E+00      1.2352E+00      1.1375E+00      1.4651E+00      2.1199E+00      7.1903E+01      1.1697E+02      1.0000E+00
      3.4108E+00      1.0239E+00      1.0010E+00      1.0457E+00      3.3121E+00      8.8701E+01      9.2022E+01      1.0000E+00
      3.4892E+00      1.0252E+00      1.0010E+00      1.0446E+00      3.4034E+00      8.8655E+01      9.1484E+01      1.0000E+00
      3.4804E+00      1.1589E+00      1.0358E+00      1.2547E+00      2.9559E+00      7.9103E+01      1.0465E+02      1.0000E+00
      4.1286E+00      1.2352E+00      1.2049E+00      1.3389E+00      2.8862E+00      7.0878E+01      1.2381E+02      1.0000E+00
      4.0512E+00      1.1023E+00      1.0434E+00      1.2559E+00      3.5628E+00      7.7374E+01      1.0338E+02      1.0000E+00
      3.8673E+00      1.1052E+00      1.0282E+00      1.2332E+00      3.3882E+00      8.0401E+01      1.0170E+02      1.0000E+00
      4.2669E+00      1.0612E+00      1.0130E+00      1.1255E+00      3.8625E+00      8.0826E+01      9.4047E+01      1.0000E+00
      3.5653E+00      1.0293E+00      1.0017E+00      1.0601E+00      3.4239E+00      8.8114E+01      9.3074E+01      1.0000E+00
      3.3058E+00      1.0213E+00      1.0013E+00      1.0513E+00      3.2359E+00      8.8897E+01      9.1294E+01      1.0000E+00
      2.6041E+00      1.1427E+00      1.0776E+00      1.2655E+00      1.9375E+00      8.2443E+01      1.1187E+02      1.0000E+00
      3.5560E+00      1.0330E+00      1.0027E+00      1.0671E+00      3.3809E+00      8.8409E+01      9.4051E+01      1.0000E+00
      3.4483E+00      1.1365E+00      1.0231E+00      1.2281E+00      2.9024E+00      8.2413E+01      1.0090E+02      1.0000E+00
      3.8005E+00      1.1292E+00      1.0349E+00      1.2298E+00      3.3399E+00      7.7708E+01      1.0411E+02      1.0000E+00
      3.5367E+00      1.0365E+00      1.0021E+00      1.0783E+00      3.3756E+00      8.7757E+01      9.3144E+01      1.0000E+00
      2.4996E+00      1.1563E+00      1.0867E+00      1.2854E+00      1.8353E+00      8.1654E+01      1.1304E+02      1.0000E+00
      1.7375E+00      1.4314E+00      1.2335E+00      1.8236E+00      1.1754E+00      6.1565E+01      1.2135E+02      1.0000E+00
      6.6510E-01      1.3650E+00      1.6401E+00      1.6282E+00      2.9552E-01      6.5928E+01      1.4203E+02      1.0000E+00
      1.6894E+00      1.5496E+00      1.3153E+00      2.0974E+00      1.0106E+00      5.9458E+01      1.2506E+02      1.0000E+00
      9.8911E-01      1.1453E+00      1.0499E+00      1.2459E+00      7.9060E-01      8.1841E+01      1.0773E+02      1.0000E+00
      1.7135E+00      1.5348E+00      1.3558E+00      2.1093E+00      9.7548E-01      5.9926E+01      1.2721E+02      1.0000E+00
      1.3633E+00      1.5583E+00      1.2883E+00      2.0915E+00      8.7635E-01      5.7457E+01      1.2200E+02      1.0000E+00
      1.6142E+00      1.5355E+00      1.3582E+00      2.1050E+00      8.7952E-01      6.1434E+01      1.2829E+02      1.0000E+00
      9.1228E-01      1.1737E+00      1.0646E+00      1.3421E+00      6.8818E-01      8.0805E+01      1.0972E+02      1.0000E+00
      9.0214E-01      1.2015E+00      1.0459E+00      1.3988E+00      6.9646E-01      7.4006E+01      1.0059E+02      1.0000E+00
      1.7443E+00      1.6175E+00      1.5854E+00      2.2808E+00      9.0018E-01      5.3796E+01      1.3468E+02      1.0000E+00
      1.3930E+00      1.6291E+00      1.4275E+00      2.2172E+00      8.1562E-01      4.9574E+01      1.2473E+02      1.0000E+00
      1.7420E+00      1.6243E+00      1.6088E+00      2.2924E+00      8.9536E-01      5.3176E+01      1.3523E+02      1.0000E+00
      9.1694E-01      1.1701E+00      1.0419E+00      1.3671E+00      6.9415E-01      7.3967E+01      1.0201E+02      1.0000E+00
      1.3300E+00      1.5269E+00      1.3970E+00      2.0282E+00      8.2451E-01      4.9961E+01      1.2276E+02      1.0000E+00
      7.0138E-01      1.3330E+00      1.5049E+00      1.5535E+00      3.2132E-01      7.1761E+01      1.3834E+02      1.0000E+00
      1.0792E+00      1.0406E+00      1.0077E+00      1.0618E+00      1.0525E+00      8.3964E+01      9.6892E+01      1.0000E+00
      7.1939E-01      1.3358E+00      1.4557E+00      1.5563E+00      3.4875E-01      7.0558E+01      1.3657E+02      1.0000E+00
      7.3587E-01      1.3101E+00      1.4190E+00      1.5858E+00      3.6806E-01      7.1293E+01      1.3484E+02      1.0000E+00
      7.1338E-01      1.3122E+00      1.4094E+00      1.5655E+00      3.5454E-01      7.2291E+01      1.3465E+02      1.0000E+00
      1.0034E+00      1.0460E+00      1.0090E+00      1.0872E+00      9.3572E-01      8.2384E+01      9.4469E+01      1.0000E+00
      1.4430E+00      1.5762E+00      1.3265E+00      2.1898E+00      8.5758E-01      5.4773E+01      1.2059E+02      1.0000E+00
      8.2663E-01      1.0759E+00      1.0379E+00      1.1884E+00      7.1000E-01      8.1380E+01      1.0464E+02      1.0000E+00
      1.7576E+00      1.6830E+00      1.5440E+00      2.3207E+00      8.8202E-01      5.4263E+01      1.3477E+02      1.0000E+00
      1.3544E+00      1.5027E+00      1.3586E+00      1.9866E+00      8.5922E-01      5.1881E+01      1.2210E+02      1.0000E+00
      1.8100E+00      1.6594E+00      1.6112E+00      2.3334E+00      8.7908E-01      5.4039E+01      1.3635E+02      1.0000E+00
      8.5279E-01      1.0852E+00      1.0234E+00      1.2042E+00      7.2528E-01      8.4493E+01      1.0155E+02      1.0000E+00
      1.1065E+00      1.0255E+00      1.0017E+00      1.0396E+00      1.0832E+00      8.7496E+01      9.3137E+01      1.0000E+00
      1.2001E+00      1.1324E+00      1.0238E+00      1.1997E+00      1.0785E+00      8.0019E+01      9.7807E+01      1.0000E+00
      1.0244E+00      1.0346E+00      1.0079E+00      1.0804E+00      9.5960E-01      8.5751E+01      9.6952E+01      1.0000E+00
      1.1886E+00      1.1520E+00      1.0363E+00      1.2113E+00      1.0727E+00      7.7461E+01      1.0165E+02      1.0000E+00
      1.1733E+00      1.1464E+00      1.0296E+00      1.2248E+00      1.0991E+00      8.2425E+01      9.8081E+01      1.0000E+00
      1.1759E+00      1.1574E+00      1.0335E+00      1.2446E+00      1.0912E+00      8.2260E+01      9.8591E+01      1.0000E+00
      1.1784E+00      1.1553E+00      1.0325E+00      1.2564E+00      1.0974E+00      8.3669E+01      9.7492E+01      1.0000E+00
      1.1870E+00      1.1665E+00      1.0365E+00      1.2693E+00      1.0982E+00      8.2895E+01      9.8239E+01      1.0000E+00
      1.1947E+00      1.1480E+00      1.0310E+00      1.2105E+00      1.0827E+00      7.9111E+01      1.0003E+02      1.0000E+00
      1.0274E+00      1.0371E+00      1.0063E+00      1.0915E+00      9.5817E-01      8.6975E+01      9.5986E+01      1.0000E+00
      1.2232E+00      1.1497E+00      1.0350E+00      1.2253E+00      1.0947E+00      7.7420E+01      1.0046E+02      1.0000E+00
      1.1193E+00      1.0244E+00      1.0008E+00      1.0394E+00      1.0889E+00      8.8088E+01      9.1218E+01      1.0000E+00
      8.4357E-01      1.0944E+00      1.0255E+00      1.2139E+00      7.1912E-01      8.5196E+01      1.0202E+02      1.0000E+00
      1.7419E+00      1.6760E+00      1.6097E+00      2.3100E+00      8.5446E-01      5.3311E+01      1.3673E+02      1.0000E+00
      1.3490E+00      1.4933E+00      1.3365E+00      1.9902E+00      8.5726E-01      5.3278E+01      1.2125E+02      1.0000E+00
      1.8249E+00      1.6590E+00      1.5384E+00      2.3380E+00      9.1260E-01      5.5169E+01      1.3404E+02      1.0000E+00
      8.3623E-01      1.0843E+00      1.0357E+00      1.1917E+00      7.1890E-01      8.1204E+01      1.0439E+02      1.0000E+00
      1.4497E+00      1.5942E+00      1.3470E+00      2.1855E+00      8.5564E-01      5.2968E+01      1.2158E+02      1.0000E+00
      1.0042E+00      1.0575E+00      1.0097E+00      1.0936E+00      9.3632E-01      8.2287E+01      9.4907E+01      1.0000E+00
      7.1160E-01      1.3167E+00      1.3679E+00      1.5568E+00      3.6068E-01      7.3372E+01      1.3297E+02      1.0000E+00
      7.3415E-01      1.2877E+00      1.4344E+00      1.5737E+00      3.6916E-01      7.1272E+01      1.3521E+02      1.0000E+00
      7.3965E-01      1.3206E+00      1.3563E+00      1.6073E+00      3.6771E-01      7.3706E+01      1.3235E+02      1.0000E+00
      1.1085E+00      1.0359E+00      1.0174E+00      1.0528E+00      1.0827E+00      8.0662E+01      1.0037E+02      1.0000E+00
      7.2150E-01      1.3212E+00      1.3698E+00      1.6030E+00      3.4459E-01      7.1731E+01      1.3307E+02      1.0000E+00
      1.3468E+00      1.5174E+00      1.4083E+00      1.9812E+00      8.5285E-01      4.9286E+01      1.2363E+02      1.0000E+00
      9.5716E-01      1.1989E+00      1.0574E+00      1.3997E+00      7.2481E-01      7.1440E+01      9.9538E+01      1.0000E+00
      1.8321E+00      1.5920E+00      1.6572E+00      2.2744E+00      8.9750E-01      5.4269E+01      1.3683E+02      1.0000E+00
      1.3031E+00      1.7155E+00      1.4760E+00      2.3187E+00      7.5008E-01      4.8179E+01      1.2782E+02      1.0000E+00
      1.5395E+00      1.6287E+00      1.5495E+00      2.3134E+00      8.2761E-01      5.3340E+01      1.3268E+02      1.0000E+00
      7.2039E-01      1.1464E+00      1.0233E+00      1.2426E+00      6.2889E-01      8.2500E+01      9.9499E+01      1.0000E+00
      9.2851E-01      1.2155E+00      1.0541E+00      1.3618E+00      7.2530E-01      7.8776E+01      1.0785E+02      1.0000E+00
      1.8648E+00      1.6308E+00      1.4608E+00      2.3439E+00      9.5446E-01      5.7664E+01      1.3083E+02      1.0000E+00
      1.4054E+00      1.6529E+00      1.3359E+00      2.1506E+00      8.1074E-01      5.0744E+01      1.2133E+02      1.0000E+00
      1.6095E+00      1.4342E+00      1.3142E+00      2.0671E+00      1.0237E+00      6.1065E+01      1.2062E+02      1.0000E+00
      1.9752E+00      1.7625E+00      1.6550E+00      2.3498E+00      8.8205E-01      5.3173E+01      1.3979E+02      1.0000E+00
      9.0550E-01      1.1503E+00      1.0361E+00      1.2860E+00      8.1183E-01      8.4798E+01      9.9595E+01      1.0000E+00
      1.3483E+00      1.1010E+00      1.0179E+00      1.1987E+00      1.1706E+00      7.9561E+01      9.4718E+01      1.0000E+00
      1.1390E+00      1.0989E+00      1.0290E+00      1.2045E+00      9.8892E-01      8.1207E+01      1.0292E+02      1.0000E+00
      1.0672E+00      1.0588E+00      1.0233E+00      1.2096E+00      9.7652E-01      8.4434E+01      9.5918E+01      1.0000E+00
      1.1868E+00      1.0922E+00      1.0361E+00      1.2633E+00      1.0198E+00      7.8355E+01      9.7428E+01      1.0000E+00
      8.1424E-01      1.3391E+00      1.1131E+00      1.5121E+00      6.4259E-01      6.9231E+01      1.0998E+02      1.0000E+00
      3.9093E-01      1.2675E+00      1.0742E+00      1.3842E+00      3.1150E-01      7.7328E+01      1.0671E+02      1.0000E+00
      2.4400E-01      1.1525E+00      1.0350E+00      1.2384E+00      2.1697E-01      7.7703E+01      1.0272E+02      1.0000E+00
      2.1179E-01      1.0346E+00      1.0140E+00      1.0360E+00      2.0971E-01      8.0667E+01      9.9458E+01      1.0000E+00
      2.2522E-01      1.0386E+00      1.0122E+00      1.0754E+00      2.1249E-01      8.1085E+01      9.6151E+01      1.0000E+00
      2.3982E-01      1.0316E+00      1.0025E+00      1.0676E+00      2.3139E-01      8.6808E+01      9.3468E+01      1.0000E+00
      2.6392E-01      1.0515E+00      1.0074E+00      1.0975E+00      2.4068E-01      8.6848E+01      9.6953E+01      1.0000E+00
      6.8696E-01      1.2809E+00      1.3178E+00      1.5389E+00      3.8323E-01      7.1861E+01      1.3017E+02      1.0000E+00
      8.4873E-01      1.0719E+00      1.0351E+00      1.2366E+00      7.5030E-01      7.9511E+01      9.8905E+01      1.0000E+00
      3.5143E-01      1.1583E+00      1.0251E+00      1.2665E+00      2.9419E-01      7.9462E+01      9.8660E+01      1.0000E+00
      6.0486E-01      1.2802E+00      1.0696E+00      1.4384E+00      4.8150E-01      7.4392E+01      1.0299E+02      1.0000E+00
      1.3686E+00      1.6872E+00      1.4873E+00      2.4061E+00      7.6284E-01      4.9297E+01      1.2612E+02      1.0000E+00
      7.3289E-01      1.1071E+00      1.0240E+00      1.2407E+00      6.3748E-01      8.5131E+01      9.9937E+01      1.0000E+00
      1.5644E+00      1.6542E+00      1.5767E+00      2.2621E+00      8.7019E-01      5.0880E+01      1.3395E+02      1.0000E+00
      1.5869E+00      1.4969E+00      1.3429E+00      2.2393E+00      9.0337E-01      6.1296E+01      1.1192E+02      1.0000E+00
      8.9789E-01      1.2942E+00      1.1365E+00      1.6762E+00      7.1431E-01      7.7546E+01      1.0104E+02      1.0000E+00
      8.0382E-01      1.1378E+00      1.0651E+00      1.4219E+00      6.9966E-01      8.4400E+01      9.6974E+01      1.0000E+00
      9.6186E-01      1.1462E+00      1.0317E+00      1.2484E+00      8.7578E-01      8.3344E+01      9.9365E+01      1.0000E+00
      1.0114E+00      1.1335E+00      1.0618E+00      1.3681E+00      7.7474E-01      8.0747E+01      1.0712E+02      1.0000E+00
      5.7254E-01      1.5748E+00      1.3548E+00      2.3016E+00      2.5560E-01      6.1352E+01      1.2923E+02      1.0000E+00
      3.8898E-01      1.6897E+00      1.5357E+00      2.2706E+00      2.0214E-01      5.3161E+01      1.3476E+02      1.0000E+00
      1.9904E-01      1.0837E+00      1.0434E+00      1.1262E+00      1.7621E-01      7.8744E+01      1.0656E+02      1.0000E+00
      3.2309E-01      1.5245E+00      1.2584E+00      1.9342E+00      2.0455E-01      5.4527E+01      1.1868E+02      1.0000E+00
      3.1765E-01      1.5432E+00      1.2766E+00      1.9255E+00      2.0567E-01      5.3698E+01      1.2124E+02      1.0000E+00
      3.7140E-01      1.5603E+00      1.4270E+00      1.9893E+00      2.1820E-01      5.5171E+01      1.3163E+02      1.0000E+00
      2.1310E-01      1.1055E+00      1.0479E+00      1.1836E+00      1.8408E-01      7.7952E+01      1.0713E+02      1.0000E+00
      1.8252E-01      1.1132E+00      1.0323E+00      1.2768E+00      1.5037E-01      7.7915E+01      9.7960E+01      1.0000E+00
      3.1547E-01      1.6438E+00      1.6160E+00      2.2716E+00      1.8212E-01      4.4566E+01      1.2827E+02      1.0000E+00
      3.3915E-01      1.7844E+00      1.6574E+00      2.2810E+00      1.9936E-01      4.2429E+01      1.3377E+02      1.0000E+00
      3.3733E-01      1.5518E+00      1.4010E+00      2.0640E+00      2.0564E-01      4.9539E+01      1.2292E+02      1.0000E+00
      2.4160E-01      1.1665E+00      1.0790E+00      1.3910E+00      1.8315E-01      7.8314E+01      1.1019E+02      1.0000E+00
      3.9685E-01      1.6279E+00      1.3653E+00      1.9979E+00      2.5648E-01      5.0145E+01      1.2689E+02      1.0000E+00
      3.2786E-01      1.8123E+00      1.6646E+00      2.2533E+00      2.0092E-01      4.3295E+01      1.3640E+02      1.0000E+00
      1.8848E-01      1.1248E+00      1.0408E+00      1.3168E+00      1.5068E-01      7.6862E+01      9.9666E+01      1.0000E+00
      2.9866E-01      1.5374E+00      1.4734E+00      2.1211E+00      1.8025E-01      4.8733E+01      1.2393E+02      1.0000E+00
      2.9753E-01      2.0416E+00      2.0246E+00      2.3753E+00      1.7621E-01      3.6111E+01      1.4384E+02      1.0000E+00
      2.9082E-01      1.5875E+00      1.6620E+00      2.2733E+00      1.6930E-01      4.5181E+01      1.2785E+02      1.0000E+00
      1.6435E-01      1.2313E+00      1.0806E+00      1.4263E+00      1.3832E-01      6.9884E+01      1.0326E+02      1.0000E+00
      7.1994E-01      1.1553E+00      1.0445E+00      1.3391E+00      6.6663E-01      8.6419E+01      9.7468E+01      1.0000E+00
      4.2588E-01      1.1664E+00      1.0493E+00      1.3291E+00      3.4389E-01      7.2779E+01      1.0060E+02      1.0000E+00
      6.0607E-01      1.2019E+00      1.0586E+00      1.2929E+00      5.3962E-01      7.4731E+01      1.0439E+02      1.0000E+00
      4.7321E-01      1.2056E+00      1.1452E+00      1.5077E+00      3.7844E-01      6.6621E+01      1.0859E+02      1.0000E+00
      2.2109E-01      1.8888E+00      1.5249E+00      2.0103E+00      1.1569E-01      5.4730E+01      1.3527E+02      1.0000E+00
      1.5596E-01      1.2449E+00      1.2225E+00      1.2924E+00      1.2063E-01      6.5927E+01      1.2469E+02      1.0000E+00
      1.7290E-01      1.2850E+00      1.0688E+00      1.4493E+00      1.3617E-01      7.6970E+01      1.0377E+02      1.0000E+00
      8.3309E-01      1.1936E+00      1.0672E+00      1.4325E+00      7.3173E-01      7.9675E+01      9.3605E+01      1.0000E+00
      1.3691E+00      1.2947E+00      1.0884E+00      1.5084E+00      1.0450E+00      7.2687E+01      1.0190E+02      1.0000E+00
      1.8066E+00      1.4112E+00      1.6299E+00      1.8156E+00      9.5337E-01      5.7083E+01      1.3846E+02      1.0000E+00
      7.8398E-01      1.1116E+00      1.0141E+00      1.1811E+00      6.9213E-01      8.1799E+01      9.5493E+01      1.0000E+00
      1.6379E+00      1.5318E+00      1.5885E+00      2.2185E+00      8.9234E-01      5.4302E+01      1.3285E+02      1.0000E+00
      1.6454E+00      1.1658E+00      1.1075E+00      1.4824E+00      1.3253E+00      7.2536E+01      1.0314E+02      1.0000E+00
      4.4969E-01      1.4649E+00      1.1771E+00      1.9467E+00      2.2167E-01      5.9278E+01      1.2077E+02      1.0000E+00
      1.8556E+00      1.5301E+00      1.1659E+00      2.1218E+00      1.1120E+00      6.4961E+01      1.1511E+02      1.0000E+00
      1.5648E+00      1.5772E+00      1.4345E+00      2.0984E+00      8.7917E-01      5.6172E+01      1.3123E+02      1.0000E+00
      1.5577E+00      1.4931E+00      1.3242E+00      2.1156E+00      9.2373E-01      6.1228E+01      1.2377E+02      1.0000E+00
      8.2779E-01      1.0945E+00      1.0366E+00      1.1727E+00      7.2326E-01      8.1918E+01      1.0501E+02      1.0000E+00
      1.5942E+00      1.7023E+00      1.5296E+00      2.2648E+00      8.1891E-01      5.3409E+01      1.3508E+02      1.0000E+00
      8.1401E-01      1.1092E+00      1.0287E+00      1.2413E+00      6.9205E-01      8.5364E+01      1.0244E+02      1.0000E+00
      1.3490E+00      1.4516E+00      1.3321E+00      2.0091E+00      8.8975E-01      5.8013E+01      1.2248E+02      1.0000E+00
      1.4229E+00      1.6480E+00      1.6169E+00      2.1349E+00      7.9214E-01      4.9755E+01      1.3666E+02      1.0000E+00
      1.1414E+00      1.6155E+00      1.4834E+00      2.4447E+00      6.0404E-01      5.0181E+01      1.2108E+02      1.0000E+00
      7.4620E-01      1.2261E+00      1.0901E+00      1.5840E+00      5.4911E-01      7.2739E+01      1.0226E+02      1.0000E+00
      1.4213E+00      1.1294E+00      1.0406E+00      1.2586E+00      1.3595E+00      7.9000E+01      9.9415E+01      1.0000E+00
      1.2064E+00      1.1879E+00      1.0540E+00      1.2603E+00      1.0630E+00      7.6983E+01      1.0549E+02      1.0000E+00
      5.6300E-01      1.4132E+00      1.2654E+00      2.0223E+00      3.0101E-01      6.8859E+01      1.2330E+02      1.0000E+00
      2.6890E-01      1.2690E+00      1.1309E+00      1.6481E+00      1.9755E-01      7.0764E+01      1.1148E+02      1.0000E+00
      2.4348E-01      1.0810E+00      1.0140E+00      1.1131E+00      2.2952E-01      8.1754E+01      9.7470E+01      1.0000E+00
      2.2793E-01      1.0330E+00      1.0136E+00      1.0355E+00      2.2535E-01      8.0752E+01      9.9105E+01      1.0000E+00
      2.4161E-01      1.0553E+00      1.0106E+00      1.0966E+00      2.3107E-01      8.2196E+01      9.5781E+01      1.0000E+00
      2.4650E-01      1.0433E+00      1.0059E+00      1.0755E+00      2.3593E-01      8.4105E+01      9.3961E+01      1.0000E+00
      2.3685E-01      1.0395E+00      1.0132E+00      1.0575E+00      2.2973E-01      8.0881E+01      9.7736E+01      1.0000E+00
      2.4326E-01      1.2816E+00      1.0831E+00      1.5891E+00      1.8366E-01      7.1132E+01      1.0669E+02      1.0000E+00
      4.1554E-01      1.4308E+00      1.2023E+00      1.8478E+00      2.0322E-01      6.1788E+01      1.2359E+02      1.0000E+00
      1.6260E+00      1.4812E+00      1.1694E+00      2.0502E+00      9.6886E-01      6.3642E+01      1.1290E+02      1.0000E+00
      1.4744E+00      1.4950E+00      1.4564E+00      2.1053E+00      8.0458E-01      5.8864E+01      1.3063E+02      1.0000E+00
      7.9677E-01      1.1130E+00      1.0226E+00      1.2108E+00      6.5541E-01      8.1603E+01      1.0206E+02      1.0000E+00
      1.2581E+00      1.4374E+00      1.3917E+00      1.8696E+00      8.4022E-01      5.5197E+01      1.2730E+02      1.0000E+00
      1.1075E+00      1.1122E+00      1.0247E+00      1.2164E+00      9.3277E-01      8.4234E+01      1.0241E+02      1.0000E+00
      1.0160E+00      1.1380E+00      1.1143E+00      1.2380E+00      7.8652E-01      7.6237E+01      1.1601E+02      1.0000E+00
      1.1338E+00      1.1158E+00      1.0760E+00      1.1464E+00      1.0030E+00      7.4212E+01      1.1153E+02      1.0000E+00
      4.2208E-01      1.5590E+00      1.3154E+00      1.9913E+00      2.6473E-01      5.7246E+01      1.2634E+02      1.0000E+00
      4.9838E-01      1.5014E+00      1.2739E+00      2.1852E+00      2.6688E-01      6.6945E+01      1.2260E+02      1.0000E+00
      2.5254E-01      1.2020E+00      1.0723E+00      1.2790E+00      2.0970E-01      7.4594E+01      1.1105E+02      1.0000E+00
      4.1810E-01      1.5477E+00      1.4757E+00      2.1367E+00      2.3518E-01      5.5696E+01      1.3114E+02      1.0000E+00
      4.1393E-01      1.4815E+00      1.3669E+00      2.0828E+00      2.5218E-01      5.8671E+01      1.2518E+02      1.0000E+00
      2.2318E-01      1.0956E+00      1.0292E+00      1.1792E+00      1.8784E-01      8.4947E+01      1.0367E+02      1.0000E+00
      4.0228E-01      1.5687E+00      1.3603E+00      2.1330E+00      2.2153E-01      6.0038E+01      1.2835E+02      1.0000E+00
      2.1798E-01      1.0839E+00      1.0376E+00      1.1670E+00      1.8422E-01      8.2714E+01      1.0539E+02      1.0000E+00
      3.6424E-01      1.4792E+00      1.3363E+00      1.9796E+00      2.2160E-01      5.9596E+01      1.2627E+02      1.0000E+00
      3.8147E-01      1.0407E+00      1.0073E+00      1.0860E+00      3.7192E-01      8.4066E+01      9.5068E+01      1.0000E+00
      2.6210E-01      1.1604E+00      1.0305E+00      1.3144E+00      2.2137E-01      7.9749E+01      1.0235E+02      1.0000E+00
      2.6351E-01      1.2440E+00      1.0749E+00      1.3373E+00      2.1490E-01      7.5900E+01      1.0859E+02      1.0000E+00
      1.1358E-01      1.5880E+00      1.4699E+00      2.1894E+00      6.2750E-02      5.5508E+01      1.3128E+02      1.0000E+00
      1.1503E-01      1.4488E+00      1.3674E+00      2.1114E+00      6.6295E-02      6.1980E+01      1.2503E+02      1.0000E+00
      5.8618E-02      1.1077E+00      1.0297E+00      1.1953E+00      4.9982E-02      8.3777E+01      1.0369E+02      1.0000E+00
      2.5330E-01      1.1919E+00      1.0416E+00      1.3252E+00      2.1019E-01      7.8948E+01      1.0415E+02      1.0000E+00
      3.6069E-01      1.0424E+00      1.0128E+00      1.0548E+00      3.5029E-01      8.1105E+01      9.8138E+01      1.0000E+00
      2.7413E-01      1.1353E+00      1.0344E+00      1.2965E+00      2.1817E-01      8.0664E+01      1.0412E+02      1.0000E+00
      1.0858E-01      1.5389E+00      1.3838E+00      2.1533E+00      6.1289E-02      5.9127E+01      1.2766E+02      1.0000E+00
      5.3243E-02      1.0987E+00      1.0277E+00      1.1827E+00      4.6567E-02      8.1276E+01      1.0303E+02      1.0000E+00
      9.8982E-02      1.6792E+00      1.4456E+00      2.3130E+00      5.7056E-02      5.3126E+01      1.2931E+02      1.0000E+00
      9.1186E-01      1.1411E+00      1.0922E+00      1.2609E+00      6.8074E-01      8.0715E+01      1.1368E+02      1.0000E+00
      1.0351E+00      1.2584E+00      1.0626E+00      1.4651E+00      7.8279E-01      7.2697E+01      1.0190E+02      1.0000E+00
      1.2575E+00      1.1907E+00      1.0465E+00      1.3642E+00      9.0925E-01      7.3936E+01      1.0616E+02      1.0000E+00
      3.9917E-01      1.4421E+00      1.3506E+00      1.9659E+00      2.5754E-01      5.8082E+01      1.2465E+02      1.0000E+00
      2.5602E-01      1.1377E+00      1.0303E+00      1.2906E+00      1.9675E-01      7.7004E+01      1.0376E+02      1.0000E+00
      4.3880E-01      1.5462E+00      1.4659E+00      2.1184E+00      2.4169E-01      5.6685E+01      1.3159E+02      1.0000E+00
      1.0635E+00      1.2995E+00      1.0850E+00      1.4046E+00      8.5730E-01      7.7253E+01      1.0536E+02      1.0000E+00
      1.0903E+00      1.3227E+00      1.0980E+00      1.4382E+00      8.8395E-01      7.2390E+01      1.0656E+02      1.0000E+00
      7.0773E-01      1.4934E+00      1.3830E+00      2.0802E+00      2.9614E-01      6.1949E+01      1.3255E+02      1.0000E+00
      1.1753E+00      1.2799E+00      1.1687E+00      1.4702E+00      7.5341E-01      7.5988E+01      1.2112E+02      1.0000E+00
      4.1335E-01      1.7808E+00      1.4881E+00      2.5166E+00      2.0297E-01      5.4939E+01      1.3244E+02      1.0000E+00
      1.9827E-01      1.0848E+00      1.0530E+00      1.1354E+00      1.7313E-01      7.8890E+01      1.0819E+02      1.0000E+00
      3.3212E-01      1.5508E+00      1.2630E+00      1.9590E+00      2.1038E-01      5.4974E+01      1.1937E+02      1.0000E+00
      3.4080E-01      1.5444E+00      1.3266E+00      1.9724E+00      2.1606E-01      5.1648E+01      1.2233E+02      1.0000E+00
      3.9898E-01      1.6129E+00      1.5372E+00      2.1924E+00      2.2078E-01      5.2849E+01      1.3347E+02      1.0000E+00
      2.1413E-01      1.0880E+00      1.0316E+00      1.1652E+00      1.8122E-01      8.3923E+01      1.0420E+02      1.0000E+00
      1.8859E-01      1.1013E+00      1.0243E+00      1.2344E+00      1.5852E-01      7.8456E+01      9.6673E+01      1.0000E+00
      3.2250E-01      1.6472E+00      1.5683E+00      2.2175E+00      1.8981E-01      4.5167E+01      1.2838E+02      1.0000E+00
      3.4145E-01      1.7842E+00      1.6707E+00      2.2687E+00      2.0444E-01      4.2808E+01      1.3495E+02      1.0000E+00
      3.3276E-01      1.6126E+00      1.5157E+00      2.1661E+00      1.9732E-01      4.6162E+01      1.2635E+02      1.0000E+00
      2.0865E-01      1.1087E+00      1.0333E+00      1.2753E+00      1.7040E-01      7.7187E+01      9.8060E+01      1.0000E+00
      3.6641E-01      1.7341E+00      1.6544E+00      2.1819E+00      2.2989E-01      4.4211E+01      1.3559E+02      1.0000E+00
      3.5573E-01      1.7211E+00      1.5419E+00      2.2432E+00      2.1039E-01      4.5487E+01      1.3040E+02      1.0000E+00
      2.0045E-01      1.1073E+00      1.0214E+00      1.2179E+00      1.6617E-01      8.1927E+01      1.0162E+02      1.0000E+00
      3.3461E-01      1.6685E+00      1.5149E+00      2.1798E+00      1.9800E-01      4.5399E+01      1.2798E+02      1.0000E+00
      3.6149E-01      1.7330E+00      1.5587E+00      2.2557E+00      2.1361E-01      4.5139E+01      1.3105E+02      1.0000E+00
      3.4048E-01      1.6524E+00      1.5144E+00      2.1604E+00      2.0338E-01      4.5627E+01      1.2794E+02      1.0000E+00
      2.0259E-01      1.0924E+00      1.0192E+00      1.1976E+00      1.6926E-01      8.2106E+01      1.0102E+02      1.0000E+00
      6.8874E-01      1.2523E+00      1.1103E+00      1.5830E+00      4.6591E-01      6.5604E+01      1.0276E+02      1.0000E+00
      8.3479E-01      1.1407E+00      1.1420E+00      1.2828E+00      6.3040E-01      7.3440E+01      1.1810E+02      1.0000E+00
      2.8491E-01      1.2009E+00      1.1240E+00      1.3395E+00      2.3186E-01      6.2854E+01      1.1041E+02      1.0000E+00
      5.0862E-01      1.4590E+00      1.4311E+00      1.6099E+00      2.9999E-01      5.7970E+01      1.3518E+02      1.0000E+00
      3.7169E-01      1.4510E+00      1.2040E+00      1.8289E+00      2.4186E-01      5.7869E+01      1.1441E+02      1.0000E+00
      3.3448E-01      1.5600E+00      1.3345E+00      1.9870E+00      2.1630E-01      5.2444E+01      1.2417E+02      1.0000E+00
      2.0352E-01      1.0960E+00      1.0389E+00      1.2007E+00      1.6866E-01      8.3667E+01      1.0554E+02      1.0000E+00
      3.5456E-01      1.6100E+00      1.4754E+00      2.1940E+00      2.0993E-01      5.2673E+01      1.3029E+02      1.0000E+00
      4.3137E-01      1.4796E+00      1.3280E+00      2.0242E+00      2.1677E-01      6.8130E+01      1.2869E+02      1.0000E+00
      1.0552E+00      1.1591E+00      1.0629E+00      1.2615E+00      8.9868E-01      7.7590E+01      1.0915E+02      1.0000E+00
      1.2839E+00      1.1426E+00      1.0307E+00      1.2781E+00      1.1849E+00      8.2371E+01      9.4405E+01      1.0000E+00
      9.2726E-01      1.2001E+00      1.0495E+00      1.4271E+00      7.0852E-01      7.8625E+01      1.0595E+02      1.0000E+00
      1.2146E+00      1.0768E+00      1.0112E+00      1.1606E+00      1.0801E+00      8.2998E+01      9.5705E+01      1.0000E+00
      1.2573E+00      1.1551E+00      1.0307E+00      1.2729E+00      1.0734E+00      7.7671E+01      9.6563E+01      1.0000E+00
      1.0076E+00      1.0653E+00      1.0273E+00      1.1252E+00      8.8318E-01      8.3570E+01      1.0321E+02      1.0000E+00
      1.4536E+00      1.7151E+00      1.6421E+00      2.3256E+00      7.5942E-01      4.9868E+01      1.3670E+02      1.0000E+00
      7.2013E-01      1.1410E+00      1.0627E+00      1.3682E+00      5.7210E-01      7.2835E+01      1.0020E+02      1.0000E+00
      1.1225E+00      1.4471E+00      1.5405E+00      2.0460E+00      7.3185E-01      5.1461E+01      1.2749E+02      1.0000E+00
      1.7080E+00      1.7399E+00      1.7299E+00      2.2547E+00      8.2791E-01      4.9381E+01      1.4086E+02      1.0000E+00
      1.2673E+00      1.3326E+00      1.3442E+00      1.8892E+00      8.3586E-01      5.6738E+01      1.1666E+02      1.0000E+00
      8.6943E-01      1.1712E+00      1.0642E+00      1.4278E+00      6.8591E-01      7.8740E+01      1.0248E+02      1.0000E+00
      1.7375E+00      1.5765E+00      1.3185E+00      2.0433E+00      1.0482E+00      5.8149E+01      1.2665E+02      1.0000E+00
      9.9202E-01      1.1450E+00      1.0530E+00      1.1868E+00      8.7027E-01      7.5806E+01      1.0823E+02      1.0000E+00
      1.8214E+00      1.4968E+00      1.3003E+00      2.0398E+00      1.0514E+00      6.2916E+01      1.2512E+02      1.0000E+00
      7.0934E-02      1.9046E+00      1.8000E+00      3.2348E+00      1.7736E-02      4.5938E+01      1.4313E+02      1.0000E+00
      1.2422E-01      1.4021E+00      1.2431E+00      2.1669E+00      7.7380E-02      6.8706E+01      1.1242E+02      1.0000E+00
      1.5416E-01      1.4668E+00      1.3882E+00      2.2962E+00      8.7235E-02      5.7208E+01      1.1590E+02      1.0000E+00
      1.0264E-01      1.6942E+00      1.5784E+00      2.8247E+00      2.9118E-02      4.7785E+01      1.3793E+02      1.0000E+00
      3.5168E-01      1.6112E+00      1.2341E+00      2.2516E+00      1.7129E-01      5.6685E+01      1.2093E+02      1.0000E+00
      2.9986E-01      1.6182E+00      1.5156E+00      2.3350E+00      1.0661E-01      5.7374E+01      1.3749E+02      1.0000E+00
      8.8658E-01      1.1260E+00      1.0911E+00      1.1433E+00      7.7369E-01      7.1586E+01      1.1354E+02      1.0000E+00
      9.2440E-01      1.0773E+00      1.0336E+00      1.1352E+00      8.6449E-01      7.6040E+01      1.0375E+02      1.0000E+00
      2.1945E-01      1.2325E+00      1.0445E+00      1.4519E+00      1.7174E-01      7.7515E+01      1.0337E+02      1.0000E+00
      4.5874E-01      1.6312E+00      1.4984E+00      2.3127E+00      2.4637E-01      5.4775E+01      1.3143E+02      1.0000E+00
      3.8217E-01      1.7230E+00      1.4678E+00      2.5099E+00      2.0606E-01      5.0407E+01      1.2520E+02      1.0000E+00
      4.2253E-01      1.5110E+00      1.4141E+00      2.1205E+00      2.6748E-01      5.4987E+01      1.2574E+02      1.0000E+00
      4.5564E-01      1.6291E+00      1.5468E+00      2.2042E+00      2.5234E-01      5.2205E+01      1.3380E+02      1.0000E+00
      2.3573E-01      1.1029E+00      1.0199E+00      1.2162E+00      2.0095E-01      8.3513E+01      1.0046E+02      1.0000E+00
      4.3685E-01      1.4871E+00      1.3690E+00      2.1197E+00      2.3823E-01      6.2605E+01      1.2730E+02      1.0000E+00
      3.9044E-01      1.5295E+00      1.3815E+00      2.0349E+00      2.3664E-01      5.6632E+01      1.2809E+02      1.0000E+00
      2.3070E-01      1.1034E+00      1.0334E+00      1.1881E+00      1.9140E-01      8.4453E+01      1.0461E+02      1.0000E+00
      4.5208E-01      1.5788E+00      1.5259E+00      2.3122E+00      2.2742E-01      5.7519E+01      1.3247E+02      1.0000E+00
      2.2226E-01      1.1248E+00      1.0358E+00      1.2170E+00      1.8287E-01      8.3528E+01      1.0510E+02      1.0000E+00
      3.3414E-01      1.5404E+00      1.3282E+00      1.9055E+00      2.1443E-01      4.9985E+01      1.2243E+02      1.0000E+00
      3.4240E-01      1.0684E+00      1.0135E+00      1.1240E+00      3.1113E-01      8.0748E+01      9.4609E+01      1.0000E+00
      2.8259E-01      1.0566E+00      1.0069E+00      1.0915E+00      2.6866E-01      8.5545E+01      9.6229E+01      1.0000E+00
      2.8547E-01      1.0403E+00      1.0079E+00      1.0752E+00      2.7345E-01      8.3735E+01      9.6890E+01      1.0000E+00
      2.9773E-01      1.0424E+00      1.0138E+00      1.0719E+00      2.8304E-01      8.0581E+01      9.6620E+01      1.0000E+00
      3.0125E-01      1.1340E+00      1.0250E+00      1.2435E+00      2.6139E-01      7.8632E+01      9.5651E+01      1.0000E+00
      2.7093E-01      1.2040E+00      1.0603E+00      1.2629E+00      2.3787E-01      7.4454E+01      1.0617E+02      1.0000E+00
      2.1673E-01      1.2587E+00      1.3264E+00      1.4828E+00      1.2008E-01      7.3785E+01      1.3084E+02      1.0000E+00
      3.8576E-01      1.5772E+00      1.5002E+00      2.3056E+00      2.1388E-01      5.5210E+01      1.2967E+02      1.0000E+00
      3.3561E-01      1.5533E+00      1.4064E+00      1.8091E+00      2.3578E-01      4.8908E+01      1.2950E+02      1.0000E+00
      1.9231E-01      1.0870E+00      1.0285E+00      1.1824E+00      1.7254E-01      7.6582E+01      1.0083E+02      1.0000E+00
      3.6555E-01      1.0467E+00      1.0234E+00      1.0944E+00      3.4748E-01      8.0118E+01      1.0158E+02      1.0000E+00
      2.9756E-01      1.1580E+00      1.0272E+00      1.2547E+00      2.5118E-01      7.9732E+01      9.8183E+01      1.0000E+00
      1.6311E-01      1.4823E+00      1.3070E+00      1.9377E+00      8.9265E-02      6.5104E+01      1.2786E+02      1.0000E+00
      1.6643E-01      1.3107E+00      1.3557E+00      1.7712E+00      8.6927E-02      7.1746E+01      1.2985E+02      1.0000E+00
      2.4377E-01      1.0597E+00      1.0068E+00      1.1135E+00      2.3750E-01      8.5576E+01      9.3297E+01      1.0000E+00
      2.5451E-01      1.0990E+00      1.0177E+00      1.2006E+00      2.4051E-01      8.4015E+01      9.3156E+01      1.0000E+00
      2.6055E-01      1.0854E+00      1.0143E+00      1.1782E+00      2.4743E-01      8.4822E+01      9.2320E+01      1.0000E+00
      2.7849E-01      1.0595E+00      1.0161E+00      1.1369E+00      2.5832E-01      8.0163E+01      9.7143E+01      1.0000E+00
      2.6761E-01      1.0814E+00      1.0200E+00      1.1331E+00      2.4447E-01      7.8953E+01      9.7360E+01      1.0000E+00
      2.7887E-01      1.0893E+00      1.0141E+00      1.1820E+00      2.3939E-01      8.1108E+01      9.7384E+01      1.0000E+00
      1.4600E-01      1.4507E+00      1.3248E+00      1.8044E+00      8.3689E-02      6.3181E+01      1.2936E+02      1.0000E+00
      1.8972E-01      1.1181E+00      1.0208E+00      1.2149E+00      1.6140E-01      8.3182E+01      1.0048E+02      1.0000E+00
      3.3366E-01      1.4268E+00      1.2564E+00      1.9911E+00      2.1909E-01      6.2540E+01      1.1871E+02      1.0000E+00
      2.0941E-01      1.1355E+00      1.0654E+00      1.2832E+00      1.8043E-01      7.1349E+01      1.0655E+02      1.0000E+00
      3.7669E-01      1.5049E+00      1.4495E+00      1.7748E+00      2.1793E-01      5.6337E+01      1.3475E+02      1.0000E+00
      2.4133E-01      1.3095E+00      1.4530E+00      1.6015E+00      1.1431E-01      7.2994E+01      1.3620E+02      1.0000E+00
      8.9393E-01      1.2511E+00      1.1438E+00      1.4673E+00      6.0523E-01      7.7811E+01      1.1856E+02      1.0000E+00
      1.1692E+00      1.0775E+00      1.0142E+00      1.1518E+00      1.1349E+00      8.3156E+01      9.5201E+01      1.0000E+00
      1.0069E+00      1.1418E+00      1.0341E+00      1.2823E+00      8.3164E-01      8.3334E+01      1.0345E+02      1.0000E+00
      3.3320E-01      1.4324E+00      1.4159E+00      1.9760E+00      1.8553E-01      6.1295E+01      1.2992E+02      1.0000E+00
      1.0997E-01      1.2460E+00      1.2085E+00      1.4835E+00      8.1586E-02      6.4694E+01      1.2099E+02      1.0000E+00
      3.1481E-01      1.8861E+00      1.6982E+00      2.7800E+00      1.4275E-01      5.0107E+01      1.3695E+02      1.0000E+00
      1.0809E+00      1.0885E+00      1.0158E+00      1.1706E+00      1.0202E+00      8.5331E+01      9.7422E+01      1.0000E+00
      9.1271E-01      1.1298E+00      1.0481E+00      1.2155E+00      8.1881E-01      7.8423E+01      1.0645E+02      1.0000E+00
      1.0671E+00      1.1107E+00      1.0268E+00      1.1825E+00      1.0117E+00      7.9054E+01      9.9487E+01      1.0000E+00
      8.8472E-01      1.1346E+00      1.0430E+00      1.2370E+00      8.5550E-01      7.9185E+01      1.0256E+02      1.0000E+00
      9.2141E-01      1.1624E+00      1.1326E+00      1.3186E+00      6.7027E-01      7.5573E+01      1.1756E+02      1.0000E+00
      6.1964E-01      1.3508E+00      1.2619E+00      1.6561E+00      3.8480E-01      6.6183E+01      1.2595E+02      1.0000E+00
      1.0323E+00      1.0814E+00      1.0128E+00      1.1475E+00      9.4861E-01      8.1613E+01      9.6889E+01      1.0000E+00
      1.1043E+00      1.1273E+00      1.0620E+00      1.2148E+00      9.5868E-01      7.4253E+01      1.0902E+02      1.0000E+00
      1.0213E+00      1.1670E+00      1.0419E+00      1.3063E+00      8.8118E-01      7.5810E+01      1.0463E+02      1.0000E+00
      4.3852E-01      1.7116E+00      1.5462E+00      2.2986E+00      2.2155E-01      5.3299E+01      1.3546E+02      1.0000E+00
      2.2296E-01      1.0881E+00      1.0480E+00      1.1994E+00      1.8644E-01      8.0744E+01      1.0690E+02      1.0000E+00
      3.2754E-01      1.4662E+00      1.2632E+00      1.8753E+00      2.1037E-01      5.3991E+01      1.1765E+02      1.0000E+00
      3.4447E-01      1.4585E+00      1.3257E+00      1.6829E+00      2.4796E-01      5.0405E+01      1.2490E+02      1.0000E+00
      4.2416E-01      1.6789E+00      1.5988E+00      2.3734E+00      2.1846E-01      5.2243E+01      1.3473E+02      1.0000E+00
      2.1160E-01      1.0473E+00      1.0218E+00      1.1187E+00      1.9974E-01      7.9623E+01      1.0038E+02      1.0000E+00
      2.9725E-01      1.1087E+00      1.0252E+00      1.1821E+00      2.6256E-01      7.7789E+01      9.7343E+01      1.0000E+00
      2.1165E-01      1.2699E+00      1.3397E+00      1.4755E+00      1.1387E-01      7.3929E+01      1.3166E+02      1.0000E+00
      2.6346E-01      1.1806E+00      1.0422E+00      1.2650E+00      2.2848E-01      7.7989E+01      1.0354E+02      1.0000E+00
      1.6091E-01      1.3683E+00      1.3021E+00      1.8480E+00      8.2941E-02      7.1122E+01      1.2779E+02      1.0000E+00
      1.8646E-01      1.3409E+00      1.1888E+00      1.6885E+00      1.1689E-01      7.0875E+01      1.2094E+02      1.0000E+00
      1.3982E-01      1.2780E+00      1.1657E+00      1.5251E+00      8.2991E-02      7.3182E+01      1.2089E+02      1.0000E+00
      3.1628E-01      1.2031E+00      1.0435E+00      1.4348E+00      2.4810E-01      7.9033E+01      1.0403E+02      1.0000E+00
      2.0473E-01      1.1349E+00      1.0385E+00      1.2772E+00      1.7529E-01      7.5018E+01      1.0208E+02      1.0000E+00
      3.4014E-01      1.3998E+00      1.3463E+00      1.6056E+00      2.6076E-01      5.2697E+01      1.2737E+02      1.0000E+00
      3.7224E-01      1.6426E+00      1.5182E+00      2.3486E+00      2.0916E-01      5.2691E+01      1.3055E+02      1.0000E+00
      2.2006E-01      1.0422E+00      1.0024E+00      1.0712E+00      2.1197E-01      8.7217E+01      9.3049E+01      1.0000E+00
      2.1926E-01      1.0275E+00      1.0026E+00      1.0728E+00      2.1403E-01      8.8577E+01      9.1225E+01      1.0000E+00
      2.2161E-01      1.0521E+00      1.0078E+00      1.1026E+00      2.1488E-01      8.5862E+01      9.5840E+01      1.0000E+00
      2.2237E-01      1.0532E+00      1.0069E+00      1.0905E+00      2.1563E-01      8.5475E+01      9.5583E+01      1.0000E+00
      2.9904E-01      1.4754E+00      1.3489E+00      2.0346E+00      1.8236E-01      5.2841E+01      1.1857E+02      1.0000E+00
      1.8597E-01      1.1139E+00      1.0401E+00      1.2722E+00      1.6004E-01      8.3110E+01      1.0334E+02      1.0000E+00
      4.0359E-01      1.7488E+00      1.6470E+00      2.3358E+00      1.9992E-01      5.0554E+01      1.3809E+02      1.0000E+00
      1.8632E-01      1.1217E+00      1.0350E+00      1.2992E+00      1.5943E-01      8.5161E+01      1.0127E+02      1.0000E+00
      2.9731E-01      1.4617E+00      1.3784E+00      2.0301E+00      1.8344E-01      5.2398E+01      1.1961E+02      1.0000E+00
      4.0494E-01      1.7609E+00      1.6871E+00      2.3483E+00      1.9780E-01      4.9806E+01      1.3912E+02      1.0000E+00
      1.8051E-01      1.3572E+00      1.2233E+00      1.6396E+00      1.1105E-01      6.9003E+01      1.2434E+02      1.0000E+00
      3.3565E-01      1.3802E+00      1.3419E+00      1.6890E+00      2.4625E-01      5.3448E+01      1.2453E+02      1.0000E+00
      1.8319E-01      1.1653E+00      1.1160E+00      1.1996E+00      1.5067E-01      7.1644E+01      1.1633E+02      1.0000E+00
      4.2807E-01      1.5594E+00      1.6257E+00      1.9529E+00      2.2490E-01      5.3097E+01      1.3893E+02      1.0000E+00
      2.4744E-01      1.3810E+00      1.2492E+00      1.7922E+00      1.3251E-01      7.0668E+01      1.2572E+02      1.0000E+00
      3.2634E-01      1.6576E+00      1.5055E+00      2.6412E+00      1.6302E-01      5.7549E+01      1.2797E+02      1.0000E+00
      1.1726E-01      1.3291E+00      1.2116E+00      1.5120E+00      8.7195E-02      6.1768E+01      1.2253E+02      1.0000E+00
      3.4752E-01      1.5552E+00      1.6031E+00      1.9574E+00      1.7775E-01      5.4651E+01      1.3873E+02      1.0000E+00
      3.0019E-01      1.1161E+00      1.0509E+00      1.3557E+00      2.4246E-01      8.1837E+01      1.0317E+02      1.0000E+00
      1.9864E-01      1.1012E+00      1.0255E+00      1.2525E+00      1.7870E-01      8.5646E+01      9.6709E+01      1.0000E+00
      8.5276E-01      1.2332E+00      1.1202E+00      1.4518E+00      5.9471E-01      7.9559E+01      1.1614E+02      1.0000E+00
      9.7666E-01      1.1464E+00      1.0546E+00      1.3161E+00      8.9572E-01      7.6806E+01      1.0018E+02      1.0000E+00
      9.0990E-01      1.1408E+00      1.0361E+00      1.3046E+00      7.7716E-01      8.3173E+01      9.9902E+01      1.0000E+00
      3.3005E-01      1.3902E+00      1.3012E+00      2.0536E+00      2.0937E-01      6.3565E+01      1.1874E+02      1.0000E+00
      1.8351E-01      1.1507E+00      1.0433E+00      1.3016E+00      1.5900E-01      8.2726E+01      1.0417E+02      1.0000E+00
      3.5994E-01      1.7117E+00      1.5738E+00      2.1775E+00      1.8872E-01      5.1267E+01      1.3709E+02      1.0000E+00
      7.0805E-01      1.2761E+00      1.1577E+00      1.7316E+00      5.2561E-01      7.3355E+01      1.0137E+02      1.0000E+00
      1.2151E+00      1.2676E+00      1.1052E+00      1.5652E+00      9.1708E-01      7.7120E+01      1.0603E+02      1.0000E+00
      8.0125E-01      1.0510E+00      1.0094E+00      1.1211E+00      7.3967E-01      8.6454E+01      9.7049E+01      1.0000E+00
      9.1918E-01      1.0211E+00      1.0012E+00      1.0419E+00      8.9639E-01      8.7817E+01      9.2664E+01      1.0000E+00
      9.1665E-01      1.0162E+00      1.0034E+00      1.0582E+00      8.9191E-01      8.6598E+01      9.3465E+01      1.0000E+00
      9.4330E-01      1.0076E+00      1.0010E+00      1.0165E+00      9.3436E-01      8.7906E+01      9.2506E+01      1.0000E+00
      9.9609E-01      1.1532E+00      1.0384E+00      1.2755E+00      8.7427E-01      7.6124E+01      1.0400E+02      1.0000E+00
      9.8787E-01      1.1631E+00      1.0619E+00      1.3142E+00      8.4987E-01      7.2389E+01      1.0707E+02      1.0000E+00
      4.1182E-01      1.6882E+00      1.6380E+00      2.3918E+00      2.0324E-01      5.2338E+01      1.3629E+02      1.0000E+00
      1.7752E-01      1.1128E+00      1.0175E+00      1.1938E+00      1.6072E-01      8.1201E+01      9.8057E+01      1.0000E+00
      3.2879E-01      1.6679E+00      1.4434E+00      2.2679E+00      1.8957E-01      4.8922E+01      1.2565E+02      1.0000E+00
      3.6549E-01      1.5418E+00      1.3011E+00      2.1995E+00      2.1892E-01      5.7645E+01      1.1871E+02      1.0000E+00
      4.1784E-01      1.7239E+00      1.5133E+00      2.2944E+00      2.2107E-01      5.2582E+01      1.3407E+02      1.0000E+00
      2.0192E-01      1.1227E+00      1.0533E+00      1.2377E+00      1.7382E-01      8.0589E+01      1.0722E+02      1.0000E+00
      2.0328E-01      1.2859E+00      1.2493E+00      1.5493E+00      1.1186E-01      7.4222E+01      1.2672E+02      1.0000E+00
      2.7018E-01      1.2038E+00      1.0614E+00      1.3968E+00      2.2086E-01      7.2048E+01      9.9193E+01      1.0000E+00
      2.8124E-01      1.1760E+00      1.0449E+00      1.3362E+00      2.6898E-01      8.5910E+01      9.5370E+01      1.0000E+00
      2.1165E-01      1.3451E+00      1.4235E+00      1.5600E+00      1.0699E-01      7.0474E+01      1.3531E+02      1.0000E+00
      3.1395E-01      1.2447E+00      1.0867E+00      1.4323E+00      2.6859E-01      7.8602E+01      1.0653E+02      1.0000E+00
      3.3623E-01      1.1932E+00      1.0405E+00      1.3195E+00      3.0252E-01      8.2191E+01      9.6026E+01      1.0000E+00
      1.0587E+00      1.1579E+00      1.1600E+00      1.2411E+00      7.8127E-01      7.4027E+01      1.2040E+02      1.0000E+00
      1.0959E+00      1.1042E+00      1.0416E+00      1.2813E+00      9.4900E-01      7.7537E+01      1.0101E+02      1.0000E+00
      1.2465E-01      1.3387E+00      1.1350E+00      1.5214E+00      9.8328E-02      6.5084E+01      1.1437E+02      1.0000E+00
      4.0920E-01      1.6456E+00      1.9546E+00      2.0993E+00      1.7561E-01      5.0486E+01      1.4638E+02      1.0000E+00
      2.9840E-01      1.6387E+00      1.5739E+00      2.5648E+00      1.5800E-01      4.9840E+01      1.2459E+02      1.0000E+00
      3.7592E-01      1.4150E+00      1.3178E+00      2.0615E+00      2.3687E-01      5.8979E+01      1.1722E+02      1.0000E+00
      2.4373E-01      1.1924E+00      1.0706E+00      1.4421E+00      2.0210E-01      8.4573E+01      1.0378E+02      1.0000E+00
      4.6397E-01      1.7752E+00      1.6118E+00      2.1525E+00      2.4338E-01      4.9131E+01      1.3900E+02      1.0000E+00
      1.0397E+00      1.1490E+00      1.0396E+00      1.2835E+00      8.9877E-01      7.6855E+01      1.0430E+02      1.0000E+00
      1.0441E+00      1.1503E+00      1.0425E+00      1.2870E+00      9.0213E-01      7.6309E+01      1.0475E+02      1.0000E+00
      1.0723E+00      1.0229E+00      1.0010E+00      1.0430E+00      1.0623E+00      8.8400E+01      9.1218E+01      1.0000E+00
      1.0717E+00      1.0194E+00      1.0007E+00      1.0375E+00      1.0642E+00      8.9615E+01      9.0425E+01      1.0000E+00
      1.0771E+00      1.1487E+00      1.1429E+00      1.2260E+00      8.1054E-01      7.4837E+01      1.1893E+02      1.0000E+00
      1.0860E+00      1.1134E+00      1.0450E+00      1.2837E+00      9.4716E-01      7.6756E+01      1.0275E+02      1.0000E+00
      4.4349E-01      1.5411E+00      1.2920E+00      2.1033E+00      2.5938E-01      5.4181E+01      1.1712E+02      1.0000E+00
      2.6489E-01      1.7048E+00      1.9244E+00      2.6417E+00      5.9327E-02      4.7896E+01      1.4796E+02      1.0000E+00
      3.3938E-01      1.4313E+00      1.3246E+00      2.0437E+00      2.1063E-01      5.6658E+01      1.1722E+02      1.0000E+00
      4.4624E-01      1.7831E+00      1.6241E+00      2.2228E+00      2.2628E-01      4.9673E+01      1.3904E+02      1.0000E+00
      2.1960E-01      1.1557E+00      1.0569E+00      1.3761E+00      1.8624E-01      8.3370E+01      1.0374E+02      1.0000E+00
      1.9343E-01      1.1152E+00      1.0260E+00      1.2512E+00      1.7812E-01      8.3481E+01      9.2421E+01      1.0000E+00
      2.9221E-01      1.1231E+00      1.0603E+00      1.4009E+00      2.2858E-01      7.9156E+01      1.0301E+02      1.0000E+00
      1.8775E-01      1.3209E+00      1.5375E+00      1.5327E+00      8.8109E-02      7.0665E+01      1.3933E+02      1.0000E+00
      3.0691E-01      1.2192E+00      1.0521E+00      1.3659E+00      2.6059E-01      7.9606E+01      9.8466E+01      1.0000E+00
      4.1339E-01      1.1516E+00      1.0303E+00      1.2777E+00      3.8612E-01      8.2795E+01      9.5308E+01      1.0000E+00
      1.4493E-01      1.2808E+00      1.3757E+00      1.3481E+00      8.9951E-02      6.5634E+01      1.3332E+02      1.0000E+00
      3.7295E-01      1.5376E+00      1.4769E+00      1.8999E+00      2.1657E-01      5.4432E+01      1.3426E+02      1.0000E+00
      4.0552E-01      1.3838E+00      1.4970E+00      1.9579E+00      2.0357E-01      6.4480E+01      1.3346E+02      1.0000E+00
      9.6645E-01      1.1501E+00      1.0572E+00      1.3509E+00      7.7315E-01      8.3637E+01      1.0673E+02      1.0000E+00
      9.2410E-01      1.2597E+00      1.1334E+00      1.4863E+00      6.2592E-01      7.8481E+01      1.1756E+02      1.0000E+00
      1.2043E+00      1.0970E+00      1.0247E+00      1.2113E+00      1.1668E+00      8.3786E+01      9.6931E+01      1.0000E+00
      1.8365E-01      1.1488E+00      1.0431E+00      1.3088E+00      1.5953E-01      8.3506E+01      1.0358E+02      1.0000E+00
      3.6855E-01      1.7289E+00      1.5105E+00      2.2120E+00      1.9852E-01      5.1909E+01      1.3490E+02      1.0000E+00
      3.3674E-01      1.4336E+00      1.3452E+00      2.1430E+00      2.0293E-01      6.2187E+01      1.2152E+02      1.0000E+00
      1.2320E+00      1.1579E+00      1.0484E+00      1.3434E+00      1.0641E+00      7.7068E+01      9.5293E+01      1.0000E+00
      8.0988E-01      1.4870E+00      1.2930E+00      1.7279E+00      5.2312E-01      5.8987E+01      1.2797E+02      1.0000E+00
      1.0943E+00      1.1506E+00      1.0292E+00      1.2607E+00      1.0445E+00      8.4504E+01      9.5181E+01      1.0000E+00
      9.2186E-01      1.1510E+00      1.0296E+00      1.2741E+00      8.4263E-01      8.2855E+01      9.4402E+01      1.0000E+00
      9.8404E-01      1.0205E+00      1.0013E+00      1.0447E+00      9.6613E-01      8.7679E+01      9.1481E+01      1.0000E+00
      9.7425E-01      1.0106E+00      1.0008E+00      1.0242E+00      9.6995E-01      8.8089E+01      9.1880E+01      1.0000E+00
      9.9552E-01      1.0225E+00      1.0010E+00      1.0453E+00      9.8049E-01      8.9317E+01      9.1048E+01      1.0000E+00
      9.8519E-01      1.0241E+00      1.0013E+00      1.0494E+00      9.7316E-01      8.8258E+01      9.1098E+01      1.0000E+00
      9.3567E-01      1.1024E+00      1.0189E+00      1.2231E+00      8.1586E-01      8.3337E+01      9.9754E+01      1.0000E+00
      1.0815E+00      1.0891E+00      1.0170E+00      1.1694E+00      9.8087E-01      8.0081E+01      9.5170E+01      1.0000E+00
      1.0006E+00      1.1399E+00      1.0662E+00      1.3115E+00      8.3087E-01      8.0448E+01      1.0806E+02      1.0000E+00
      3.9995E-01      1.6042E+00      1.4830E+00      2.1110E+00      2.2096E-01      5.4495E+01      1.3323E+02      1.0000E+00
      2.0249E-01      1.1134E+00      1.0275E+00      1.2609E+00      1.7600E-01      8.5007E+01      9.9813E+01      1.0000E+00
      3.7596E-01      1.4700E+00      1.4309E+00      2.1742E+00      2.1263E-01      5.9727E+01      1.2696E+02      1.0000E+00
      7.5346E-01      1.2016E+00      1.0940E+00      1.2980E+00      6.7869E-01      6.7351E+01      1.0866E+02      1.0000E+00
      1.8839E-01      1.1642E+00      1.0708E+00      1.2953E+00      1.5582E-01      7.8646E+01      1.1002E+02      1.0000E+00
      2.7529E-01      1.5860E+00      1.2969E+00      1.8266E+00      1.8065E-01      5.6259E+01      1.2768E+02      1.0000E+00
      3.1854E-01      1.4351E+00      1.2439E+00      2.0300E+00      1.7275E-01      6.8123E+01      1.2230E+02      1.0000E+00
      4.4676E-01      1.1943E+00      1.1108E+00      1.5036E+00      3.6047E-01      7.1227E+01      1.0252E+02      1.0000E+00
      3.5950E-01      1.1578E+00      1.0411E+00      1.3240E+00      3.2506E-01      8.0526E+01      9.4791E+01      1.0000E+00
      4.0403E-01      1.1299E+00      1.0288E+00      1.2314E+00      3.9401E-01      8.2230E+01      9.7466E+01      1.0000E+00
      1.1054E+00      1.1418E+00      1.0709E+00      1.3196E+00      9.4020E-01      7.0890E+01      1.0409E+02      1.0000E+00
      8.1729E-01      1.3008E+00      1.3443E+00      1.5849E+00      4.2514E-01      7.3481E+01      1.3161E+02      1.0000E+00
      2.6215E-01      1.2377E+00      1.0884E+00      1.4335E+00      2.1752E-01      7.8244E+01      1.0884E+02      1.0000E+00
      4.9001E-01      1.8671E+00      1.6554E+00      2.2421E+00      2.5422E-01      4.6975E+01      1.4007E+02      1.0000E+00
      4.3595E-01      1.3086E+00      1.2345E+00      1.9334E+00      2.9127E-01      6.6784E+01      1.1109E+02      1.0000E+00
      1.0818E+00      1.0123E+00      1.0012E+00      1.0294E+00      1.0725E+00      8.7877E+01      9.2309E+01      1.0000E+00
      1.0805E+00      1.0127E+00      1.0004E+00      1.0292E+00      1.0707E+00      8.9456E+01      9.0491E+01      1.0000E+00
      1.1563E+00      1.0888E+00      1.0212E+00      1.1408E+00      1.0592E+00      7.8845E+01      9.8015E+01      1.0000E+00
      1.1543E+00      1.0722E+00      1.0131E+00      1.1246E+00      1.0584E+00      8.1102E+01      9.5155E+01      1.0000E+00
      1.0997E+00      1.1180E+00      1.0576E+00      1.2925E+00      9.3968E-01      7.3266E+01      1.0235E+02      1.0000E+00
      8.2621E-01      1.2988E+00      1.4246E+00      1.5536E+00      4.2376E-01      7.0197E+01      1.3502E+02      1.0000E+00
      4.8698E-01      1.8312E+00      1.6725E+00      2.2957E+00      2.5830E-01      4.6604E+01      1.3907E+02      1.0000E+00
      2.3935E-01      1.1765E+00      1.0522E+00      1.3406E+00      2.0961E-01      8.2546E+01      1.0306E+02      1.0000E+00
      4.4450E-01      1.3611E+00      1.3451E+00      2.0554E+00      2.8928E-01      6.1464E+01      1.1787E+02      1.0000E+00
      1.0738E+00      1.1608E+00      1.1460E+00      1.3979E+00      8.2035E-01      7.1123E+01      1.1588E+02      1.0000E+00
      8.8095E-01      1.3034E+00      1.3556E+00      1.4590E+00      4.8475E-01      7.0586E+01      1.3246E+02      1.0000E+00
      2.4247E-01      1.1676E+00      1.0497E+00      1.3456E+00      2.0562E-01      8.4242E+01      1.0352E+02      1.0000E+00
      4.5614E-01      1.7464E+00      1.5734E+00      2.1683E+00      2.6458E-01      4.7785E+01      1.3602E+02      1.0000E+00
      4.3998E-01      1.3863E+00      1.3669E+00      2.0858E+00      2.7942E-01      6.0977E+01      1.2045E+02      1.0000E+00
      9.1274E-01      1.1889E+00      1.0508E+00      1.3737E+00      6.9297E-01      7.4529E+01      1.0253E+02      1.0000E+00
      1.4088E+00      1.6837E+00      1.4891E+00      2.1084E+00      8.5603E-01      4.5149E+01      1.2880E+02      1.0000E+00
      1.5367E+00      1.6813E+00      1.5303E+00      2.3529E+00      8.8858E-01      4.8392E+01      1.2867E+02      1.0000E+00
      1.3266E+00      1.7508E+00      1.5784E+00      2.2014E+00      7.9639E-01      4.3701E+01      1.3222E+02      1.0000E+00
      7.6922E-01      1.1355E+00      1.0277E+00      1.2641E+00      6.4269E-01      7.9981E+01      9.9048E+01      1.0000E+00
      1.2954E+00      1.6283E+00      1.5440E+00      2.1700E+00      7.8260E-01      4.6199E+01      1.2873E+02      1.0000E+00
      9.3893E-01      1.0263E+00      1.0042E+00      1.0822E+00      9.0916E-01      8.7191E+01      9.2633E+01      1.0000E+00
      9.4747E-01      1.0347E+00      1.0033E+00      1.0822E+00      9.2065E-01      8.8014E+01      9.1193E+01      1.0000E+00
      8.1489E-01      1.0676E+00      1.0143E+00      1.1730E+00      7.4706E-01      8.5992E+01      9.7156E+01      1.0000E+00
      9.0082E-01      1.0491E+00      1.0039E+00      1.0917E+00      8.7622E-01      8.8648E+01      9.1832E+01      1.0000E+00
      9.5142E-01      1.0346E+00      1.0047E+00      1.0912E+00      9.3028E-01      8.7539E+01      9.2413E+01      1.0000E+00
      9.4714E-01      1.0711E+00      1.0402E+00      1.2458E+00      8.3912E-01      7.9246E+01      1.0012E+02      1.0000E+00
      9.1375E-01      1.0416E+00      1.0028E+00      1.0769E+00      8.9855E-01      8.8174E+01      9.1272E+01      1.0000E+00
      7.5860E-01      1.1190E+00      1.0147E+00      1.1682E+00      7.0834E-01      8.5607E+01      9.4302E+01      1.0000E+00
      9.4838E-01      1.2069E+00      1.0515E+00      1.2802E+00      8.1056E-01      7.8560E+01      1.0390E+02      1.0000E+00
      9.5681E-01      1.1824E+00      1.0386E+00      1.2784E+00      8.3818E-01      7.8284E+01      1.0151E+02      1.0000E+00
      7.5326E-01      1.0598E+00      1.0220E+00      1.1877E+00      6.9100E-01      8.3560E+01      9.7865E+01      1.0000E+00
      7.5408E-01      1.0361E+00      1.0077E+00      1.1151E+00      7.1102E-01      8.5597E+01      9.3426E+01      1.0000E+00
      1.2746E+00      1.8997E+00      1.6545E+00      2.6570E+00      6.4867E-01      4.3113E+01      1.3119E+02      1.0000E+00
      6.2068E-01      1.1005E+00      1.0123E+00      1.1918E+00      5.5764E-01      8.3574E+01      9.7968E+01      1.0000E+00
      1.3051E+00      1.7143E+00      1.5841E+00      2.3097E+00      7.6176E-01      4.5668E+01      1.3084E+02      1.0000E+00
      1.1977E+00      1.7111E+00      1.6635E+00      2.4418E+00      6.5149E-01      4.3836E+01      1.2880E+02      1.0000E+00
      1.4467E+00      1.6678E+00      1.8286E+00      1.8820E+00      8.4600E-01      4.3942E+01      1.4307E+02      1.0000E+00
      5.6103E-01      1.2960E+00      1.1045E+00      1.4319E+00      4.5863E-01      6.9085E+01      1.1135E+02      1.0000E+00
      6.1869E-01      1.3975E+00      1.2867E+00      1.6383E+00      3.7708E-01      6.4422E+01      1.2829E+02      1.0000E+00
      1.0067E+00      1.0579E+00      1.0181E+00      1.1610E+00      9.2064E-01      8.1046E+01      9.6700E+01      1.0000E+00
      8.6565E-01      1.2748E+00      1.2598E+00      1.4024E+00      5.3552E-01      7.1122E+01      1.2746E+02      1.0000E+00
      9.6505E-01      1.0287E+00      1.0037E+00      1.0815E+00      9.3070E-01      8.7230E+01      9.2026E+01      1.0000E+00
      9.3508E-01      1.1140E+00      1.0362E+00      1.2846E+00      8.0412E-01      7.9807E+01      1.0192E+02      1.0000E+00
      1.1541E+00      1.0805E+00      1.0256E+00      1.1660E+00      1.0130E+00      7.7180E+01      9.6900E+01      1.0000E+00
      1.0705E+00      1.0377E+00      1.0078E+00      1.0774E+00      1.0171E+00      8.2904E+01      9.5523E+01      1.0000E+00
      7.0620E-01      1.3212E+00      1.5764E+00      1.4959E+00      3.1962E-01      7.0271E+01      1.4062E+02      1.0000E+00
      7.3735E-01      1.3153E+00      1.4184E+00      1.5471E+00      3.5296E-01      7.4662E+01      1.3516E+02      1.0000E+00
      9.6588E-01      1.1440E+00      1.0194E+00      1.2401E+00      8.6048E-01      8.2802E+01      9.6984E+01      1.0000E+00
      9.5594E-01      1.1385E+00      1.0314E+00      1.2534E+00      8.4571E-01      7.7529E+01      1.0276E+02      1.0000E+00
      1.1190E+00      1.0687E+00      1.0323E+00      1.1220E+00      1.0541E+00      7.6485E+01      1.0357E+02      1.0000E+00
      1.1871E+00      1.0866E+00      1.0122E+00      1.1679E+00      1.0728E+00      8.4439E+01      9.5559E+01      1.0000E+00
      7.8682E-01      1.3922E+00      1.4769E+00      1.6512E+00      3.5485E-01      7.1430E+01      1.3737E+02      1.0000E+00
      7.7419E-01      1.3542E+00      1.5927E+00      1.5604E+00      3.3762E-01      7.0180E+01      1.4110E+02      1.0000E+00
      1.0056E+00      1.1047E+00      1.0393E+00      1.2739E+00      8.4131E-01      8.1337E+01      1.0350E+02      1.0000E+00
      1.0895E+00      1.0928E+00      1.0112E+00      1.1567E+00      1.0479E+00      8.7645E+01      9.2391E+01      1.0000E+00
      1.1757E+00      1.0493E+00      1.0126E+00      1.0980E+00      1.1171E+00      8.1084E+01      9.6595E+01      1.0000E+00
      1.1634E+00      1.0699E+00      1.0208E+00      1.1551E+00      1.0761E+00      7.9006E+01      9.8192E+01      1.0000E+00
      1.1684E+00      1.0808E+00      1.0349E+00      1.2732E+00      1.0264E+00      8.1646E+01      9.8181E+01      1.0000E+00
      7.2197E-01      1.3946E+00      1.2295E+00      1.6857E+00      4.2600E-01      6.9491E+01      1.2505E+02      1.0000E+00
      9.6921E-01      1.1837E+00      1.0515E+00      1.3979E+00      7.9727E-01      7.5102E+01      1.0344E+02      1.0000E+00
      9.7152E-01      1.0400E+00      1.0025E+00      1.0724E+00      9.2499E-01      8.7220E+01      9.2731E+01      1.0000E+00
      4.7278E-01      1.2578E+00      1.2255E+00      1.4734E+00      2.7082E-01      7.5618E+01      1.2531E+02      1.0000E+00
      9.8605E-01      1.2174E+00      1.0535E+00      1.4193E+00      8.0071E-01      7.4078E+01      1.0413E+02      1.0000E+00
      1.1286E+00      1.0944E+00      1.0184E+00      1.1305E+00      1.0519E+00      8.0463E+01      9.8728E+01      1.0000E+00
      1.0805E+00      1.1178E+00      1.0190E+00      1.1721E+00      9.6638E-01      8.3360E+01      9.9357E+01      1.0000E+00
      1.2218E+00      1.0883E+00      1.0267E+00      1.1652E+00      1.0837E+00      7.6988E+01      9.6694E+01      1.0000E+00
      1.0816E+00      1.0150E+00      1.0009E+00      1.0249E+00      1.0635E+00      8.7623E+01      9.1852E+01      1.0000E+00
      1.0814E+00      1.1096E+00      1.0164E+00      1.1645E+00      9.6829E-01      8.4186E+01      9.8807E+01      1.0000E+00
      1.1320E+00      1.0915E+00      1.0381E+00      1.1542E+00      1.0314E+00      7.6624E+01      1.0504E+02      1.0000E+00
      1.0689E+00      1.0202E+00      1.0009E+00      1.0423E+00      1.0519E+00      8.9493E+01      9.1317E+01      1.0000E+00
      1.1059E+00      1.0785E+00      1.0119E+00      1.1326E+00      1.0678E+00      8.4805E+01      9.6075E+01      1.0000E+00
      8.2104E-01      1.1078E+00      1.0274E+00      1.2161E+00      6.7303E-01      7.6730E+01      9.7473E+01      1.0000E+00
      1.3516E+00      1.6478E+00      1.5296E+00      2.1267E+00      8.3649E-01      4.6235E+01      1.3008E+02      1.0000E+00
      1.3261E+00      1.6901E+00      1.5917E+00      2.1571E+00      8.1935E-01      4.4737E+01      1.3245E+02      1.0000E+00
      1.4497E+00      1.6036E+00      1.4997E+00      1.8409E+00      1.0088E+00      4.5861E+01      1.3265E+02      1.0000E+00
      8.4830E-01      1.0590E+00      1.0229E+00      1.1926E+00      7.7081E-01      8.3463E+01      9.8162E+01      1.0000E+00
      1.3802E+00      1.6422E+00      1.5366E+00      2.1750E+00      8.3588E-01      4.6406E+01      1.2919E+02      1.0000E+00
      1.1031E+00      1.1267E+00      1.0389E+00      1.2093E+00      9.2948E-01      8.0600E+01      1.0568E+02      1.0000E+00
      1.2178E+00      1.0692E+00      1.0140E+00      1.0979E+00      1.1593E+00      8.1312E+01      9.8529E+01      1.0000E+00
      1.1590E+00      1.0731E+00      1.0078E+00      1.1256E+00      1.1122E+00      8.7700E+01      9.3384E+01      1.0000E+00
      1.2484E+00      1.0792E+00      1.0216E+00      1.1483E+00      1.1329E+00      7.8352E+01      9.6499E+01      1.0000E+00
      1.2273E+00      1.0740E+00      1.0261E+00      1.1456E+00      1.1056E+00      7.7059E+01      9.7989E+01      1.0000E+00
      9.1297E-01      1.2744E+00      1.2616E+00      1.4562E+00      5.3390E-01      7.4384E+01      1.2755E+02      1.0000E+00
      9.4780E-01      1.2354E+00      1.2515E+00      1.4078E+00      5.5901E-01      7.6452E+01      1.2696E+02      1.0000E+00
      9.1337E-01      1.2549E+00      1.2364E+00      1.4006E+00      5.6981E-01      7.2857E+01      1.2601E+02      1.0000E+00
      1.0765E+00      1.0561E+00      1.0198E+00      1.1554E+00      9.8557E-01      8.0161E+01      9.7785E+01      1.0000E+00
      6.4613E-01      1.4072E+00      1.2449E+00      1.6478E+00      4.0436E-01      6.5291E+01      1.2591E+02      1.0000E+00
      9.7077E-01      1.0716E+00      1.0070E+00      1.1174E+00      9.4502E-01      8.7701E+01      9.2406E+01      1.0000E+00
      1.0307E+00      1.1183E+00      1.0198E+00      1.1986E+00      9.8810E-01      8.4232E+01      9.5493E+01      1.0000E+00
      8.2755E-01      1.1045E+00      1.0195E+00      1.2177E+00      7.6588E-01      8.5080E+01      9.3644E+01      1.0000E+00
      9.0393E-01      1.1056E+00      1.0191E+00      1.1756E+00      8.6693E-01      8.2499E+01      9.6953E+01      1.0000E+00
      1.2837E+00      1.7247E+00      1.5841E+00      2.1998E+00      7.6775E-01      4.3733E+01      1.3149E+02      1.0000E+00
      7.3167E-01      1.1455E+00      1.0334E+00      1.2932E+00      6.0016E-01      7.7710E+01      9.8489E+01      1.0000E+00
      1.2612E+00      1.6534E+00      1.6082E+00      2.2537E+00      7.4559E-01      4.5378E+01      1.3002E+02      1.0000E+00
      1.2402E+00      1.7664E+00      1.6546E+00      2.2854E+00      7.2812E-01      4.2822E+01      1.3333E+02      1.0000E+00
      1.2267E+00      1.6812E+00      1.6410E+00      2.3130E+00      7.1287E-01      4.4829E+01      1.3079E+02      1.0000E+00
      6.4197E-01      1.1179E+00      1.0193E+00      1.2164E+00      5.6675E-01      8.2198E+01      9.5884E+01      1.0000E+00
      1.1320E+00      1.0934E+00      1.0418E+00      1.2298E+00      1.0443E+00      7.9806E+01      1.0209E+02      1.0000E+00
      8.9790E-01      1.3053E+00      1.2577E+00      1.4955E+00      5.3906E-01      7.2316E+01      1.2724E+02      1.0000E+00
      6.4065E-01      1.4770E+00      1.2250E+00      1.7669E+00      3.8857E-01      6.5777E+01      1.2460E+02      1.0000E+00
      2.7011E+00      1.3283E+00      1.1716E+00      1.6286E+00      1.4843E+00      6.7854E+01      1.2138E+02      1.0000E+00
      2.5660E+00      1.3294E+00      1.1685E+00      1.5633E+00      1.5163E+00      7.2588E+01      1.2115E+02      1.0000E+00
      3.9591E+00      1.1051E+00      1.0179E+00      1.2022E+00      3.3700E+00      7.9457E+01      9.6600E+01      1.0000E+00
      4.5386E+00      1.0783E+00      1.0067E+00      1.1518E+00      4.1970E+00      8.4795E+01      9.4660E+01      1.0000E+00
      3.9844E+00      1.0857E+00      1.0168E+00      1.1956E+00      3.4169E+00      8.0466E+01      9.6774E+01      1.0000E+00
      2.3865E+00      1.2499E+00      1.1409E+00      1.5100E+00      1.4795E+00      7.4156E+01      1.1854E+02      1.0000E+00
      2.4258E+00      1.2535E+00      1.1388E+00      1.5264E+00      1.7589E+00      7.0606E+01      1.1598E+02      1.0000E+00
      2.4205E+00      1.2643E+00      1.1470E+00      1.4567E+00      1.9138E+00      6.5214E+01      1.1684E+02      1.0000E+00
      2.5059E+00      1.3671E+00      1.1465E+00      1.6004E+00      1.8897E+00      6.3866E+01      1.1423E+02      1.0000E+00
      3.1766E+00      1.1961E+00      1.0693E+00      1.4362E+00      2.2659E+00      7.0161E+01      1.0329E+02      1.0000E+00
      1.6840E+00      1.2415E+00      1.0782E+00      1.5060E+00      1.1686E+00      7.5255E+01      1.1097E+02      1.0000E+00
      1.8343E+00      1.3116E+00      1.2009E+00      1.6307E+00      1.3900E+00      6.2239E+01      1.1799E+02      1.0000E+00
      2.5418E+00      1.2884E+00      1.0803E+00      1.5799E+00      1.8241E+00      6.9653E+01      1.0329E+02      1.0000E+00
      2.2341E+00      1.1579E+00      1.0215E+00      1.2809E+00      1.9535E+00      8.2337E+01      9.7393E+01      1.0000E+00
      2.5769E+00      1.2744E+00      1.0765E+00      1.5730E+00      1.8331E+00      6.9606E+01      1.0341E+02      1.0000E+00
      1.8804E+00      1.3256E+00      1.1985E+00      1.6269E+00      1.4169E+00      6.2094E+01      1.1861E+02      1.0000E+00
      1.7222E+00      1.2471E+00      1.0792E+00      1.4925E+00      1.1972E+00      7.5706E+01      1.1144E+02      1.0000E+00
      3.2245E+00      1.2043E+00      1.0749E+00      1.4572E+00      2.3036E+00      7.0015E+01      1.0297E+02      1.0000E+00
      2.5522E+00      1.3748E+00      1.1511E+00      1.5929E+00      1.9319E+00      6.3694E+01      1.1451E+02      1.0000E+00
      2.4696E+00      1.2702E+00      1.1461E+00      1.4498E+00      1.9576E+00      6.4998E+01      1.1706E+02      1.0000E+00
      2.4739E+00      1.2586E+00      1.1342E+00      1.5199E+00      1.7967E+00      7.0718E+01      1.1589E+02      1.0000E+00
      2.4189E+00      1.2510E+00      1.1426E+00      1.4940E+00      1.5150E+00      7.5155E+01      1.1876E+02      1.0000E+00
      3.9306E+00      1.0899E+00      1.0166E+00      1.1970E+00      3.4188E+00      8.1287E+01      9.6193E+01      1.0000E+00
      4.2381E+00      1.0999E+00      1.0123E+00      1.1644E+00      3.7917E+00      8.3742E+01      9.6037E+01      1.0000E+00
      3.0463E+00      1.2474E+00      1.1406E+00      1.4483E+00      2.0156E+00      7.6818E+01      1.1861E+02      1.0000E+00
      3.6646E+00      1.3167E+00      1.1980E+00      1.5802E+00      2.2528E+00      7.2647E+01      1.2294E+02      1.0000E+00
      3.8554E+00      1.2853E+00      1.2148E+00      1.4622E+00      2.4331E+00      7.1959E+01      1.2452E+02      1.0000E+00
      3.3077E+00      1.2889E+00      1.1815E+00      1.5944E+00      2.0706E+00      7.3811E+01      1.2104E+02      1.0000E+00
      3.9082E+00      1.1624E+00      1.0252E+00      1.3003E+00      3.2578E+00      7.9226E+01      9.8769E+01      1.0000E+00
      2.5702E+00      1.3287E+00      1.2105E+00      1.6663E+00      1.4417E+00      7.2039E+01      1.2376E+02      1.0000E+00
      2.2446E+00      1.3112E+00      1.1809E+00      1.5428E+00      1.4755E+00      7.0507E+01      1.2152E+02      1.0000E+00
      2.7272E+00      1.0733E+00      1.0129E+00      1.1479E+00      2.6598E+00      8.4114E+01      9.4706E+01      1.0000E+00
      2.7161E+00      1.3292E+00      1.1238E+00      1.4446E+00      2.1408E+00      6.8675E+01      1.1387E+02      1.0000E+00
      1.6645E+00      1.2544E+00      1.2212E+00      1.7973E+00      1.1389E+00      6.5820E+01      1.0907E+02      1.0000E+00
      1.5205E+00      1.1984E+00      1.1801E+00      1.6487E+00      1.1292E+00      6.8851E+01      1.0715E+02      1.0000E+00
      1.6162E+00      1.2355E+00      1.1389E+00      1.4081E+00      1.3418E+00      6.1888E+01      1.1157E+02      1.0000E+00
      2.1608E+00      1.4715E+00      1.1659E+00      1.9409E+00      1.3962E+00      6.3244E+01      1.1262E+02      1.0000E+00
      3.4438E+00      1.1737E+00      1.0609E+00      1.4178E+00      2.5967E+00      7.2464E+01      1.0051E+02      1.0000E+00
      2.4691E+00      1.1109E+00      1.0334E+00      1.2689E+00      2.0669E+00      8.2153E+01      1.0283E+02      1.0000E+00
      1.5071E+00      1.1997E+00      1.1234E+00      1.4007E+00      1.0495E+00      8.0500E+01      1.1664E+02      1.0000E+00
      1.8407E+00      1.5507E+00      1.2248E+00      1.9428E+00      1.1956E+00      5.9811E+01      1.1669E+02      1.0000E+00
      3.2611E+00      1.1409E+00      1.1510E+00      1.5200E+00      2.5290E+00      7.2745E+01      1.0940E+02      1.0000E+00
      2.9771E+00      1.1562E+00      1.0934E+00      1.5039E+00      2.5187E+00      8.2232E+01      9.9381E+01      1.0000E+00
      3.0556E+00      1.2686E+00      1.3755E+00      1.9923E+00      2.0911E+00      6.5068E+01      1.1495E+02      1.0000E+00
      2.4801E+00      1.4179E+00      1.2853E+00      2.0520E+00      1.3849E+00      5.7460E+01      1.0817E+02      1.0000E+00
      1.3396E+00      1.2307E+00      1.0962E+00      1.3046E+00      1.1070E+00      6.9539E+01      1.1397E+02      1.0000E+00
      1.9238E+00      1.5467E+00      1.2339E+00      1.9163E+00      1.3155E+00      5.9826E+01      1.2035E+02      1.0000E+00
      3.4330E+00      1.1502E+00      1.0531E+00      1.3731E+00      2.7020E+00      7.4056E+01      9.8583E+01      1.0000E+00
      2.7884E+00      1.0649E+00      1.0176E+00      1.1724E+00      2.4775E+00      8.4369E+01      9.9271E+01      1.0000E+00
      1.9596E+00      1.2394E+00      1.1010E+00      1.4304E+00      1.3747E+00      7.9646E+01      1.1454E+02      1.0000E+00
      2.5720E+00      1.3509E+00      1.2021E+00      1.7651E+00      1.5847E+00      7.0454E+01      1.2078E+02      1.0000E+00
      3.2208E+00      1.2046E+00      1.1791E+00      1.3309E+00      2.2562E+00      7.2296E+01      1.2185E+02      1.0000E+00
      3.2222E+00      1.2912E+00      1.1759E+00      1.5960E+00      1.9257E+00      7.4094E+01      1.2117E+02      1.0000E+00
      4.3779E+00      1.1620E+00      1.0223E+00      1.3032E+00      3.7863E+00      8.2082E+01      9.8126E+01      1.0000E+00
      3.2994E+00      1.3489E+00      1.2151E+00      1.6803E+00      1.8902E+00      7.3525E+01      1.2397E+02      1.0000E+00
      3.3723E+00      1.3284E+00      1.2029E+00      1.6899E+00      1.8944E+00      7.1386E+01      1.2299E+02      1.0000E+00
      4.6141E+00      1.1303E+00      1.0189E+00      1.2737E+00      4.0468E+00      8.1882E+01      9.8405E+01      1.0000E+00
      3.5394E+00      1.1502E+00      1.0288E+00      1.2567E+00      3.0354E+00      7.8088E+01      9.8547E+01      1.0000E+00
      2.0772E+00      1.1995E+00      1.0494E+00      1.3502E+00      1.7618E+00      7.5204E+01      1.0445E+02      1.0000E+00
      1.3129E+00      1.1167E+00      1.0451E+00      1.2701E+00      1.1257E+00      7.4459E+01      1.0229E+02      1.0000E+00
      1.0389E+00      1.0895E+00      1.0318E+00      1.1904E+00      9.9629E-01      7.9292E+01      1.0029E+02      1.0000E+00
      1.0010E+00      1.1328E+00      1.0348E+00      1.2796E+00      9.6746E-01      8.3543E+01      9.5212E+01      1.0000E+00
      9.5247E-01      1.3866E+00      1.1917E+00      1.6067E+00      7.5725E-01      6.9270E+01      1.1724E+02      1.0000E+00
      6.4305E-01      1.3281E+00      1.6283E+00      1.2436E+00      3.9042E-01      5.7009E+01      1.4208E+02      1.0000E+00
      7.2528E-01      1.5985E+00      1.3333E+00      2.0678E+00      6.1278E-01      5.8275E+01      1.1716E+02      1.0000E+00
      1.1855E+00      1.9621E+00      2.2490E+00      2.1174E+00      5.2508E-01      4.0064E+01      1.5173E+02      1.0000E+00
      1.4056E+00      1.1824E+00      1.0822E+00      1.3905E+00      1.2709E+00      7.4020E+01      1.0292E+02      1.0000E+00
      8.1744E-01      1.3153E+00      1.1820E+00      1.8110E+00      5.1587E-01      7.2806E+01      1.1655E+02      1.0000E+00
      6.0938E-01      1.2689E+00      1.1186E+00      1.5171E+00      4.2768E-01      7.8872E+01      1.1548E+02      1.0000E+00
      8.8193E-01      1.0835E+00      1.0244E+00      1.2317E+00      8.0398E-01      8.3771E+01      9.4074E+01      1.0000E+00
      1.0281E+00      1.0655E+00      1.0077E+00      1.1336E+00      9.3746E-01      8.6145E+01      9.6711E+01      1.0000E+00
      1.1174E+00      1.0652E+00      1.0087E+00      1.1269E+00      1.0719E+00      8.6823E+01      9.5220E+01      1.0000E+00
      9.7763E-01      1.1411E+00      1.0220E+00      1.2257E+00      8.4807E-01      8.3464E+01      9.9184E+01      1.0000E+00
      5.8291E-01      1.2345E+00      1.2452E+00      1.3985E+00      3.5022E-01      7.5433E+01      1.2657E+02      1.0000E+00
      6.6067E-01      1.4900E+00      1.2035E+00      1.7791E+00      4.1151E-01      6.6671E+01      1.2208E+02      1.0000E+00
      9.7685E-01      1.2024E+00      1.0924E+00      1.3885E+00      7.4933E-01      6.6348E+01      1.0056E+02      1.0000E+00
      5.5234E-01      1.2229E+00      1.1397E+00      1.4164E+00      3.7791E-01      7.5761E+01      1.1835E+02      1.0000E+00
      6.0137E-01      1.3187E+00      1.1391E+00      1.5863E+00      4.3049E-01      6.8856E+01      1.1660E+02      1.0000E+00
      6.3852E-01      1.2879E+00      1.1495E+00      1.4570E+00      5.0378E-01      6.4441E+01      1.1769E+02      1.0000E+00
      6.5474E-01      1.3285E+00      1.1240E+00      1.5294E+00      5.0628E-01      6.6791E+01      1.1476E+02      1.0000E+00
      6.6458E-01      1.3217E+00      1.1307E+00      1.4995E+00      5.2454E-01      6.5313E+01      1.1562E+02      1.0000E+00
      6.6482E-01      1.3240E+00      1.1458E+00      1.4971E+00      5.2302E-01      6.3776E+01      1.1742E+02      1.0000E+00
      6.5073E-01      1.3261E+00      1.1103E+00      1.5447E+00      5.0451E-01      6.8895E+01      1.1210E+02      1.0000E+00
      6.2453E-01      1.2796E+00      1.1903E+00      1.4367E+00      4.9233E-01      6.1995E+01      1.2066E+02      1.0000E+00
      5.7521E-01      1.3099E+00      1.1175E+00      1.6478E+00      3.9690E-01      7.3210E+01      1.1372E+02      1.0000E+00
      5.1021E-01      1.2666E+00      1.1793E+00      1.4961E+00      3.2426E-01      7.7306E+01      1.2168E+02      1.0000E+00
      8.4155E-01      1.1132E+00      1.0289E+00      1.2709E+00      6.9873E-01      8.2790E+01      1.0209E+02      1.0000E+00
      1.0421E+00      1.0739E+00      1.0100E+00      1.1272E+00      9.8065E-01      8.5711E+01      9.6558E+01      1.0000E+00
      1.0299E+00      1.0797E+00      1.0082E+00      1.1177E+00      9.6458E-01      8.5525E+01      9.5317E+01      1.0000E+00
      9.2750E-01      1.0392E+00      1.0117E+00      1.0985E+00      8.7778E-01      8.4062E+01      9.7746E+01      1.0000E+00
      8.9821E-01      1.0634E+00      1.0080E+00      1.1070E+00      8.8277E-01      8.5709E+01      9.4410E+01      1.0000E+00
      8.1112E-01      1.0904E+00      1.0225E+00      1.2355E+00      7.3459E-01      8.5967E+01      9.6289E+01      1.0000E+00
      5.1796E-01      1.2627E+00      1.1561E+00      1.5073E+00      3.4091E-01      7.8251E+01      1.1947E+02      1.0000E+00
      5.8445E-01      1.3019E+00      1.1326E+00      1.6516E+00      4.0478E-01      7.1874E+01      1.1462E+02      1.0000E+00
      6.3989E-01      1.2568E+00      1.1522E+00      1.4023E+00      5.1120E-01      6.4710E+01      1.1813E+02      1.0000E+00
      6.9254E-01      1.3703E+00      1.1469E+00      1.5930E+00      5.2973E-01      6.4697E+01      1.1586E+02      1.0000E+00
      8.3598E-01      1.2278E+00      1.0630E+00      1.4234E+00      6.0225E-01      7.1381E+01      1.0411E+02      1.0000E+00
      4.1943E-01      1.2549E+00      1.1304E+00      1.5752E+00      2.5811E-01      7.2079E+01      1.1696E+02      1.0000E+00
      4.1762E-01      1.2333E+00      1.1403E+00      1.5454E+00      2.5981E-01      7.3888E+01      1.1773E+02      1.0000E+00
      8.1641E-01      1.2088E+00      1.0617E+00      1.3901E+00      5.9263E-01      7.0598E+01      1.0247E+02      1.0000E+00
      6.6213E-01      1.3603E+00      1.1351E+00      1.6044E+00      5.0155E-01      6.5998E+01      1.1495E+02      1.0000E+00
      6.0736E-01      1.2360E+00      1.1506E+00      1.3920E+00      4.8869E-01      6.5117E+01      1.1759E+02      1.0000E+00
      5.5385E-01      1.2816E+00      1.1394E+00      1.6499E+00      3.8390E-01      7.2144E+01      1.1449E+02      1.0000E+00
      4.9653E-01      1.2707E+00      1.1341E+00      1.5497E+00      3.2586E-01      7.7152E+01      1.1723E+02      1.0000E+00
      8.1258E-01      1.0905E+00      1.0335E+00      1.2574E+00      7.1376E-01      7.9897E+01      9.6768E+01      1.0000E+00
      1.0046E+00      1.0425E+00      1.0067E+00      1.1034E+00      9.3988E-01      8.3875E+01      9.3454E+01      1.0000E+00
      1.0834E+00      1.0297E+00      1.0010E+00      1.0505E+00      1.0507E+00      8.8045E+01      9.1524E+01      1.0000E+00
      1.0530E+00      1.0321E+00      1.0029E+00      1.0650E+00      1.0059E+00      8.5729E+01      9.1735E+01      1.0000E+00
      9.4050E-01      1.0410E+00      1.0077E+00      1.1091E+00      8.8401E-01      8.4117E+01      9.3941E+01      1.0000E+00
      7.6691E-01      1.0580E+00      1.0165E+00      1.1747E+00      6.9920E-01      8.3150E+01      9.4770E+01      1.0000E+00
      4.8706E-01      1.2098E+00      1.1043E+00      1.4095E+00      3.3278E-01      7.8201E+01      1.1494E+02      1.0000E+00
      5.5345E-01      1.2980E+00      1.1831E+00      1.5928E+00      3.9464E-01      6.6368E+01      1.1911E+02      1.0000E+00
      6.0795E-01      1.2248E+00      1.0795E+00      1.5224E+00      4.1062E-01      7.0262E+01      1.0787E+02      1.0000E+00
      2.2384E-01      1.3396E+00      1.1747E+00      1.8363E+00      1.3179E-01      7.0157E+01      1.1790E+02      1.0000E+00
      1.3869E-01      1.1150E+00      1.0350E+00      1.2275E+00      1.1594E-01      8.4435E+01      1.0460E+02      1.0000E+00
      1.2764E-01      1.1328E+00      1.0426E+00      1.2577E+00      1.0431E-01      7.3622E+01      9.6127E+01      1.0000E+00
      5.9073E-02      1.3617E+00      1.2211E+00      1.5776E+00      4.1710E-02      6.2464E+01      1.2337E+02      1.0000E+00
      3.8950E-02      1.3431E+00      1.1149E+00      1.5692E+00      3.2960E-02      7.8841E+01      1.0075E+02      1.0000E+00
      4.6057E-02      1.2445E+00      1.2982E+00      1.9564E+00      3.2878E-02      7.1898E+01      1.0812E+02      1.0000E+00
      3.3713E-02      1.4118E+00      1.5091E+00      2.5601E+00      1.8281E-02      6.3474E+01      1.0893E+02      1.0000E+00
      1.8554E-02      1.5409E+00      1.4095E+00      2.3491E+00      1.2667E-02      6.0652E+01      1.0411E+02      1.0000E+00
      2.9044E-02      1.8686E+00      1.6162E+00      2.8809E+00      1.3843E-02      4.6775E+01      1.1343E+02      1.0000E+00
      5.5982E-02      1.2866E+00      1.3500E+00      2.0535E+00      3.5297E-02      6.3979E+01      1.1145E+02      1.0000E+00
      5.3803E-02      1.0811E+00      1.0250E+00      1.2370E+00      4.8341E-02      8.4934E+01      9.7640E+01      1.0000E+00
      7.0042E-02      1.0681E+00      1.0196E+00      1.1675E+00      6.3521E-02      8.2053E+01      9.9680E+01      1.0000E+00
      1.1203E-01      1.0913E+00      1.0384E+00      1.2899E+00      9.6469E-02      8.0102E+01      9.8279E+01      1.0000E+00
      1.9414E-01      1.0971E+00      1.0428E+00      1.3227E+00      1.7168E-01      8.4468E+01      9.6447E+01      1.0000E+00
      3.1896E-01      1.1505E+00      1.0731E+00      1.4244E+00      2.6845E-01      7.7853E+01      9.7764E+01      1.0000E+00
      5.8219E-01      1.1864E+00      1.1203E+00      1.5190E+00      4.5691E-01      7.0425E+01      1.0364E+02      1.0000E+00
      1.1151E+00      1.1806E+00      1.1259E+00      1.4506E+00      8.9304E-01      6.7572E+01      1.0996E+02      1.0000E+00
      2.4023E+00      1.3344E+00      1.1026E+00      1.6585E+00      1.7648E+00      7.0637E+01      1.1118E+02      1.0000E+00
      4.3268E+00      1.0819E+00      1.0320E+00      1.1016E+00      3.9802E+00      7.8701E+01      1.0431E+02      1.0000E+00
      4.9177E+00      1.1375E+00      1.0260E+00      1.2895E+00      4.2518E+00      8.0431E+01      1.0056E+02      1.0000E+00
      3.5799E+00      1.3279E+00      1.2184E+00      1.6957E+00      1.9955E+00      7.1966E+01      1.2395E+02      1.0000E+00
      3.5281E+00      1.3503E+00      1.2209E+00      1.7033E+00      1.9984E+00      7.3034E+01      1.2418E+02      1.0000E+00
      4.6657E+00      1.1645E+00      1.0228E+00      1.3235E+00      4.0090E+00      8.1654E+01      9.8518E+01      1.0000E+00
      3.4061E+00      1.2964E+00      1.1815E+00      1.6185E+00      2.0033E+00      7.3297E+01      1.2152E+02      1.0000E+00
      3.3401E+00      1.2002E+00      1.1791E+00      1.3149E+00      2.3548E+00      7.2255E+01      1.2190E+02      1.0000E+00
      2.6239E+00      1.3568E+00      1.1997E+00      1.7706E+00      1.6165E+00      7.0401E+01      1.2067E+02      1.0000E+00
      1.9909E+00      1.2309E+00      1.1020E+00      1.4163E+00      1.3984E+00      7.9848E+01      1.1468E+02      1.0000E+00
      2.8482E+00      1.0787E+00      1.0172E+00      1.1849E+00      2.5109E+00      8.4300E+01      9.9488E+01      1.0000E+00
      3.5688E+00      1.1442E+00      1.0616E+00      1.3812E+00      2.7886E+00      7.3317E+01      9.8708E+01      1.0000E+00
      2.0700E+00      1.5386E+00      1.2141E+00      1.9130E+00      1.3427E+00      6.0510E+01      1.1515E+02      1.0000E+00
      1.5517E+00      1.2345E+00      1.1487E+00      1.3371E+00      1.2656E+00      6.0608E+01      1.1279E+02      1.0000E+00
      1.3258E+00      1.3335E+00      1.1754E+00      1.5677E+00      9.2678E-01      5.8618E+01      1.0952E+02      1.0000E+00
      1.6466E+00      1.6418E+00      1.2578E+00      2.1062E+00      8.7747E-01      5.7126E+01      1.1794E+02      1.0000E+00
      3.1954E+00      1.2009E+00      1.2351E+00      1.6912E+00      2.2267E+00      6.9864E+01      1.1555E+02      1.0000E+00
      3.3009E+00      1.1556E+00      1.1601E+00      1.5960E+00      2.5030E+00      7.3572E+01      1.0795E+02      1.0000E+00
      1.8394E+00      1.5737E+00      1.2466E+00      1.9277E+00      1.1940E+00      5.8326E+01      1.1776E+02      1.0000E+00
      1.5134E+00      1.1736E+00      1.1181E+00      1.3489E+00      1.0594E+00      8.0347E+01      1.1636E+02      1.0000E+00
      2.4974E+00      1.1272E+00      1.0289E+00      1.2693E+00      2.0826E+00      8.2595E+01      1.0264E+02      1.0000E+00
      3.5418E+00      1.1568E+00      1.0627E+00      1.4006E+00      2.6844E+00      7.2793E+01      1.0029E+02      1.0000E+00
      2.2014E+00      1.4958E+00      1.1848E+00      1.9013E+00      1.4278E+00      6.2059E+01      1.1314E+02      1.0000E+00
      1.6662E+00      1.2197E+00      1.1414E+00      1.3485E+00      1.3942E+00      6.1251E+01      1.1245E+02      1.0000E+00
      1.5565E+00      1.1916E+00      1.1620E+00      1.6099E+00      1.1527E+00      6.8648E+01      1.0716E+02      1.0000E+00
      1.6865E+00      1.2612E+00      1.2092E+00      1.7632E+00      1.1717E+00      6.5193E+01      1.1003E+02      1.0000E+00
      2.7010E+00      1.3238E+00      1.1191E+00      1.4481E+00      2.1657E+00      6.8539E+01      1.1276E+02      1.0000E+00
      2.7069E+00      1.0735E+00      1.0162E+00      1.1558E+00      2.6349E+00      8.3288E+01      9.6053E+01      1.0000E+00
      2.3014E+00      1.3138E+00      1.1855E+00      1.5366E+00      1.5369E+00      6.9212E+01      1.2179E+02      1.0000E+00
      2.7375E+00      1.3284E+00      1.2273E+00      1.7042E+00      1.4739E+00      7.0347E+01      1.2472E+02      1.0000E+00
      4.3777E+00      1.1441E+00      1.0292E+00      1.3263E+00      3.4963E+00      7.8452E+01      1.0154E+02      1.0000E+00
      4.4075E+00      1.1435E+00      1.0292E+00      1.3161E+00      3.5602E+00      7.7434E+01      9.9498E+01      1.0000E+00
      4.1195E-01      1.6273E+00      1.2754E+00      2.0252E+00      2.4062E-01      5.5559E+01      1.1255E+02      1.0000E+00
      7.0984E-01      1.2096E+00      1.2960E+00      1.8838E+00      4.8317E-01      6.9939E+01      1.1179E+02      1.0000E+00
      7.1819E-01      1.2135E+00      1.2871E+00      1.9045E+00      4.9587E-01      7.0436E+01      1.0930E+02      1.0000E+00
      4.2473E-01      1.6313E+00      1.2903E+00      2.0541E+00      2.5350E-01      5.4541E+01      1.1395E+02      1.0000E+00
      3.7891E-01      1.3352E+00      1.1699E+00      1.4791E+00      2.9060E-01      5.9819E+01      1.1370E+02      1.0000E+00
      3.7916E-01      1.3268E+00      1.1494E+00      1.5132E+00      2.8700E-01      6.1795E+01      1.1286E+02      1.0000E+00
      4.2673E-01      1.5220E+00      1.2158E+00      1.8195E+00      2.7903E-01      5.9576E+01      1.1407E+02      1.0000E+00
      7.3574E-01      1.1739E+00      1.1985E+00      1.5920E+00      5.3878E-01      7.0433E+01      1.1405E+02      1.0000E+00
      6.7363E-01      1.2741E+00      1.3957E+00      2.2492E+00      4.1017E-01      7.0915E+01      1.0600E+02      1.0000E+00
      4.1654E-01      1.6814E+00      1.3446E+00      2.1446E+00      2.4176E-01      5.1000E+01      1.1678E+02      1.0000E+00
      3.6353E-01      1.3466E+00      1.1706E+00      1.5115E+00      2.7453E-01      5.9907E+01      1.1305E+02      1.0000E+00
      4.1506E-01      1.2387E+00      1.1184E+00      1.6049E+00      2.7147E-01      6.7957E+01      1.0776E+02      1.0000E+00
      2.5917E-01      1.1560E+00      1.0525E+00      1.3167E+00      1.9989E-01      8.1422E+01      1.0780E+02      1.0000E+00
      2.0402E-01      1.0973E+00      1.0327E+00      1.1923E+00      1.7477E-01      8.3993E+01      1.0414E+02      1.0000E+00
      1.8347E-01      1.1080E+00      1.0213E+00      1.2209E+00      1.7134E-01      8.7043E+01      9.6389E+01      1.0000E+00
      1.7616E-01      1.1146E+00      1.0220E+00      1.2063E+00      1.7294E-01      8.4247E+01      9.5714E+01      1.0000E+00
      1.8035E-01      1.1081E+00      1.0480E+00      1.2058E+00      1.6572E-01      7.8424E+01      1.0540E+02      1.0000E+00
      2.1341E-01      1.1403E+00      1.0955E+00      1.2272E+00      1.7529E-01      7.3218E+01      1.1375E+02      1.0000E+00
      3.0927E-01      1.2749E+00      1.1515E+00      1.4113E+00      2.2101E-01      7.2262E+01      1.1958E+02      1.0000E+00
      5.6473E-01      1.3855E+00      1.2443E+00      1.9737E+00      3.0248E-01      6.7021E+01      1.2131E+02      1.0000E+00
      7.0790E-01      1.2791E+00      1.2479E+00      1.8709E+00      4.6533E-01      6.4186E+01      1.0918E+02      1.0000E+00
      6.1685E-01      1.1341E+00      1.0899E+00      1.4617E+00      5.0742E-01      7.7991E+01      1.0014E+02      1.0000E+00
      7.0635E-01      1.1999E+00      1.1967E+00      1.6884E+00      5.1314E-01      6.8609E+01      1.0766E+02      1.0000E+00
      4.4872E-01      1.5562E+00      1.2733E+00      1.9247E+00      2.7661E-01      5.3877E+01      1.1721E+02      1.0000E+00
      3.7577E-01      1.2623E+00      1.1030E+00      1.4780E+00      2.8536E-01      6.5933E+01      1.0758E+02      1.0000E+00
      3.6656E-01      1.3018E+00      1.1697E+00      1.4442E+00      2.8495E-01      5.9198E+01      1.1447E+02      1.0000E+00
      1.6711E+00      1.3824E+00      1.1953E+00      1.9587E+00      8.8819E-01      6.2369E+01      1.1742E+02      1.0000E+00
      1.9362E+00      1.4692E+00      1.1818E+00      2.0292E+00      1.1049E+00      6.1275E+01      1.1303E+02      1.0000E+00
      1.6725E+00      1.4925E+00      1.2369E+00      1.7937E+00      1.0888E+00      6.1318E+01      1.2422E+02      1.0000E+00
      1.0594E+00      1.3923E+00      1.3208E+00      1.9714E+00      5.0371E-01      6.6441E+01      1.2830E+02      1.0000E+00
      3.8608E-01      1.2299E+00      1.1644E+00      1.7481E+00      2.6564E-01      7.4385E+01      1.0743E+02      1.0000E+00
      4.0049E-01      1.3652E+00      1.2307E+00      1.9488E+00      2.5235E-01      6.2135E+01      1.1054E+02      1.0000E+00
      6.5345E-01      1.2871E+00      1.1653E+00      1.8148E+00      4.3617E-01      7.3362E+01      1.1195E+02      1.0000E+00
      7.2176E-01      1.2311E+00      1.2298E+00      1.7653E+00      5.0689E-01      6.6325E+01      1.1005E+02      1.0000E+00
      4.4706E-01      1.5819E+00      1.2716E+00      1.9154E+00      2.7098E-01      5.4702E+01      1.1557E+02      1.0000E+00
      3.7503E-01      1.2689E+00      1.1236E+00      1.4478E+00      2.8818E-01      6.3505E+01      1.0959E+02      1.0000E+00
      3.6673E-01      1.2895E+00      1.1436E+00      1.4779E+00      2.7981E-01      6.1570E+01      1.1192E+02      1.0000E+00
      4.1997E-01      1.5586E+00      1.2485E+00      1.8754E+00      2.5539E-01      5.6192E+01      1.1342E+02      1.0000E+00
      6.9706E-01      1.2292E+00      1.2459E+00      1.8601E+00      4.8742E-01      7.0146E+01      1.0985E+02      1.0000E+00
      6.9310E-01      1.2421E+00      1.2625E+00      1.8637E+00      4.7281E-01      6.9013E+01      1.1303E+02      1.0000E+00
      4.1464E-01      1.5428E+00      1.2216E+00      1.9168E+00      2.4432E-01      5.7985E+01      1.1068E+02      1.0000E+00
      3.5942E-01      1.2397E+00      1.1489E+00      1.4516E+00      2.8005E-01      6.1013E+01      1.1276E+02      1.0000E+00
      3.6045E-01      1.2269E+00      1.1512E+00      1.5336E+00      2.7483E-01      6.4542E+01      1.1107E+02      1.0000E+00
      4.1143E-01      1.4192E+00      1.1574E+00      1.8830E+00      2.6680E-01      6.3615E+01      1.1059E+02      1.0000E+00
      7.3060E-01      1.2373E+00      1.1667E+00      1.5403E+00      5.2730E-01      6.9316E+01      1.1723E+02      1.0000E+00
      9.3042E-01      1.1909E+00      1.0955E+00      1.4436E+00      6.5467E-01      7.8831E+01      1.1281E+02      1.0000E+00
      5.6734E-01      1.4213E+00      1.1649E+00      1.7654E+00      3.6028E-01      6.0958E+01      1.0794E+02      1.0000E+00
      5.2500E-01      1.2433E+00      1.1350E+00      1.6840E+00      3.3120E-01      7.1997E+01      1.1389E+02      1.0000E+00
      3.5526E-01      1.1777E+00      1.1371E+00      1.5170E+00      2.8044E-01      7.6452E+01      1.1010E+02      1.0000E+00
      3.5477E-01      1.2058E+00      1.1044E+00      1.4975E+00      3.0950E-01      7.4992E+01      1.0139E+02      1.0000E+00
      5.2497E-01      1.5547E+00      1.3968E+00      2.2919E+00      3.2535E-01      5.4132E+01      1.0690E+02      1.0000E+00
      4.3614E-01      1.7492E+00      1.4362E+00      2.4552E+00      2.4894E-01      4.7738E+01      1.1683E+02      1.0000E+00
      4.0283E-01      1.5376E+00      1.2762E+00      2.0423E+00      2.6352E-01      5.4874E+01      1.1156E+02      1.0000E+00
      5.6565E-01      1.2616E+00      1.2648E+00      1.9845E+00      3.4532E-01      6.9007E+01      1.0954E+02      1.0000E+00
      4.5608E-01      1.1988E+00      1.3103E+00      1.7822E+00      3.0682E-01      6.9705E+01      1.1704E+02      1.0000E+00
      6.2799E-01      1.2452E+00      1.1606E+00      1.4635E+00      5.0801E-01      6.3400E+01      1.1613E+02      1.0000E+00
      4.0759E-01      1.4140E+00      1.1694E+00      1.7119E+00      2.7832E-01      6.1120E+01      1.1193E+02      1.0000E+00
      3.9565E-01      1.4862E+00      1.2224E+00      1.7560E+00      2.5564E-01      5.7064E+01      1.1291E+02      1.0000E+00
      6.0944E-01      1.3030E+00      1.2339E+00      1.9300E+00      4.0388E-01      6.6707E+01      1.1018E+02      1.0000E+00
      5.9222E-01      1.3238E+00      1.2488E+00      1.9180E+00      3.9817E-01      6.6121E+01      1.1538E+02      1.0000E+00
      3.7044E-01      1.4547E+00      1.1815E+00      1.8761E+00      2.2178E-01      5.9479E+01      1.0808E+02      1.0000E+00
      3.5908E-01      1.2851E+00      1.1839E+00      1.6409E+00      2.5450E-01      6.0639E+01      1.1130E+02      1.0000E+00
      5.2068E-01      1.4011E+00      1.1339E+00      1.6073E+00      3.6802E-01      6.6380E+01      1.0705E+02      1.0000E+00
      4.6357E-01      1.2666E+00      1.0655E+00      1.3797E+00      3.9267E-01      8.0025E+01      1.0046E+02      1.0000E+00
      5.7567E-01      1.2860E+00      1.1405E+00      1.7452E+00      3.8199E-01      6.7590E+01      1.0557E+02      1.0000E+00
      4.0696E-01      1.4195E+00      1.1973E+00      1.7501E+00      2.7497E-01      5.8026E+01      1.0900E+02      1.0000E+00
      4.4063E-01      1.7170E+00      1.3979E+00      2.3413E+00      2.4442E-01      4.7500E+01      1.1598E+02      1.0000E+00
      5.8611E-01      1.4309E+00      1.3768E+00      2.2365E+00      3.6774E-01      6.0969E+01      1.0294E+02      1.0000E+00
      5.8848E-01      1.4487E+00      1.4015E+00      2.2706E+00      3.6772E-01      5.9406E+01      1.0472E+02      1.0000E+00
      4.5706E-01      1.6900E+00      1.4157E+00      2.4140E+00      2.5092E-01      5.0124E+01      1.1171E+02      1.0000E+00
      4.4672E-01      1.5953E+00      1.3412E+00      2.0789E+00      2.8234E-01      4.9600E+01      1.1583E+02      1.0000E+00
      6.2164E-01      1.2921E+00      1.2556E+00      1.9950E+00      3.8014E-01      6.9759E+01      1.1097E+02      1.0000E+00
      4.7124E-01      1.2178E+00      1.2220E+00      1.7175E+00      3.0553E-01      7.5644E+01      1.1715E+02      1.0000E+00
      6.1413E-01      1.3152E+00      1.1409E+00      1.4201E+00      5.0645E-01      6.3832E+01      1.1593E+02      1.0000E+00
      3.9985E-01      1.3042E+00      1.1558E+00      1.6962E+00      2.7651E-01      6.3567E+01      1.0903E+02      1.0000E+00
      3.9232E-01      1.4334E+00      1.1945E+00      1.8222E+00      2.4321E-01      5.7914E+01      1.0987E+02      1.0000E+00
      6.0310E-01      1.3099E+00      1.2099E+00      1.9042E+00      4.1105E-01      6.8014E+01      1.1093E+02      1.0000E+00
      6.0825E-01      1.2549E+00      1.2593E+00      1.8522E+00      4.0974E-01      6.5128E+01      1.1003E+02      1.0000E+00
      4.0552E-01      1.5435E+00      1.2613E+00      1.8633E+00      2.5311E-01      5.4730E+01      1.1446E+02      1.0000E+00
      3.9420E-01      1.3640E+00      1.1575E+00      1.6120E+00      2.6905E-01      6.0873E+01      1.0817E+02      1.0000E+00
      5.6796E-01      1.3346E+00      1.1308E+00      1.7265E+00      3.9202E-01      6.5729E+01      1.0850E+02      1.0000E+00
      4.9505E-01      1.1521E+00      1.0311E+00      1.3519E+00      4.1267E-01      8.1429E+01      1.0052E+02      1.0000E+00
      2.1822E-01      1.3718E+00      1.2011E+00      1.8665E+00      1.2530E-01      6.3973E+01      1.1413E+02      1.0000E+00
      2.2134E-01      1.3701E+00      1.2095E+00      1.8685E+00      1.2453E-01      5.9261E+01      1.1040E+02      1.0000E+00
      9.9866E-02      1.2843E+00      1.1092E+00      1.5781E+00      6.6715E-02      7.5447E+01      1.1448E+02      1.0000E+00
      1.1621E-01      1.3922E+00      1.2635E+00      1.8126E+00      7.5608E-02      6.2742E+01      1.2299E+02      1.0000E+00
      1.8776E-01      1.3041E+00      1.0853E+00      1.5154E+00      1.3655E-01      6.9828E+01      1.0293E+02      1.0000E+00
      1.4881E-01      1.2058E+00      1.0677E+00      1.4091E+00      1.2240E-01      8.2847E+01      1.0544E+02      1.0000E+00
      1.3478E-01      1.2601E+00      1.0801E+00      1.4035E+00      1.2043E-01      7.8392E+01      1.0284E+02      1.0000E+00
      1.5149E-01      1.4519E+00      1.1857E+00      1.6779E+00      1.1078E-01      6.2389E+01      1.1302E+02      1.0000E+00
      9.3597E-02      1.3378E+00      1.2044E+00      1.7895E+00      6.5342E-02      6.2854E+01      1.1428E+02      1.0000E+00
      8.5990E-02      1.5717E+00      1.2864E+00      1.9595E+00      4.8288E-02      5.2362E+01      1.1240E+02      1.0000E+00
      1.5436E-01      1.5457E+00      1.5000E+00      2.8470E+00      7.6807E-02      6.3918E+01      1.1934E+02      1.0000E+00
      9.4176E-02      1.5180E+00      1.2640E+00      1.8968E+00      5.4052E-02      5.3163E+01      1.0950E+02      1.0000E+00
      9.4480E-02      1.3123E+00      1.1588E+00      1.6376E+00      6.6873E-02      6.1153E+01      1.1117E+02      1.0000E+00
      1.0351E-01      1.2598E+00      1.1525E+00      1.4001E+00      8.1035E-02      6.0344E+01      1.1168E+02      1.0000E+00
      1.0507E-01      1.3527E+00      1.1066E+00      1.5383E+00      8.2514E-02      7.2195E+01      1.0805E+02      1.0000E+00
      1.8996E-01      1.1114E+00      1.0624E+00      1.2360E+00      1.5791E-01      7.9535E+01      1.0888E+02      1.0000E+00
      1.6723E-01      1.1908E+00      1.1030E+00      1.2914E+00      1.2616E-01      7.6339E+01      1.1495E+02      1.0000E+00
      1.9310E-01      1.3314E+00      1.1616E+00      1.5170E+00      1.4353E-01      6.5051E+01      1.1932E+02      1.0000E+00
      1.8303E-01      1.3663E+00      1.1663E+00      1.5743E+00      1.2656E-01      6.7192E+01      1.2030E+02      1.0000E+00
      1.7553E-01      1.3127E+00      1.2086E+00      1.4739E+00      1.2481E-01      6.4735E+01      1.2337E+02      1.0000E+00
      1.6691E-01      1.3323E+00      1.1471E+00      1.6348E+00      1.1374E-01      7.0201E+01      1.1742E+02      1.0000E+00
      1.4387E-01      1.2468E+00      1.1364E+00      1.4269E+00      9.7925E-02      7.7263E+01      1.1824E+02      1.0000E+00
      2.1664E-01      1.1118E+00      1.0251E+00      1.2469E+00      1.9673E-01      8.3050E+01      9.3450E+01      1.0000E+00
      2.4837E-01      1.1179E+00      1.0238E+00      1.2001E+00      2.2836E-01      7.9656E+01      9.7702E+01      1.0000E+00
      2.2477E-01      1.0384E+00      1.0035E+00      1.0693E+00      2.1370E-01      8.5374E+01      9.2236E+01      1.0000E+00
      2.0537E-01      1.0458E+00      1.0074E+00      1.1266E+00      1.9127E-01      8.6303E+01      9.4006E+01      1.0000E+00
      1.4378E-01      1.2038E+00      1.1312E+00      1.3424E+00      1.0030E-01      7.7123E+01      1.1786E+02      1.0000E+00
      1.7913E-01      1.4294E+00      1.1888E+00      1.7249E+00      1.1831E-01      6.5433E+01      1.2120E+02      1.0000E+00
      2.3576E-01      1.2191E+00      1.0612E+00      1.3482E+00      1.8772E-01      7.2061E+01      1.0134E+02      1.0000E+00
      1.2782E-01      1.2388E+00      1.1537E+00      1.4776E+00      7.8138E-02      7.4461E+01      1.1982E+02      1.0000E+00
      1.3256E-01      1.2723E+00      1.1495E+00      1.5446E+00      8.0847E-02      7.3587E+01      1.1929E+02      1.0000E+00
      2.4508E-01      1.1715E+00      1.0545E+00      1.3476E+00      1.9205E-01      7.1699E+01      9.6552E+01      1.0000E+00
      1.4674E-01      1.5722E+00      1.2511E+00      1.9485E+00      8.6920E-02      6.2407E+01      1.2529E+02      1.0000E+00
      1.0348E-01      1.1629E+00      1.1591E+00      1.2392E+00      7.6941E-02      7.2811E+01      1.2034E+02      1.0000E+00
      1.6053E-01      1.2765E+00      1.1294E+00      1.5988E+00      1.1313E-01      6.3532E+01      1.0692E+02      1.0000E+00
      1.1418E-01      1.4281E+00      1.1873E+00      1.7048E+00      7.6171E-02      5.9230E+01      1.1147E+02      1.0000E+00
      1.0951E-01      1.5304E+00      1.2838E+00      1.9133E+00      6.7659E-02      5.2338E+01      1.1322E+02      1.0000E+00
      1.5561E-01      1.2555E+00      1.3744E+00      2.2080E+00      9.3693E-02      7.1311E+01      1.0775E+02      1.0000E+00
      1.5288E-01      1.3302E+00      1.4958E+00      2.4146E+00      9.1969E-02      6.7247E+01      1.0899E+02      1.0000E+00
      1.0747E-01      1.6298E+00      1.3246E+00      2.1854E+00      6.9152E-02      5.3101E+01      1.1508E+02      1.0000E+00
      1.1915E-01      1.6390E+00      1.3264E+00      2.0758E+00      7.6939E-02      5.2542E+01      1.1819E+02      1.0000E+00
      1.8114E-01      1.2783E+00      1.2611E+00      1.9139E+00      1.2261E-01      6.6893E+01      1.0499E+02      1.0000E+00
      1.5344E-01      1.1561E+00      1.0875E+00      1.4838E+00      1.2605E-01      7.8880E+01      9.7204E+01      1.0000E+00
      1.7423E-01      1.1952E+00      1.1422E+00      1.5853E+00      1.2909E-01      6.8975E+01      1.0406E+02      1.0000E+00
      1.1763E-01      1.4939E+00      1.2263E+00      1.7903E+00      8.2824E-02      5.8322E+01      1.2008E+02      1.0000E+00
      1.0027E-01      1.2418E+00      1.0808E+00      1.4172E+00      7.2865E-02      7.7966E+01      1.1214E+02      1.0000E+00
      1.8000E-01      1.1972E+00      1.0841E+00      1.4858E+00      1.2689E-01      7.0308E+01      1.0416E+02      1.0000E+00
      1.3465E-01      1.4159E+00      1.1853E+00      1.6727E+00      9.6457E-02      5.9986E+01      1.1583E+02      1.0000E+00
      1.2597E-01      1.3149E+00      1.1340E+00      1.5169E+00      9.6390E-02      6.3499E+01      1.1251E+02      1.0000E+00
      1.2934E-01      1.2943E+00      1.1208E+00      1.4697E+00      1.0145E-01      6.4902E+01      1.1171E+02      1.0000E+00
      1.4457E-01      1.4205E+00      1.1955E+00      1.6805E+00      1.0410E-01      5.9036E+01      1.1745E+02      1.0000E+00
      1.9533E-01      1.1888E+00      1.0719E+00      1.4571E+00      1.3903E-01      7.4093E+01      1.0724E+02      1.0000E+00
      1.0781E-01      1.2607E+00      1.0645E+00      1.4967E+00      7.5681E-02      7.2818E+01      1.0805E+02      1.0000E+00
      1.2373E-01      1.3600E+00      1.2546E+00      1.6854E+00      8.9664E-02      5.9650E+01      1.2211E+02      1.0000E+00
      1.6058E-01      1.1974E+00      1.0667E+00      1.3875E+00      1.1691E-01      6.9705E+01      1.0119E+02      1.0000E+00
      9.5951E-02      1.1551E+00      1.1140E+00      1.3119E+00      7.1815E-02      7.7791E+01      1.1556E+02      1.0000E+00
      1.3285E-01      1.5287E+00      1.2034E+00      1.9897E+00      8.6699E-02      6.1480E+01      1.1657E+02      1.0000E+00
      2.3707E-01      1.1584E+00      1.1100E+00      1.4514E+00      1.9255E-01      7.1465E+01      1.0797E+02      1.0000E+00
      2.2144E-01      1.0707E+00      1.0166E+00      1.1950E+00      2.0740E-01      8.6792E+01      9.3517E+01      1.0000E+00
      2.2003E-01      1.0556E+00      1.0108E+00      1.1476E+00      2.1266E-01      8.7096E+01      9.2933E+01      1.0000E+00
      2.1926E-01      1.0579E+00      1.0153E+00      1.1759E+00      2.0673E-01      8.6214E+01      9.4077E+01      1.0000E+00
      2.2604E-01      1.1595E+00      1.0951E+00      1.4122E+00      1.8387E-01      7.2822E+01      1.0884E+02      1.0000E+00
      1.2550E-01      1.4749E+00      1.1801E+00      1.9995E+00      8.3322E-02      6.4882E+01      1.1477E+02      1.0000E+00
      9.2181E-02      1.2566E+00      1.1249E+00      1.4855E+00      6.6872E-02      7.7379E+01      1.1587E+02      1.0000E+00
      1.3812E-01      1.1121E+00      1.0442E+00      1.3030E+00      1.1694E-01      8.2934E+01      1.0294E+02      1.0000E+00
      1.8998E-01      1.1904E+00      1.0594E+00      1.4262E+00      1.3430E-01      7.2011E+01      1.0597E+02      1.0000E+00
      1.4747E-01      1.3553E+00      1.1613E+00      1.6307E+00      1.0661E-01      6.0744E+01      1.1397E+02      1.0000E+00
      1.3136E-01      1.2077E+00      1.0892E+00      1.3921E+00      1.0837E-01      6.8587E+01      1.0983E+02      1.0000E+00
      1.1049E-01      1.3417E+00      1.2848E+00      1.7117E+00      7.2969E-02      6.2557E+01      1.2457E+02      1.0000E+00
      9.7598E-02      1.3473E+00      1.1104E+00      1.6387E+00      6.1739E-02      7.0193E+01      1.1444E+02      1.0000E+00
      8.5697E-01      1.4045E+00      1.5686E+00      2.2942E+00      5.5818E-01      6.9642E+01      1.2060E+02      1.0000E+00
      6.9973E-01      1.5426E+00      1.6041E+00      2.4607E+00      4.2513E-01      7.3133E+01      1.2529E+02      1.0000E+00
      5.4828E-01      1.5092E+00      1.4484E+00      2.2396E+00      3.4034E-01      7.2950E+01      1.2449E+02      1.0000E+00
      4.8450E-01      1.2900E+00      1.2551E+00      1.8715E+00      3.4972E-01      7.7005E+01      1.1269E+02      1.0000E+00
      5.6623E-01      1.2227E+00      1.2642E+00      1.7803E+00      4.0559E-01      6.6858E+01      1.1350E+02      1.0000E+00
      3.8381E-01      1.4758E+00      1.2018E+00      1.8314E+00      2.5860E-01      5.9570E+01      1.1630E+02      1.0000E+00
      3.4414E-01      1.3002E+00      1.0990E+00      1.5583E+00      2.1452E-01      6.9838E+01      1.1447E+02      1.0000E+00
      5.0813E-01      1.1327E+00      1.0452E+00      1.3590E+00      4.2061E-01      8.0305E+01      1.0205E+02      1.0000E+00
      3.1537E-01      1.3274E+00      1.1228E+00      1.4826E+00      2.4816E-01      6.6389E+01      1.1135E+02      1.0000E+00
      2.2218E-01      1.0541E+00      1.0394E+00      1.1018E+00      2.0843E-01      7.6176E+01      1.0512E+02      1.0000E+00
      2.1615E-01      1.0547E+00      1.0082E+00      1.0970E+00      2.1190E-01      8.4135E+01      9.5160E+01      1.0000E+00
      2.1027E-01      1.0816E+00      1.0258E+00      1.1760E+00      2.0069E-01      8.0000E+01      9.8993E+01      1.0000E+00
      2.0830E-01      1.1333E+00      1.0746E+00      1.2040E+00      1.9882E-01      7.0782E+01      1.0880E+02      1.0000E+00
      2.7476E-01      1.2581E+00      1.1535E+00      1.3933E+00      2.1406E-01      6.0217E+01      1.0904E+02      1.0000E+00
      2.9343E-01      1.3935E+00      1.5136E+00      1.8663E+00      1.5416E-01      6.1312E+01      1.3481E+02      1.0000E+00
      3.9704E-01      2.0789E+00      1.7912E+00      2.1938E+00      1.6655E-01      4.8888E+01      1.4598E+02      1.0000E+00
      6.6050E-01      1.5376E+00      1.3571E+00      2.2123E+00      4.7510E-01      7.7630E+01      1.1197E+02      1.0000E+00
      5.8841E-01      1.2743E+00      1.2308E+00      1.8226E+00      4.6079E-01      7.7059E+01      1.0795E+02      1.0000E+00
      6.8834E-01      1.3845E+00      1.5372E+00      2.4601E+00      4.1050E-01      6.2566E+01      1.1119E+02      1.0000E+00
      5.4731E-01      1.5754E+00      1.4200E+00      2.4048E+00      2.9588E-01      5.3666E+01      1.0700E+02      1.0000E+00
      2.6568E-01      1.3538E+00      1.1579E+00      1.4146E+00      2.0084E-01      6.5837E+01      1.1980E+02      1.0000E+00
      3.3256E-01      1.6704E+00      1.2942E+00      1.9031E+00      2.2196E-01      6.2362E+01      1.1942E+02      1.0000E+00
      1.1375E+00      1.8176E+00      1.7004E+00      3.0699E+00      4.6857E-01      4.5501E+01      1.1642E+02      1.0000E+00
      1.0593E+00      1.9057E+00      1.8221E+00      3.3452E+00      4.0361E-01      4.3950E+01      1.1980E+02      1.0000E+00
      3.0614E-01      1.6895E+00      1.2916E+00      1.9031E+00      2.1001E-01      6.3507E+01      1.1674E+02      1.0000E+00
      2.3652E-01      1.3271E+00      1.1598E+00      1.3709E+00      1.9335E-01      6.3006E+01      1.1967E+02      1.0000E+00
      4.8003E-01      1.5149E+00      1.4565E+00      2.3639E+00      2.5237E-01      5.1298E+01      1.0692E+02      1.0000E+00
      6.2344E-01      1.4469E+00      1.8242E+00      2.9585E+00      2.5604E-01      6.6444E+01      1.2857E+02      1.0000E+00
      3.0266E-01      1.7457E+00      1.3432E+00      2.1063E+00      1.7212E-01      5.3432E+01      1.1859E+02      1.0000E+00
      2.2461E-01      1.1620E+00      1.0877E+00      1.2782E+00      1.8042E-01      7.4290E+01      1.1272E+02      1.0000E+00
      3.7534E-01      1.1769E+00      1.0547E+00      1.3170E+00      2.9403E-01      7.9856E+01      1.0831E+02      1.0000E+00
      5.1935E-01      1.2405E+00      1.0905E+00      1.4967E+00      4.0127E-01      8.1361E+01      1.0795E+02      1.0000E+00
      3.9314E-01      1.4806E+00      1.5053E+00      1.7167E+00      1.7797E-01      6.6342E+01      1.3837E+02      1.0000E+00
      2.1145E-01      1.2047E+00      1.1480E+00      1.3680E+00      1.7552E-01      6.2503E+01      1.1494E+02      1.0000E+00
      2.0452E-01      1.0804E+00      1.0325E+00      1.1466E+00      1.8960E-01      8.0258E+01      1.0353E+02      1.0000E+00
      2.1461E-01      1.0904E+00      1.0156E+00      1.1921E+00      2.0317E-01      8.6314E+01      9.2365E+01      1.0000E+00
      1.9827E-01      1.0622E+00      1.0118E+00      1.1003E+00      1.8675E-01      8.1684E+01      9.7044E+01      1.0000E+00
      2.0874E-01      1.0519E+00      1.0304E+00      1.0949E+00      1.9238E-01      7.9538E+01      1.0374E+02      1.0000E+00
      2.6276E-01      1.1772E+00      1.0623E+00      1.2474E+00      2.3263E-01      7.1895E+01      1.0751E+02      1.0000E+00
      2.7025E-01      1.2205E+00      1.1751E+00      1.5864E+00      1.7659E-01      7.5160E+01      1.1824E+02      1.0000E+00
      3.2861E-01      1.3399E+00      1.3131E+00      1.4391E+00      2.1104E-01      6.3529E+01      1.3029E+02      1.0000E+00
      3.4416E-01      1.2792E+00      1.1031E+00      1.3940E+00      2.7982E-01      6.9054E+01      1.1288E+02      1.0000E+00
      3.9495E-01      1.6420E+00      1.2968E+00      2.0672E+00      2.3746E-01      5.4457E+01      1.1457E+02      1.0000E+00
      6.4249E-01      1.2516E+00      1.3837E+00      2.0677E+00      4.2136E-01      6.8476E+01      1.1280E+02      1.0000E+00
      6.5777E-01      1.3486E+00      1.5157E+00      2.4853E+00      3.7846E-01      6.5929E+01      1.0772E+02      1.0000E+00
      5.4655E-01      1.4957E+00      1.4140E+00      2.3681E+00      2.8746E-01      5.5710E+01      1.0920E+02      1.0000E+00
      2.7394E-01      1.3473E+00      1.1435E+00      1.5285E+00      2.3029E-01      6.6146E+01      1.1202E+02      1.0000E+00
      4.0943E-01      1.8347E+00      1.4379E+00      2.1865E+00      2.4077E-01      4.9124E+01      1.2468E+02      1.0000E+00
      9.1117E-01      1.2525E+00      1.2417E+00      1.9300E+00      6.1360E-01      7.7716E+01      1.0955E+02      1.0000E+00
      9.5000E-01      1.3011E+00      1.2925E+00      1.9583E+00      7.3342E-01      7.2406E+01      1.0723E+02      1.0000E+00
      2.1090E+00      1.2985E+00      1.3473E+00      1.9300E+00      1.3834E+00      5.9755E+01      1.1491E+02      1.0000E+00
      8.2887E-01      1.3900E+00      1.2727E+00      1.5823E+00      5.7331E-01      5.1820E+01      1.1279E+02      1.0000E+00
      5.2860E-01      1.2298E+00      1.0723E+00      1.4201E+00      4.2858E-01      8.2102E+01      1.0537E+02      1.0000E+00
