  
 ----------------
 Bad Element Info
 ----------------
  
 Element         2282
         0.48607992342139372      -0.68411113236725196        0.0000000000000000     
         0.52118419369769398      -0.73613340881470313        0.0000000000000000     
         0.52737385193234365      -0.64748109109437091        0.0000000000000000     
         0.48326774201769290      -0.64906385055677829        0.0000000000000000     
 Problems:
       Maximum Angle      150.57636117427521     
  
 //////////////////////////////////////////////////
 Element         2323
          2.5518652236574075        1.4567208762712447        0.0000000000000000     
          2.5430819014730610        1.5440932928475808        0.0000000000000000     
          2.4509104676769700        1.5553000300413007        0.0000000000000000     
          2.5000000000000000        1.5000000000000000        0.0000000000000000     
 Problems:
       Condition          6.7448943810358335     
       Maximum Angle      171.43871976080226     
  
 //////////////////////////////////////////////////
 Element         2343
         0.53079025522067347        1.5554743665314139        0.0000000000000000     
         0.43640955059280628        1.5444415353053724        0.0000000000000000     
         0.43377003368994083        1.4568242135232070        0.0000000000000000     
         0.50000000000000000        1.5000000000000000        0.0000000000000000     
 Problems:
       Maximum Angle      152.13245548088994     
  
 //////////////////////////////////////////////////
 Element         2374
          2.4509306709754117        1.9277379121508134        0.0000000000000000     
          2.5431240888026290        1.9349337561214301        0.0000000000000000     
          2.5522466748284600        2.0254201170465373        0.0000000000000000     
          2.5000000000000000        2.0000000000000000        0.0000000000000000     
 Problems:
       Maximum Angle      150.12312657677151     
  
 //////////////////////////////////////////////////
 Element         2411
         -1.5493382167408007       -2.0720046064980728        0.0000000000000000     
         -1.4566643481104486       -2.0645267226823725        0.0000000000000000     
         -1.4455624829471176       -1.9700166565183324        0.0000000000000000     
         -1.5000000000000000       -2.0000000000000000        0.0000000000000000     
 Problems:
       Maximum Angle      153.26459375994614     
  
 //////////////////////////////////////////////////
 Element         2427
         -1.9745796015286141      -0.94775380674058773        0.0000000000000000     
         -2.0650620045994996      -0.95687209435668796        0.0000000000000000     
         -2.0722591535097705       -1.0490709385646257        0.0000000000000000     
         -2.0000000000000000       -1.0000000000000000        0.0000000000000000     
 Problems:
       Maximum Angle      150.12553865102066     
  
 //////////////////////////////////////////////////
  
 ------------------------
 2D Mesh Quality Measures
 ------------------------
  
Signed Area     Aspect Ratio    Condition       Edge Ratio      Jacobian        Minimum Angle   Maximum Angle   Area Sign       
      6.2070E-03      1.4022E+00      1.2596E+00      1.5854E+00      4.0644E-03      6.2757E+01      1.2686E+02      1.0000E+00
      7.9162E-03      1.1095E+00      1.0255E+00      1.2476E+00      7.2707E-03      8.6417E+01      9.7523E+01      1.0000E+00
      8.9128E-03      1.0554E+00      1.0089E+00      1.1423E+00      8.5692E-03      8.7844E+01      9.2844E+01      1.0000E+00
      9.5205E-03      1.0295E+00      1.0030E+00      1.0791E+00      9.3037E-03      8.8797E+01      9.1448E+01      1.0000E+00
      9.8775E-03      1.0191E+00      1.0009E+00      1.0441E+00      9.7208E-03      8.9091E+01      9.1515E+01      1.0000E+00
      1.0019E-02      1.0147E+00      1.0005E+00      1.0249E+00      9.9399E-03      8.8995E+01      9.1217E+01      1.0000E+00
      9.9669E-03      1.0160E+00      1.0006E+00      1.0327E+00      9.8519E-03      8.8515E+01      9.0853E+01      1.0000E+00
      9.7413E-03      1.0230E+00      1.0018E+00      1.0562E+00      9.5748E-03      8.8081E+01      9.1501E+01      1.0000E+00
      9.3581E-03      1.0351E+00      1.0047E+00      1.0914E+00      9.1627E-03      8.7560E+01      9.2430E+01      1.0000E+00
      8.8058E-03      1.0621E+00      1.0106E+00      1.1491E+00      8.4919E-03      8.6848E+01      9.4009E+01      1.0000E+00
      7.9378E-03      1.1085E+00      1.0239E+00      1.2337E+00      7.3604E-03      8.6221E+01      9.7669E+01      1.0000E+00
      6.2903E-03      1.4043E+00      1.2492E+00      1.5932E+00      4.0708E-03      6.3850E+01      1.2636E+02      1.0000E+00
      6.0541E-03      1.3569E+00      1.2865E+00      1.5996E+00      3.7355E-03      6.5144E+01      1.2809E+02      1.0000E+00
      9.4942E-03      1.1075E+00      1.0503E+00      1.2958E+00      8.1585E-03      7.6193E+01      1.0216E+02      1.0000E+00
      1.0460E-02      1.0493E+00      1.0097E+00      1.1228E+00      9.6437E-03      8.2382E+01      9.5105E+01      1.0000E+00
      9.5452E-03      1.0316E+00      1.0016E+00      1.0561E+00      9.3789E-03      8.9209E+01      9.1236E+01      1.0000E+00
      9.6963E-03      1.0166E+00      1.0007E+00      1.0384E+00      9.5899E-03      8.9484E+01      9.0727E+01      1.0000E+00
      9.8494E-03      1.0078E+00      1.0002E+00      1.0212E+00      9.7950E-03      8.9606E+01      9.0398E+01      1.0000E+00
      9.9454E-03      1.0053E+00      1.0001E+00      1.0125E+00      9.9049E-03      8.9712E+01      9.0420E+01      1.0000E+00
      9.9850E-03      1.0042E+00      1.0000E+00      1.0074E+00      9.9643E-03      8.9738E+01      9.0327E+01      1.0000E+00
      9.9731E-03      1.0045E+00      1.0000E+00      1.0092E+00      9.9436E-03      8.9627E+01      9.0215E+01      1.0000E+00
      9.9148E-03      1.0062E+00      1.0001E+00      1.0151E+00      9.8716E-03      8.9531E+01      9.0375E+01      1.0000E+00
      9.8144E-03      1.0095E+00      1.0003E+00      1.0241E+00      9.7590E-03      8.9416E+01      9.0619E+01      1.0000E+00
      9.6787E-03      1.0175E+00      1.0007E+00      1.0387E+00      9.5843E-03      8.9411E+01      9.0954E+01      1.0000E+00
      9.5853E-03      1.0294E+00      1.0012E+00      1.0473E+00      9.4621E-03      8.9255E+01      9.0836E+01      1.0000E+00
      1.0856E-02      1.0929E+00      1.0191E+00      1.1793E+00      9.7524E-03      7.9347E+01      9.8233E+01      1.0000E+00
      1.0808E-02      1.0951E+00      1.0184E+00      1.1988E+00      9.4694E-03      7.9330E+01      9.6539E+01      1.0000E+00
      8.3944E-03      1.0712E+00      1.0114E+00      1.1625E+00      7.5429E-03      8.5599E+01      9.7159E+01      1.0000E+00
      6.5071E-03      1.3869E+00      1.2513E+00      1.6586E+00      4.0158E-03      6.6035E+01      1.2602E+02      1.0000E+00
      7.6644E-03      1.2548E+00      1.3470E+00      1.3552E+00      4.5319E-03      6.9763E+01      1.3206E+02      1.0000E+00
      1.0083E-02      1.0203E+00      1.0021E+00      1.0513E+00      9.7593E-03      8.6401E+01      9.2746E+01      1.0000E+00
      9.8659E-03      1.0134E+00      1.0005E+00      1.0331E+00      9.6129E-03      8.8790E+01      9.1725E+01      1.0000E+00
      1.0129E-02      1.0046E+00      1.0001E+00      1.0077E+00      1.0088E-02      8.9104E+01      9.0925E+01      1.0000E+00
      1.0064E-02      1.0045E+00      1.0002E+00      1.0109E+00      9.9920E-03      8.8988E+01      9.0725E+01      1.0000E+00
      9.9783E-03      1.0021E+00      1.0000E+00      1.0043E+00      9.9763E-03      8.9879E+01      9.0118E+01      1.0000E+00
      9.9789E-03      1.0012E+00      1.0000E+00      1.0031E+00      9.9717E-03      8.9935E+01      9.0063E+01      1.0000E+00
      9.9904E-03      1.0008E+00      1.0000E+00      1.0018E+00      9.9849E-03      8.9957E+01      9.0058E+01      1.0000E+00
      9.9959E-03      1.0006E+00      1.0000E+00      1.0011E+00      9.9931E-03      8.9965E+01      9.0045E+01      1.0000E+00
      9.9945E-03      1.0007E+00      1.0000E+00      1.0014E+00      9.9905E-03      8.9950E+01      9.0030E+01      1.0000E+00
      9.9866E-03      1.0009E+00      1.0000E+00      1.0022E+00      9.9808E-03      8.9938E+01      9.0051E+01      1.0000E+00
      9.9749E-03      1.0014E+00      1.0000E+00      1.0034E+00      9.9678E-03      8.9938E+01      9.0068E+01      1.0000E+00
      9.9788E-03      1.0020E+00      1.0000E+00      1.0042E+00      9.9761E-03      8.9901E+01      9.0103E+01      1.0000E+00
      1.0094E-02      1.0070E+00      1.0003E+00      1.0145E+00      9.9959E-03      8.8720E+01      9.0993E+01      1.0000E+00
      1.0254E-02      1.0103E+00      1.0005E+00      1.0206E+00      1.0140E-02      8.8349E+01      9.1021E+01      1.0000E+00
      1.0130E-02      1.0164E+00      1.0004E+00      1.0232E+00      1.0007E-02      8.9067E+01      9.1018E+01      1.0000E+00
      9.8264E-03      1.0162E+00      1.0005E+00      1.0293E+00      9.5869E-03      8.8192E+01      9.0987E+01      1.0000E+00
      1.1045E-02      1.0975E+00      1.0228E+00      1.1734E+00      9.9266E-03      7.8370E+01      9.8936E+01      1.0000E+00
      1.0784E-02      1.1099E+00      1.0199E+00      1.2236E+00      9.3685E-03      7.9181E+01      9.7064E+01      1.0000E+00
      8.1640E-03      1.0812E+00      1.0154E+00      1.1905E+00      7.2128E-03      8.5267E+01      9.8509E+01      1.0000E+00
      6.2003E-03      1.3887E+00      1.2756E+00      1.6463E+00      3.8388E-03      6.4460E+01      1.2739E+02      1.0000E+00
      7.6644E-03      1.2548E+00      1.3470E+00      1.3552E+00      4.5319E-03      6.9763E+01      1.3206E+02      1.0000E+00
      1.0564E-02      1.0284E+00      1.0048E+00      1.0545E+00      1.0030E-02      8.4393E+01      9.2710E+01      1.0000E+00
      1.0108E-02      1.0056E+00      1.0002E+00      1.0095E+00      1.0033E-02      8.8962E+01      9.0706E+01      1.0000E+00
      1.0108E-02      1.0020E+00      1.0001E+00      1.0035E+00      1.0078E-02      8.9147E+01      9.0708E+01      1.0000E+00
      1.0057E-02      1.0011E+00      1.0000E+00      1.0026E+00      1.0041E-02      8.9577E+01      9.0359E+01      1.0000E+00
      1.0033E-02      1.0012E+00      1.0000E+00      1.0024E+00      1.0012E-02      8.9689E+01      9.0196E+01      1.0000E+00
      1.0009E-02      1.0005E+00      1.0000E+00      1.0011E+00      1.0001E-02      8.9884E+01      9.0072E+01      1.0000E+00
      9.9999E-03      1.0001E+00      1.0000E+00      1.0003E+00      9.9993E-03      8.9986E+01      9.0012E+01      1.0000E+00
      9.9993E-03      1.0001E+00      1.0000E+00      1.0001E+00      9.9989E-03      8.9997E+01      9.0005E+01      1.0000E+00
      9.9996E-03      1.0000E+00      1.0000E+00      1.0001E+00      9.9994E-03      8.9998E+01      9.0003E+01      1.0000E+00
      9.9995E-03      1.0001E+00      1.0000E+00      1.0001E+00      9.9992E-03      8.9996E+01      9.0002E+01      1.0000E+00
      9.9990E-03      1.0001E+00      1.0000E+00      1.0002E+00      9.9986E-03      8.9996E+01      9.0003E+01      1.0000E+00
      9.9997E-03      1.0001E+00      1.0000E+00      1.0003E+00      9.9990E-03      8.9989E+01      9.0009E+01      1.0000E+00
      1.0010E-02      1.0005E+00      1.0000E+00      1.0011E+00      1.0001E-02      8.9875E+01      9.0081E+01      1.0000E+00
      1.0037E-02      1.0019E+00      1.0000E+00      1.0034E+00      1.0013E-02      8.9656E+01      9.0225E+01      1.0000E+00
      1.0058E-02      1.0023E+00      1.0000E+00      1.0048E+00      1.0041E-02      8.9619E+01      9.0301E+01      1.0000E+00
      1.0057E-02      1.0023E+00      1.0000E+00      1.0042E+00      1.0051E-02      8.9651E+01      9.0355E+01      1.0000E+00
      1.0146E-02      1.0084E+00      1.0003E+00      1.0132E+00      1.0065E-02      8.8639E+01      9.1090E+01      1.0000E+00
      1.0282E-02      1.0103E+00      1.0005E+00      1.0220E+00      1.0179E-02      8.8221E+01      9.1298E+01      1.0000E+00
      1.0115E-02      1.0186E+00      1.0005E+00      1.0274E+00      9.9756E-03      8.8825E+01      9.1204E+01      1.0000E+00
      9.7252E-03      1.0198E+00      1.0007E+00      1.0389E+00      9.4296E-03      8.8202E+01      9.1687E+01      1.0000E+00
      1.0582E-02      1.0643E+00      1.0116E+00      1.1285E+00      9.7747E-03      8.1574E+01      9.6459E+01      1.0000E+00
      9.7371E-03      1.1136E+00      1.0392E+00      1.2806E+00      8.4578E-03      7.7418E+01      1.0147E+02      1.0000E+00
      6.4088E-03      1.3820E+00      1.2880E+00      1.6666E+00      3.8238E-03      6.5662E+01      1.2805E+02      1.0000E+00
      6.0541E-03      1.3569E+00      1.2865E+00      1.5996E+00      3.7355E-03      6.5144E+01      1.2809E+02      1.0000E+00
      1.0083E-02      1.0203E+00      1.0021E+00      1.0513E+00      9.7593E-03      8.6401E+01      9.2746E+01      1.0000E+00
      1.0108E-02      1.0056E+00      1.0002E+00      1.0095E+00      1.0033E-02      8.8962E+01      9.0706E+01      1.0000E+00
      1.0150E-02      1.0035E+00      1.0002E+00      1.0069E+00      1.0082E-02      8.8780E+01      9.0834E+01      1.0000E+00
      1.0055E-02      1.0014E+00      1.0000E+00      1.0026E+00      1.0031E-02      8.9546E+01      9.0319E+01      1.0000E+00
      1.0019E-02      1.0006E+00      1.0000E+00      1.0012E+00      1.0009E-02      8.9835E+01      9.0110E+01      1.0000E+00
      1.0006E-02      1.0002E+00      1.0000E+00      1.0005E+00      1.0003E-02      8.9943E+01      9.0037E+01      1.0000E+00
      1.0002E-02      1.0001E+00      1.0000E+00      1.0002E+00      1.0001E-02      8.9977E+01      9.0013E+01      1.0000E+00
      1.0000E-02      1.0000E+00      1.0000E+00      1.0000E+00      1.0000E-02      8.9995E+01      9.0003E+01      1.0000E+00
      1.0000E-02      1.0000E+00      1.0000E+00      1.0000E+00      1.0000E-02      8.9999E+01      9.0000E+01      1.0000E+00
      1.0000E-02      1.0000E+00      1.0000E+00      1.0000E+00      1.0000E-02      9.0000E+01      9.0000E+01      1.0000E+00
      1.0000E-02      1.0000E+00      1.0000E+00      1.0000E+00      1.0000E-02      9.0000E+01      9.0000E+01      1.0000E+00
      1.0000E-02      1.0000E+00      1.0000E+00      1.0000E+00      1.0000E-02      9.0000E+01      9.0000E+01      1.0000E+00
      1.0000E-02      1.0000E+00      1.0000E+00      1.0000E+00      1.0000E-02      8.9995E+01      9.0003E+01      1.0000E+00
      1.0002E-02      1.0001E+00      1.0000E+00      1.0002E+00      1.0001E-02      8.9977E+01      9.0014E+01      1.0000E+00
      1.0005E-02      1.0003E+00      1.0000E+00      1.0005E+00      1.0003E-02      8.9953E+01      9.0030E+01      1.0000E+00
      1.0009E-02      1.0004E+00      1.0000E+00      1.0007E+00      1.0006E-02      8.9936E+01      9.0049E+01      1.0000E+00
      1.0019E-02      1.0009E+00      1.0000E+00      1.0016E+00      1.0010E-02      8.9843E+01      9.0113E+01      1.0000E+00
      1.0043E-02      1.0020E+00      1.0000E+00      1.0039E+00      1.0021E-02      8.9640E+01      9.0244E+01      1.0000E+00
      1.0060E-02      1.0022E+00      1.0000E+00      1.0049E+00      1.0045E-02      8.9608E+01      9.0335E+01      1.0000E+00
      1.0051E-02      1.0027E+00      1.0000E+00      1.0045E+00      1.0041E-02      8.9625E+01      9.0367E+01      1.0000E+00
      1.0108E-02      1.0052E+00      1.0002E+00      1.0083E+00      1.0056E-02      8.8962E+01      9.0856E+01      1.0000E+00
      1.0178E-02      1.0030E+00      1.0002E+00      1.0084E+00      1.0140E-02      8.8886E+01      9.1050E+01      1.0000E+00
      1.0011E-02      1.0113E+00      1.0004E+00      1.0224E+00      9.8179E-03      8.8467E+01      9.0675E+01      1.0000E+00
      1.0841E-02      1.0660E+00      1.0129E+00      1.1187E+00      1.0007E-02      8.1090E+01      9.6339E+01      1.0000E+00
      9.7921E-03      1.1255E+00      1.0381E+00      1.2927E+00      8.4804E-03      7.7497E+01      1.0168E+02      1.0000E+00
      6.3903E-03      1.3783E+00      1.2953E+00      1.6729E+00      3.7885E-03      6.5654E+01      1.2833E+02      1.0000E+00
      9.4942E-03      1.1075E+00      1.0503E+00      1.2958E+00      8.1585E-03      7.6193E+01      1.0216E+02      1.0000E+00
      9.8659E-03      1.0134E+00      1.0005E+00      1.0331E+00      9.6129E-03      8.8790E+01      9.1725E+01      1.0000E+00
      1.0108E-02      1.0020E+00      1.0001E+00      1.0035E+00      1.0078E-02      8.9147E+01      9.0708E+01      1.0000E+00
      1.0055E-02      1.0014E+00      1.0000E+00      1.0026E+00      1.0031E-02      8.9546E+01      9.0319E+01      1.0000E+00
      1.0019E-02      1.0006E+00      1.0000E+00      1.0011E+00      1.0007E-02      8.9829E+01      9.0106E+01      1.0000E+00
      1.0004E-02      1.0001E+00      1.0000E+00      1.0003E+00      1.0002E-02      8.9960E+01      9.0025E+01      1.0000E+00
      1.0001E-02      1.0000E+00      1.0000E+00      1.0001E+00      1.0001E-02      8.9991E+01      9.0007E+01      1.0000E+00
      1.0001E-02      1.0000E+00      1.0000E+00      1.0000E+00      1.0001E-02      8.9996E+01      9.0004E+01      1.0000E+00
      1.0001E-02      1.0000E+00      1.0000E+00      1.0000E+00      1.0000E-02      8.9997E+01      9.0003E+01      1.0000E+00
      1.0000E-02      1.0000E+00      1.0000E+00      1.0001E+00      1.0000E-02      8.9997E+01      9.0002E+01      1.0000E+00
      1.0000E-02      1.0000E+00      1.0000E+00      1.0001E+00      9.9999E-03      8.9998E+01      9.0001E+01      1.0000E+00
      1.0000E-02      1.0000E+00      1.0000E+00      1.0000E+00      9.9999E-03      8.9999E+01      9.0001E+01      1.0000E+00
      1.0000E-02      1.0000E+00      1.0000E+00      1.0000E+00      9.9999E-03      8.9999E+01      9.0001E+01      1.0000E+00
      1.0000E-02      1.0000E+00      1.0000E+00      1.0001E+00      1.0000E-02      8.9997E+01      9.0001E+01      1.0000E+00
      1.0001E-02      1.0000E+00      1.0000E+00      1.0001E+00      1.0000E-02      8.9996E+01      9.0003E+01      1.0000E+00
      1.0001E-02      1.0000E+00      1.0000E+00      1.0001E+00      1.0001E-02      8.9994E+01      9.0005E+01      1.0000E+00
      1.0001E-02      1.0000E+00      1.0000E+00      1.0001E+00      1.0001E-02      8.9990E+01      9.0008E+01      1.0000E+00
      1.0003E-02      1.0001E+00      1.0000E+00      1.0003E+00      1.0001E-02      8.9974E+01      9.0017E+01      1.0000E+00
      1.0006E-02      1.0003E+00      1.0000E+00      1.0005E+00      1.0003E-02      8.9952E+01      9.0032E+01      1.0000E+00
      1.0009E-02      1.0004E+00      1.0000E+00      1.0007E+00      1.0006E-02      8.9936E+01      9.0050E+01      1.0000E+00
      1.0017E-02      1.0007E+00      1.0000E+00      1.0014E+00      1.0010E-02      8.9856E+01      9.0103E+01      1.0000E+00
      1.0039E-02      1.0016E+00      1.0000E+00      1.0031E+00      1.0020E-02      8.9672E+01      9.0223E+01      1.0000E+00
      1.0068E-02      1.0021E+00      1.0000E+00      1.0043E+00      1.0048E-02      8.9492E+01      9.0395E+01      1.0000E+00
      1.0158E-02      1.0070E+00      1.0003E+00      1.0122E+00      1.0081E-02      8.8666E+01      9.0990E+01      1.0000E+00
      1.0222E-02      1.0039E+00      1.0003E+00      1.0113E+00      1.0182E-02      8.8732E+01      9.1274E+01      1.0000E+00
      1.0019E-02      1.0140E+00      1.0005E+00      1.0256E+00      9.8071E-03      8.8311E+01      9.0739E+01      1.0000E+00
      1.0756E-02      1.0581E+00      1.0109E+00      1.1065E+00      9.9931E-03      8.1770E+01      9.5734E+01      1.0000E+00
      9.5390E-03      1.1290E+00      1.0459E+00      1.3113E+00      8.2160E-03      7.6676E+01      1.0279E+02      1.0000E+00
      5.9983E-03      1.3672E+00      1.2964E+00      1.6347E+00      3.5565E-03      6.6101E+01      1.2869E+02      1.0000E+00
      6.2070E-03      1.4022E+00      1.2596E+00      1.5854E+00      4.0644E-03      6.2757E+01      1.2686E+02      1.0000E+00
      1.0460E-02      1.0493E+00      1.0097E+00      1.1228E+00      9.6437E-03      8.2382E+01      9.5105E+01      1.0000E+00
      1.0129E-02      1.0046E+00      1.0001E+00      1.0077E+00      1.0088E-02      8.9104E+01      9.0925E+01      1.0000E+00
      1.0057E-02      1.0011E+00      1.0000E+00      1.0026E+00      1.0041E-02      8.9577E+01      9.0359E+01      1.0000E+00
      1.0019E-02      1.0006E+00      1.0000E+00      1.0012E+00      1.0009E-02      8.9835E+01      9.0110E+01      1.0000E+00
      1.0004E-02      1.0001E+00      1.0000E+00      1.0003E+00      1.0002E-02      8.9960E+01      9.0025E+01      1.0000E+00
      1.0001E-02      1.0000E+00      1.0000E+00      1.0000E+00      1.0001E-02      8.9991E+01      9.0008E+01      1.0000E+00
      1.0002E-02      1.0001E+00      1.0000E+00      1.0002E+00      1.0001E-02      8.9977E+01      9.0014E+01      1.0000E+00
      1.0005E-02      1.0002E+00      1.0000E+00      1.0004E+00      1.0002E-02      8.9957E+01      9.0028E+01      1.0000E+00
      1.0006E-02      1.0003E+00      1.0000E+00      1.0006E+00      1.0005E-02      8.9960E+01      9.0035E+01      1.0000E+00
      1.0004E-02      1.0004E+00      1.0000E+00      1.0007E+00      1.0002E-02      8.9966E+01      9.0025E+01      1.0000E+00
      1.0000E-02      1.0003E+00      1.0000E+00      1.0006E+00      9.9973E-03      8.9975E+01      9.0011E+01      1.0000E+00
      9.9983E-03      1.0001E+00      1.0000E+00      1.0002E+00      9.9968E-03      8.9989E+01      9.0006E+01      1.0000E+00
      9.9983E-03      1.0001E+00      1.0000E+00      1.0002E+00      9.9967E-03      8.9995E+01      9.0013E+01      1.0000E+00
      1.0000E-02      1.0003E+00      1.0000E+00      1.0006E+00      9.9972E-03      8.9981E+01      9.0015E+01      1.0000E+00
      1.0003E-02      1.0004E+00      1.0000E+00      1.0008E+00      1.0001E-02      8.9970E+01      9.0020E+01      1.0000E+00
      1.0006E-02      1.0003E+00      1.0000E+00      1.0006E+00      1.0005E-02      8.9963E+01      9.0032E+01      1.0000E+00
      1.0005E-02      1.0002E+00      1.0000E+00      1.0004E+00      1.0002E-02      8.9959E+01      9.0028E+01      1.0000E+00
      1.0002E-02      1.0001E+00      1.0000E+00      1.0002E+00      1.0001E-02      8.9977E+01      9.0014E+01      1.0000E+00
      1.0001E-02      1.0000E+00      1.0000E+00      1.0000E+00      1.0001E-02      8.9993E+01      9.0006E+01      1.0000E+00
      1.0001E-02      1.0000E+00      1.0000E+00      1.0001E+00      1.0001E-02      8.9991E+01      9.0006E+01      1.0000E+00
      1.0003E-02      1.0001E+00      1.0000E+00      1.0002E+00      1.0001E-02      8.9975E+01      9.0016E+01      1.0000E+00
      1.0007E-02      1.0003E+00      1.0000E+00      1.0006E+00      1.0003E-02      8.9939E+01      9.0040E+01      1.0000E+00
      1.0019E-02      1.0008E+00      1.0000E+00      1.0016E+00      1.0008E-02      8.9827E+01      9.0114E+01      1.0000E+00
      1.0044E-02      1.0018E+00      1.0000E+00      1.0035E+00      1.0023E-02      8.9633E+01      9.0244E+01      1.0000E+00
      1.0072E-02      1.0022E+00      1.0000E+00      1.0046E+00      1.0052E-02      8.9474E+01      9.0423E+01      1.0000E+00
      1.0153E-02      1.0063E+00      1.0003E+00      1.0113E+00      1.0083E-02      8.8723E+01      9.0942E+01      1.0000E+00
      1.0190E-02      1.0045E+00      1.0003E+00      1.0107E+00      1.0141E-02      8.8942E+01      9.1219E+01      1.0000E+00
      9.9098E-03      1.0159E+00      1.0005E+00      1.0322E+00      9.6419E-03      8.8274E+01      9.1372E+01      1.0000E+00
      1.0278E-02      1.0359E+00      1.0050E+00      1.0707E+00      9.8874E-03      8.4500E+01      9.5037E+01      1.0000E+00
      8.0986E-03      1.2882E+00      1.3425E+00      1.4287E+00      4.5708E-03      7.0689E+01      1.3185E+02      1.0000E+00
      7.9161E-03      1.1095E+00      1.0255E+00      1.2476E+00      7.2707E-03      8.6417E+01      9.7523E+01      1.0000E+00
      9.5452E-03      1.0316E+00      1.0016E+00      1.0561E+00      9.3789E-03      8.9209E+01      9.1236E+01      1.0000E+00
      1.0064E-02      1.0045E+00      1.0002E+00      1.0109E+00      9.9920E-03      8.8988E+01      9.0725E+01      1.0000E+00
      1.0033E-02      1.0012E+00      1.0000E+00      1.0024E+00      1.0012E-02      8.9689E+01      9.0196E+01      1.0000E+00
      1.0006E-02      1.0002E+00      1.0000E+00      1.0005E+00      1.0003E-02      8.9943E+01      9.0037E+01      1.0000E+00
      1.0001E-02      1.0000E+00      1.0000E+00      1.0001E+00      1.0001E-02      8.9991E+01      9.0007E+01      1.0000E+00
      1.0002E-02      1.0001E+00      1.0000E+00      1.0002E+00      1.0001E-02      8.9977E+01      9.0014E+01      1.0000E+00
      1.0013E-02      1.0004E+00      1.0000E+00      1.0009E+00      1.0004E-02      8.9877E+01      9.0072E+01      1.0000E+00
      1.0030E-02      1.0012E+00      1.0000E+00      1.0025E+00      1.0013E-02      8.9730E+01      9.0175E+01      1.0000E+00
      1.0034E-02      1.0014E+00      1.0000E+00      1.0029E+00      1.0029E-02      8.9776E+01      9.0204E+01      1.0000E+00
      1.0009E-02      1.0026E+00      1.0000E+00      1.0048E+00      9.9895E-03      8.9815E+01      9.0099E+01      1.0000E+00
      9.9807E-03      1.0016E+00      1.0000E+00      1.0031E+00      9.9578E-03      8.9909E+01      9.0172E+01      1.0000E+00
      9.9690E-03      1.0017E+00      1.0000E+00      1.0039E+00      9.9613E-03      8.9948E+01      9.0036E+01      1.0000E+00
      9.9689E-03      1.0017E+00      1.0000E+00      1.0039E+00      9.9613E-03      8.9858E+01      9.0125E+01      1.0000E+00
      9.9795E-03      1.0016E+00      1.0000E+00      1.0031E+00      9.9556E-03      8.9835E+01      9.0261E+01      1.0000E+00
      1.0006E-02      1.0028E+00      1.0000E+00      1.0053E+00      9.9841E-03      8.9865E+01      9.0121E+01      1.0000E+00
      1.0031E-02      1.0015E+00      1.0000E+00      1.0030E+00      1.0028E-02      8.9826E+01      9.0165E+01      1.0000E+00
      1.0029E-02      1.0013E+00      1.0000E+00      1.0025E+00      1.0013E-02      8.9751E+01      9.0167E+01      1.0000E+00
      1.0012E-02      1.0005E+00      1.0000E+00      1.0009E+00      1.0004E-02      8.9882E+01      9.0071E+01      1.0000E+00
      1.0002E-02      1.0001E+00      1.0000E+00      1.0002E+00      1.0001E-02      8.9978E+01      9.0013E+01      1.0000E+00
      1.0000E-02      1.0000E+00      1.0000E+00      1.0000E+00      1.0000E-02      8.9998E+01      9.0002E+01      1.0000E+00
      1.0000E-02      1.0000E+00      1.0000E+00      1.0000E+00      1.0000E-02      8.9998E+01      9.0002E+01      1.0000E+00
      1.0001E-02      1.0000E+00      1.0000E+00      1.0001E+00      1.0000E-02      8.9991E+01      9.0005E+01      1.0000E+00
      1.0003E-02      1.0001E+00      1.0000E+00      1.0003E+00      1.0001E-02      8.9973E+01      9.0016E+01      1.0000E+00
      1.0007E-02      1.0003E+00      1.0000E+00      1.0006E+00      1.0003E-02      8.9937E+01      9.0041E+01      1.0000E+00
      1.0019E-02      1.0008E+00      1.0000E+00      1.0016E+00      1.0009E-02      8.9828E+01      9.0113E+01      1.0000E+00
      1.0043E-02      1.0016E+00      1.0000E+00      1.0033E+00      1.0022E-02      8.9646E+01      9.0242E+01      1.0000E+00
      1.0066E-02      1.0017E+00      1.0000E+00      1.0036E+00      1.0051E-02      8.9527E+01      9.0406E+01      1.0000E+00
      1.0136E-02      1.0044E+00      1.0002E+00      1.0068E+00      1.0092E-02      8.8875E+01      9.0981E+01      1.0000E+00
      1.0264E-02      1.0049E+00      1.0005E+00      1.0083E+00      1.0202E-02      8.8455E+01      9.1848E+01      1.0000E+00
      1.1497E-02      1.0830E+00      1.0226E+00      1.1367E+00      1.0351E-02      7.8097E+01      9.7359E+01      1.0000E+00
      1.0063E-02      1.1598E+00      1.0343E+00      1.3247E+00      8.5988E-03      7.7469E+01      1.0181E+02      1.0000E+00
      6.2439E-03      1.3562E+00      1.2898E+00      1.6721E+00      3.6046E-03      6.8033E+01      1.2807E+02      1.0000E+00
      8.9128E-03      1.0554E+00      1.0089E+00      1.1423E+00      8.5692E-03      8.7844E+01      9.2844E+01      1.0000E+00
      9.6963E-03      1.0166E+00      1.0007E+00      1.0384E+00      9.5899E-03      8.9484E+01      9.0727E+01      1.0000E+00
      9.9783E-03      1.0021E+00      1.0000E+00      1.0043E+00      9.9763E-03      8.9879E+01      9.0118E+01      1.0000E+00
      1.0009E-02      1.0005E+00      1.0000E+00      1.0011E+00      1.0001E-02      8.9884E+01      9.0072E+01      1.0000E+00
      1.0002E-02      1.0001E+00      1.0000E+00      1.0002E+00      1.0001E-02      8.9977E+01      9.0013E+01      1.0000E+00
      1.0001E-02      1.0000E+00      1.0000E+00      1.0000E+00      1.0001E-02      8.9996E+01      9.0003E+01      1.0000E+00
      1.0005E-02      1.0002E+00      1.0000E+00      1.0004E+00      1.0002E-02      8.9958E+01      9.0028E+01      1.0000E+00
      1.0030E-02      1.0012E+00      1.0000E+00      1.0025E+00      1.0013E-02      8.9731E+01      9.0174E+01      1.0000E+00
      1.0077E-02      1.0019E+00      1.0001E+00      1.0037E+00      1.0040E-02      8.9360E+01      9.0431E+01      1.0000E+00
      1.0042E-02      1.0036E+00      1.0000E+00      1.0063E+00      1.0019E-02      8.9654E+01      9.0264E+01      1.0000E+00
      9.8906E-03      1.0082E+00      1.0003E+00      1.0153E+00      9.7721E-03      8.9209E+01      9.1288E+01      1.0000E+00
      9.7807E-03      1.0095E+00      1.0006E+00      1.0253E+00      9.7042E-03      8.8746E+01      9.1342E+01      1.0000E+00
      9.7724E-03      1.0234E+00      1.0009E+00      1.0432E+00      9.6972E-03      8.9346E+01      9.0426E+01      1.0000E+00
      9.7754E-03      1.0240E+00      1.0010E+00      1.0440E+00      9.6970E-03      8.8663E+01      9.1109E+01      1.0000E+00
      9.7740E-03      1.0098E+00      1.0009E+00      1.0249E+00      9.6933E-03      8.8113E+01      9.2025E+01      1.0000E+00
      9.8627E-03      1.0096E+00      1.0006E+00      1.0178E+00      9.7223E-03      8.8827E+01      9.1926E+01      1.0000E+00
      1.0014E-02      1.0049E+00      1.0001E+00      1.0113E+00      9.9687E-03      8.9777E+01      9.0292E+01      1.0000E+00
      1.0064E-02      1.0024E+00      1.0000E+00      1.0039E+00      1.0037E-02      8.9484E+01      9.0411E+01      1.0000E+00
      1.0028E-02      1.0010E+00      1.0000E+00      1.0021E+00      1.0013E-02      8.9749E+01      9.0172E+01      1.0000E+00
      1.0005E-02      1.0002E+00      1.0000E+00      1.0004E+00      1.0002E-02      8.9959E+01      9.0028E+01      1.0000E+00
      1.0000E-02      1.0000E+00      1.0000E+00      1.0000E+00      1.0000E-02      8.9997E+01      9.0002E+01      1.0000E+00
      1.0000E-02      1.0000E+00      1.0000E+00      1.0000E+00      1.0000E-02      9.0000E+01      9.0000E+01      1.0000E+00
      1.0000E-02      1.0000E+00      1.0000E+00      1.0000E+00      1.0000E-02      8.9999E+01      9.0000E+01      1.0000E+00
      1.0000E-02      1.0000E+00      1.0000E+00      1.0000E+00      1.0000E-02      8.9998E+01      9.0001E+01      1.0000E+00
      1.0001E-02      1.0000E+00      1.0000E+00      1.0001E+00      1.0000E-02      8.9991E+01      9.0005E+01      1.0000E+00
      1.0003E-02      1.0001E+00      1.0000E+00      1.0002E+00      1.0001E-02      8.9974E+01      9.0016E+01      1.0000E+00
      1.0007E-02      1.0003E+00      1.0000E+00      1.0006E+00      1.0003E-02      8.9939E+01      9.0041E+01      1.0000E+00
      1.0020E-02      1.0008E+00      1.0000E+00      1.0014E+00      1.0010E-02      8.9819E+01      9.0123E+01      1.0000E+00
      1.0066E-02      1.0023E+00      1.0000E+00      1.0041E+00      1.0032E-02      8.9436E+01      9.0403E+01      1.0000E+00
      1.0217E-02      1.0094E+00      1.0006E+00      1.0169E+00      1.0088E-02      8.8119E+01      9.1255E+01      1.0000E+00
      1.0319E-02      1.0071E+00      1.0007E+00      1.0187E+00      1.0242E-02      8.8072E+01      9.1799E+01      1.0000E+00
      1.0050E-02      1.0205E+00      1.0009E+00      1.0351E+00      9.7899E-03      8.7695E+01      9.1160E+01      1.0000E+00
      1.0497E-02      1.0423E+00      1.0078E+00      1.0758E+00      1.0026E-02      8.3057E+01      9.5913E+01      1.0000E+00
      8.2271E-03      1.2830E+00      1.3395E+00      1.4373E+00      4.6080E-03      7.1383E+01      1.3170E+02      1.0000E+00
      9.5205E-03      1.0295E+00      1.0030E+00      1.0791E+00      9.3037E-03      8.8797E+01      9.1448E+01      1.0000E+00
      9.8494E-03      1.0078E+00      1.0002E+00      1.0212E+00      9.7950E-03      8.9606E+01      9.0398E+01      1.0000E+00
      9.9789E-03      1.0012E+00      1.0000E+00      1.0031E+00      9.9717E-03      8.9935E+01      9.0063E+01      1.0000E+00
      9.9999E-03      1.0001E+00      1.0000E+00      1.0003E+00      9.9993E-03      8.9986E+01      9.0012E+01      1.0000E+00
      1.0000E-02      1.0000E+00      1.0000E+00      1.0000E+00      1.0000E-02      8.9995E+01      9.0003E+01      1.0000E+00
      1.0001E-02      1.0000E+00      1.0000E+00      1.0000E+00      1.0000E-02      8.9997E+01      9.0003E+01      1.0000E+00
      1.0006E-02      1.0003E+00      1.0000E+00      1.0006E+00      1.0005E-02      8.9960E+01      9.0034E+01      1.0000E+00
      1.0033E-02      1.0014E+00      1.0000E+00      1.0030E+00      1.0029E-02      8.9781E+01      9.0199E+01      1.0000E+00
      1.0040E-02      1.0037E+00      1.0000E+00      1.0067E+00      1.0016E-02      8.9656E+01      9.0244E+01      1.0000E+00
      9.7100E-03      1.0146E+00      1.0019E+00      1.0281E+00      9.4367E-03      8.8081E+01      9.3525E+01      1.0000E+00
      9.1429E-03      1.0382E+00      1.0123E+00      1.0798E+00      8.6754E-03      8.3748E+01      9.8582E+01      1.0000E+00
      9.0576E-03      1.0770E+00      1.0144E+00      1.1521E+00      8.8180E-03      8.3312E+01      9.5320E+01      1.0000E+00
      9.2076E-03      1.1202E+00      1.0194E+00      1.2119E+00      8.9371E-03      8.6889E+01      9.3027E+01      1.0000E+00
      9.2564E-03      1.1300E+00      1.0248E+00      1.2243E+00      8.9416E-03      8.4003E+01      9.5917E+01      1.0000E+00
      9.0544E-03      1.0843E+00      1.0204E+00      1.1520E+00      8.8022E-03      8.0257E+01      9.8190E+01      1.0000E+00
      8.9704E-03      1.0456E+00      1.0215E+00      1.0691E+00      8.3861E-03      8.1804E+01      1.0178E+02      1.0000E+00
      9.5493E-03      1.0229E+00      1.0045E+00      1.0554E+00      9.1682E-03      8.6503E+01      9.5171E+01      1.0000E+00
      9.9926E-03      1.0039E+00      1.0000E+00      1.0080E+00      9.9429E-03      8.9693E+01      9.0263E+01      1.0000E+00
      1.0026E-02      1.0011E+00      1.0000E+00      1.0022E+00      1.0022E-02      8.9821E+01      9.0194E+01      1.0000E+00
      1.0005E-02      1.0002E+00      1.0000E+00      1.0005E+00      1.0004E-02      8.9963E+01      9.0034E+01      1.0000E+00
      1.0000E-02      1.0000E+00      1.0000E+00      1.0000E+00      1.0000E-02      8.9997E+01      9.0003E+01      1.0000E+00
      1.0000E-02      1.0000E+00      1.0000E+00      1.0000E+00      1.0000E-02      9.0000E+01      9.0000E+01      1.0000E+00
      1.0000E-02      1.0000E+00      1.0000E+00      1.0000E+00      1.0000E-02      9.0000E+01      9.0000E+01      1.0000E+00
      1.0000E-02      1.0000E+00      1.0000E+00      1.0000E+00      1.0000E-02      9.0000E+01      9.0000E+01      1.0000E+00
      1.0000E-02      1.0000E+00      1.0000E+00      1.0000E+00      1.0000E-02      8.9999E+01      9.0000E+01      1.0000E+00
      1.0000E-02      1.0000E+00      1.0000E+00      1.0000E+00      1.0000E-02      8.9998E+01      9.0001E+01      1.0000E+00
      1.0001E-02      1.0000E+00      1.0000E+00      1.0001E+00      1.0000E-02      8.9991E+01      9.0006E+01      1.0000E+00
      1.0005E-02      1.0002E+00      1.0000E+00      1.0003E+00      1.0002E-02      8.9957E+01      9.0027E+01      1.0000E+00
      1.0020E-02      1.0008E+00      1.0000E+00      1.0016E+00      1.0006E-02      8.9813E+01      9.0115E+01      1.0000E+00
      1.0051E-02      1.0020E+00      1.0000E+00      1.0040E+00      1.0023E-02      8.9567E+01      9.0279E+01      1.0000E+00
      1.0082E-02      1.0023E+00      1.0001E+00      1.0049E+00      1.0060E-02      8.9404E+01      9.0490E+01      1.0000E+00
      1.0164E-02      1.0052E+00      1.0003E+00      1.0087E+00      1.0110E-02      8.8671E+01      9.1103E+01      1.0000E+00
      1.0304E-02      1.0051E+00      1.0006E+00      1.0075E+00      1.0253E-02      8.8207E+01      9.1973E+01      1.0000E+00
      1.1518E-02      1.0790E+00      1.0226E+00      1.1331E+00      1.0375E-02      7.8019E+01      9.7156E+01      1.0000E+00
      9.9247E-03      1.1651E+00      1.0391E+00      1.3413E+00      8.4407E-03      7.6944E+01      1.0259E+02      1.0000E+00
      6.0757E-03      1.3503E+00      1.3038E+00      1.6604E+00      3.5316E-03      6.7134E+01      1.2869E+02      1.0000E+00
      9.8775E-03      1.0191E+00      1.0009E+00      1.0441E+00      9.7208E-03      8.9091E+01      9.1515E+01      1.0000E+00
      9.9454E-03      1.0053E+00      1.0001E+00      1.0125E+00      9.9049E-03      8.9712E+01      9.0420E+01      1.0000E+00
      9.9904E-03      1.0008E+00      1.0000E+00      1.0018E+00      9.9849E-03      8.9957E+01      9.0058E+01      1.0000E+00
      9.9993E-03      1.0001E+00      1.0000E+00      1.0001E+00      9.9989E-03      8.9997E+01      9.0005E+01      1.0000E+00
      1.0000E-02      1.0000E+00      1.0000E+00      1.0000E+00      1.0000E-02      8.9999E+01      9.0000E+01      1.0000E+00
      1.0000E-02      1.0000E+00      1.0000E+00      1.0001E+00      1.0000E-02      8.9997E+01      9.0002E+01      1.0000E+00
      1.0004E-02      1.0004E+00      1.0000E+00      1.0007E+00      1.0002E-02      8.9967E+01      9.0023E+01      1.0000E+00
      1.0008E-02      1.0027E+00      1.0000E+00      1.0050E+00      9.9868E-03      8.9820E+01      9.0080E+01      1.0000E+00
      9.8811E-03      1.0087E+00      1.0003E+00      1.0153E+00      9.7552E-03      8.9186E+01      9.1396E+01      1.0000E+00
      9.1126E-03      1.0382E+00      1.0128E+00      1.0773E+00      8.6257E-03      8.3691E+01      9.8868E+01      1.0000E+00
      8.6816E-03      1.0651E+00      1.0254E+00      1.1454E+00      8.0370E-03      8.1474E+01      1.0148E+02      1.0000E+00
      9.7764E-03      1.0093E+00      1.0006E+00      1.0236E+00      9.6182E-03      8.8810E+01      9.1835E+01      1.0000E+00
      9.9942E-03      1.0024E+00      1.0000E+00      1.0042E+00      9.9692E-03      8.9825E+01      9.0111E+01      1.0000E+00
      1.0003E-02      1.0004E+00      1.0000E+00      1.0007E+00      1.0000E-02      8.9967E+01      9.0022E+01      1.0000E+00
      1.0000E-02      1.0000E+00      1.0000E+00      1.0001E+00      1.0000E-02      8.9997E+01      9.0002E+01      1.0000E+00
      1.0000E-02      1.0000E+00      1.0000E+00      1.0000E+00      1.0000E-02      9.0000E+01      9.0000E+01      1.0000E+00
      1.0000E-02      1.0000E+00      1.0000E+00      1.0000E+00      1.0000E-02      9.0000E+01      9.0000E+01      1.0000E+00
      1.0000E-02      1.0000E+00      1.0000E+00      1.0000E+00      1.0000E-02      9.0000E+01      9.0000E+01      1.0000E+00
      1.0000E-02      1.0000E+00      1.0000E+00      1.0000E+00      1.0000E-02      9.0000E+01      9.0000E+01      1.0000E+00
      1.0000E-02      1.0000E+00      1.0000E+00      1.0000E+00      1.0000E-02      9.0000E+01      9.0000E+01      1.0000E+00
      1.0000E-02      1.0000E+00      1.0000E+00      1.0000E+00      1.0000E-02      8.9999E+01      9.0001E+01      1.0000E+00
      1.0001E-02      1.0000E+00      1.0000E+00      1.0001E+00      1.0000E-02      8.9992E+01      9.0004E+01      1.0000E+00
      1.0003E-02      1.0001E+00      1.0000E+00      1.0003E+00      1.0001E-02      8.9972E+01      9.0017E+01      1.0000E+00
      1.0008E-02      1.0003E+00      1.0000E+00      1.0006E+00      1.0004E-02      8.9933E+01      9.0044E+01      1.0000E+00
      1.0022E-02      1.0008E+00      1.0000E+00      1.0015E+00      1.0010E-02      8.9807E+01      9.0130E+01      1.0000E+00
      1.0069E-02      1.0023E+00      1.0001E+00      1.0042E+00      1.0034E-02      8.9411E+01      9.0413E+01      1.0000E+00
      1.0221E-02      1.0090E+00      1.0006E+00      1.0165E+00      1.0091E-02      8.8089E+01      9.1245E+01      1.0000E+00
      1.0308E-02      1.0057E+00      1.0007E+00      1.0169E+00      1.0237E-02      8.8113E+01      9.1854E+01      1.0000E+00
      9.9842E-03      1.0218E+00      1.0008E+00      1.0366E+00      9.6978E-03      8.7803E+01      9.1096E+01      1.0000E+00
      1.0190E-02      1.0273E+00      1.0036E+00      1.0521E+00      9.8805E-03      8.5262E+01      9.4135E+01      1.0000E+00
      7.6768E-03      1.2717E+00      1.3597E+00      1.4109E+00      4.3135E-03      7.1058E+01      1.3265E+02      1.0000E+00
      1.0019E-02      1.0147E+00      1.0005E+00      1.0249E+00      9.9399E-03      8.8995E+01      9.1217E+01      1.0000E+00
      9.9850E-03      1.0042E+00      1.0000E+00      1.0074E+00      9.9643E-03      8.9738E+01      9.0327E+01      1.0000E+00
      9.9959E-03      1.0006E+00      1.0000E+00      1.0011E+00      9.9931E-03      8.9965E+01      9.0045E+01      1.0000E+00
      9.9996E-03      1.0000E+00      1.0000E+00      1.0001E+00      9.9994E-03      8.9998E+01      9.0003E+01      1.0000E+00
      1.0000E-02      1.0000E+00      1.0000E+00      1.0000E+00      1.0000E-02      9.0000E+01      9.0000E+01      1.0000E+00
      1.0000E-02      1.0000E+00      1.0000E+00      1.0001E+00      9.9999E-03      8.9998E+01      9.0001E+01      1.0000E+00
      1.0000E-02      1.0003E+00      1.0000E+00      1.0006E+00      9.9968E-03      8.9977E+01      9.0014E+01      1.0000E+00
      9.9772E-03      1.0018E+00      1.0000E+00      1.0031E+00      9.9512E-03      8.9892E+01      9.0227E+01      1.0000E+00
      9.7550E-03      1.0102E+00      1.0006E+00      1.0246E+00      9.6585E-03      8.8631E+01      9.1690E+01      1.0000E+00
      8.9573E-03      1.0649E+00      1.0141E+00      1.1314E+00      8.7750E-03      8.3006E+01      9.6460E+01      1.0000E+00
      8.3218E-03      1.0958E+00      1.0256E+00      1.1971E+00      8.1595E-03      8.2289E+01      9.7747E+01      1.0000E+00
      9.6085E-03      1.0176E+00      1.0010E+00      1.0385E+00      9.4962E-03      8.8503E+01      9.1969E+01      1.0000E+00
      9.9588E-03      1.0017E+00      1.0000E+00      1.0038E+00      9.9307E-03      8.9877E+01      9.0264E+01      1.0000E+00
      9.9988E-03      1.0003E+00      1.0000E+00      1.0006E+00      9.9955E-03      8.9978E+01      9.0016E+01      1.0000E+00
      1.0000E-02      1.0000E+00      1.0000E+00      1.0001E+00      9.9999E-03      8.9998E+01      9.0001E+01      1.0000E+00
      1.0000E-02      1.0000E+00      1.0000E+00      1.0000E+00      1.0000E-02      9.0000E+01      9.0000E+01      1.0000E+00
      1.0000E-02      1.0000E+00      1.0000E+00      1.0000E+00      1.0000E-02      9.0000E+01      9.0000E+01      1.0000E+00
      1.0000E-02      1.0000E+00      1.0000E+00      1.0000E+00      1.0000E-02      9.0000E+01      9.0000E+01      1.0000E+00
      1.0000E-02      1.0000E+00      1.0000E+00      1.0000E+00      1.0000E-02      9.0000E+01      9.0000E+01      1.0000E+00
      1.0000E-02      1.0000E+00      1.0000E+00      1.0000E+00      1.0000E-02      9.0000E+01      9.0000E+01      1.0000E+00
      1.0000E-02      1.0000E+00      1.0000E+00      1.0000E+00      1.0000E-02      9.0000E+01      9.0000E+01      1.0000E+00
      1.0000E-02      1.0000E+00      1.0000E+00      1.0000E+00      1.0000E-02      8.9999E+01      9.0000E+01      1.0000E+00
      1.0000E-02      1.0000E+00      1.0000E+00      1.0000E+00      1.0000E-02      8.9998E+01      9.0001E+01      1.0000E+00
      1.0001E-02      1.0000E+00      1.0000E+00      1.0001E+00      1.0000E-02      8.9990E+01      9.0006E+01      1.0000E+00
      1.0005E-02      1.0002E+00      1.0000E+00      1.0003E+00      1.0002E-02      8.9956E+01      9.0027E+01      1.0000E+00
      1.0020E-02      1.0008E+00      1.0000E+00      1.0016E+00      1.0006E-02      8.9811E+01      9.0115E+01      1.0000E+00
      1.0050E-02      1.0019E+00      1.0000E+00      1.0039E+00      1.0023E-02      8.9568E+01      9.0285E+01      1.0000E+00
      1.0077E-02      1.0020E+00      1.0001E+00      1.0044E+00      1.0058E-02      8.9437E+01      9.0483E+01      1.0000E+00
      1.0133E-02      1.0034E+00      1.0002E+00      1.0059E+00      1.0099E-02      8.8942E+01      9.0907E+01      1.0000E+00
      1.0168E-02      1.0047E+00      1.0003E+00      1.0095E+00      1.0109E-02      8.8514E+01      9.1354E+01      1.0000E+00
      1.0888E-02      1.0453E+00      1.0108E+00      1.0800E+00      1.0227E-02      8.1652E+01      9.5583E+01      1.0000E+00
      8.1790E-03      1.2688E+00      1.3448E+00      1.4404E+00      4.4746E-03      7.3450E+01      1.3195E+02      1.0000E+00
      9.9669E-03      1.0160E+00      1.0006E+00      1.0327E+00      9.8519E-03      8.8515E+01      9.0853E+01      1.0000E+00
      9.9731E-03      1.0045E+00      1.0000E+00      1.0092E+00      9.9436E-03      8.9627E+01      9.0215E+01      1.0000E+00
      9.9945E-03      1.0007E+00      1.0000E+00      1.0014E+00      9.9905E-03      8.9950E+01      9.0030E+01      1.0000E+00
      9.9995E-03      1.0001E+00      1.0000E+00      1.0001E+00      9.9992E-03      8.9996E+01      9.0002E+01      1.0000E+00
      1.0000E-02      1.0000E+00      1.0000E+00      1.0000E+00      1.0000E-02      9.0000E+01      9.0000E+01      1.0000E+00
      1.0000E-02      1.0000E+00      1.0000E+00      1.0000E+00      9.9998E-03      8.9999E+01      9.0001E+01      1.0000E+00
      9.9978E-03      1.0001E+00      1.0000E+00      1.0002E+00      9.9959E-03      8.9993E+01      9.0015E+01      1.0000E+00
      9.9629E-03      1.0017E+00      1.0000E+00      1.0039E+00      9.9526E-03      8.9871E+01      9.0158E+01      1.0000E+00
      9.7231E-03      1.0173E+00      1.0007E+00      1.0350E+00      9.6830E-03      8.8950E+01      9.0843E+01      1.0000E+00
      9.0066E-03      1.0938E+00      1.0146E+00      1.1706E+00      8.8583E-03      8.5745E+01      9.4160E+01      1.0000E+00
      8.4351E-03      1.1085E+00      1.0219E+00      1.2215E+00      8.2401E-03      8.6433E+01      9.4762E+01      1.0000E+00
      9.5868E-03      1.0199E+00      1.0009E+00      1.0397E+00      9.5718E-03      8.8971E+01      9.0949E+01      1.0000E+00
      9.9462E-03      1.0024E+00      1.0000E+00      1.0044E+00      9.9366E-03      8.9853E+01      9.0178E+01      1.0000E+00
      9.9968E-03      1.0001E+00      1.0000E+00      1.0003E+00      9.9950E-03      8.9989E+01      9.0017E+01      1.0000E+00
      9.9999E-03      1.0000E+00      1.0000E+00      1.0000E+00      9.9998E-03      8.9999E+01      9.0001E+01      1.0000E+00
      1.0000E-02      1.0000E+00      1.0000E+00      1.0000E+00      1.0000E-02      9.0000E+01      9.0000E+01      1.0000E+00
      1.0000E-02      1.0000E+00      1.0000E+00      1.0000E+00      1.0000E-02      9.0000E+01      9.0000E+01      1.0000E+00
      1.0000E-02      1.0000E+00      1.0000E+00      1.0000E+00      1.0000E-02      9.0000E+01      9.0000E+01      1.0000E+00
      1.0000E-02      1.0000E+00      1.0000E+00      1.0000E+00      1.0000E-02      9.0000E+01      9.0000E+01      1.0000E+00
      1.0000E-02      1.0000E+00      1.0000E+00      1.0000E+00      1.0000E-02      9.0000E+01      9.0000E+01      1.0000E+00
      1.0000E-02      1.0000E+00      1.0000E+00      1.0000E+00      1.0000E-02      9.0000E+01      9.0000E+01      1.0000E+00
      1.0000E-02      1.0000E+00      1.0000E+00      1.0000E+00      1.0000E-02      9.0000E+01      9.0000E+01      1.0000E+00
      1.0000E-02      1.0000E+00      1.0000E+00      1.0000E+00      1.0000E-02      9.0000E+01      9.0000E+01      1.0000E+00
      1.0000E-02      1.0000E+00      1.0000E+00      1.0000E+00      1.0000E-02      8.9999E+01      9.0001E+01      1.0000E+00
      1.0001E-02      1.0000E+00      1.0000E+00      1.0001E+00      1.0000E-02      8.9992E+01      9.0004E+01      1.0000E+00
      1.0003E-02      1.0001E+00      1.0000E+00      1.0003E+00      1.0001E-02      8.9972E+01      9.0016E+01      1.0000E+00
      1.0008E-02      1.0003E+00      1.0000E+00      1.0006E+00      1.0003E-02      8.9934E+01      9.0044E+01      1.0000E+00
      1.0021E-02      1.0007E+00      1.0000E+00      1.0014E+00      1.0010E-02      8.9820E+01      9.0121E+01      1.0000E+00
      1.0061E-02      1.0017E+00      1.0000E+00      1.0032E+00      1.0033E-02      8.9490E+01      9.0369E+01      1.0000E+00
      1.0191E-02      1.0060E+00      1.0004E+00      1.0107E+00      1.0099E-02      8.8393E+01      9.1173E+01      1.0000E+00
      1.0337E-02      1.0037E+00      1.0007E+00      1.0047E+00      1.0305E-02      8.8023E+01      9.2067E+01      1.0000E+00
      1.1341E-02      1.0614E+00      1.0195E+00      1.1030E+00      1.0454E-02      7.8816E+01      9.7428E+01      1.0000E+00
      8.7292E-03      1.2729E+00      1.3267E+00      1.4597E+00      4.7572E-03      7.4034E+01      1.3107E+02      1.0000E+00
      9.7413E-03      1.0230E+00      1.0018E+00      1.0562E+00      9.5748E-03      8.8081E+01      9.1501E+01      1.0000E+00
      9.9148E-03      1.0062E+00      1.0001E+00      1.0151E+00      9.8716E-03      8.9531E+01      9.0375E+01      1.0000E+00
      9.9866E-03      1.0009E+00      1.0000E+00      1.0022E+00      9.9808E-03      8.9938E+01      9.0051E+01      1.0000E+00
      9.9990E-03      1.0001E+00      1.0000E+00      1.0002E+00      9.9986E-03      8.9996E+01      9.0003E+01      1.0000E+00
      1.0000E-02      1.0000E+00      1.0000E+00      1.0000E+00      1.0000E-02      9.0000E+01      9.0000E+01      1.0000E+00
      9.9999E-03      1.0000E+00      1.0000E+00      1.0000E+00      9.9999E-03      9.0000E+01      9.0000E+01      1.0000E+00
      9.9971E-03      1.0001E+00      1.0000E+00      1.0003E+00      9.9967E-03      8.9994E+01      9.0006E+01      1.0000E+00
      9.9596E-03      1.0024E+00      1.0000E+00      1.0048E+00      9.9558E-03      8.9922E+01      9.0059E+01      1.0000E+00
      9.7129E-03      1.0199E+00      1.0007E+00      1.0378E+00      9.6878E-03      8.9468E+01      9.0499E+01      1.0000E+00
      8.9509E-03      1.0823E+00      1.0110E+00      1.1562E+00      8.8782E-03      8.8192E+01      9.1807E+01      1.0000E+00
      8.6344E-03      1.0720E+00      1.0129E+00      1.1658E+00      8.3899E-03      8.6753E+01      9.2699E+01      1.0000E+00
      9.6476E-03      1.0166E+00      1.0008E+00      1.0379E+00      9.5597E-03      8.8907E+01      9.0832E+01      1.0000E+00
      9.9564E-03      1.0019E+00      1.0000E+00      1.0044E+00      9.9369E-03      8.9795E+01      9.0126E+01      1.0000E+00
      9.9976E-03      1.0001E+00      1.0000E+00      1.0003E+00      9.9952E-03      8.9977E+01      9.0009E+01      1.0000E+00
      1.0000E-02      1.0000E+00      1.0000E+00      1.0000E+00      9.9998E-03      8.9999E+01      9.0001E+01      1.0000E+00
      1.0000E-02      1.0000E+00      1.0000E+00      1.0000E+00      1.0000E-02      9.0000E+01      9.0000E+01      1.0000E+00
      1.0000E-02      1.0000E+00      1.0000E+00      1.0000E+00      1.0000E-02      9.0000E+01      9.0000E+01      1.0000E+00
      1.0000E-02      1.0000E+00      1.0000E+00      1.0000E+00      1.0000E-02      9.0000E+01      9.0000E+01      1.0000E+00
      1.0000E-02      1.0000E+00      1.0000E+00      1.0000E+00      1.0000E-02      9.0000E+01      9.0000E+01      1.0000E+00
      1.0000E-02      1.0000E+00      1.0000E+00      1.0000E+00      1.0000E-02      9.0000E+01      9.0000E+01      1.0000E+00
      1.0000E-02      1.0000E+00      1.0000E+00      1.0000E+00      1.0000E-02      9.0000E+01      9.0000E+01      1.0000E+00
      1.0000E-02      1.0000E+00      1.0000E+00      1.0000E+00      1.0000E-02      9.0000E+01      9.0000E+01      1.0000E+00
      1.0000E-02      1.0000E+00      1.0000E+00      1.0000E+00      1.0000E-02      9.0000E+01      9.0000E+01      1.0000E+00
      1.0000E-02      1.0000E+00      1.0000E+00      1.0000E+00      1.0000E-02      9.0000E+01      9.0000E+01      1.0000E+00
      1.0000E-02      1.0000E+00      1.0000E+00      1.0000E+00      1.0000E-02      8.9999E+01      9.0000E+01      1.0000E+00
      1.0000E-02      1.0000E+00      1.0000E+00      1.0000E+00      1.0000E-02      8.9998E+01      9.0001E+01      1.0000E+00
      1.0001E-02      1.0000E+00      1.0000E+00      1.0001E+00      1.0000E-02      8.9991E+01      9.0006E+01      1.0000E+00
      1.0004E-02      1.0002E+00      1.0000E+00      1.0003E+00      1.0002E-02      8.9959E+01      9.0026E+01      1.0000E+00
      1.0020E-02      1.0007E+00      1.0000E+00      1.0014E+00      1.0008E-02      8.9811E+01      9.0120E+01      1.0000E+00
      1.0071E-02      1.0021E+00      1.0001E+00      1.0040E+00      1.0035E-02      8.9384E+01      9.0425E+01      1.0000E+00
      1.0237E-02      1.0077E+00      1.0006E+00      1.0137E+00      1.0115E-02      8.7990E+01      9.1404E+01      1.0000E+00
      1.0471E-02      1.0084E+00      1.0013E+00      1.0126E+00      1.0379E-02      8.7073E+01      9.2569E+01      1.0000E+00
      1.1807E-02      1.0857E+00      1.0300E+00      1.1488E+00      1.0521E-02      7.6184E+01      9.7992E+01      1.0000E+00
      9.9735E-03      1.1823E+00      1.0373E+00      1.3597E+00      8.4397E-03      7.7234E+01      1.0260E+02      1.0000E+00
      6.0088E-03      1.3408E+00      1.3164E+00      1.6709E+00      3.4732E-03      6.7049E+01      1.2901E+02      1.0000E+00
      9.3581E-03      1.0351E+00      1.0047E+00      1.0914E+00      9.1627E-03      8.7560E+01      9.2430E+01      1.0000E+00
      9.8144E-03      1.0095E+00      1.0003E+00      1.0241E+00      9.7590E-03      8.9416E+01      9.0619E+01      1.0000E+00
      9.9749E-03      1.0014E+00      1.0000E+00      1.0034E+00      9.9678E-03      8.9938E+01      9.0068E+01      1.0000E+00
      9.9997E-03      1.0001E+00      1.0000E+00      1.0003E+00      9.9990E-03      8.9989E+01      9.0009E+01      1.0000E+00
      1.0000E-02      1.0000E+00      1.0000E+00      1.0000E+00      1.0000E-02      8.9995E+01      9.0003E+01      1.0000E+00
      9.9999E-03      1.0000E+00      1.0000E+00      1.0000E+00      9.9999E-03      8.9999E+01      9.0000E+01      1.0000E+00
      9.9970E-03      1.0002E+00      1.0000E+00      1.0004E+00      9.9968E-03      8.9997E+01      9.0002E+01      1.0000E+00
      9.9584E-03      1.0026E+00      1.0000E+00      1.0049E+00      9.9560E-03      8.9967E+01      9.0031E+01      1.0000E+00
      9.7026E-03      1.0188E+00      1.0006E+00      1.0362E+00      9.6881E-03      8.9792E+01      9.0206E+01      1.0000E+00
      8.9045E-03      1.0753E+00      1.0094E+00      1.1461E+00      8.8644E-03      8.9310E+01      9.0690E+01      1.0000E+00
      9.0583E-03      1.0439E+00      1.0062E+00      1.1094E+00      8.6162E-03      8.6018E+01      9.2244E+01      1.0000E+00
      9.8487E-03      1.0116E+00      1.0004E+00      1.0292E+00      9.6815E-03      8.8740E+01      9.0962E+01      1.0000E+00
      9.9903E-03      1.0030E+00      1.0000E+00      1.0046E+00      9.9586E-03      8.9708E+01      9.0194E+01      1.0000E+00
      1.0001E-02      1.0004E+00      1.0000E+00      1.0007E+00      9.9975E-03      8.9963E+01      9.0022E+01      1.0000E+00
      1.0000E-02      1.0000E+00      1.0000E+00      1.0001E+00      1.0000E-02      8.9998E+01      9.0001E+01      1.0000E+00
      1.0000E-02      1.0000E+00      1.0000E+00      1.0000E+00      1.0000E-02      9.0000E+01      9.0000E+01      1.0000E+00
      1.0000E-02      1.0000E+00      1.0000E+00      1.0000E+00      1.0000E-02      9.0000E+01      9.0000E+01      1.0000E+00
      1.0000E-02      1.0000E+00      1.0000E+00      1.0000E+00      1.0000E-02      9.0000E+01      9.0000E+01      1.0000E+00
      1.0000E-02      1.0000E+00      1.0000E+00      1.0000E+00      1.0000E-02      9.0000E+01      9.0000E+01      1.0000E+00
      1.0000E-02      1.0000E+00      1.0000E+00      1.0000E+00      1.0000E-02      9.0000E+01      9.0000E+01      1.0000E+00
      1.0000E-02      1.0000E+00      1.0000E+00      1.0000E+00      1.0000E-02      9.0000E+01      9.0000E+01      1.0000E+00
      1.0000E-02      1.0000E+00      1.0000E+00      1.0000E+00      1.0000E-02      9.0000E+01      9.0000E+01      1.0000E+00
      1.0000E-02      1.0000E+00      1.0000E+00      1.0000E+00      1.0000E-02      9.0000E+01      9.0000E+01      1.0000E+00
      1.0000E-02      1.0000E+00      1.0000E+00      1.0000E+00      1.0000E-02      9.0000E+01      9.0000E+01      1.0000E+00
      1.0000E-02      1.0000E+00      1.0000E+00      1.0000E+00      1.0000E-02      9.0000E+01      9.0000E+01      1.0000E+00
      1.0000E-02      1.0000E+00      1.0000E+00      1.0000E+00      1.0000E-02      9.0000E+01      9.0000E+01      1.0000E+00
      1.0000E-02      1.0000E+00      1.0000E+00      1.0000E+00      1.0000E-02      8.9999E+01      9.0001E+01      1.0000E+00
      1.0001E-02      1.0000E+00      1.0000E+00      1.0001E+00      1.0000E-02      8.9992E+01      9.0005E+01      1.0000E+00
      1.0005E-02      1.0002E+00      1.0000E+00      1.0003E+00      1.0001E-02      8.9956E+01      9.0027E+01      1.0000E+00
      1.0022E-02      1.0008E+00      1.0000E+00      1.0015E+00      1.0008E-02      8.9791E+01      9.0131E+01      1.0000E+00
      1.0079E-02      1.0026E+00      1.0001E+00      1.0048E+00      1.0036E-02      8.9307E+01      9.0458E+01      1.0000E+00
      1.0251E-02      1.0094E+00      1.0007E+00      1.0181E+00      1.0102E-02      8.7814E+01      9.1363E+01      1.0000E+00
      1.0344E-02      1.0060E+00      1.0009E+00      1.0187E+00      1.0258E-02      8.7761E+01      9.2209E+01      1.0000E+00
      9.9714E-03      1.0245E+00      1.0010E+00      1.0404E+00      9.6635E-03      8.7611E+01      9.1159E+01      1.0000E+00
      9.9880E-03      1.0157E+00      1.0014E+00      1.0321E+00      9.8047E-03      8.7039E+01      9.2658E+01      1.0000E+00
      7.3480E-03      1.2639E+00      1.3910E+00      1.3620E+00      4.1836E-03      6.9093E+01      1.3404E+02      1.0000E+00
      8.8058E-03      1.0621E+00      1.0106E+00      1.1491E+00      8.4919E-03      8.6848E+01      9.4009E+01      1.0000E+00
      9.6787E-03      1.0175E+00      1.0007E+00      1.0387E+00      9.5843E-03      8.9411E+01      9.0954E+01      1.0000E+00
      9.9788E-03      1.0020E+00      1.0000E+00      1.0042E+00      9.9761E-03      8.9901E+01      9.0103E+01      1.0000E+00
      1.0010E-02      1.0005E+00      1.0000E+00      1.0011E+00      1.0001E-02      8.9875E+01      9.0081E+01      1.0000E+00
      1.0002E-02      1.0001E+00      1.0000E+00      1.0002E+00      1.0001E-02      8.9977E+01      9.0014E+01      1.0000E+00
      1.0000E-02      1.0000E+00      1.0000E+00      1.0000E+00      1.0000E-02      8.9998E+01      9.0001E+01      1.0000E+00
      9.9970E-03      1.0002E+00      1.0000E+00      1.0004E+00      9.9968E-03      8.9998E+01      9.0002E+01      1.0000E+00
      9.9582E-03      1.0026E+00      1.0000E+00      1.0049E+00      9.9561E-03      8.9980E+01      9.0020E+01      1.0000E+00
      9.7009E-03      1.0186E+00      1.0006E+00      1.0359E+00      9.6880E-03      8.9872E+01      9.0128E+01      1.0000E+00
      8.8972E-03      1.0743E+00      1.0092E+00      1.1446E+00      8.8617E-03      8.9578E+01      9.0422E+01      1.0000E+00
      1.0921E-02      1.0940E+00      1.0145E+00      1.1886E+00      9.6123E-03      8.0682E+01      9.5281E+01      1.0000E+00
      1.0172E-02      1.0173E+00      1.0005E+00      1.0263E+00      1.0033E-02      8.8951E+01      9.1360E+01      1.0000E+00
      1.0038E-02      1.0036E+00      1.0000E+00      1.0058E+00      1.0022E-02      8.9688E+01      9.0302E+01      1.0000E+00
      1.0005E-02      1.0004E+00      1.0000E+00      1.0008E+00      1.0004E-02      8.9958E+01      9.0037E+01      1.0000E+00
      1.0000E-02      1.0000E+00      1.0000E+00      1.0001E+00      1.0000E-02      8.9997E+01      9.0002E+01      1.0000E+00
      1.0000E-02      1.0000E+00      1.0000E+00      1.0000E+00      1.0000E-02      9.0000E+01      9.0000E+01      1.0000E+00
      1.0000E-02      1.0000E+00      1.0000E+00      1.0000E+00      1.0000E-02      9.0000E+01      9.0000E+01      1.0000E+00
      1.0000E-02      1.0000E+00      1.0000E+00      1.0000E+00      1.0000E-02      9.0000E+01      9.0000E+01      1.0000E+00
      1.0000E-02      1.0000E+00      1.0000E+00      1.0000E+00      1.0000E-02      9.0000E+01      9.0000E+01      1.0000E+00
      1.0000E-02      1.0000E+00      1.0000E+00      1.0000E+00      1.0000E-02      9.0000E+01      9.0000E+01      1.0000E+00
      1.0000E-02      1.0000E+00      1.0000E+00      1.0000E+00      1.0000E-02      9.0000E+01      9.0000E+01      1.0000E+00
      1.0000E-02      1.0000E+00      1.0000E+00      1.0000E+00      1.0000E-02      9.0000E+01      9.0000E+01      1.0000E+00
      1.0000E-02      1.0000E+00      1.0000E+00      1.0000E+00      1.0000E-02      9.0000E+01      9.0000E+01      1.0000E+00
      1.0000E-02      1.0000E+00      1.0000E+00      1.0000E+00      1.0000E-02      9.0000E+01      9.0000E+01      1.0000E+00
      1.0000E-02      1.0000E+00      1.0000E+00      1.0000E+00      1.0000E-02      9.0000E+01      9.0000E+01      1.0000E+00
      1.0000E-02      1.0000E+00      1.0000E+00      1.0000E+00      1.0000E-02      9.0000E+01      9.0000E+01      1.0000E+00
      1.0000E-02      1.0000E+00      1.0000E+00      1.0000E+00      1.0000E-02      9.0000E+01      9.0000E+01      1.0000E+00
      1.0000E-02      1.0000E+00      1.0000E+00      1.0000E+00      1.0000E-02      8.9999E+01      9.0001E+01      1.0000E+00
      1.0001E-02      1.0000E+00      1.0000E+00      1.0001E+00      1.0000E-02      8.9991E+01      9.0005E+01      1.0000E+00
      1.0005E-02      1.0002E+00      1.0000E+00      1.0003E+00      1.0001E-02      8.9954E+01      9.0027E+01      1.0000E+00
      1.0021E-02      1.0008E+00      1.0000E+00      1.0017E+00      1.0006E-02      8.9798E+01      9.0120E+01      1.0000E+00
      1.0053E-02      1.0019E+00      1.0000E+00      1.0040E+00      1.0024E-02      8.9537E+01      9.0312E+01      1.0000E+00
      1.0079E-02      1.0018E+00      1.0001E+00      1.0044E+00      1.0059E-02      8.9416E+01      9.0517E+01      1.0000E+00
      1.0114E-02      1.0020E+00      1.0001E+00      1.0039E+00      1.0094E-02      8.9115E+01      9.0781E+01      1.0000E+00
      1.0064E-02      1.0066E+00      1.0002E+00      1.0125E+00      9.9547E-03      8.8833E+01      9.0629E+01      1.0000E+00
      1.0390E-02      1.0211E+00      1.0028E+00      1.0422E+00      1.0011E-02      8.5702E+01      9.2417E+01      1.0000E+00
      7.5487E-03      1.2578E+00      1.3969E+00      1.3656E+00      4.2351E-03      6.9948E+01      1.3428E+02      1.0000E+00
      7.9378E-03      1.1085E+00      1.0239E+00      1.2337E+00      7.3604E-03      8.6221E+01      9.7669E+01      1.0000E+00
      9.5853E-03      1.0294E+00      1.0012E+00      1.0473E+00      9.4621E-03      8.9255E+01      9.0836E+01      1.0000E+00
      1.0094E-02      1.0070E+00      1.0003E+00      1.0145E+00      9.9959E-03      8.8720E+01      9.0993E+01      1.0000E+00
      1.0037E-02      1.0019E+00      1.0000E+00      1.0034E+00      1.0013E-02      8.9656E+01      9.0225E+01      1.0000E+00
      1.0005E-02      1.0003E+00      1.0000E+00      1.0005E+00      1.0003E-02      8.9953E+01      9.0030E+01      1.0000E+00
      1.0000E-02      1.0000E+00      1.0000E+00      1.0000E+00      1.0000E-02      8.9996E+01      9.0002E+01      1.0000E+00
      9.9971E-03      1.0002E+00      1.0000E+00      1.0004E+00      9.9968E-03      8.9995E+01      9.0004E+01      1.0000E+00
      9.9594E-03      1.0027E+00      1.0000E+00      1.0051E+00      9.9561E-03      8.9941E+01      9.0057E+01      1.0000E+00
      9.7102E-03      1.0198E+00      1.0007E+00      1.0376E+00      9.6900E-03      8.9624E+01      9.0374E+01      1.0000E+00
      8.9325E-03      1.0791E+00      1.0102E+00      1.1517E+00      8.8765E-03      8.8752E+01      9.1248E+01      1.0000E+00
      6.2094E-03      1.4107E+00      1.2993E+00      1.6900E+00      3.6502E-03      6.4845E+01      1.2883E+02      1.0000E+00
      1.1007E-02      1.0908E+00      1.0191E+00      1.1536E+00      1.0019E-02      7.9491E+01      9.8232E+01      1.0000E+00
      1.0296E-02      1.0113E+00      1.0006E+00      1.0237E+00      1.0197E-02      8.8227E+01      9.1307E+01      1.0000E+00
      1.0062E-02      1.0024E+00      1.0000E+00      1.0053E+00      1.0047E-02      8.9605E+01      9.0335E+01      1.0000E+00
      1.0007E-02      1.0003E+00      1.0000E+00      1.0007E+00      1.0006E-02      8.9950E+01      9.0043E+01      1.0000E+00
      1.0000E-02      1.0000E+00      1.0000E+00      1.0000E+00      1.0000E-02      8.9997E+01      9.0003E+01      1.0000E+00
      1.0000E-02      1.0000E+00      1.0000E+00      1.0000E+00      1.0000E-02      9.0000E+01      9.0000E+01      1.0000E+00
      1.0000E-02      1.0000E+00      1.0000E+00      1.0000E+00      1.0000E-02      9.0000E+01      9.0000E+01      1.0000E+00
      1.0000E-02      1.0000E+00      1.0000E+00      1.0000E+00      1.0000E-02      9.0000E+01      9.0000E+01      1.0000E+00
      1.0000E-02      1.0000E+00      1.0000E+00      1.0000E+00      1.0000E-02      9.0000E+01      9.0000E+01      1.0000E+00
      1.0000E-02      1.0000E+00      1.0000E+00      1.0000E+00      1.0000E-02      9.0000E+01      9.0000E+01      1.0000E+00
      1.0000E-02      1.0000E+00      1.0000E+00      1.0000E+00      1.0000E-02      9.0000E+01      9.0000E+01      1.0000E+00
      1.0000E-02      1.0000E+00      1.0000E+00      1.0000E+00      1.0000E-02      9.0000E+01      9.0000E+01      1.0000E+00
      1.0000E-02      1.0000E+00      1.0000E+00      1.0000E+00      1.0000E-02      9.0000E+01      9.0000E+01      1.0000E+00
      1.0000E-02      1.0000E+00      1.0000E+00      1.0000E+00      1.0000E-02      9.0000E+01      9.0000E+01      1.0000E+00
      1.0000E-02      1.0000E+00      1.0000E+00      1.0000E+00      1.0000E-02      9.0000E+01      9.0000E+01      1.0000E+00
      1.0000E-02      1.0000E+00      1.0000E+00      1.0000E+00      1.0000E-02      9.0000E+01      9.0000E+01      1.0000E+00
      1.0000E-02      1.0000E+00      1.0000E+00      1.0000E+00      1.0000E-02      9.0000E+01      9.0000E+01      1.0000E+00
      1.0000E-02      1.0000E+00      1.0000E+00      1.0000E+00      1.0000E-02      9.0000E+01      9.0000E+01      1.0000E+00
      1.0000E-02      1.0000E+00      1.0000E+00      1.0000E+00      1.0000E-02      8.9999E+01      9.0001E+01      1.0000E+00
      1.0001E-02      1.0000E+00      1.0000E+00      1.0001E+00      1.0000E-02      8.9992E+01      9.0005E+01      1.0000E+00
      1.0003E-02      1.0001E+00      1.0000E+00      1.0003E+00      1.0001E-02      8.9971E+01      9.0017E+01      1.0000E+00
      1.0008E-02      1.0003E+00      1.0000E+00      1.0006E+00      1.0004E-02      8.9932E+01      9.0045E+01      1.0000E+00
      1.0020E-02      1.0006E+00      1.0000E+00      1.0013E+00      1.0010E-02      8.9826E+01      9.0118E+01      1.0000E+00
      1.0053E-02      1.0013E+00      1.0000E+00      1.0025E+00      1.0031E-02      8.9558E+01      9.0316E+01      1.0000E+00
      1.0141E-02      1.0033E+00      1.0002E+00      1.0063E+00      1.0081E-02      8.8859E+01      9.0827E+01      1.0000E+00
      1.0139E-02      1.0041E+00      1.0002E+00      1.0080E+00      1.0065E-02      8.8817E+01      9.0804E+01      1.0000E+00
      1.0514E-02      1.0239E+00      1.0039E+00      1.0454E+00      1.0083E-02      8.4924E+01      9.2818E+01      1.0000E+00
      7.6215E-03      1.2554E+00      1.3927E+00      1.3668E+00      4.2573E-03      7.0435E+01      1.3411E+02      1.0000E+00
      6.2903E-03      1.4043E+00      1.2492E+00      1.5932E+00      4.0708E-03      6.3850E+01      1.2636E+02      1.0000E+00
      1.0856E-02      1.0929E+00      1.0191E+00      1.1793E+00      9.7524E-03      7.9347E+01      9.8233E+01      1.0000E+00
      1.0254E-02      1.0103E+00      1.0005E+00      1.0206E+00      1.0140E-02      8.8349E+01      9.1021E+01      1.0000E+00
      1.0058E-02      1.0023E+00      1.0000E+00      1.0048E+00      1.0041E-02      8.9619E+01      9.0301E+01      1.0000E+00
      1.0009E-02      1.0004E+00      1.0000E+00      1.0007E+00      1.0006E-02      8.9936E+01      9.0048E+01      1.0000E+00
      1.0001E-02      1.0000E+00      1.0000E+00      1.0001E+00      1.0000E-02      8.9991E+01      9.0006E+01      1.0000E+00
      9.9973E-03      1.0001E+00      1.0000E+00      1.0003E+00      9.9969E-03      8.9991E+01      9.0008E+01      1.0000E+00
      9.9617E-03      1.0027E+00      1.0000E+00      1.0052E+00      9.9561E-03      8.9874E+01      9.0107E+01      1.0000E+00
      9.7307E-03      1.0224E+00      1.0009E+00      1.0412E+00      9.6916E-03      8.9130E+01      9.0838E+01      1.0000E+00
      9.0226E-03      1.0923E+00      1.0136E+00      1.1706E+00      8.9072E-03      8.7010E+01      9.2989E+01      1.0000E+00
      9.3840E-03      1.1137E+00      1.0459E+00      1.2889E+00      8.1874E-03      7.7140E+01      1.0300E+02      1.0000E+00
      9.9638E-03      1.0110E+00      1.0004E+00      1.0219E+00      9.7597E-03      8.8386E+01      9.0734E+01      1.0000E+00
      1.0167E-02      1.0092E+00      1.0004E+00      1.0151E+00      1.0080E-02      8.8550E+01      9.1143E+01      1.0000E+00
      1.0046E-02      1.0022E+00      1.0000E+00      1.0042E+00      1.0022E-02      8.9623E+01      9.0255E+01      1.0000E+00
      1.0006E-02      1.0003E+00      1.0000E+00      1.0006E+00      1.0003E-02      8.9951E+01      9.0032E+01      1.0000E+00
      1.0000E-02      1.0000E+00      1.0000E+00      1.0000E+00      1.0000E-02      8.9997E+01      9.0002E+01      1.0000E+00
      1.0000E-02      1.0000E+00      1.0000E+00      1.0000E+00      1.0000E-02      9.0000E+01      9.0000E+01      1.0000E+00
      1.0000E-02      1.0000E+00      1.0000E+00      1.0000E+00      1.0000E-02      9.0000E+01      9.0000E+01      1.0000E+00
      1.0000E-02      1.0000E+00      1.0000E+00      1.0000E+00      1.0000E-02      9.0000E+01      9.0000E+01      1.0000E+00
      1.0000E-02      1.0000E+00      1.0000E+00      1.0000E+00      1.0000E-02      9.0000E+01      9.0000E+01      1.0000E+00
      1.0000E-02      1.0000E+00      1.0000E+00      1.0000E+00      1.0000E-02      9.0000E+01      9.0000E+01      1.0000E+00
      1.0000E-02      1.0000E+00      1.0000E+00      1.0000E+00      1.0000E-02      9.0000E+01      9.0000E+01      1.0000E+00
      1.0000E-02      1.0000E+00      1.0000E+00      1.0000E+00      1.0000E-02      9.0000E+01      9.0000E+01      1.0000E+00
      1.0000E-02      1.0000E+00      1.0000E+00      1.0000E+00      1.0000E-02      9.0000E+01      9.0000E+01      1.0000E+00
      1.0000E-02      1.0000E+00      1.0000E+00      1.0000E+00      1.0000E-02      9.0000E+01      9.0000E+01      1.0000E+00
      1.0000E-02      1.0000E+00      1.0000E+00      1.0000E+00      1.0000E-02      9.0000E+01      9.0000E+01      1.0000E+00
      1.0000E-02      1.0000E+00      1.0000E+00      1.0000E+00      1.0000E-02      9.0000E+01      9.0000E+01      1.0000E+00
      1.0000E-02      1.0000E+00      1.0000E+00      1.0000E+00      1.0000E-02      9.0000E+01      9.0000E+01      1.0000E+00
      1.0000E-02      1.0000E+00      1.0000E+00      1.0000E+00      1.0000E-02      9.0000E+01      9.0000E+01      1.0000E+00
      1.0000E-02      1.0000E+00      1.0000E+00      1.0000E+00      1.0000E-02      9.0000E+01      9.0000E+01      1.0000E+00
      1.0000E-02      1.0000E+00      1.0000E+00      1.0000E+00      1.0000E-02      8.9999E+01      9.0000E+01      1.0000E+00
      1.0000E-02      1.0000E+00      1.0000E+00      1.0000E+00      1.0000E-02      8.9997E+01      9.0002E+01      1.0000E+00
      1.0001E-02      1.0000E+00      1.0000E+00      1.0001E+00      1.0000E-02      8.9991E+01      9.0006E+01      1.0000E+00
      1.0004E-02      1.0001E+00      1.0000E+00      1.0003E+00      1.0002E-02      8.9961E+01      9.0024E+01      1.0000E+00
      1.0018E-02      1.0006E+00      1.0000E+00      1.0011E+00      1.0007E-02      8.9832E+01      9.0105E+01      1.0000E+00
      1.0057E-02      1.0014E+00      1.0000E+00      1.0028E+00      1.0030E-02      8.9517E+01      9.0330E+01      1.0000E+00
      1.0154E-02      1.0037E+00      1.0002E+00      1.0070E+00      1.0087E-02      8.8747E+01      9.0881E+01      1.0000E+00
      1.0163E-02      1.0034E+00      1.0002E+00      1.0066E+00      1.0099E-02      8.8744E+01      9.0907E+01      1.0000E+00
      1.0555E-02      1.0245E+00      1.0044E+00      1.0462E+00      1.0103E-02      8.4606E+01      9.2952E+01      1.0000E+00
      7.6295E-03      1.2549E+00      1.3920E+00      1.3664E+00      4.2604E-03      7.0497E+01      1.3408E+02      1.0000E+00
      1.0808E-02      1.0951E+00      1.0184E+00      1.1988E+00      9.4694E-03      7.9330E+01      9.6540E+01      1.0000E+00
      1.0130E-02      1.0164E+00      1.0004E+00      1.0232E+00      1.0007E-02      8.9067E+01      9.1018E+01      1.0000E+00
      1.0057E-02      1.0023E+00      1.0000E+00      1.0042E+00      1.0051E-02      8.9651E+01      9.0355E+01      1.0000E+00
      1.0019E-02      1.0009E+00      1.0000E+00      1.0016E+00      1.0010E-02      8.9843E+01      9.0112E+01      1.0000E+00
      1.0003E-02      1.0001E+00      1.0000E+00      1.0003E+00      1.0001E-02      8.9974E+01      9.0016E+01      1.0000E+00
      9.9981E-03      1.0001E+00      1.0000E+00      1.0002E+00      9.9962E-03      8.9990E+01      9.0018E+01      1.0000E+00
      9.9650E-03      1.0016E+00      1.0000E+00      1.0039E+00      9.9566E-03      8.9802E+01      9.0205E+01      1.0000E+00
      9.7442E-03      1.0204E+00      1.0010E+00      1.0392E+00      9.6867E-03      8.8401E+01      9.1342E+01      1.0000E+00
      9.1310E-03      1.1140E+00      1.0221E+00      1.1973E+00      8.8935E-03      8.3279E+01      9.6639E+01      1.0000E+00
      5.9387E-03      1.3900E+00      1.3508E+00      1.7081E+00      3.3764E-03      6.4340E+01      1.3087E+02      1.0000E+00
      1.0437E-02      1.0502E+00      1.0064E+00      1.0882E+00      9.9074E-03      8.3943E+01      9.5034E+01      1.0000E+00
      1.0151E-02      1.0047E+00      1.0002E+00      1.0092E+00      1.0119E-02      8.9215E+01      9.0965E+01      1.0000E+00
      1.0066E-02      1.0022E+00      1.0000E+00      1.0043E+00      1.0048E-02      8.9506E+01      9.0394E+01      1.0000E+00
      1.0020E-02      1.0009E+00      1.0000E+00      1.0017E+00      1.0008E-02      8.9823E+01      9.0120E+01      1.0000E+00
      1.0003E-02      1.0001E+00      1.0000E+00      1.0003E+00      1.0001E-02      8.9974E+01      9.0017E+01      1.0000E+00
      1.0000E-02      1.0000E+00      1.0000E+00      1.0000E+00      1.0000E-02      8.9998E+01      9.0001E+01      1.0000E+00
      1.0000E-02      1.0000E+00      1.0000E+00      1.0000E+00      1.0000E-02      9.0000E+01      9.0000E+01      1.0000E+00
      1.0000E-02      1.0000E+00      1.0000E+00      1.0000E+00      1.0000E-02      9.0000E+01      9.0000E+01      1.0000E+00
      1.0000E-02      1.0000E+00      1.0000E+00      1.0000E+00      1.0000E-02      9.0000E+01      9.0000E+01      1.0000E+00
      1.0000E-02      1.0000E+00      1.0000E+00      1.0000E+00      1.0000E-02      9.0000E+01      9.0000E+01      1.0000E+00
      1.0000E-02      1.0000E+00      1.0000E+00      1.0000E+00      1.0000E-02      9.0000E+01      9.0000E+01      1.0000E+00
      1.0000E-02      1.0000E+00      1.0000E+00      1.0000E+00      1.0000E-02      9.0000E+01      9.0000E+01      1.0000E+00
      1.0000E-02      1.0000E+00      1.0000E+00      1.0000E+00      1.0000E-02      9.0000E+01      9.0000E+01      1.0000E+00
      1.0000E-02      1.0000E+00      1.0000E+00      1.0000E+00      1.0000E-02      9.0000E+01      9.0000E+01      1.0000E+00
      1.0000E-02      1.0000E+00      1.0000E+00      1.0000E+00      1.0000E-02      9.0000E+01      9.0000E+01      1.0000E+00
      1.0000E-02      1.0000E+00      1.0000E+00      1.0000E+00      1.0000E-02      9.0000E+01      9.0000E+01      1.0000E+00
      1.0000E-02      1.0000E+00      1.0000E+00      1.0000E+00      1.0000E-02      9.0000E+01      9.0000E+01      1.0000E+00
      1.0000E-02      1.0000E+00      1.0000E+00      1.0000E+00      1.0000E-02      8.9999E+01      9.0000E+01      1.0000E+00
      1.0000E-02      1.0000E+00      1.0000E+00      1.0000E+00      1.0000E-02      8.9999E+01      9.0001E+01      1.0000E+00
      1.0000E-02      1.0000E+00      1.0000E+00      1.0000E+00      1.0000E-02      8.9998E+01      9.0002E+01      1.0000E+00
      1.0000E-02      1.0000E+00      1.0000E+00      1.0001E+00      1.0000E-02      8.9999E+01      9.0001E+01      1.0000E+00
      1.0001E-02      1.0000E+00      1.0000E+00      1.0001E+00      1.0001E-02      8.9999E+01      9.0001E+01      1.0000E+00
      1.0001E-02      1.0000E+00      1.0000E+00      1.0001E+00      1.0001E-02      8.9998E+01      9.0003E+01      1.0000E+00
      1.0001E-02      1.0000E+00      1.0000E+00      1.0001E+00      1.0001E-02      8.9991E+01      9.0007E+01      1.0000E+00
      1.0004E-02      1.0001E+00      1.0000E+00      1.0003E+00      1.0002E-02      8.9960E+01      9.0025E+01      1.0000E+00
      1.0019E-02      1.0006E+00      1.0000E+00      1.0012E+00      1.0007E-02      8.9826E+01      9.0108E+01      1.0000E+00
      1.0059E-02      1.0015E+00      1.0000E+00      1.0029E+00      1.0031E-02      8.9501E+01      9.0338E+01      1.0000E+00
      1.0159E-02      1.0037E+00      1.0003E+00      1.0071E+00      1.0088E-02      8.8710E+01      9.0895E+01      1.0000E+00
      1.0165E-02      1.0033E+00      1.0002E+00      1.0064E+00      1.0102E-02      8.8737E+01      9.0916E+01      1.0000E+00
      1.0530E-02      1.0242E+00      1.0041E+00      1.0460E+00      1.0090E-02      8.4797E+01      9.2883E+01      1.0000E+00
      7.5725E-03      1.2571E+00      1.3949E+00      1.3663E+00      4.2445E-03      7.0103E+01      1.3420E+02      1.0000E+00
      8.3944E-03      1.0712E+00      1.0114E+00      1.1625E+00      7.5429E-03      8.5599E+01      9.7159E+01      1.0000E+00
      9.8264E-03      1.0162E+00      1.0005E+00      1.0293E+00      9.5869E-03      8.8192E+01      9.0987E+01      1.0000E+00
      1.0146E-02      1.0084E+00      1.0003E+00      1.0132E+00      1.0065E-02      8.8639E+01      9.1090E+01      1.0000E+00
      1.0043E-02      1.0020E+00      1.0000E+00      1.0039E+00      1.0021E-02      8.9640E+01      9.0244E+01      1.0000E+00
      1.0006E-02      1.0003E+00      1.0000E+00      1.0006E+00      1.0003E-02      8.9950E+01      9.0033E+01      1.0000E+00
      1.0000E-02      1.0004E+00      1.0000E+00      1.0007E+00      9.9971E-03      8.9978E+01      9.0017E+01      1.0000E+00
      9.9772E-03      1.0017E+00      1.0000E+00      1.0031E+00      9.9514E-03      8.9822E+01      9.0296E+01      1.0000E+00
      9.7553E-03      1.0104E+00      1.0010E+00      1.0246E+00      9.6629E-03      8.8060E+01      9.2229E+01      1.0000E+00
      8.9755E-03      1.0765E+00      1.0202E+00      1.1372E+00      8.7740E-03      8.0251E+01      9.8759E+01      1.0000E+00
      9.5527E-03      1.1745E+00      1.0510E+00      1.3620E+00      7.9613E-03      7.6146E+01      1.0525E+02      1.0000E+00
      9.9473E-03      1.0208E+00      1.0007E+00      1.0374E+00      9.6614E-03      8.7917E+01      9.1215E+01      1.0000E+00
      1.0130E-02      1.0057E+00      1.0002E+00      1.0099E+00      1.0080E-02      8.8915E+01      9.0883E+01      1.0000E+00
      1.0040E-02      1.0016E+00      1.0000E+00      1.0032E+00      1.0022E-02      8.9668E+01      9.0227E+01      1.0000E+00
      1.0007E-02      1.0003E+00      1.0000E+00      1.0006E+00      1.0003E-02      8.9939E+01      9.0040E+01      1.0000E+00
      1.0001E-02      1.0000E+00      1.0000E+00      1.0001E+00      1.0000E-02      8.9991E+01      9.0005E+01      1.0000E+00
      1.0000E-02      1.0000E+00      1.0000E+00      1.0000E+00      1.0000E-02      8.9999E+01      9.0000E+01      1.0000E+00
      1.0000E-02      1.0000E+00      1.0000E+00      1.0000E+00      1.0000E-02      9.0000E+01      9.0000E+01      1.0000E+00
      1.0000E-02      1.0000E+00      1.0000E+00      1.0000E+00      1.0000E-02      9.0000E+01      9.0000E+01      1.0000E+00
      1.0000E-02      1.0000E+00      1.0000E+00      1.0000E+00      1.0000E-02      9.0000E+01      9.0000E+01      1.0000E+00
      1.0000E-02      1.0000E+00      1.0000E+00      1.0000E+00      1.0000E-02      9.0000E+01      9.0000E+01      1.0000E+00
      1.0000E-02      1.0000E+00      1.0000E+00      1.0000E+00      1.0000E-02      9.0000E+01      9.0000E+01      1.0000E+00
      1.0000E-02      1.0000E+00      1.0000E+00      1.0000E+00      1.0000E-02      9.0000E+01      9.0000E+01      1.0000E+00
      1.0000E-02      1.0000E+00      1.0000E+00      1.0000E+00      1.0000E-02      9.0000E+01      9.0000E+01      1.0000E+00
      1.0000E-02      1.0000E+00      1.0000E+00      1.0000E+00      1.0000E-02      9.0000E+01      9.0000E+01      1.0000E+00
      1.0000E-02      1.0000E+00      1.0000E+00      1.0000E+00      1.0000E-02      9.0000E+01      9.0000E+01      1.0000E+00
      1.0000E-02      1.0000E+00      1.0000E+00      1.0000E+00      1.0000E-02      8.9999E+01      9.0000E+01      1.0000E+00
      1.0000E-02      1.0000E+00      1.0000E+00      1.0000E+00      1.0000E-02      8.9998E+01      9.0001E+01      1.0000E+00
      1.0001E-02      1.0000E+00      1.0000E+00      1.0001E+00      1.0000E-02      8.9993E+01      9.0005E+01      1.0000E+00
      1.0002E-02      1.0002E+00      1.0000E+00      1.0003E+00      1.0001E-02      8.9983E+01      9.0015E+01      1.0000E+00
      1.0005E-02      1.0005E+00      1.0000E+00      1.0007E+00      1.0002E-02      8.9973E+01      9.0030E+01      1.0000E+00
      1.0008E-02      1.0007E+00      1.0000E+00      1.0013E+00      1.0005E-02      8.9984E+01      9.0026E+01      1.0000E+00
      1.0010E-02      1.0006E+00      1.0000E+00      1.0013E+00      1.0009E-02      8.9981E+01      9.0018E+01      1.0000E+00
      1.0009E-02      1.0007E+00      1.0000E+00      1.0011E+00      1.0007E-02      8.9957E+01      9.0042E+01      1.0000E+00
      1.0006E-02      1.0004E+00      1.0000E+00      1.0007E+00      1.0003E-02      8.9955E+01      9.0036E+01      1.0000E+00
      1.0003E-02      1.0001E+00      1.0000E+00      1.0002E+00      1.0002E-02      8.9976E+01      9.0020E+01      1.0000E+00
      1.0005E-02      1.0001E+00      1.0000E+00      1.0002E+00      1.0002E-02      8.9959E+01      9.0028E+01      1.0000E+00
      1.0019E-02      1.0006E+00      1.0000E+00      1.0012E+00      1.0007E-02      8.9825E+01      9.0108E+01      1.0000E+00
      1.0059E-02      1.0015E+00      1.0000E+00      1.0029E+00      1.0031E-02      8.9500E+01      9.0338E+01      1.0000E+00
      1.0156E-02      1.0037E+00      1.0002E+00      1.0071E+00      1.0087E-02      8.8732E+01      9.0888E+01      1.0000E+00
      1.0146E-02      1.0039E+00      1.0002E+00      1.0076E+00      1.0076E-02      8.8795E+01      9.0839E+01      1.0000E+00
      1.0422E-02      1.0220E+00      1.0032E+00      1.0438E+00      1.0025E-02      8.5444E+01      9.2571E+01      1.0000E+00
      7.3866E-03      1.2631E+00      1.3878E+00      1.3654E+00      4.1982E-03      6.9346E+01      1.3390E+02      1.0000E+00
      6.5071E-03      1.3869E+00      1.2513E+00      1.6586E+00      4.0158E-03      6.6035E+01      1.2602E+02      1.0000E+00
      1.1045E-02      1.0975E+00      1.0228E+00      1.1734E+00      9.9266E-03      7.8370E+01      9.8936E+01      1.0000E+00
      1.0282E-02      1.0103E+00      1.0005E+00      1.0220E+00      1.0179E-02      8.8221E+01      9.1298E+01      1.0000E+00
      1.0060E-02      1.0022E+00      1.0000E+00      1.0049E+00      1.0045E-02      8.9608E+01      9.0335E+01      1.0000E+00
      1.0009E-02      1.0004E+00      1.0000E+00      1.0008E+00      1.0006E-02      8.9934E+01      9.0052E+01      1.0000E+00
      1.0004E-02      1.0004E+00      1.0000E+00      1.0009E+00      1.0002E-02      8.9961E+01      9.0024E+01      1.0000E+00
      1.0005E-02      1.0028E+00      1.0000E+00      1.0054E+00      9.9822E-03      8.9867E+01      9.0132E+01      1.0000E+00
      9.8522E-03      1.0097E+00      1.0006E+00      1.0185E+00      9.7077E-03      8.8835E+01      9.1975E+01      1.0000E+00
      8.9103E-03      1.0478E+00      1.0214E+00      1.0702E+00      8.3244E-03      8.1705E+01      1.0173E+02      1.0000E+00
      8.3581E-03      1.3162E+00      1.4335E+00      1.5076E+00      4.2126E-03      7.1248E+01      1.3574E+02      1.0000E+00
      1.1386E-02      1.0709E+00      1.0183E+00      1.1225E+00      1.0443E-02      7.9277E+01      9.6632E+01      1.0000E+00
      1.0274E-02      1.0061E+00      1.0006E+00      1.0161E+00      1.0211E-02      8.8361E+01      9.1748E+01      1.0000E+00
      1.0074E-02      1.0021E+00      1.0000E+00      1.0046E+00      1.0055E-02      8.9451E+01      9.0463E+01      1.0000E+00
      1.0019E-02      1.0008E+00      1.0000E+00      1.0015E+00      1.0009E-02      8.9831E+01      9.0114E+01      1.0000E+00
      1.0003E-02      1.0001E+00      1.0000E+00      1.0002E+00      1.0001E-02      8.9971E+01      9.0018E+01      1.0000E+00
      1.0000E-02      1.0000E+00      1.0000E+00      1.0001E+00      1.0000E-02      8.9995E+01      9.0003E+01      1.0000E+00
      1.0000E-02      1.0000E+00      1.0000E+00      1.0001E+00      9.9999E-03      8.9999E+01      9.0001E+01      1.0000E+00
      1.0000E-02      1.0000E+00      1.0000E+00      1.0001E+00      1.0000E-02      8.9998E+01      9.0001E+01      1.0000E+00
      1.0000E-02      1.0000E+00      1.0000E+00      1.0001E+00      1.0000E-02      8.9997E+01      9.0002E+01      1.0000E+00
      1.0000E-02      1.0000E+00      1.0000E+00      1.0000E+00      1.0000E-02      8.9997E+01      9.0003E+01      1.0000E+00
      1.0000E-02      1.0000E+00      1.0000E+00      1.0000E+00      1.0000E-02      8.9997E+01      9.0002E+01      1.0000E+00
      1.0000E-02      1.0000E+00      1.0000E+00      1.0000E+00      1.0000E-02      8.9998E+01      9.0001E+01      1.0000E+00
      1.0000E-02      1.0000E+00      1.0000E+00      1.0000E+00      1.0000E-02      8.9999E+01      9.0000E+01      1.0000E+00
      1.0000E-02      1.0000E+00      1.0000E+00      1.0000E+00      1.0000E-02      9.0000E+01      9.0000E+01      1.0000E+00
      1.0000E-02      1.0000E+00      1.0000E+00      1.0000E+00      1.0000E-02      9.0000E+01      9.0000E+01      1.0000E+00
      1.0000E-02      1.0000E+00      1.0000E+00      1.0000E+00      1.0000E-02      8.9999E+01      9.0000E+01      1.0000E+00
      1.0001E-02      1.0000E+00      1.0000E+00      1.0001E+00      1.0000E-02      8.9993E+01      9.0004E+01      1.0000E+00
      1.0003E-02      1.0001E+00      1.0000E+00      1.0002E+00      1.0001E-02      8.9974E+01      9.0015E+01      1.0000E+00
      1.0006E-02      1.0003E+00      1.0000E+00      1.0006E+00      1.0003E-02      8.9942E+01      9.0040E+01      1.0000E+00
      1.0014E-02      1.0013E+00      1.0000E+00      1.0019E+00      1.0007E-02      8.9874E+01      9.0121E+01      1.0000E+00
      1.0033E-02      1.0041E+00      1.0000E+00      1.0068E+00      1.0009E-02      8.9777E+01      9.0280E+01      1.0000E+00
      1.0068E-02      1.0071E+00      1.0001E+00      1.0129E+00      1.0033E-02      8.9851E+01      9.0275E+01      1.0000E+00
      1.0098E-02      1.0060E+00      1.0001E+00      1.0125E+00      1.0088E-02      8.9775E+01      9.0201E+01      1.0000E+00
      1.0091E-02      1.0063E+00      1.0001E+00      1.0109E+00      1.0063E-02      8.9487E+01      9.0454E+01      1.0000E+00
      1.0052E-02      1.0037E+00      1.0000E+00      1.0061E+00      1.0020E-02      8.9554E+01      9.0339E+01      1.0000E+00
      1.0016E-02      1.0010E+00      1.0000E+00      1.0017E+00      1.0004E-02      8.9835E+01      9.0115E+01      1.0000E+00
      1.0003E-02      1.0001E+00      1.0000E+00      1.0002E+00      1.0002E-02      8.9974E+01      9.0021E+01      1.0000E+00
      1.0004E-02      1.0001E+00      1.0000E+00      1.0003E+00      1.0002E-02      8.9959E+01      9.0026E+01      1.0000E+00
      1.0019E-02      1.0006E+00      1.0000E+00      1.0012E+00      1.0007E-02      8.9826E+01      9.0108E+01      1.0000E+00
      1.0058E-02      1.0014E+00      1.0000E+00      1.0028E+00      1.0030E-02      8.9512E+01      9.0333E+01      1.0000E+00
      1.0144E-02      1.0034E+00      1.0002E+00      1.0065E+00      1.0083E-02      8.8830E+01      9.0843E+01      1.0000E+00
      1.0076E-02      1.0063E+00      1.0002E+00      1.0119E+00      9.9719E-03      8.8794E+01      9.0694E+01      1.0000E+00
      1.0035E-02      1.0172E+00      1.0018E+00      1.0343E+00      9.8285E-03      8.6650E+01      9.2913E+01      1.0000E+00
      6.0515E-03      1.3399E+00      1.3137E+00      1.6770E+00      3.4850E-03      6.7402E+01      1.2883E+02      1.0000E+00
      1.0784E-02      1.1099E+00      1.0199E+00      1.2236E+00      9.3685E-03      7.9181E+01      9.7064E+01      1.0000E+00
      1.0115E-02      1.0186E+00      1.0005E+00      1.0274E+00      9.9756E-03      8.8825E+01      9.1204E+01      1.0000E+00
      1.0051E-02      1.0027E+00      1.0000E+00      1.0045E+00      1.0041E-02      8.9625E+01      9.0367E+01      1.0000E+00
      1.0018E-02      1.0007E+00      1.0000E+00      1.0014E+00      1.0010E-02      8.9854E+01      9.0106E+01      1.0000E+00
      1.0008E-02      1.0003E+00      1.0000E+00      1.0006E+00      1.0008E-02      8.9949E+01      9.0047E+01      1.0000E+00
      1.0031E-02      1.0015E+00      1.0000E+00      1.0029E+00      1.0028E-02      8.9829E+01      9.0166E+01      1.0000E+00
      1.0008E-02      1.0049E+00      1.0001E+00      1.0112E+00      9.9619E-03      8.9769E+01      9.0299E+01      1.0000E+00
      9.5091E-03      1.0215E+00      1.0043E+00      1.0516E+00      9.1237E-03      8.6605E+01      9.5157E+01      1.0000E+00
      8.4910E-03      1.0625E+00      1.0245E+00      1.1129E+00      7.7741E-03      8.2324E+01      1.0237E+02      1.0000E+00
      8.2095E-03      1.0770E+00      1.0197E+00      1.1091E+00      7.8239E-03      7.9558E+01      9.9489E+01      1.0000E+00
      1.0398E-02      1.1184E+00      1.0196E+00      1.2620E+00      8.8740E-03      8.2818E+01      9.9570E+01      1.0000E+00
      1.1624E-02      1.0771E+00      1.0264E+00      1.1305E+00      1.0463E-02      7.7004E+01      9.7790E+01      1.0000E+00
      1.0429E-02      1.0091E+00      1.0011E+00      1.0144E+00      1.0349E-02      8.7315E+01      9.2374E+01      1.0000E+00
      1.0224E-02      1.0085E+00      1.0006E+00      1.0160E+00      1.0100E-02      8.8092E+01      9.1250E+01      1.0000E+00
      1.0055E-02      1.0015E+00      1.0000E+00      1.0032E+00      1.0032E-02      8.9562E+01      9.0317E+01      1.0000E+00
      1.0015E-02      1.0003E+00      1.0000E+00      1.0006E+00      1.0013E-02      8.9901E+01      9.0089E+01      1.0000E+00
      1.0006E-02      1.0005E+00      1.0000E+00      1.0009E+00      1.0004E-02      8.9947E+01      9.0042E+01      1.0000E+00
      1.0001E-02      1.0004E+00      1.0000E+00      1.0009E+00      9.9974E-03      8.9962E+01      9.0018E+01      1.0000E+00
      9.9988E-03      1.0002E+00      1.0000E+00      1.0007E+00      9.9964E-03      8.9985E+01      9.0014E+01      1.0000E+00
      1.0001E-02      1.0004E+00      1.0000E+00      1.0009E+00      9.9972E-03      8.9966E+01      9.0016E+01      1.0000E+00
      1.0005E-02      1.0004E+00      1.0000E+00      1.0008E+00      1.0003E-02      8.9958E+01      9.0034E+01      1.0000E+00
      1.0007E-02      1.0003E+00      1.0000E+00      1.0007E+00      1.0006E-02      8.9950E+01      9.0043E+01      1.0000E+00
      1.0006E-02      1.0003E+00      1.0000E+00      1.0005E+00      1.0003E-02      8.9951E+01      9.0033E+01      1.0000E+00
      1.0003E-02      1.0001E+00      1.0000E+00      1.0003E+00      1.0001E-02      8.9973E+01      9.0017E+01      1.0000E+00
      1.0001E-02      1.0000E+00      1.0000E+00      1.0001E+00      1.0000E-02      8.9991E+01      9.0006E+01      1.0000E+00
      1.0000E-02      1.0000E+00      1.0000E+00      1.0000E+00      1.0000E-02      8.9997E+01      9.0002E+01      1.0000E+00
      1.0000E-02      1.0000E+00      1.0000E+00      1.0000E+00      1.0000E-02      8.9999E+01      9.0000E+01      1.0000E+00
      1.0000E-02      1.0000E+00      1.0000E+00      1.0000E+00      1.0000E-02      8.9998E+01      9.0001E+01      1.0000E+00
      1.0003E-02      1.0001E+00      1.0000E+00      1.0002E+00      1.0001E-02      8.9974E+01      9.0015E+01      1.0000E+00
      1.0015E-02      1.0006E+00      1.0000E+00      1.0011E+00      1.0004E-02      8.9848E+01      9.0088E+01      1.0000E+00
      1.0039E-02      1.0015E+00      1.0000E+00      1.0031E+00      1.0017E-02      8.9643E+01      9.0236E+01      1.0000E+00
      1.0047E-02      1.0033E+00      1.0000E+00      1.0055E+00      1.0036E-02      8.9573E+01      9.0424E+01      1.0000E+00
      1.0078E-02      1.0187E+00      1.0007E+00      1.0341E+00      9.9405E-03      8.9152E+01      9.1435E+01      1.0000E+00
      1.0290E-02      1.0438E+00      1.0031E+00      1.0789E+00      1.0024E-02      8.8934E+01      9.2002E+01      1.0000E+00
      1.0582E-02      1.0356E+00      1.0024E+00      1.0692E+00      1.0538E-02      8.8583E+01      9.1285E+01      1.0000E+00
      1.0552E-02      1.0372E+00      1.0032E+00      1.0635E+00      1.0308E-02      8.6324E+01      9.2927E+01      1.0000E+00
      1.0243E-02      1.0177E+00      1.0010E+00      1.0277E+00      1.0068E-02      8.7616E+01      9.1826E+01      1.0000E+00
      1.0046E-02      1.0024E+00      1.0000E+00      1.0042E+00      1.0016E-02      8.9521E+01      9.0370E+01      1.0000E+00
      1.0007E-02      1.0002E+00      1.0000E+00      1.0005E+00      1.0003E-02      8.9931E+01      9.0048E+01      1.0000E+00
      1.0002E-02      1.0000E+00      1.0000E+00      1.0000E+00      1.0002E-02      8.9990E+01      9.0010E+01      1.0000E+00
      1.0004E-02      1.0001E+00      1.0000E+00      1.0003E+00      1.0002E-02      8.9960E+01      9.0024E+01      1.0000E+00
      1.0018E-02      1.0006E+00      1.0000E+00      1.0012E+00      1.0007E-02      8.9830E+01      9.0106E+01      1.0000E+00
      1.0054E-02      1.0013E+00      1.0000E+00      1.0026E+00      1.0031E-02      8.9550E+01      9.0321E+01      1.0000E+00
      1.0119E-02      1.0022E+00      1.0001E+00      1.0043E+00      1.0096E-02      8.9069E+01      9.0812E+01      1.0000E+00
      9.9913E-03      1.0247E+00      1.0011E+00      1.0409E+00      9.6876E-03      8.7522E+01      9.1236E+01      1.0000E+00
      1.0041E-02      1.1850E+00      1.0371E+00      1.3585E+00      8.4967E-03      7.7496E+01      1.0229E+02      1.0000E+00
      8.1640E-03      1.0812E+00      1.0154E+00      1.1905E+00      7.2128E-03      8.5267E+01      9.8509E+01      1.0000E+00
      9.7252E-03      1.0198E+00      1.0007E+00      1.0389E+00      9.4296E-03      8.8202E+01      9.1687E+01      1.0000E+00
      1.0108E-02      1.0052E+00      1.0002E+00      1.0083E+00      1.0056E-02      8.8962E+01      9.0856E+01      1.0000E+00
      1.0039E-02      1.0016E+00      1.0000E+00      1.0031E+00      1.0021E-02      8.9671E+01      9.0226E+01      1.0000E+00
      1.0012E-02      1.0003E+00      1.0000E+00      1.0005E+00      1.0010E-02      8.9926E+01      9.0066E+01      1.0000E+00
      1.0030E-02      1.0013E+00      1.0000E+00      1.0024E+00      1.0015E-02      8.9749E+01      9.0172E+01      1.0000E+00
      1.0062E-02      1.0022E+00      1.0000E+00      1.0036E+00      1.0035E-02      8.9489E+01      9.0402E+01      1.0000E+00
      9.9785E-03      1.0047E+00      1.0000E+00      1.0084E+00      9.9218E-03      8.9675E+01      9.0327E+01      1.0000E+00
      9.7484E-03      1.0098E+00      1.0007E+00      1.0235E+00      9.5724E-03      8.8726E+01      9.2077E+01      1.0000E+00
      9.7164E-03      1.0101E+00      1.0010E+00      1.0255E+00      9.5457E-03      8.7503E+01      9.1832E+01      1.0000E+00
      1.0067E-02      1.0180E+00      1.0011E+00      1.0258E+00      9.9285E-03      8.7674E+01      9.2436E+01      1.0000E+00
      1.0337E-02      1.0083E+00      1.0011E+00      1.0216E+00      1.0219E-02      8.7412E+01      9.2503E+01      1.0000E+00
      1.0242E-02      1.0077E+00      1.0007E+00      1.0155E+00      1.0101E-02      8.7877E+01      9.1417E+01      1.0000E+00
      1.0096E-02      1.0017E+00      1.0001E+00      1.0033E+00      1.0066E-02      8.9290E+01      9.0561E+01      1.0000E+00
      1.0071E-02      1.0015E+00      1.0000E+00      1.0029E+00      1.0056E-02      8.9531E+01      9.0393E+01      1.0000E+00
      1.0071E-02      1.0025E+00      1.0000E+00      1.0056E+00      1.0055E-02      8.9539E+01      9.0403E+01      1.0000E+00
      1.0040E-02      1.0041E+00      1.0000E+00      1.0071E+00      1.0020E-02      8.9633E+01      9.0318E+01      1.0000E+00
      9.9887E-03      1.0036E+00      1.0000E+00      1.0069E+00      9.9516E-03      8.9689E+01      9.0114E+01      1.0000E+00
      9.9641E-03      1.0013E+00      1.0000E+00      1.0041E+00      9.9428E-03      8.9868E+01      9.0120E+01      1.0000E+00
      9.9851E-03      1.0032E+00      1.0000E+00      1.0062E+00      9.9505E-03      8.9727E+01      9.0124E+01      1.0000E+00
      1.0032E-02      1.0037E+00      1.0000E+00      1.0064E+00      1.0013E-02      8.9670E+01      9.0277E+01      1.0000E+00
      1.0060E-02      1.0023E+00      1.0000E+00      1.0051E+00      1.0046E-02      8.9600E+01      9.0351E+01      1.0000E+00
      1.0047E-02      1.0021E+00      1.0000E+00      1.0041E+00      1.0023E-02      8.9606E+01      9.0265E+01      1.0000E+00
      1.0022E-02      1.0010E+00      1.0000E+00      1.0018E+00      1.0009E-02      8.9804E+01      9.0130E+01      1.0000E+00
      1.0008E-02      1.0003E+00      1.0000E+00      1.0007E+00      1.0003E-02      8.9926E+01      9.0048E+01      1.0000E+00
      1.0003E-02      1.0001E+00      1.0000E+00      1.0003E+00      1.0001E-02      8.9970E+01      9.0018E+01      1.0000E+00
      1.0001E-02      1.0000E+00      1.0000E+00      1.0001E+00      1.0000E-02      8.9993E+01      9.0004E+01      1.0000E+00
      1.0001E-02      1.0000E+00      1.0000E+00      1.0001E+00      1.0000E-02      8.9994E+01      9.0005E+01      1.0000E+00
      1.0006E-02      1.0003E+00      1.0000E+00      1.0006E+00      1.0003E-02      8.9941E+01      9.0040E+01      1.0000E+00
      1.0039E-02      1.0014E+00      1.0000E+00      1.0030E+00      1.0017E-02      8.9640E+01      9.0241E+01      1.0000E+00
      1.0147E-02      1.0050E+00      1.0003E+00      1.0096E+00      1.0055E-02      8.8665E+01      9.0825E+01      1.0000E+00
      1.0122E-02      1.0063E+00      1.0002E+00      1.0121E+00      1.0075E-02      8.9132E+01      9.1116E+01      1.0000E+00
      9.6484E-03      1.0259E+00      1.0021E+00      1.0648E+00      9.3420E-03      8.7875E+01      9.1474E+01      1.0000E+00
      1.0185E-02      1.1986E+00      1.0544E+00      1.3302E+00      8.6338E-03      8.0867E+01      1.0423E+02      1.0000E+00
      1.2606E-02      1.1456E+00      1.0338E+00      1.2841E+00      1.1876E-02      8.6111E+01      9.6245E+01      1.0000E+00
      1.2186E-02      1.1734E+00      1.0610E+00      1.2584E+00      1.0496E-02      7.1500E+01      1.0431E+02      1.0000E+00
      1.0305E-02      1.0189E+00      1.0020E+00      1.0286E+00      1.0147E-02      8.6590E+01      9.3539E+01      1.0000E+00
      1.0070E-02      1.0017E+00      1.0001E+00      1.0041E+00      1.0040E-02      8.9218E+01      9.0654E+01      1.0000E+00
      1.0018E-02      1.0010E+00      1.0000E+00      1.0017E+00      1.0007E-02      8.9817E+01      9.0132E+01      1.0000E+00
      1.0003E-02      1.0001E+00      1.0000E+00      1.0003E+00      1.0001E-02      8.9974E+01      9.0018E+01      1.0000E+00
      1.0001E-02      1.0000E+00      1.0000E+00      1.0001E+00      1.0001E-02      8.9992E+01      9.0006E+01      1.0000E+00
      1.0004E-02      1.0001E+00      1.0000E+00      1.0003E+00      1.0002E-02      8.9960E+01      9.0025E+01      1.0000E+00
      1.0020E-02      1.0006E+00      1.0000E+00      1.0013E+00      1.0010E-02      8.9824E+01      9.0120E+01      1.0000E+00
      1.0081E-02      1.0019E+00      1.0001E+00      1.0045E+00      1.0060E-02      8.9399E+01      9.0529E+01      1.0000E+00
      1.0357E-02      1.0066E+00      1.0010E+00      1.0198E+00      1.0265E-02      8.7649E+01      9.2286E+01      1.0000E+00
      1.1877E-02      1.0892E+00      1.0322E+00      1.1544E+00      1.0548E-02      7.5703E+01      9.8301E+01      1.0000E+00
      8.8108E-03      1.2728E+00      1.3207E+00      1.4659E+00      4.7918E-03      7.4492E+01      1.3078E+02      1.0000E+00
      6.2003E-03      1.3887E+00      1.2756E+00      1.6463E+00      3.8388E-03      6.4460E+01      1.2739E+02      1.0000E+00
      1.0582E-02      1.0643E+00      1.0116E+00      1.1285E+00      9.7747E-03      8.1574E+01      9.6458E+01      1.0000E+00
      1.0178E-02      1.0030E+00      1.0002E+00      1.0084E+00      1.0140E-02      8.8886E+01      9.1050E+01      1.0000E+00
      1.0069E-02      1.0021E+00      1.0000E+00      1.0043E+00      1.0048E-02      8.9491E+01      9.0396E+01      1.0000E+00
      1.0022E-02      1.0008E+00      1.0000E+00      1.0015E+00      1.0012E-02      8.9823E+01      9.0127E+01      1.0000E+00
      1.0015E-02      1.0004E+00      1.0000E+00      1.0008E+00      1.0008E-02      8.9876E+01      9.0087E+01      1.0000E+00
      1.0028E-02      1.0010E+00      1.0000E+00      1.0021E+00      1.0013E-02      8.9752E+01      9.0168E+01      1.0000E+00
      1.0025E-02      1.0014E+00      1.0000E+00      1.0027E+00      1.0023E-02      8.9836E+01      9.0171E+01      1.0000E+00
      9.9969E-03      1.0028E+00      1.0000E+00      1.0071E+00      9.9721E-03      8.9855E+01      9.0138E+01      1.0000E+00
      9.9896E-03      1.0033E+00      1.0001E+00      1.0087E+00      9.9581E-03      8.9622E+01      9.0316E+01      1.0000E+00
      1.0029E-02      1.0036E+00      1.0000E+00      1.0067E+00      1.0010E-02      8.9533E+01      9.0382E+01      1.0000E+00
      1.0066E-02      1.0017E+00      1.0000E+00      1.0044E+00      1.0051E-02      8.9482E+01      9.0496E+01      1.0000E+00
      1.0070E-02      1.0011E+00      1.0000E+00      1.0027E+00      1.0053E-02      8.9502E+01      9.0432E+01      1.0000E+00
      1.0088E-02      1.0018E+00      1.0001E+00      1.0030E+00      1.0066E-02      8.9366E+01      9.0539E+01      1.0000E+00
      1.0227E-02      1.0107E+00      1.0006E+00      1.0184E+00      1.0096E-02      8.8033E+01      9.1384E+01      1.0000E+00
      1.0364E-02      1.0130E+00      1.0009E+00      1.0284E+00      1.0245E-02      8.7731E+01      9.1779E+01      1.0000E+00
      1.0178E-02      1.0221E+00      1.0008E+00      1.0320E+00      1.0054E-02      8.8491E+01      9.1536E+01      1.0000E+00
      9.8119E-03      1.0164E+00      1.0004E+00      1.0283E+00      9.5993E-03      8.8523E+01      9.1010E+01      1.0000E+00
      9.6489E-03      1.0134E+00      1.0002E+00      1.0221E+00      9.5367E-03      8.9269E+01      9.0650E+01      1.0000E+00
      9.7870E-03      1.0128E+00      1.0002E+00      1.0231E+00      9.5951E-03      8.8772E+01      9.1021E+01      1.0000E+00
      1.0116E-02      1.0185E+00      1.0006E+00      1.0260E+00      1.0003E-02      8.8713E+01      9.1270E+01      1.0000E+00
      1.0285E-02      1.0102E+00      1.0006E+00      1.0222E+00      1.0203E-02      8.8155E+01      9.1524E+01      1.0000E+00
      1.0189E-02      1.0090E+00      1.0005E+00      1.0158E+00      1.0101E-02      8.8351E+01      9.1269E+01      1.0000E+00
      1.0093E-02      1.0029E+00      1.0001E+00      1.0062E+00      1.0061E-02      8.9254E+01      9.0590E+01      1.0000E+00
      1.0056E-02      1.0020E+00      1.0000E+00      1.0042E+00      1.0023E-02      8.9500E+01      9.0326E+01      1.0000E+00
      1.0019E-02      1.0007E+00      1.0000E+00      1.0015E+00      1.0005E-02      8.9808E+01      9.0110E+01      1.0000E+00
      1.0003E-02      1.0001E+00      1.0000E+00      1.0003E+00      1.0001E-02      8.9971E+01      9.0017E+01      1.0000E+00
      1.0002E-02      1.0002E+00      1.0000E+00      1.0003E+00      1.0001E-02      8.9984E+01      9.0015E+01      1.0000E+00
      1.0014E-02      1.0013E+00      1.0000E+00      1.0019E+00      1.0007E-02      8.9869E+01      9.0122E+01      1.0000E+00
      1.0048E-02      1.0032E+00      1.0000E+00      1.0054E+00      1.0036E-02      8.9553E+01      9.0428E+01      1.0000E+00
      1.0123E-02      1.0057E+00      1.0002E+00      1.0113E+00      1.0068E-02      8.9100E+01      9.1208E+01      1.0000E+00
      1.0721E-02      1.0356E+00      1.0063E+00      1.0662E+00      1.0105E-02      8.3585E+01      9.3257E+01      1.0000E+00
      8.4575E-03      1.1776E+00      1.0735E+00      1.3722E+00      6.7962E-03      7.4854E+01      1.0918E+02      1.0000E+00
      4.7552E-03      1.3467E+00      1.2480E+00      1.7005E+00      2.7048E-03      7.1755E+01      1.2564E+02      1.0000E+00
      9.0106E-03      1.2160E+00      1.0432E+00      1.4021E+00      7.2396E-03      7.6350E+01      1.0030E+02      1.0000E+00
      9.8232E-03      1.0214E+00      1.0027E+00      1.0434E+00      9.5526E-03      8.5804E+01      9.2750E+01      1.0000E+00
      1.0118E-02      1.0113E+00      1.0004E+00      1.0167E+00      1.0054E-02      8.8610E+01      9.1439E+01      1.0000E+00
      1.0040E-02      1.0028E+00      1.0000E+00      1.0045E+00      1.0021E-02      8.9667E+01      9.0282E+01      1.0000E+00
      1.0006E-02      1.0003E+00      1.0000E+00      1.0006E+00      1.0004E-02      8.9955E+01      9.0037E+01      1.0000E+00
      1.0001E-02      1.0000E+00      1.0000E+00      1.0000E+00      1.0001E-02      8.9994E+01      9.0005E+01      1.0000E+00
      1.0001E-02      1.0000E+00      1.0000E+00      1.0001E+00      1.0001E-02      8.9989E+01      9.0008E+01      1.0000E+00
      1.0008E-02      1.0003E+00      1.0000E+00      1.0006E+00      1.0004E-02      8.9931E+01      9.0047E+01      1.0000E+00
      1.0054E-02      1.0019E+00      1.0000E+00      1.0041E+00      1.0024E-02      8.9528E+01      9.0317E+01      1.0000E+00
      1.0258E-02      1.0097E+00      1.0008E+00      1.0186E+00      1.0104E-02      8.7753E+01      9.1398E+01      1.0000E+00
      1.0495E-02      1.0091E+00      1.0015E+00      1.0139E+00      1.0391E-02      8.6885E+01      9.2696E+01      1.0000E+00
      1.1431E-02      1.0650E+00      1.0218E+00      1.1081E+00      1.0494E-02      7.8190E+01      9.7837E+01      1.0000E+00
      8.2766E-03      1.2688E+00      1.3379E+00      1.4468E+00      4.5133E-03      7.3997E+01      1.3162E+02      1.0000E+00
      9.7371E-03      1.1136E+00      1.0392E+00      1.2806E+00      8.4578E-03      7.7418E+01      1.0147E+02      1.0000E+00
      1.0011E-02      1.0113E+00      1.0004E+00      1.0224E+00      9.8179E-03      8.8467E+01      9.0675E+01      1.0000E+00
      1.0158E-02      1.0070E+00      1.0003E+00      1.0122E+00      1.0081E-02      8.8666E+01      9.0991E+01      1.0000E+00
      1.0045E-02      1.0017E+00      1.0000E+00      1.0035E+00      1.0024E-02      8.9633E+01      9.0247E+01      1.0000E+00
      1.0009E-02      1.0002E+00      1.0000E+00      1.0004E+00      1.0007E-02      8.9933E+01      9.0054E+01      1.0000E+00
      1.0006E-02      1.0002E+00      1.0000E+00      1.0004E+00      1.0004E-02      8.9958E+01      9.0032E+01      1.0000E+00
      1.0005E-02      1.0003E+00      1.0000E+00      1.0006E+00      1.0005E-02      8.9964E+01      9.0035E+01      1.0000E+00
      1.0004E-02      1.0004E+00      1.0000E+00      1.0010E+00      1.0001E-02      8.9973E+01      9.0027E+01      1.0000E+00
      1.0004E-02      1.0005E+00      1.0000E+00      1.0013E+00      9.9996E-03      8.9960E+01      9.0034E+01      1.0000E+00
      1.0010E-02      1.0006E+00      1.0000E+00      1.0013E+00      1.0005E-02      8.9909E+01      9.0071E+01      1.0000E+00
      1.0027E-02      1.0007E+00      1.0000E+00      1.0015E+00      1.0016E-02      8.9779E+01      9.0162E+01      1.0000E+00
      1.0065E-02      1.0014E+00      1.0000E+00      1.0028E+00      1.0040E-02      8.9461E+01      9.0394E+01      1.0000E+00
      1.0168E-02      1.0049E+00      1.0003E+00      1.0085E+00      1.0095E-02      8.8561E+01      9.1100E+01      1.0000E+00
      1.0280E-02      1.0059E+00      1.0007E+00      1.0098E+00      1.0224E-02      8.8184E+01      9.2079E+01      1.0000E+00
      1.1529E-02      1.0963E+00      1.0256E+00      1.1507E+00      1.0374E-02      7.7554E+01      9.8558E+01      1.0000E+00
      1.0862E-02      1.1272E+00      1.0183E+00      1.2183E+00      9.5660E-03      8.1006E+01      9.6593E+01      1.0000E+00
      8.8001E-03      1.0443E+00      1.0038E+00      1.0824E+00      8.2246E-03      8.5113E+01      9.2621E+01      1.0000E+00
      8.4827E-03      1.0580E+00      1.0037E+00      1.0833E+00      8.1644E-03      8.7605E+01      9.2078E+01      1.0000E+00
      8.7196E-03      1.0501E+00      1.0037E+00      1.0900E+00      8.2060E-03      8.5797E+01      9.2584E+01      1.0000E+00
      1.0575E-02      1.1059E+00      1.0145E+00      1.2006E+00      9.4055E-03      8.1450E+01      9.6261E+01      1.0000E+00
      1.1016E-02      1.0853E+00      1.0202E+00      1.1336E+00      1.0127E-02      7.9103E+01      9.8653E+01      1.0000E+00
      1.0135E-02      1.0211E+00      1.0015E+00      1.0374E+00      9.9106E-03      8.7006E+01      9.1971E+01      1.0000E+00
      1.0393E-02      1.0084E+00      1.0012E+00      1.0225E+00      1.0264E-02      8.7227E+01      9.2471E+01      1.0000E+00
      1.0251E-02      1.0092E+00      1.0008E+00      1.0174E+00      1.0083E-02      8.7715E+01      9.1364E+01      1.0000E+00
      1.0055E-02      1.0019E+00      1.0000E+00      1.0040E+00      1.0022E-02      8.9503E+01      9.0331E+01      1.0000E+00
      1.0008E-02      1.0003E+00      1.0000E+00      1.0007E+00      1.0004E-02      8.9927E+01      9.0047E+01      1.0000E+00
      1.0006E-02      1.0005E+00      1.0000E+00      1.0008E+00      1.0003E-02      8.9977E+01      9.0028E+01      1.0000E+00
      1.0035E-02      1.0041E+00      1.0000E+00      1.0067E+00      1.0011E-02      8.9760E+01      9.0287E+01      1.0000E+00
      1.0087E-02      1.0184E+00      1.0007E+00      1.0327E+00      9.9553E-03      8.9037E+01      9.1473E+01      1.0000E+00
      9.6683E-03      1.0239E+00      1.0018E+00      1.0591E+00      9.3764E-03      8.7766E+01      9.1193E+01      1.0000E+00
      8.4806E-03      1.1685E+00      1.0694E+00      1.3719E+00      6.8564E-03      7.5475E+01      1.0815E+02      1.0000E+00
      4.9843E-03      1.3874E+00      1.2424E+00      1.8885E+00      2.6981E-03      6.9813E+01      1.2385E+02      1.0000E+00
      1.0141E-02      1.1198E+00      1.0243E+00      1.1829E+00      9.1829E-03      8.1908E+01      1.0093E+02      1.0000E+00
      1.0173E-02      1.0215E+00      1.0010E+00      1.0420E+00      1.0052E-02      8.9160E+01      9.1451E+01      1.0000E+00
      1.0059E-02      1.0042E+00      1.0000E+00      1.0079E+00      1.0040E-02      8.9749E+01      9.0324E+01      1.0000E+00
      1.0013E-02      1.0001E+00      1.0000E+00      1.0001E+00      1.0012E-02      8.9941E+01      9.0060E+01      1.0000E+00
      1.0008E-02      1.0003E+00      1.0000E+00      1.0007E+00      1.0006E-02      8.9951E+01      9.0043E+01      1.0000E+00
      1.0006E-02      1.0003E+00      1.0000E+00      1.0005E+00      1.0003E-02      8.9951E+01      9.0034E+01      1.0000E+00
      1.0006E-02      1.0000E+00      1.0000E+00      1.0000E+00      1.0006E-02      8.9966E+01      9.0033E+01      1.0000E+00
      1.0022E-02      1.0008E+00      1.0000E+00      1.0016E+00      1.0008E-02      8.9795E+01      9.0126E+01      1.0000E+00
      1.0081E-02      1.0026E+00      1.0001E+00      1.0049E+00      1.0036E-02      8.9292E+01      9.0467E+01      1.0000E+00
      1.0246E-02      1.0080E+00      1.0007E+00      1.0143E+00      1.0118E-02      8.7910E+01      9.1452E+01      1.0000E+00
      1.0367E-02      1.0046E+00      1.0008E+00      1.0060E+00      1.0334E-02      8.7791E+01      9.2226E+01      1.0000E+00
      1.0994E-02      1.0496E+00      1.0130E+00      1.0862E+00      1.0275E-02      8.0868E+01      9.6107E+01      1.0000E+00
      7.7893E-03      1.2709E+00      1.3513E+00      1.4181E+00      4.3570E-03      7.1731E+01      1.3226E+02      1.0000E+00
      6.4088E-03      1.3820E+00      1.2880E+00      1.6666E+00      3.8238E-03      6.5662E+01      1.2805E+02      1.0000E+00
      1.0841E-02      1.0660E+00      1.0129E+00      1.1187E+00      1.0007E-02      8.1090E+01      9.6339E+01      1.0000E+00
      1.0222E-02      1.0039E+00      1.0003E+00      1.0113E+00      1.0182E-02      8.8732E+01      9.1274E+01      1.0000E+00
      1.0073E-02      1.0022E+00      1.0000E+00      1.0046E+00      1.0052E-02      8.9474E+01      9.0423E+01      1.0000E+00
      1.0020E-02      1.0008E+00      1.0000E+00      1.0016E+00      1.0009E-02      8.9827E+01      9.0114E+01      1.0000E+00
      1.0003E-02      1.0001E+00      1.0000E+00      1.0002E+00      1.0002E-02      8.9972E+01      9.0018E+01      1.0000E+00
      1.0001E-02      1.0000E+00      1.0000E+00      1.0000E+00      1.0001E-02      8.9996E+01      9.0004E+01      1.0000E+00
      1.0001E-02      1.0000E+00      1.0000E+00      1.0001E+00      1.0000E-02      8.9999E+01      9.0002E+01      1.0000E+00
      1.0003E-02      1.0001E+00      1.0000E+00      1.0002E+00      1.0001E-02      8.9971E+01      9.0018E+01      1.0000E+00
      1.0020E-02      1.0009E+00      1.0000E+00      1.0016E+00      1.0006E-02      8.9807E+01      9.0122E+01      1.0000E+00
      1.0068E-02      1.0024E+00      1.0001E+00      1.0042E+00      1.0032E-02      8.9398E+01      9.0423E+01      1.0000E+00
      1.0165E-02      1.0050E+00      1.0003E+00      1.0087E+00      1.0091E-02      8.8565E+01      9.1085E+01      1.0000E+00
      1.0136E-02      1.0043E+00      1.0004E+00      1.0081E+00      1.0056E-02      8.8354E+01      9.1193E+01      1.0000E+00
      1.0487E-02      1.0284E+00      1.0053E+00      1.0488E+00      1.0120E-02      8.4163E+01      9.4473E+01      1.0000E+00
      7.7556E-03      1.3111E+00      1.4104E+00      1.4736E+00      4.0203E-03      7.0726E+01      1.3484E+02      1.0000E+00
      6.2181E-03      1.4053E+00      1.3134E+00      1.7977E+00      3.3805E-03      6.7737E+01      1.2895E+02      1.0000E+00
      1.0154E-02      1.1904E+00      1.0360E+00      1.3599E+00      8.5884E-03      7.8475E+01      1.0171E+02      1.0000E+00
      1.2052E-02      1.0936E+00      1.0376E+00      1.1620E+00      1.0513E-02      7.4539E+01      9.8416E+01      1.0000E+00
      1.0378E-02      1.0072E+00      1.0012E+00      1.0206E+00      1.0256E-02      8.7288E+01      9.2526E+01      1.0000E+00
      1.0088E-02      1.0025E+00      1.0001E+00      1.0055E+00      1.0059E-02      8.9286E+01      9.0587E+01      1.0000E+00
      1.0021E-02      1.0009E+00      1.0000E+00      1.0018E+00      1.0009E-02      8.9813E+01      9.0122E+01      1.0000E+00
      1.0011E-02      1.0008E+00      1.0000E+00      1.0015E+00      1.0006E-02      8.9968E+01      9.0022E+01      1.0000E+00
      1.0070E-02      1.0071E+00      1.0001E+00      1.0129E+00      1.0036E-02      8.9824E+01      9.0293E+01      1.0000E+00
      1.0306E-02      1.0437E+00      1.0030E+00      1.0775E+00      1.0046E-02      8.8696E+01      9.2141E+01      1.0000E+00
      1.0286E-02      1.1937E+00      1.0519E+00      1.3057E+00      8.7877E-03      7.9956E+01      1.0445E+02      1.0000E+00
      4.8146E-03      1.3651E+00      1.2359E+00      1.6998E+00      2.7484E-03      7.1739E+01      1.2522E+02      1.0000E+00
      9.9644E-03      1.1325E+00      1.0337E+00      1.2306E+00      8.9428E-03      8.1231E+01      1.0314E+02      1.0000E+00
      1.0201E-02      1.0230E+00      1.0017E+00      1.0555E+00      1.0082E-02      8.8664E+01      9.1189E+01      1.0000E+00
      1.0067E-02      1.0038E+00      1.0000E+00      1.0077E+00      1.0027E-02      8.9794E+01      9.0250E+01      1.0000E+00
      1.0036E-02      1.0034E+00      1.0000E+00      1.0073E+00      1.0014E-02      8.9696E+01      9.0207E+01      1.0000E+00
      1.0055E-02      1.0025E+00      1.0000E+00      1.0050E+00      1.0044E-02      8.9642E+01      9.0301E+01      1.0000E+00
      1.0044E-02      1.0020E+00      1.0000E+00      1.0039E+00      1.0020E-02      8.9619E+01      9.0249E+01      1.0000E+00
      1.0019E-02      1.0008E+00      1.0000E+00      1.0014E+00      1.0007E-02      8.9822E+01      9.0114E+01      1.0000E+00
      1.0009E-02      1.0000E+00      1.0000E+00      1.0000E+00      1.0009E-02      8.9946E+01      9.0053E+01      1.0000E+00
      1.0023E-02      1.0008E+00      1.0000E+00      1.0015E+00      1.0009E-02      8.9786E+01      9.0137E+01      1.0000E+00
      1.0074E-02      1.0022E+00      1.0001E+00      1.0041E+00      1.0036E-02      8.9365E+01      9.0437E+01      1.0000E+00
      1.0201E-02      1.0064E+00      1.0004E+00      1.0114E+00      1.0103E-02      8.8298E+01      9.1233E+01      1.0000E+00
      1.0203E-02      1.0038E+00      1.0004E+00      1.0080E+00      1.0158E-02      8.8407E+01      9.1548E+01      1.0000E+00
      1.0311E-02      1.0323E+00      1.0052E+00      1.0586E+00      9.9420E-03      8.4310E+01      9.4798E+01      1.0000E+00
      6.1811E-03      1.3484E+00      1.2973E+00      1.6728E+00      3.5642E-03      6.7941E+01      1.2830E+02      1.0000E+00
      9.7921E-03      1.1255E+00      1.0381E+00      1.2927E+00      8.4804E-03      7.7497E+01      1.0168E+02      1.0000E+00
      1.0019E-02      1.0140E+00      1.0005E+00      1.0256E+00      9.8071E-03      8.8311E+01      9.0739E+01      1.0000E+00
      1.0153E-02      1.0063E+00      1.0003E+00      1.0113E+00      1.0083E-02      8.8723E+01      9.0942E+01      1.0000E+00
      1.0043E-02      1.0016E+00      1.0000E+00      1.0033E+00      1.0022E-02      8.9646E+01      9.0242E+01      1.0000E+00
      1.0007E-02      1.0003E+00      1.0000E+00      1.0006E+00      1.0003E-02      8.9939E+01      9.0041E+01      1.0000E+00
      1.0001E-02      1.0000E+00      1.0000E+00      1.0001E+00      1.0000E-02      8.9991E+01      9.0006E+01      1.0000E+00
      1.0001E-02      1.0000E+00      1.0000E+00      1.0000E+00      1.0000E-02      8.9997E+01      9.0002E+01      1.0000E+00
      1.0006E-02      1.0003E+00      1.0000E+00      1.0006E+00      1.0003E-02      8.9948E+01      9.0034E+01      1.0000E+00
      1.0051E-02      1.0023E+00      1.0000E+00      1.0045E+00      1.0022E-02      8.9565E+01      9.0279E+01      1.0000E+00
      1.0223E-02      1.0109E+00      1.0006E+00      1.0188E+00      1.0088E-02      8.8040E+01      9.1358E+01      1.0000E+00
      1.0280E-02      1.0059E+00      1.0007E+00      1.0098E+00      1.0223E-02      8.8185E+01      9.2075E+01      1.0000E+00
      1.0487E-02      1.0284E+00      1.0053E+00      1.0488E+00      1.0120E-02      8.4163E+01      9.4473E+01      1.0000E+00
      7.1679E-03      1.2799E+00      1.4515E+00      1.4185E+00      3.6847E-03      7.0875E+01      1.3645E+02      1.0000E+00
      9.9928E-03      1.1931E+00      1.0374E+00      1.3775E+00      8.3687E-03      7.8004E+01      1.0240E+02      1.0000E+00
      1.0068E-02      1.0216E+00      1.0014E+00      1.0370E+00      9.8140E-03      8.7096E+01      9.1803E+01      1.0000E+00
      1.0162E-02      1.0069E+00      1.0003E+00      1.0125E+00      1.0092E-02      8.8573E+01      9.1092E+01      1.0000E+00
      1.0043E-02      1.0018E+00      1.0000E+00      1.0037E+00      1.0022E-02      8.9640E+01      9.0246E+01      1.0000E+00
      1.0016E-02      1.0009E+00      1.0000E+00      1.0018E+00      1.0012E-02      8.9936E+01      9.0048E+01      1.0000E+00
      1.0099E-02      1.0061E+00      1.0001E+00      1.0127E+00      1.0090E-02      8.9795E+01      9.0180E+01      1.0000E+00
      1.0590E-02      1.0363E+00      1.0024E+00      1.0707E+00      1.0542E-02      8.8760E+01      9.1086E+01      1.0000E+00
      1.2615E-02      1.1509E+00      1.0345E+00      1.2911E+00      1.1901E-02      8.6769E+01      9.5298E+01      1.0000E+00
      1.0890E-02      1.1518E+00      1.0256E+00      1.2257E+00      9.8084E-03      8.1457E+01      9.7152E+01      1.0000E+00
      1.0339E-02      1.0164E+00      1.0014E+00      1.0320E+00      1.0243E-02      8.7201E+01      9.2302E+01      1.0000E+00
      9.9059E-03      1.0081E+00      1.0006E+00      1.0286E+00      9.7603E-03      8.8784E+01      9.1285E+01      1.0000E+00
      1.0035E-02      1.0196E+00      1.0006E+00      1.0357E+00      9.8796E-03      8.8877E+01      9.0660E+01      1.0000E+00
      1.0245E-02      1.0092E+00      1.0004E+00      1.0199E+00      1.0187E-02      8.8510E+01      9.1273E+01      1.0000E+00
      1.0182E-02      1.0084E+00      1.0004E+00      1.0147E+00      1.0077E-02      8.8382E+01      9.1129E+01      1.0000E+00
      1.0063E-02      1.0019E+00      1.0001E+00      1.0037E+00      1.0028E-02      8.9426E+01      9.0380E+01      1.0000E+00
      1.0019E-02      1.0007E+00      1.0000E+00      1.0013E+00      1.0007E-02      8.9827E+01      9.0108E+01      1.0000E+00
      1.0007E-02      1.0001E+00      1.0000E+00      1.0002E+00      1.0006E-02      8.9951E+01      9.0042E+01      1.0000E+00
      1.0021E-02      1.0007E+00      1.0000E+00      1.0014E+00      1.0008E-02      8.9806E+01      9.0124E+01      1.0000E+00
      1.0063E-02      1.0018E+00      1.0000E+00      1.0034E+00      1.0034E-02      8.9467E+01      9.0384E+01      1.0000E+00
      1.0146E-02      1.0040E+00      1.0002E+00      1.0069E+00      1.0105E-02      8.8829E+01      9.0982E+01      1.0000E+00
      1.0032E-02      1.0224E+00      1.0010E+00      1.0376E+00      9.7566E-03      8.7621E+01      9.1212E+01      1.0000E+00
      1.0083E-02      1.1704E+00      1.0342E+00      1.3378E+00      8.5792E-03      7.7477E+01      1.0196E+02      1.0000E+00
      6.3903E-03      1.3783E+00      1.2953E+00      1.6729E+00      3.7885E-03      6.5654E+01      1.2833E+02      1.0000E+00
      1.0756E-02      1.0581E+00      1.0109E+00      1.1065E+00      9.9931E-03      8.1770E+01      9.5734E+01      1.0000E+00
      1.0190E-02      1.0045E+00      1.0003E+00      1.0107E+00      1.0141E-02      8.8942E+01      9.1219E+01      1.0000E+00
      1.0066E-02      1.0017E+00      1.0000E+00      1.0036E+00      1.0051E-02      8.9527E+01      9.0406E+01      1.0000E+00
      1.0020E-02      1.0008E+00      1.0000E+00      1.0014E+00      1.0010E-02      8.9819E+01      9.0123E+01      1.0000E+00
      1.0005E-02      1.0002E+00      1.0000E+00      1.0003E+00      1.0002E-02      8.9957E+01      9.0027E+01      1.0000E+00
      1.0001E-02      1.0001E+00      1.0000E+00      1.0001E+00      1.0001E-02      8.9995E+01      9.0002E+01      1.0000E+00
      1.0008E-02      1.0003E+00      1.0000E+00      1.0007E+00      1.0006E-02      8.9947E+01      9.0045E+01      1.0000E+00
      1.0068E-02      1.0027E+00      1.0000E+00      1.0058E+00      1.0050E-02      8.9544E+01      9.0387E+01      1.0000E+00
      1.0363E-02      1.0130E+00      1.0009E+00      1.0284E+00      1.0243E-02      8.7732E+01      9.1774E+01      1.0000E+00
      1.1529E-02      1.0963E+00      1.0256E+00      1.1507E+00      1.0374E-02      7.7554E+01      9.8558E+01      1.0000E+00
      7.7556E-03      1.3111E+00      1.4104E+00      1.4736E+00      4.0203E-03      7.0726E+01      1.3484E+02      1.0000E+00
      6.0477E-03      1.4054E+00      1.3368E+00      1.7898E+00      3.2909E-03      6.6447E+01      1.3002E+02      1.0000E+00
      1.0718E-02      1.0619E+00      1.0124E+00      1.1042E+00      1.0028E-02      8.1347E+01      9.6814E+01      1.0000E+00
      1.0209E-02      1.0050E+00      1.0004E+00      1.0135E+00      1.0166E-02      8.8664E+01      9.1324E+01      1.0000E+00
      1.0050E-02      1.0016E+00      1.0000E+00      1.0039E+00      1.0042E-02      8.9669E+01      9.0321E+01      1.0000E+00
      1.0016E-02      1.0008E+00      1.0000E+00      1.0016E+00      1.0013E-02      8.9929E+01      9.0080E+01      1.0000E+00
      1.0092E-02      1.0065E+00      1.0001E+00      1.0110E+00      1.0064E-02      8.9504E+01      9.0448E+01      1.0000E+00
      1.0549E-02      1.0384E+00      1.0032E+00      1.0648E+00      1.0312E-02      8.6456E+01      9.2903E+01      1.0000E+00
      1.2150E-02      1.1811E+00      1.0620E+00      1.2674E+00      1.0492E-02      7.1657E+01      1.0470E+02      1.0000E+00
      8.9787E-03      1.2048E+00      1.0424E+00      1.4014E+00      7.2412E-03      7.5899E+01      1.0097E+02      1.0000E+00
      5.0862E-03      1.4284E+00      1.2518E+00      1.9127E+00      2.7274E-03      6.9491E+01      1.2494E+02      1.0000E+00
      8.0305E-03      1.3329E+00      1.3143E+00      1.6197E+00      3.9236E-03      6.9981E+01      1.3045E+02      1.0000E+00
      1.2934E-02      1.0719E+00      1.0508E+00      1.0661E+00      1.2336E-02      7.3411E+01      1.0783E+02      1.0000E+00
      1.0532E-02      1.1329E+00      1.0166E+00      1.2459E+00      9.2752E-03      8.3458E+01      9.7638E+01      1.0000E+00
      8.4519E-03      1.0621E+00      1.0062E+00      1.1381E+00      7.8646E-03      8.5144E+01      9.4278E+01      1.0000E+00
      9.9945E-03      1.1196E+00      1.0207E+00      1.2134E+00      8.9987E-03      8.0477E+01      9.9861E+01      1.0000E+00
      1.0965E-02      1.0677E+00      1.0131E+00      1.1048E+00      1.0208E-02      8.1189E+01      9.6341E+01      1.0000E+00
      1.0216E-02      1.0010E+00      1.0004E+00      1.0023E+00      1.0204E-02      8.8454E+01      9.1566E+01      1.0000E+00
      1.0167E-02      1.0065E+00      1.0003E+00      1.0122E+00      1.0074E-02      8.8523E+01      9.0990E+01      1.0000E+00
      1.0041E-02      1.0016E+00      1.0000E+00      1.0034E+00      1.0019E-02      8.9647E+01      9.0235E+01      1.0000E+00
      1.0006E-02      1.0002E+00      1.0000E+00      1.0004E+00      1.0004E-02      8.9953E+01      9.0036E+01      1.0000E+00
      1.0005E-02      1.0002E+00      1.0000E+00      1.0003E+00      1.0002E-02      8.9957E+01      9.0028E+01      1.0000E+00
      1.0021E-02      1.0007E+00      1.0000E+00      1.0014E+00      1.0010E-02      8.9814E+01      9.0125E+01      1.0000E+00
      1.0082E-02      1.0022E+00      1.0001E+00      1.0048E+00      1.0060E-02      8.9400E+01      9.0506E+01      1.0000E+00
      1.0338E-02      1.0072E+00      1.0008E+00      1.0196E+00      1.0253E-02      8.7884E+01      9.1996E+01      1.0000E+00
      1.1664E-02      1.0869E+00      1.0267E+00      1.1459E+00      1.0432E-02      7.7014E+01      9.7856E+01      1.0000E+00
      8.3866E-03      1.2810E+00      1.3276E+00      1.4486E+00      4.6758E-03      7.2323E+01      1.3112E+02      1.0000E+00
      9.5390E-03      1.1290E+00      1.0459E+00      1.3113E+00      8.2160E-03      7.6676E+01      1.0279E+02      1.0000E+00
      9.9098E-03      1.0159E+00      1.0005E+00      1.0322E+00      9.6419E-03      8.8274E+01      9.1372E+01      1.0000E+00
      1.0136E-02      1.0044E+00      1.0002E+00      1.0068E+00      1.0092E-02      8.8875E+01      9.0981E+01      1.0000E+00
      1.0066E-02      1.0023E+00      1.0000E+00      1.0041E+00      1.0032E-02      8.9436E+01      9.0403E+01      1.0000E+00
      1.0020E-02      1.0008E+00      1.0000E+00      1.0016E+00      1.0006E-02      8.9813E+01      9.0115E+01      1.0000E+00
      1.0003E-02      1.0001E+00      1.0000E+00      1.0003E+00      1.0001E-02      8.9974E+01      9.0015E+01      1.0000E+00
      1.0006E-02      1.0005E+00      1.0000E+00      1.0009E+00      1.0004E-02      8.9957E+01      9.0035E+01      1.0000E+00
      1.0040E-02      1.0041E+00      1.0000E+00      1.0071E+00      1.0020E-02      8.9636E+01      9.0317E+01      1.0000E+00
      1.0177E-02      1.0221E+00      1.0008E+00      1.0320E+00      1.0053E-02      8.8492E+01      9.1535E+01      1.0000E+00
      1.0862E-02      1.1272E+00      1.0183E+00      1.2183E+00      9.5660E-03      8.1006E+01      9.6593E+01      1.0000E+00
      1.0015E-02      1.0999E+00      1.0230E+00      1.2305E+00      8.8534E-03      7.9748E+01      9.8663E+01      1.0000E+00
      9.9841E-03      1.0162E+00      1.0003E+00      1.0276E+00      9.8270E-03      8.8945E+01      9.0814E+01      1.0000E+00
      1.0021E-02      1.0031E+00      1.0000E+00      1.0051E+00      9.9963E-03      8.9737E+01      9.0177E+01      1.0000E+00
      1.0014E-02      1.0006E+00      1.0000E+00      1.0010E+00      1.0008E-02      8.9943E+01      9.0049E+01      1.0000E+00
      1.0053E-02      1.0037E+00      1.0000E+00      1.0057E+00      1.0020E-02      8.9553E+01      9.0354E+01      1.0000E+00
      1.0242E-02      1.0184E+00      1.0010E+00      1.0280E+00      1.0066E-02      8.7613E+01      9.1877E+01      1.0000E+00
      1.0302E-02      1.0208E+00      1.0022E+00      1.0300E+00      1.0131E-02      8.6525E+01      9.3676E+01      1.0000E+00
      9.8501E-03      1.0182E+00      1.0029E+00      1.0345E+00      9.5932E-03      8.5652E+01      9.2877E+01      1.0000E+00
      1.0312E-02      1.1064E+00      1.0222E+00      1.1377E+00      9.5000E-03      8.0503E+01      1.0090E+02      1.0000E+00
      1.0132E-02      1.1153E+00      1.0224E+00      1.1999E+00      9.2767E-03      8.3912E+01      9.9246E+01      1.0000E+00
      1.0851E-02      1.1666E+00      1.0310E+00      1.2605E+00      9.5901E-03      8.3336E+01      9.7683E+01      1.0000E+00
      1.2846E-02      1.0856E+00      1.0532E+00      1.0808E+00      1.2008E-02      7.4408E+01      1.0829E+02      1.0000E+00
      8.0840E-03      1.3030E+00      1.3692E+00      1.5341E+00      3.9790E-03      7.3905E+01      1.3308E+02      1.0000E+00
      7.2860E-03      1.3057E+00      1.5133E+00      1.4655E+00      3.5184E-03      7.0359E+01      1.3864E+02      1.0000E+00
      1.0765E-02      1.0483E+00      1.0082E+00      1.0776E+00      1.0169E-02      8.2900E+01      9.4827E+01      1.0000E+00
      1.0180E-02      1.0058E+00      1.0003E+00      1.0135E+00      1.0136E-02      8.8983E+01      9.1151E+01      1.0000E+00
      1.0044E-02      1.0015E+00      1.0000E+00      1.0036E+00      1.0038E-02      8.9710E+01      9.0288E+01      1.0000E+00
      1.0006E-02      1.0003E+00      1.0000E+00      1.0006E+00      1.0005E-02      8.9958E+01      9.0038E+01      1.0000E+00
      1.0001E-02      1.0001E+00      1.0000E+00      1.0001E+00      1.0001E-02      8.9988E+01      9.0008E+01      1.0000E+00
      1.0008E-02      1.0003E+00      1.0000E+00      1.0006E+00      1.0004E-02      8.9932E+01      9.0045E+01      1.0000E+00
      1.0052E-02      1.0020E+00      1.0000E+00      1.0041E+00      1.0024E-02      8.9551E+01      9.0294E+01      1.0000E+00
      1.0234E-02      1.0097E+00      1.0006E+00      1.0178E+00      1.0095E-02      8.7967E+01      9.1323E+01      1.0000E+00
      1.0351E-02      1.0069E+00      1.0008E+00      1.0089E+00      1.0298E-02      8.7840E+01      9.2238E+01      1.0000E+00
      1.0663E-02      1.0499E+00      1.0108E+00      1.0851E+00      1.0109E-02      8.1823E+01      9.6799E+01      1.0000E+00
      6.3877E-03      1.3539E+00      1.2814E+00      1.6879E+00      3.6502E-03      6.9102E+01      1.2755E+02      1.0000E+00
      5.9983E-03      1.3672E+00      1.2964E+00      1.6347E+00      3.5565E-03      6.6101E+01      1.2869E+02      1.0000E+00
      1.0278E-02      1.0359E+00      1.0050E+00      1.0707E+00      9.8874E-03      8.4500E+01      9.5037E+01      1.0000E+00
      1.0264E-02      1.0049E+00      1.0005E+00      1.0083E+00      1.0202E-02      8.8455E+01      9.1848E+01      1.0000E+00
      1.0217E-02      1.0094E+00      1.0006E+00      1.0169E+00      1.0088E-02      8.8119E+01      9.1255E+01      1.0000E+00
      1.0051E-02      1.0020E+00      1.0000E+00      1.0040E+00      1.0023E-02      8.9567E+01      9.0279E+01      1.0000E+00
      1.0008E-02      1.0003E+00      1.0000E+00      1.0007E+00      1.0004E-02      8.9934E+01      9.0044E+01      1.0000E+00
      1.0002E-02      1.0004E+00      1.0000E+00      1.0009E+00      9.9984E-03      8.9969E+01      9.0016E+01      1.0000E+00
      9.9888E-03      1.0036E+00      1.0000E+00      1.0069E+00      9.9517E-03      8.9690E+01      9.0115E+01      1.0000E+00
      9.8120E-03      1.0164E+00      1.0004E+00      1.0283E+00      9.5993E-03      8.8523E+01      9.1010E+01      1.0000E+00
      8.8001E-03      1.0443E+00      1.0038E+00      1.0824E+00      8.2246E-03      8.5113E+01      9.2621E+01      1.0000E+00
      8.0427E-03      1.0929E+00      1.0143E+00      1.1729E+00      7.3783E-03      8.6794E+01      9.6903E+01      1.0000E+00
      9.6495E-03      1.0184E+00      1.0008E+00      1.0382E+00      9.4175E-03      8.9137E+01      9.2176E+01      1.0000E+00
      1.0016E-02      1.0038E+00      1.0000E+00      1.0068E+00      9.9800E-03      8.9650E+01      9.0511E+01      1.0000E+00
      1.0026E-02      1.0033E+00      1.0000E+00      1.0067E+00      1.0004E-02      8.9718E+01      9.0162E+01      1.0000E+00
      1.0001E-02      1.0024E+00      1.0000E+00      1.0078E+00      9.9644E-03      8.9753E+01      9.0293E+01      1.0000E+00
      1.0036E-02      1.0045E+00      1.0001E+00      1.0112E+00      9.9682E-03      8.9183E+01      9.0559E+01      1.0000E+00
      1.0111E-02      1.0058E+00      1.0002E+00      1.0117E+00      1.0058E-02      8.8785E+01      9.0932E+01      1.0000E+00
      1.0202E-02      1.0118E+00      1.0007E+00      1.0179E+00      1.0146E-02      8.8160E+01      9.1887E+01      1.0000E+00
      1.0258E-02      1.0192E+00      1.0010E+00      1.0371E+00      1.0161E-02      8.8540E+01      9.1947E+01      1.0000E+00
      1.0250E-02      1.0222E+00      1.0014E+00      1.0531E+00      1.0138E-02      8.9453E+01      9.0663E+01      1.0000E+00
      1.0349E-02      1.0174E+00      1.0010E+00      1.0336E+00      1.0274E-02      8.7942E+01      9.1680E+01      1.0000E+00
      1.0529E-02      1.1266E+00      1.0155E+00      1.2397E+00      9.2933E-03      8.3430E+01      9.7718E+01      1.0000E+00
      9.4340E-03      1.1250E+00      1.0385E+00      1.2641E+00      8.1862E-03      7.7903E+01      1.0373E+02      1.0000E+00
      9.8842E-03      1.0185E+00      1.0005E+00      1.0295E+00      9.6743E-03      8.9059E+01      9.1500E+01      1.0000E+00
      1.0004E-02      1.0035E+00      1.0000E+00      1.0067E+00      9.9742E-03      8.9728E+01      9.0120E+01      1.0000E+00
      1.0003E-02      1.0004E+00      1.0000E+00      1.0009E+00      1.0001E-02      8.9963E+01      9.0025E+01      1.0000E+00
      1.0001E-02      1.0000E+00      1.0000E+00      1.0001E+00      1.0000E-02      8.9995E+01      9.0004E+01      1.0000E+00
      1.0003E-02      1.0001E+00      1.0000E+00      1.0003E+00      1.0001E-02      8.9971E+01      9.0017E+01      1.0000E+00
      1.0020E-02      1.0009E+00      1.0000E+00      1.0016E+00      1.0006E-02      8.9806E+01      9.0118E+01      1.0000E+00
      1.0072E-02      1.0025E+00      1.0001E+00      1.0045E+00      1.0035E-02      8.9381E+01      9.0433E+01      1.0000E+00
      1.0183E-02      1.0061E+00      1.0003E+00      1.0102E+00      1.0118E-02      8.8519E+01      9.1207E+01      1.0000E+00
      1.0115E-02      1.0212E+00      1.0011E+00      1.0368E+00      9.8698E-03      8.7464E+01      9.1473E+01      1.0000E+00
      1.0279E-02      1.1671E+00      1.0319E+00      1.3200E+00      8.7890E-03      7.8133E+01      1.0103E+02      1.0000E+00
      8.0986E-03      1.2882E+00      1.3425E+00      1.4287E+00      4.5708E-03      7.0689E+01      1.3185E+02      1.0000E+00
      1.1497E-02      1.0830E+00      1.0226E+00      1.1367E+00      1.0351E-02      7.8097E+01      9.7359E+01      1.0000E+00
      1.0319E-02      1.0071E+00      1.0007E+00      1.0187E+00      1.0242E-02      8.8072E+01      9.1799E+01      1.0000E+00
      1.0082E-02      1.0023E+00      1.0001E+00      1.0049E+00      1.0060E-02      8.9404E+01      9.0490E+01      1.0000E+00
      1.0022E-02      1.0008E+00      1.0000E+00      1.0016E+00      1.0010E-02      8.9806E+01      9.0129E+01      1.0000E+00
      1.0003E-02      1.0004E+00      1.0000E+00      1.0010E+00      9.9981E-03      8.9944E+01      9.0039E+01      1.0000E+00
      9.9649E-03      1.0013E+00      1.0000E+00      1.0041E+00      9.9436E-03      8.9872E+01      9.0119E+01      1.0000E+00
      9.6490E-03      1.0134E+00      1.0002E+00      1.0221E+00      9.5368E-03      8.9270E+01      9.0650E+01      1.0000E+00
      8.4828E-03      1.0580E+00      1.0037E+00      1.0833E+00      8.1645E-03      8.7605E+01      9.2078E+01      1.0000E+00
      7.8236E-03      1.1137E+00      1.0215E+00      1.1807E+00      7.4708E-03      8.2973E+01      9.7588E+01      1.0000E+00
      9.6179E-03      1.0336E+00      1.0024E+00      1.0517E+00      9.4498E-03      8.7066E+01      9.2784E+01      1.0000E+00
      1.0186E-02      1.0115E+00      1.0005E+00      1.0230E+00      1.0109E-02      8.8335E+01      9.1245E+01      1.0000E+00
      1.0046E-02      1.0184E+00      1.0004E+00      1.0288E+00      9.9085E-03      8.8942E+01      9.0735E+01      1.0000E+00
      9.7420E-03      1.0120E+00      1.0004E+00      1.0298E+00      9.5495E-03      8.9207E+01      9.1465E+01      1.0000E+00
      9.7887E-03      1.0202E+00      1.0009E+00      1.0418E+00      9.5399E-03      8.8095E+01      9.1005E+01      1.0000E+00
      1.0194E-02      1.0264E+00      1.0014E+00      1.0413E+00      1.0040E-02      8.7812E+01      9.1958E+01      1.0000E+00
      1.0448E-02      1.0140E+00      1.0015E+00      1.0316E+00      1.0331E-02      8.7103E+01      9.2544E+01      1.0000E+00
      1.0326E-02      1.0130E+00      1.0011E+00      1.0255E+00      1.0173E-02      8.7433E+01      9.1733E+01      1.0000E+00
      1.0152E-02      1.0063E+00      1.0002E+00      1.0124E+00      1.0066E-02      8.8988E+01      9.0534E+01      1.0000E+00
      9.9305E-03      1.0088E+00      1.0005E+00      1.0298E+00      9.7692E-03      8.8979E+01      9.1204E+01      1.0000E+00
      8.4625E-03      1.0623E+00      1.0061E+00      1.1371E+00      7.8839E-03      8.5160E+01      9.4345E+01      1.0000E+00
      7.6278E-03      1.1061E+00      1.0188E+00      1.1501E+00      6.9855E-03      8.2378E+01      9.9596E+01      1.0000E+00
      9.5379E-03      1.0177E+00      1.0010E+00      1.0320E+00      9.3031E-03      8.8441E+01      9.2551E+01      1.0000E+00
      9.9595E-03      1.0024E+00      1.0000E+00      1.0067E+00      9.9218E-03      8.9800E+01      9.0309E+01      1.0000E+00
      9.9997E-03      1.0004E+00      1.0000E+00      1.0010E+00      9.9960E-03      8.9979E+01      9.0021E+01      1.0000E+00
      1.0000E-02      1.0000E+00      1.0000E+00      1.0001E+00      1.0000E-02      8.9998E+01      9.0002E+01      1.0000E+00
      1.0001E-02      1.0000E+00      1.0000E+00      1.0001E+00      1.0000E-02      8.9992E+01      9.0005E+01      1.0000E+00
      1.0005E-02      1.0002E+00      1.0000E+00      1.0004E+00      1.0002E-02      8.9955E+01      9.0028E+01      1.0000E+00
      1.0023E-02      1.0008E+00      1.0000E+00      1.0016E+00      1.0011E-02      8.9799E+01      9.0135E+01      1.0000E+00
      1.0088E-02      1.0026E+00      1.0001E+00      1.0055E+00      1.0063E-02      8.9356E+01      9.0519E+01      1.0000E+00
      1.0359E-02      1.0092E+00      1.0008E+00      1.0224E+00      1.0263E-02      8.7777E+01      9.1973E+01      1.0000E+00
      1.1689E-02      1.0941E+00      1.0279E+00      1.1543E+00      1.0426E-02      7.6793E+01      9.8299E+01      1.0000E+00
      8.3066E-03      1.2847E+00      1.3272E+00      1.4427E+00      4.6599E-03      7.1930E+01      1.3111E+02      1.0000E+00
      1.0063E-02      1.1598E+00      1.0343E+00      1.3247E+00      8.5988E-03      7.7469E+01      1.0181E+02      1.0000E+00
      1.0050E-02      1.0205E+00      1.0009E+00      1.0351E+00      9.7899E-03      8.7695E+01      9.1160E+01      1.0000E+00
      1.0164E-02      1.0052E+00      1.0003E+00      1.0087E+00      1.0110E-02      8.8671E+01      9.1103E+01      1.0000E+00
      1.0069E-02      1.0023E+00      1.0001E+00      1.0043E+00      1.0034E-02      8.9409E+01      9.0414E+01      1.0000E+00
      1.0020E-02      1.0012E+00      1.0000E+00      1.0025E+00      1.0003E-02      8.9777E+01      9.0126E+01      1.0000E+00
      9.9880E-03      1.0033E+00      1.0000E+00      1.0065E+00      9.9514E-03      8.9699E+01      9.0119E+01      1.0000E+00
      9.7873E-03      1.0128E+00      1.0002E+00      1.0232E+00      9.5952E-03      8.8770E+01      9.1020E+01      1.0000E+00
      8.7198E-03      1.0501E+00      1.0037E+00      1.0900E+00      8.2062E-03      8.5799E+01      9.2586E+01      1.0000E+00
      8.2086E-03      1.0994E+00      1.0215E+00      1.1924E+00      7.8533E-03      8.1200E+01      9.6478E+01      1.0000E+00
      9.6447E-03      1.0224E+00      1.0018E+00      1.0376E+00      9.5760E-03      8.7215E+01      9.2701E+01      1.0000E+00
      1.0906E-02      1.0707E+00      1.0134E+00      1.1113E+00      1.0094E-02      8.1088E+01      9.6273E+01      1.0000E+00
      1.0210E-02      1.1075E+00      1.0183E+00      1.2109E+00      9.1291E-03      8.0163E+01      9.8559E+01      1.0000E+00
      8.4248E-03      1.0574E+00      1.0037E+00      1.1043E+00      7.9290E-03      8.7116E+01      9.3928E+01      1.0000E+00
      8.5884E-03      1.0465E+00      1.0063E+00      1.1110E+00      7.8778E-03      8.3753E+01      9.3205E+01      1.0000E+00
      1.0798E-02      1.1551E+00      1.0228E+00      1.2379E+00      9.5517E-03      8.2086E+01      9.6928E+01      1.0000E+00
      1.1880E-02      1.1056E+00      1.0365E+00      1.1707E+00      1.0556E-02      7.4952E+01      9.9948E+01      1.0000E+00
      1.0518E-02      1.0095E+00      1.0021E+00      1.0151E+00      1.0385E-02      8.6283E+01      9.3070E+01      1.0000E+00
      1.0290E-02      1.0131E+00      1.0010E+00      1.0259E+00      1.0114E-02      8.7432E+01      9.1608E+01      1.0000E+00
      1.0092E-02      1.0220E+00      1.0008E+00      1.0405E+00      9.9058E-03      8.8455E+01      9.0718E+01      1.0000E+00
      1.0030E-02      1.1217E+00      1.0217E+00      1.2167E+00      9.0243E-03      8.0159E+01      1.0010E+02      1.0000E+00
      8.0090E-03      1.0850E+00      1.0181E+00      1.1556E+00      7.3258E-03      7.9697E+01      9.6102E+01      1.0000E+00
      9.6212E-03      1.0150E+00      1.0012E+00      1.0292E+00      9.3568E-03      8.7222E+01      9.1245E+01      1.0000E+00
      9.9696E-03      1.0033E+00      1.0000E+00      1.0075E+00      9.9281E-03      8.9529E+01      9.0285E+01      1.0000E+00
      1.0000E-02      1.0005E+00      1.0000E+00      1.0011E+00      9.9964E-03      8.9954E+01      9.0034E+01      1.0000E+00
      1.0000E-02      1.0000E+00      1.0000E+00      1.0001E+00      1.0000E-02      8.9998E+01      9.0002E+01      1.0000E+00
      1.0000E-02      1.0000E+00      1.0000E+00      1.0000E+00      1.0000E-02      8.9999E+01      9.0001E+01      1.0000E+00
      1.0001E-02      1.0000E+00      1.0000E+00      1.0001E+00      1.0000E-02      8.9990E+01      9.0006E+01      1.0000E+00
      1.0008E-02      1.0003E+00      1.0000E+00      1.0006E+00      1.0004E-02      8.9931E+01      9.0045E+01      1.0000E+00
      1.0053E-02      1.0021E+00      1.0000E+00      1.0043E+00      1.0024E-02      8.9545E+01      9.0291E+01      1.0000E+00
      1.0235E-02      1.0104E+00      1.0007E+00      1.0186E+00      1.0094E-02      8.7961E+01      9.1360E+01      1.0000E+00
      1.0325E-02      1.0074E+00      1.0007E+00      1.0104E+00      1.0258E-02      8.7983E+01      9.2198E+01      1.0000E+00
      1.0491E-02      1.0462E+00      1.0083E+00      1.0833E+00      9.9949E-03      8.2886E+01      9.6221E+01      1.0000E+00
      6.1831E-03      1.3617E+00      1.2854E+00      1.6533E+00      3.6161E-03      6.7515E+01      1.2803E+02      1.0000E+00
      6.2439E-03      1.3562E+00      1.2898E+00      1.6721E+00      3.6046E-03      6.8033E+01      1.2807E+02      1.0000E+00
      1.0497E-02      1.0423E+00      1.0078E+00      1.0758E+00      1.0026E-02      8.3057E+01      9.5913E+01      1.0000E+00
      1.0304E-02      1.0051E+00      1.0006E+00      1.0075E+00      1.0253E-02      8.8207E+01      9.1974E+01      1.0000E+00
      1.0221E-02      1.0090E+00      1.0006E+00      1.0166E+00      1.0091E-02      8.8087E+01      9.1247E+01      1.0000E+00
      1.0055E-02      1.0023E+00      1.0000E+00      1.0047E+00      1.0026E-02      8.9526E+01      9.0314E+01      1.0000E+00
      1.0040E-02      1.0040E+00      1.0000E+00      1.0070E+00      1.0017E-02      8.9604E+01      9.0320E+01      1.0000E+00
      1.0117E-02      1.0185E+00      1.0006E+00      1.0261E+00      1.0003E-02      8.8704E+01      9.1275E+01      1.0000E+00
      1.0576E-02      1.1059E+00      1.0145E+00      1.2006E+00      9.4057E-03      8.1445E+01      9.6264E+01      1.0000E+00
      8.8402E-03      1.0530E+00      1.0158E+00      1.1279E+00      8.3268E-03      8.1004E+01      9.7426E+01      1.0000E+00
      9.9052E-03      1.0235E+00      1.0044E+00      1.0500E+00      9.5582E-03      8.4673E+01      9.4028E+01      1.0000E+00
      7.1417E-03      1.3190E+00      1.4890E+00      1.4516E+00      3.6137E-03      6.8198E+01      1.3781E+02      1.0000E+00
      8.3923E-03      1.2945E+00      1.3708E+00      1.5127E+00      4.1822E-03      7.4906E+01      1.3315E+02      1.0000E+00
      1.1737E-02      1.0885E+00      1.0317E+00      1.1476E+00      1.0518E-02      7.5842E+01      9.8863E+01      1.0000E+00
      1.0413E-02      1.0114E+00      1.0013E+00      1.0276E+00      1.0311E-02      8.7269E+01      9.2526E+01      1.0000E+00
      1.0313E-02      1.0111E+00      1.0006E+00      1.0225E+00      1.0271E-02      8.8259E+01      9.1561E+01      1.0000E+00
      1.0993E-02      1.0700E+00      1.0130E+00      1.1087E+00      1.0246E-02      8.1321E+01      9.6332E+01      1.0000E+00
      7.3775E-03      1.3115E+00      1.5412E+00      1.4622E+00      3.5166E-03      6.9457E+01      1.3954E+02      1.0000E+00
      1.0743E-02      1.1557E+00      1.0222E+00      1.3053E+00      9.0039E-03      8.1127E+01      1.0002E+02      1.0000E+00
      1.0113E-02      1.0226E+00      1.0014E+00      1.0328E+00      9.9329E-03      8.7429E+01      9.2752E+01      1.0000E+00
      1.0030E-02      1.0040E+00      1.0001E+00      1.0064E+00      1.0008E-02      8.9486E+01      9.0470E+01      1.0000E+00
      1.0005E-02      1.0005E+00      1.0000E+00      1.0009E+00      1.0003E-02      8.9944E+01      9.0046E+01      1.0000E+00
      1.0000E-02      1.0000E+00      1.0000E+00      1.0001E+00      1.0000E-02      8.9997E+01      9.0003E+01      1.0000E+00
      1.0000E-02      1.0000E+00      1.0000E+00      1.0000E+00      1.0000E-02      9.0000E+01      9.0000E+01      1.0000E+00
      1.0000E-02      1.0000E+00      1.0000E+00      1.0000E+00      1.0000E-02      8.9997E+01      9.0002E+01      1.0000E+00
      1.0003E-02      1.0001E+00      1.0000E+00      1.0003E+00      1.0001E-02      8.9971E+01      9.0017E+01      1.0000E+00
      1.0020E-02      1.0009E+00      1.0000E+00      1.0017E+00      1.0006E-02      8.9806E+01      9.0120E+01      1.0000E+00
      1.0070E-02      1.0025E+00      1.0001E+00      1.0045E+00      1.0034E-02      8.9397E+01      9.0429E+01      1.0000E+00
      1.0160E-02      1.0056E+00      1.0003E+00      1.0089E+00      1.0103E-02      8.8682E+01      9.1117E+01      1.0000E+00
      9.9938E-03      1.0170E+00      1.0006E+00      1.0298E+00      9.7440E-03      8.7989E+01      9.0856E+01      1.0000E+00
      9.8168E-03      1.1382E+00      1.0369E+00      1.3053E+00      8.4645E-03      7.7511E+01      1.0181E+02      1.0000E+00
      8.2271E-03      1.2830E+00      1.3395E+00      1.4373E+00      4.6080E-03      7.1383E+01      1.3170E+02      1.0000E+00
      1.1518E-02      1.0790E+00      1.0226E+00      1.1331E+00      1.0375E-02      7.8019E+01      9.7157E+01      1.0000E+00
      1.0309E-02      1.0057E+00      1.0007E+00      1.0170E+00      1.0238E-02      8.8111E+01      9.1856E+01      1.0000E+00
      1.0085E-02      1.0022E+00      1.0001E+00      1.0048E+00      1.0066E-02      8.9405E+01      9.0522E+01      1.0000E+00
      1.0080E-02      1.0022E+00      1.0000E+00      1.0046E+00      1.0075E-02      8.9540E+01      9.0472E+01      1.0000E+00
      1.0290E-02      1.0101E+00      1.0006E+00      1.0220E+00      1.0211E-02      8.8147E+01      9.1549E+01      1.0000E+00
      1.1017E-02      1.0852E+00      1.0201E+00      1.1335E+00      1.0130E-02      7.9109E+01      9.8650E+01      1.0000E+00
      6.2202E-03      1.4051E+00      1.3137E+00      1.7971E+00      3.3814E-03      6.7731E+01      1.2897E+02      1.0000E+00
      1.2054E-02      1.2163E+00      1.0511E+00      1.3783E+00      9.9648E-03      7.6411E+01      1.0503E+02      1.0000E+00
      7.3333E-03      1.3079E+00      1.4147E+00      1.4622E+00      3.8533E-03      6.9896E+01      1.3502E+02      1.0000E+00
      1.0366E-02      1.1552E+00      1.0243E+00      1.2710E+00      9.0995E-03      8.0968E+01      9.8705E+01      1.0000E+00
      1.0111E-02      1.0262E+00      1.0013E+00      1.0395E+00      9.9042E-03      8.7662E+01      9.1901E+01      1.0000E+00
      1.0208E-02      1.0130E+00      1.0007E+00      1.0224E+00      1.0077E-02      8.7990E+01      9.1458E+01      1.0000E+00
      1.0236E-02      1.0037E+00      1.0004E+00      1.0072E+00      1.0210E-02      8.8455E+01      9.1666E+01      1.0000E+00
      1.0843E-02      1.0386E+00      1.0088E+00      1.0708E+00      1.0203E-02      8.2447E+01      9.4493E+01      1.0000E+00
      9.6129E-03      1.1059E+00      1.0301E+00      1.2606E+00      8.4719E-03      7.9470E+01      1.0009E+02      1.0000E+00
      7.7514E-03      1.0994E+00      1.0117E+00      1.1528E+00      7.2439E-03      8.6477E+01      9.4398E+01      1.0000E+00
      8.0059E-03      1.0805E+00      1.0100E+00      1.1515E+00      7.1856E-03      8.3002E+01      9.4814E+01      1.0000E+00
      1.0718E-02      1.1807E+00      1.0326E+00      1.3187E+00      9.1037E-03      7.8794E+01      9.9701E+01      1.0000E+00
      1.2244E-02      1.1076E+00      1.0420E+00      1.1837E+00      1.0587E-02      7.3707E+01      9.9178E+01      1.0000E+00
      1.0420E-02      1.0111E+00      1.0015E+00      1.0276E+00      1.0250E-02      8.6829E+01      9.2850E+01      1.0000E+00
      1.0071E-02      1.0019E+00      1.0001E+00      1.0052E+00      1.0049E-02      8.9419E+01      9.0535E+01      1.0000E+00
      1.0008E-02      1.0003E+00      1.0000E+00      1.0007E+00      1.0006E-02      8.9937E+01      9.0057E+01      1.0000E+00
      1.0001E-02      1.0000E+00      1.0000E+00      1.0000E+00      1.0000E-02      8.9996E+01      9.0003E+01      1.0000E+00
      1.0000E-02      1.0000E+00      1.0000E+00      1.0000E+00      1.0000E-02      9.0000E+01      9.0000E+01      1.0000E+00
      1.0000E-02      1.0000E+00      1.0000E+00      1.0000E+00      1.0000E-02      8.9999E+01      9.0000E+01      1.0000E+00
      1.0001E-02      1.0000E+00      1.0000E+00      1.0001E+00      1.0000E-02      8.9992E+01      9.0005E+01      1.0000E+00
      1.0005E-02      1.0002E+00      1.0000E+00      1.0004E+00      1.0002E-02      8.9956E+01      9.0027E+01      1.0000E+00
      1.0022E-02      1.0008E+00      1.0000E+00      1.0015E+00      1.0010E-02      8.9810E+01      9.0130E+01      1.0000E+00
      1.0074E-02      1.0021E+00      1.0000E+00      1.0044E+00      1.0055E-02      8.9468E+01      9.0439E+01      1.0000E+00
      1.0242E-02      1.0046E+00      1.0004E+00      1.0131E+00      1.0198E-02      8.8583E+01      9.1426E+01      1.0000E+00
      1.0996E-02      1.0724E+00      1.0160E+00      1.1226E+00      1.0102E-02      8.0087E+01      9.6998E+01      1.0000E+00
      6.6091E-03      1.3699E+00      1.2820E+00      1.6915E+00      3.8665E-03      6.7274E+01      1.2750E+02      1.0000E+00
      9.9247E-03      1.1651E+00      1.0391E+00      1.3413E+00      8.4407E-03      7.6944E+01      1.0259E+02      1.0000E+00
      9.9846E-03      1.0219E+00      1.0008E+00      1.0366E+00      9.6980E-03      8.7799E+01      9.1094E+01      1.0000E+00
      1.0138E-02      1.0034E+00      1.0002E+00      1.0059E+00      1.0107E-02      8.8926E+01      9.0939E+01      1.0000E+00
      1.0107E-02      1.0015E+00      1.0001E+00      1.0026E+00      1.0103E-02      8.9363E+01      9.0625E+01      1.0000E+00
      1.0209E-02      1.0085E+00      1.0005E+00      1.0146E+00      1.0134E-02      8.8310E+01      9.1379E+01      1.0000E+00
      1.0141E-02      1.0213E+00      1.0016E+00      1.0379E+00      9.9129E-03      8.6970E+01      9.1991E+01      1.0000E+00
      1.0161E-02      1.1908E+00      1.0362E+00      1.3604E+00      8.5936E-03      7.8421E+01      1.0175E+02      1.0000E+00
      8.4397E-03      1.2980E+00      1.3363E+00      1.5307E+00      4.4065E-03      7.4429E+01      1.3151E+02      1.0000E+00
      1.2287E-02      1.2050E+00      1.0506E+00      1.3863E+00      9.9197E-03      7.3921E+01      1.0232E+02      1.0000E+00
      8.0033E-03      1.0828E+00      1.0102E+00      1.1493E+00      7.1378E-03      8.4490E+01      9.6973E+01      1.0000E+00
      9.6320E-03      1.0170E+00      1.0005E+00      1.0342E+00      9.3274E-03      8.8223E+01      9.1847E+01      1.0000E+00
      1.0027E-02      1.0055E+00      1.0001E+00      1.0107E+00      9.9455E-03      8.9107E+01      9.0437E+01      1.0000E+00
      1.0171E-02      1.0056E+00      1.0004E+00      1.0113E+00      1.0070E-02      8.8437E+01      9.1009E+01      1.0000E+00
      1.0197E-02      1.0044E+00      1.0004E+00      1.0123E+00      1.0129E-02      8.8708E+01      9.1463E+01      1.0000E+00
      9.9110E-03      1.0159E+00      1.0003E+00      1.0289E+00      9.7339E-03      8.8739E+01      9.0845E+01      1.0000E+00
      9.5625E-03      1.0166E+00      1.0004E+00      1.0287E+00      9.3555E-03      8.9056E+01      9.1541E+01      1.0000E+00
      9.6356E-03      1.0180E+00      1.0007E+00      1.0352E+00      9.3453E-03      8.7951E+01      9.1404E+01      1.0000E+00
      1.0122E-02      1.0264E+00      1.0013E+00      1.0374E+00      9.9438E-03      8.7821E+01      9.2038E+01      1.0000E+00
      1.0425E-02      1.0116E+00      1.0013E+00      1.0291E+00      1.0266E-02      8.7065E+01      9.2473E+01      1.0000E+00
      1.0263E-02      1.0105E+00      1.0009E+00      1.0194E+00      1.0083E-02      8.7603E+01      9.1445E+01      1.0000E+00
      1.0055E-02      1.0019E+00      1.0000E+00      1.0042E+00      1.0021E-02      8.9494E+01      9.0340E+01      1.0000E+00
      1.0007E-02      1.0003E+00      1.0000E+00      1.0006E+00      1.0003E-02      8.9941E+01      9.0041E+01      1.0000E+00
      1.0000E-02      1.0000E+00      1.0000E+00      1.0000E+00      1.0000E-02      8.9996E+01      9.0003E+01      1.0000E+00
      1.0000E-02      1.0000E+00      1.0000E+00      1.0000E+00      1.0000E-02      9.0000E+01      9.0000E+01      1.0000E+00
      1.0000E-02      1.0000E+00      1.0000E+00      1.0000E+00      1.0000E-02      9.0000E+01      9.0000E+01      1.0000E+00
      1.0000E-02      1.0000E+00      1.0000E+00      1.0000E+00      1.0000E-02      8.9999E+01      9.0001E+01      1.0000E+00
      1.0001E-02      1.0000E+00      1.0000E+00      1.0001E+00      1.0000E-02      8.9990E+01      9.0006E+01      1.0000E+00
      1.0007E-02      1.0003E+00      1.0000E+00      1.0006E+00      1.0004E-02      8.9936E+01      9.0042E+01      1.0000E+00
      1.0046E-02      1.0018E+00      1.0000E+00      1.0037E+00      1.0024E-02      8.9619E+01      9.0255E+01      1.0000E+00
      1.0178E-02      1.0077E+00      1.0004E+00      1.0138E+00      1.0094E-02      8.8525E+01      9.1083E+01      1.0000E+00
      1.0114E-02      1.0155E+00      1.0007E+00      1.0274E+00      9.9234E-03      8.8009E+01      9.1108E+01      1.0000E+00
      1.0112E-02      1.1366E+00      1.0292E+00      1.2861E+00      8.7692E-03      7.8404E+01      1.0065E+02      1.0000E+00
      6.0758E-03      1.3503E+00      1.3038E+00      1.6604E+00      3.5316E-03      6.7134E+01      1.2869E+02      1.0000E+00
      1.0190E-02      1.0273E+00      1.0036E+00      1.0521E+00      9.8809E-03      8.5261E+01      9.4136E+01      1.0000E+00
      1.0171E-02      1.0047E+00      1.0004E+00      1.0096E+00      1.0110E-02      8.8487E+01      9.1370E+01      1.0000E+00
      1.0212E-02      1.0057E+00      1.0004E+00      1.0096E+00      1.0132E-02      8.8339E+01      9.1294E+01      1.0000E+00
      1.0165E-02      1.0024E+00      1.0002E+00      1.0040E+00      1.0157E-02      8.9007E+01      9.1011E+01      1.0000E+00
      1.0416E-02      1.0078E+00      1.0012E+00      1.0212E+00      1.0302E-02      8.7188E+01      9.2593E+01      1.0000E+00
      1.2060E-02      1.0939E+00      1.0376E+00      1.1624E+00      1.0524E-02      7.4541E+01      9.8458E+01      1.0000E+00
      1.0009E-02      1.1918E+00      1.0369E+00      1.3784E+00      8.3830E-03      7.8017E+01      1.0234E+02      1.0000E+00
      6.0953E-03      1.4147E+00      1.3451E+00      1.7955E+00      3.3061E-03      6.5853E+01      1.3046E+02      1.0000E+00
      8.3318E-03      1.3055E+00      1.3574E+00      1.5293E+00      4.2625E-03      7.4188E+01      1.3253E+02      1.0000E+00
      1.1066E-02      1.0652E+00      1.0250E+00      1.1182E+00      1.0053E-02      7.7320E+01      9.7771E+01      1.0000E+00
      8.8657E-03      1.0596E+00      1.0070E+00      1.1114E+00      8.2787E-03      8.3708E+01      9.4695E+01      1.0000E+00
      7.6485E-03      1.1074E+00      1.0178E+00      1.1603E+00      7.1716E-03      8.3393E+01      9.7580E+01      1.0000E+00
      9.4413E-03      1.0239E+00      1.0009E+00      1.0343E+00      9.2834E-03      8.8540E+01      9.1668E+01      1.0000E+00
      9.9543E-03      1.0033E+00      1.0000E+00      1.0063E+00      9.9150E-03      8.9756E+01      9.0208E+01      1.0000E+00
      1.0039E-02      1.0016E+00      1.0000E+00      1.0033E+00      1.0013E-02      8.9623E+01      9.0232E+01      1.0000E+00
      1.0046E-02      1.0013E+00      1.0000E+00      1.0034E+00      1.0038E-02      8.9665E+01      9.0333E+01      1.0000E+00
      1.0007E-02      1.0032E+00      1.0000E+00      1.0059E+00      9.9812E-03      8.9682E+01      9.0203E+01      1.0000E+00
      9.9629E-03      1.0022E+00      1.0000E+00      1.0064E+00      9.9283E-03      8.9791E+01      9.0189E+01      1.0000E+00
      9.9725E-03      1.0037E+00      1.0000E+00      1.0083E+00      9.9284E-03      8.9620E+01      9.0178E+01      1.0000E+00
      1.0032E-02      1.0044E+00      1.0001E+00      1.0077E+00      1.0007E-02      8.9542E+01      9.0379E+01      1.0000E+00
      1.0072E-02      1.0024E+00      1.0001E+00      1.0058E+00      1.0052E-02      8.9460E+01      9.0480E+01      1.0000E+00
      1.0055E-02      1.0022E+00      1.0000E+00      1.0045E+00      1.0022E-02      8.9502E+01      9.0318E+01      1.0000E+00
      1.0020E-02      1.0008E+00      1.0000E+00      1.0015E+00      1.0005E-02      8.9804E+01      9.0113E+01      1.0000E+00
      1.0003E-02      1.0001E+00      1.0000E+00      1.0003E+00      1.0001E-02      8.9971E+01      9.0017E+01      1.0000E+00
      1.0000E-02      1.0000E+00      1.0000E+00      1.0000E+00      1.0000E-02      8.9998E+01      9.0002E+01      1.0000E+00
      1.0000E-02      1.0000E+00      1.0000E+00      1.0001E+00      1.0000E-02      8.9998E+01      9.0001E+01      1.0000E+00
      1.0000E-02      1.0000E+00      1.0000E+00      1.0001E+00      1.0000E-02      8.9997E+01      9.0002E+01      1.0000E+00
      1.0001E-02      1.0000E+00      1.0000E+00      1.0000E+00      1.0000E-02      8.9997E+01      9.0003E+01      1.0000E+00
      1.0001E-02      1.0000E+00      1.0000E+00      1.0000E+00      1.0001E-02      8.9996E+01      9.0004E+01      1.0000E+00
      1.0003E-02      1.0001E+00      1.0000E+00      1.0002E+00      1.0001E-02      8.9972E+01      9.0018E+01      1.0000E+00
      1.0021E-02      1.0009E+00      1.0000E+00      1.0017E+00      1.0009E-02      8.9818E+01      9.0120E+01      1.0000E+00
      1.0081E-02      1.0027E+00      1.0001E+00      1.0054E+00      1.0057E-02      8.9409E+01      9.0459E+01      1.0000E+00
      1.0280E-02      1.0073E+00      1.0005E+00      1.0172E+00      1.0218E-02      8.8333E+01      9.1499E+01      1.0000E+00
      1.1111E-02      1.0828E+00      1.0192E+00      1.1371E+00      1.0132E-02      7.9216E+01      9.7799E+01      1.0000E+00
      6.6483E-03      1.3723E+00      1.2733E+00      1.6899E+00      3.9041E-03      6.7519E+01      1.2710E+02      1.0000E+00
      7.6769E-03      1.2717E+00      1.3597E+00      1.4109E+00      4.3135E-03      7.1058E+01      1.3265E+02      1.0000E+00
      1.0889E-02      1.0453E+00      1.0108E+00      1.0800E+00      1.0228E-02      8.1651E+01      9.5588E+01      1.0000E+00
      1.0345E-02      1.0036E+00      1.0007E+00      1.0049E+00      1.0312E-02      8.8003E+01      9.2113E+01      1.0000E+00
      1.0293E-02      1.0068E+00      1.0007E+00      1.0112E+00      1.0203E-02      8.7869E+01      9.1726E+01      1.0000E+00
      1.0331E-02      1.0073E+00      1.0009E+00      1.0135E+00      1.0206E-02      8.7526E+01      9.1791E+01      1.0000E+00
      1.0400E-02      1.0069E+00      1.0012E+00      1.0193E+00      1.0292E-02      8.7250E+01      9.2653E+01      1.0000E+00
      1.0080E-02      1.0211E+00      1.0014E+00      1.0352E+00      9.8267E-03      8.7071E+01      9.1866E+01      1.0000E+00
      1.0764E-02      1.0571E+00      1.0126E+00      1.1020E+00      1.0048E-02      8.1108E+01      9.6649E+01      1.0000E+00
      1.0118E-02      1.0910E+00      1.0224E+00      1.2311E+00      8.8541E-03      8.0376E+01      9.6946E+01      1.0000E+00
      8.1915E-03      1.0883E+00      1.0144E+00      1.1841E+00      7.6750E-03      8.5597E+01      9.2821E+01      1.0000E+00
      7.8855E-03      1.1060E+00      1.0152E+00      1.1880E+00      7.6452E-03      8.7881E+01      9.1797E+01      1.0000E+00
      8.0121E-03      1.0948E+00      1.0146E+00      1.1860E+00      7.5905E-03      8.5928E+01      9.2085E+01      1.0000E+00
      8.5724E-03      1.0592E+00      1.0088E+00      1.1326E+00      7.8569E-03      8.3199E+01      9.2719E+01      1.0000E+00
      1.0936E-02      1.1463E+00      1.0198E+00      1.2503E+00      9.4886E-03      8.1460E+01      9.7176E+01      1.0000E+00
      1.1900E-02      1.1031E+00      1.0357E+00      1.1637E+00      1.0529E-02      7.5066E+01      9.9764E+01      1.0000E+00
      1.0246E-02      1.0147E+00      1.0026E+00      1.0382E+00      9.9586E-03      8.7057E+01      9.3988E+01      1.0000E+00
      8.8276E-03      1.0534E+00      1.0054E+00      1.1250E+00      8.0877E-03      8.5332E+01      9.4894E+01      1.0000E+00
      8.1159E-03      1.0888E+00      1.0162E+00      1.1746E+00      7.5956E-03      8.1452E+01      9.5160E+01      1.0000E+00
      9.6209E-03      1.0156E+00      1.0008E+00      1.0355E+00      9.4014E-03      8.7742E+01      9.1201E+01      1.0000E+00
      9.9660E-03      1.0024E+00      1.0000E+00      1.0047E+00      9.9271E-03      8.9605E+01      9.0173E+01      1.0000E+00
      1.0006E-02      1.0003E+00      1.0000E+00      1.0007E+00      1.0002E-02      8.9978E+01      9.0027E+01      1.0000E+00
      1.0009E-02      1.0004E+00      1.0000E+00      1.0006E+00      1.0008E-02      8.9971E+01      9.0030E+01      1.0000E+00
      1.0009E-02      1.0005E+00      1.0000E+00      1.0012E+00      1.0006E-02      8.9979E+01      9.0015E+01      1.0000E+00
      1.0007E-02      1.0006E+00      1.0000E+00      1.0016E+00      1.0003E-02      8.9943E+01      9.0054E+01      1.0000E+00
      1.0006E-02      1.0007E+00      1.0000E+00      1.0017E+00      1.0004E-02      8.9937E+01      9.0062E+01      1.0000E+00
      1.0007E-02      1.0007E+00      1.0000E+00      1.0013E+00      1.0006E-02      8.9939E+01      9.0058E+01      1.0000E+00
      1.0007E-02      1.0005E+00      1.0000E+00      1.0011E+00      1.0002E-02      8.9920E+01      9.0056E+01      1.0000E+00
      1.0004E-02      1.0003E+00      1.0000E+00      1.0005E+00      9.9992E-03      8.9934E+01      9.0041E+01      1.0000E+00
      9.9999E-03      1.0002E+00      1.0000E+00      1.0004E+00      9.9974E-03      8.9969E+01      9.0019E+01      1.0000E+00
      9.9979E-03      1.0002E+00      1.0000E+00      1.0003E+00      9.9969E-03      8.9994E+01      9.0008E+01      1.0000E+00
      9.9985E-03      1.0002E+00      1.0000E+00      1.0003E+00      9.9960E-03      8.9981E+01      9.0009E+01      1.0000E+00
      1.0001E-02      1.0004E+00      1.0000E+00      1.0008E+00      9.9982E-03      8.9966E+01      9.0019E+01      1.0000E+00
      1.0005E-02      1.0004E+00      1.0000E+00      1.0008E+00      1.0004E-02      8.9961E+01      9.0034E+01      1.0000E+00
      1.0007E-02      1.0003E+00      1.0000E+00      1.0007E+00      1.0006E-02      8.9952E+01      9.0040E+01      1.0000E+00
      1.0006E-02      1.0003E+00      1.0000E+00      1.0005E+00      1.0003E-02      8.9953E+01      9.0032E+01      1.0000E+00
      1.0004E-02      1.0001E+00      1.0000E+00      1.0002E+00      1.0003E-02      8.9973E+01      9.0022E+01      1.0000E+00
      1.0009E-02      1.0003E+00      1.0000E+00      1.0005E+00      1.0005E-02      8.9932E+01      9.0049E+01      1.0000E+00
      1.0048E-02      1.0020E+00      1.0000E+00      1.0039E+00      1.0025E-02      8.9601E+01      9.0268E+01      1.0000E+00
      1.0187E-02      1.0087E+00      1.0004E+00      1.0151E+00      1.0096E-02      8.8446E+01      9.1156E+01      1.0000E+00
      1.0120E-02      1.0142E+00      1.0006E+00      1.0259E+00      9.9427E-03      8.8071E+01      9.1057E+01      1.0000E+00
      1.0083E-02      1.1285E+00      1.0288E+00      1.2750E+00      8.7787E-03      7.8491E+01      1.0045E+02      1.0000E+00
      8.1793E-03      1.2688E+00      1.3448E+00      1.4404E+00      4.4747E-03      7.3451E+01      1.3195E+02      1.0000E+00
      1.1344E-02      1.0613E+00      1.0195E+00      1.1028E+00      1.0459E-02      7.8812E+01      9.7445E+01      1.0000E+00
      1.0490E-02      1.0078E+00      1.0013E+00      1.0111E+00      1.0412E-02      8.7048E+01      9.2674E+01      1.0000E+00
      1.0306E-02      1.0073E+00      1.0008E+00      1.0140E+00      1.0189E-02      8.7692E+01      9.1666E+01      1.0000E+00
      1.0142E-02      1.0013E+00      1.0001E+00      1.0023E+00      1.0132E-02      8.9153E+01      9.0902E+01      1.0000E+00
      1.0173E-02      1.0061E+00      1.0003E+00      1.0114E+00      1.0105E-02      8.8523E+01      9.1123E+01      1.0000E+00
      1.0219E-02      1.0039E+00      1.0004E+00      1.0125E+00      1.0164E-02      8.8519E+01      9.1501E+01      1.0000E+00
      9.9989E-03      1.0147E+00      1.0004E+00      1.0281E+00      9.8569E-03      8.8742E+01      9.1297E+01      1.0000E+00
      9.6366E-03      1.0155E+00      1.0007E+00      1.0379E+00      9.4392E-03      8.8749E+01      9.1083E+01      1.0000E+00
      9.4686E-03      1.0242E+00      1.0009E+00      1.0418E+00      9.3678E-03      8.9366E+01      9.0608E+01      1.0000E+00
      9.5018E-03      1.0222E+00      1.0008E+00      1.0416E+00      9.3525E-03      8.8763E+01      9.0573E+01      1.0000E+00
      9.7405E-03      1.0169E+00      1.0007E+00      1.0357E+00      9.4876E-03      8.7957E+01      9.1065E+01      1.0000E+00
      1.0184E-02      1.0235E+00      1.0011E+00      1.0326E+00      1.0029E-02      8.8006E+01      9.2095E+01      1.0000E+00
      1.0455E-02      1.0102E+00      1.0009E+00      1.0230E+00      1.0320E-02      8.7543E+01      9.1911E+01      1.0000E+00
      1.0445E-02      1.0155E+00      1.0006E+00      1.0361E+00      1.0279E-02      8.9367E+01      9.1173E+01      1.0000E+00
      1.0893E-02      1.1525E+00      1.0234E+00      1.2339E+00      9.6825E-03      8.1753E+01      9.7545E+01      1.0000E+00
      1.0405E-02      1.1138E+00      1.0195E+00      1.2671E+00      8.8651E-03      8.1531E+01      9.8338E+01      1.0000E+00
      1.0054E-02      1.0176E+00      1.0009E+00      1.0317E+00      9.8771E-03      8.7928E+01      9.2293E+01      1.0000E+00
      1.0028E-02      1.0034E+00      1.0000E+00      1.0051E+00      1.0004E-02      8.9514E+01      9.0443E+01      1.0000E+00
      1.0014E-02      1.0003E+00      1.0000E+00      1.0006E+00      1.0009E-02      8.9884E+01      9.0094E+01      1.0000E+00
      1.0019E-02      1.0009E+00      1.0000E+00      1.0017E+00      1.0011E-02      8.9842E+01      9.0118E+01      1.0000E+00
      1.0044E-02      1.0023E+00      1.0000E+00      1.0042E+00      1.0022E-02      8.9640E+01      9.0253E+01      1.0000E+00
      1.0064E-02      1.0029E+00      1.0000E+00      1.0059E+00      1.0046E-02      8.9599E+01      9.0312E+01      1.0000E+00
      1.0046E-02      1.0037E+00      1.0000E+00      1.0064E+00      1.0033E-02      8.9711E+01      9.0278E+01      1.0000E+00
      1.0003E-02      1.0035E+00      1.0000E+00      1.0059E+00      9.9725E-03      8.9734E+01      9.0155E+01      1.0000E+00
      9.9717E-03      1.0012E+00      1.0000E+00      1.0028E+00      9.9507E-03      8.9837E+01      9.0079E+01      1.0000E+00
      9.9602E-03      1.0019E+00      1.0000E+00      1.0038E+00      9.9510E-03      8.9926E+01      9.0030E+01      1.0000E+00
      9.9573E-03      1.0021E+00      1.0000E+00      1.0039E+00      9.9534E-03      8.9976E+01      9.0020E+01      1.0000E+00
      9.9586E-03      1.0020E+00      1.0000E+00      1.0038E+00      9.9504E-03      8.9936E+01      9.0030E+01      1.0000E+00
      9.9688E-03      1.0013E+00      1.0000E+00      1.0030E+00      9.9486E-03      8.9849E+01      9.0080E+01      1.0000E+00
      9.9989E-03      1.0032E+00      1.0000E+00      1.0054E+00      9.9690E-03      8.9745E+01      9.0144E+01      1.0000E+00
      1.0042E-02      1.0036E+00      1.0000E+00      1.0060E+00      1.0028E-02      8.9720E+01      9.0266E+01      1.0000E+00
      1.0060E-02      1.0026E+00      1.0000E+00      1.0054E+00      1.0044E-02      8.9616E+01      9.0302E+01      1.0000E+00
      1.0042E-02      1.0021E+00      1.0000E+00      1.0039E+00      1.0020E-02      8.9652E+01      9.0245E+01      1.0000E+00
      1.0018E-02      1.0008E+00      1.0000E+00      1.0015E+00      1.0010E-02      8.9849E+01      9.0114E+01      1.0000E+00
      1.0012E-02      1.0002E+00      1.0000E+00      1.0005E+00      1.0011E-02      8.9930E+01      9.0067E+01      1.0000E+00
      1.0027E-02      1.0007E+00      1.0000E+00      1.0012E+00      1.0018E-02      8.9799E+01      9.0155E+01      1.0000E+00
      1.0084E-02      1.0026E+00      1.0001E+00      1.0052E+00      1.0061E-02      8.9408E+01      9.0462E+01      1.0000E+00
      1.0264E-02      1.0070E+00      1.0004E+00      1.0162E+00      1.0205E-02      8.8452E+01      9.1365E+01      1.0000E+00
      1.0984E-02      1.0794E+00      1.0169E+00      1.1359E+00      1.0047E-02      7.9930E+01      9.7394E+01      1.0000E+00
      6.4735E-03      1.3817E+00      1.2755E+00      1.6684E+00      3.8682E-03      6.6303E+01      1.2741E+02      1.0000E+00
      8.7300E-03      1.2729E+00      1.3266E+00      1.4598E+00      4.7573E-03      7.4037E+01      1.3107E+02      1.0000E+00
      1.1810E-02      1.0856E+00      1.0300E+00      1.1485E+00      1.0526E-02      7.6180E+01      9.8007E+01      1.0000E+00
      1.0352E-02      1.0057E+00      1.0009E+00      1.0180E+00      1.0271E-02      8.7741E+01      9.2257E+01      1.0000E+00
      1.0099E-02      1.0010E+00      1.0001E+00      1.0027E+00      1.0091E-02      8.9361E+01      9.0638E+01      1.0000E+00
      1.0063E-02      1.0010E+00      1.0000E+00      1.0022E+00      1.0052E-02      8.9573E+01      9.0373E+01      1.0000E+00
      1.0055E-02      1.0015E+00      1.0000E+00      1.0036E+00      1.0046E-02      8.9633E+01      9.0374E+01      1.0000E+00
      1.0017E-02      1.0032E+00      1.0000E+00      1.0050E+00      9.9944E-03      8.9663E+01      9.0289E+01      1.0000E+00
      9.9638E-03      1.0022E+00      1.0000E+00      1.0043E+00      9.9279E-03      8.9721E+01      9.0135E+01      1.0000E+00
      9.9342E-03      1.0029E+00      1.0000E+00      1.0049E+00      9.9121E-03      8.9872E+01      9.0128E+01      1.0000E+00
      9.9389E-03      1.0027E+00      1.0000E+00      1.0049E+00      9.9101E-03      8.9780E+01      9.0113E+01      1.0000E+00
      9.9785E-03      1.0035E+00      1.0000E+00      1.0059E+00      9.9365E-03      8.9613E+01      9.0204E+01      1.0000E+00
      1.0046E-02      1.0040E+00      1.0000E+00      1.0062E+00      1.0025E-02      8.9613E+01      9.0364E+01      1.0000E+00
      1.0145E-02      1.0022E+00      1.0000E+00      1.0041E+00      1.0117E-02      8.9845E+01      9.0162E+01      1.0000E+00
      1.0465E-02      1.0147E+00      1.0010E+00      1.0298E+00      1.0327E-02      8.7531E+01      9.1768E+01      1.0000E+00
      1.1911E-02      1.1063E+00      1.0357E+00      1.1714E+00      1.0583E-02      7.5150E+01      9.9860E+01      1.0000E+00
      8.4463E-03      1.2973E+00      1.3805E+00      1.5116E+00      4.1924E-03      7.5181E+01      1.3358E+02      1.0000E+00
      8.2270E-03      1.3090E+00      1.4768E+00      1.4793E+00      4.0071E-03      7.1174E+01      1.3738E+02      1.0000E+00
      1.1526E-02      1.0636E+00      1.0222E+00      1.1110E+00      1.0467E-02      7.8030E+01      9.6850E+01      1.0000E+00
      1.0342E-02      1.0069E+00      1.0010E+00      1.0185E+00      1.0244E-02      8.7633E+01      9.2404E+01      1.0000E+00
      1.0110E-02      1.0017E+00      1.0001E+00      1.0024E+00      1.0098E-02      8.9286E+01      9.0717E+01      1.0000E+00
      1.0074E-02      1.0021E+00      1.0000E+00      1.0049E+00      1.0060E-02      8.9524E+01      9.0432E+01      1.0000E+00
      1.0056E-02      1.0030E+00      1.0000E+00      1.0055E+00      1.0046E-02      8.9565E+01      9.0404E+01      1.0000E+00
      1.0137E-02      1.0093E+00      1.0003E+00      1.0140E+00      1.0063E-02      8.8662E+01      9.1177E+01      1.0000E+00
      1.0299E-02      1.0143E+00      1.0007E+00      1.0271E+00      1.0182E-02      8.8103E+01      9.1323E+01      1.0000E+00
      1.0226E-02      1.0178E+00      1.0006E+00      1.0296E+00      1.0113E-02      8.9085E+01      9.1201E+01      1.0000E+00
      9.9362E-03      1.0152E+00      1.0003E+00      1.0253E+00      9.7780E-03      8.8908E+01      9.0737E+01      1.0000E+00
      9.7526E-03      1.0107E+00      1.0003E+00      1.0225E+00      9.6565E-03      8.9196E+01      9.0324E+01      1.0000E+00
      9.7011E-03      1.0143E+00      1.0004E+00      1.0283E+00      9.6523E-03      8.9596E+01      9.0174E+01      1.0000E+00
      9.6841E-03      1.0155E+00      1.0004E+00      1.0291E+00      9.6611E-03      8.9859E+01      9.0137E+01      1.0000E+00
      9.6924E-03      1.0148E+00      1.0004E+00      1.0288E+00      9.6490E-03      8.9635E+01      9.0155E+01      1.0000E+00
      9.7353E-03      1.0116E+00      1.0003E+00      1.0241E+00      9.6450E-03      8.9248E+01      9.0309E+01      1.0000E+00
      9.9103E-03      1.0133E+00      1.0002E+00      1.0245E+00      9.7576E-03      8.8976E+01      9.0744E+01      1.0000E+00
      1.0195E-02      1.0164E+00      1.0005E+00      1.0265E+00      1.0081E-02      8.9158E+01      9.1125E+01      1.0000E+00
      1.0272E-02      1.0126E+00      1.0006E+00      1.0241E+00      1.0163E-02      8.8251E+01      9.1197E+01      1.0000E+00
      1.0121E-02      1.0083E+00      1.0003E+00      1.0122E+00      1.0052E-02      8.8759E+01      9.1091E+01      1.0000E+00
      1.0045E-02      1.0026E+00      1.0000E+00      1.0046E+00      1.0033E-02      8.9605E+01      9.0359E+01      1.0000E+00
      1.0059E-02      1.0019E+00      1.0000E+00      1.0044E+00      1.0048E-02      8.9622E+01      9.0351E+01      1.0000E+00
      1.0053E-02      1.0017E+00      1.0000E+00      1.0034E+00      1.0035E-02      8.9603E+01      9.0295E+01      1.0000E+00
      1.0068E-02      1.0011E+00      1.0000E+00      1.0020E+00      1.0056E-02      8.9563E+01      9.0384E+01      1.0000E+00
      1.0178E-02      1.0079E+00      1.0004E+00      1.0133E+00      1.0096E-02      8.8539E+01      9.1132E+01      1.0000E+00
      1.0033E-02      1.0104E+00      1.0004E+00      1.0196E+00      9.8545E-03      8.8430E+01      9.0638E+01      1.0000E+00
      9.7558E-03      1.1074E+00      1.0368E+00      1.2681E+00      8.5118E-03      7.7745E+01      1.0102E+02      1.0000E+00
      9.9738E-03      1.1823E+00      1.0373E+00      1.3597E+00      8.4399E-03      7.7235E+01      1.0260E+02      1.0000E+00
      9.9724E-03      1.0245E+00      1.0010E+00      1.0405E+00      9.6638E-03      8.7602E+01      9.1157E+01      1.0000E+00
      1.0116E-02      1.0019E+00      1.0001E+00      1.0037E+00      1.0098E-02      8.9109E+01      9.0797E+01      1.0000E+00
      1.0059E-02      1.0010E+00      1.0000E+00      1.0020E+00      1.0039E-02      8.9542E+01      9.0347E+01      1.0000E+00
      1.0025E-02      1.0007E+00      1.0000E+00      1.0014E+00      1.0015E-02      8.9799E+01      9.0147E+01      1.0000E+00
      1.0008E-02      1.0005E+00      1.0000E+00      1.0010E+00      1.0003E-02      8.9918E+01      9.0059E+01      1.0000E+00
      9.9999E-03      1.0004E+00      1.0000E+00      1.0007E+00      9.9956E-03      8.9957E+01      9.0020E+01      1.0000E+00
      9.9963E-03      1.0002E+00      1.0000E+00      1.0004E+00      9.9936E-03      8.9982E+01      9.0012E+01      1.0000E+00
      9.9965E-03      1.0002E+00      1.0000E+00      1.0004E+00      9.9935E-03      8.9976E+01      9.0011E+01      1.0000E+00
      1.0000E-02      1.0004E+00      1.0000E+00      1.0008E+00      9.9965E-03      8.9959E+01      9.0022E+01      1.0000E+00
      1.0012E-02      1.0005E+00      1.0000E+00      1.0008E+00      1.0007E-02      8.9978E+01      9.0026E+01      1.0000E+00
      1.0063E-02      1.0022E+00      1.0000E+00      1.0043E+00      1.0031E-02      8.9564E+01      9.0265E+01      1.0000E+00
      1.0271E-02      1.0115E+00      1.0008E+00      1.0207E+00      1.0109E-02      8.7675E+01      9.1524E+01      1.0000E+00
      1.0514E-02      1.0106E+00      1.0020E+00      1.0165E+00      1.0381E-02      8.6363E+01      9.3035E+01      1.0000E+00
      1.1763E-02      1.0837E+00      1.0318E+00      1.1415E+00      1.0526E-02      7.5763E+01      9.8596E+01      1.0000E+00
      1.0448E-02      1.1464E+00      1.0199E+00      1.2718E+00      9.0800E-03      8.1467E+01      9.7250E+01      1.0000E+00
      8.1414E-03      1.0801E+00      1.0113E+00      1.1598E+00      7.4190E-03      8.3134E+01      9.3341E+01      1.0000E+00
      7.7494E-03      1.1026E+00      1.0124E+00      1.1653E+00      7.3871E-03      8.6678E+01      9.2890E+01      1.0000E+00
      8.0554E-03      1.0876E+00      1.0127E+00      1.1723E+00      7.4124E-03      8.4608E+01      9.3842E+01      1.0000E+00
      1.0271E-02      1.1316E+00      1.0217E+00      1.2738E+00      8.8964E-03      7.9865E+01      9.8522E+01      1.0000E+00
      1.1474E-02      1.0708E+00      1.0206E+00      1.1211E+00      1.0462E-02      7.8556E+01      9.6976E+01      1.0000E+00
      1.0435E-02      1.0061E+00      1.0011E+00      1.0095E+00      1.0373E-02      8.7352E+01      9.2374E+01      1.0000E+00
      1.0296E-02      1.0056E+00      1.0007E+00      1.0105E+00      1.0196E-02      8.7805E+01      9.1647E+01      1.0000E+00
      1.0270E-02      1.0092E+00      1.0007E+00      1.0152E+00      1.0167E-02      8.7976E+01      9.1593E+01      1.0000E+00
      1.0358E-02      1.0118E+00      1.0008E+00      1.0263E+00      1.0255E-02      8.7932E+01      9.1695E+01      1.0000E+00
      1.0126E-02      1.0231E+00      1.0008E+00      1.0327E+00      9.9584E-03      8.8438E+01      9.1382E+01      1.0000E+00
      9.7424E-03      1.0185E+00      1.0008E+00      1.0365E+00      9.4507E-03      8.7754E+01      9.1185E+01      1.0000E+00
      1.0959E-02      1.1082E+00      1.0246E+00      1.1846E+00      9.8698E-03      7.8277E+01      9.9870E+01      1.0000E+00
      1.1147E-02      1.0962E+00      1.0139E+00      1.1672E+00      9.9126E-03      8.1175E+01      9.4894E+01      1.0000E+00
      9.3673E-03      1.0241E+00      1.0019E+00      1.0575E+00      8.9510E-03      8.6552E+01      9.1636E+01      1.0000E+00
      9.0017E-03      1.0434E+00      1.0039E+00      1.0914E+00      8.7406E-03      8.7680E+01      9.0984E+01      1.0000E+00
      8.8530E-03      1.0572E+00      1.0060E+00      1.1157E+00      8.7007E-03      8.8751E+01      9.0725E+01      1.0000E+00
      8.7903E-03      1.0627E+00      1.0064E+00      1.1195E+00      8.7200E-03      8.9512E+01      9.0506E+01      1.0000E+00
      8.8213E-03      1.0593E+00      1.0062E+00      1.1181E+00      8.6887E-03      8.8859E+01      9.0603E+01      1.0000E+00
      8.9387E-03      1.0474E+00      1.0045E+00      1.0981E+00      8.6991E-03      8.7825E+01      9.0886E+01      1.0000E+00
      9.2718E-03      1.0297E+00      1.0024E+00      1.0679E+00      8.8782E-03      8.6736E+01      9.1583E+01      1.0000E+00
      1.1006E-02      1.0883E+00      1.0135E+00      1.1661E+00      9.7905E-03      8.1034E+01      9.4942E+01      1.0000E+00
      1.0828E-02      1.0990E+00      1.0210E+00      1.1765E+00      9.7979E-03      7.9111E+01      9.9148E+01      1.0000E+00
      9.6753E-03      1.0218E+00      1.0007E+00      1.0381E+00      9.3933E-03      8.8055E+01      9.1401E+01      1.0000E+00
      1.0045E-02      1.0191E+00      1.0005E+00      1.0302E+00      9.8779E-03      8.8679E+01      9.1114E+01      1.0000E+00
      1.0267E-02      1.0081E+00      1.0005E+00      1.0192E+00      1.0202E-02      8.8425E+01      9.1404E+01      1.0000E+00
      1.0188E-02      1.0088E+00      1.0004E+00      1.0153E+00      1.0105E-02      8.8448E+01      9.1210E+01      1.0000E+00
      1.0110E-02      1.0023E+00      1.0001E+00      1.0046E+00      1.0094E-02      8.9271E+01      9.0640E+01      1.0000E+00
      1.0124E-02      1.0009E+00      1.0001E+00      1.0017E+00      1.0116E-02      8.9257E+01      9.0697E+01      1.0000E+00
      1.0192E-02      1.0025E+00      1.0002E+00      1.0065E+00      1.0167E-02      8.8882E+01      9.1087E+01      1.0000E+00
      1.0508E-02      1.0633E+00      1.0107E+00      1.1302E+00      9.7169E-03      8.1898E+01      9.6352E+01      1.0000E+00
      6.0684E-03      1.3997E+00      1.2739E+00      1.6308E+00      3.8178E-03      6.3589E+01      1.2746E+02      1.0000E+00
      6.0088E-03      1.3408E+00      1.3164E+00      1.6709E+00      3.4732E-03      6.7049E+01      1.2901E+02      1.0000E+00
      9.9881E-03      1.0157E+00      1.0014E+00      1.0321E+00      9.8048E-03      8.7039E+01      9.2659E+01      1.0000E+00
      1.0064E-02      1.0067E+00      1.0002E+00      1.0125E+00      9.9548E-03      8.8832E+01      9.0630E+01      1.0000E+00
      1.0141E-02      1.0033E+00      1.0002E+00      1.0063E+00      1.0082E-02      8.8858E+01      9.0829E+01      1.0000E+00
      1.0058E-02      1.0014E+00      1.0000E+00      1.0028E+00      1.0031E-02      8.9514E+01      9.0333E+01      1.0000E+00
      1.0019E-02      1.0006E+00      1.0000E+00      1.0012E+00      1.0007E-02      8.9823E+01      9.0109E+01      1.0000E+00
      1.0004E-02      1.0002E+00      1.0000E+00      1.0003E+00      1.0001E-02      8.9957E+01      9.0025E+01      1.0000E+00
      1.0001E-02      1.0000E+00      1.0000E+00      1.0001E+00      1.0000E-02      8.9991E+01      9.0005E+01      1.0000E+00
      1.0000E-02      1.0000E+00      1.0000E+00      1.0000E+00      9.9999E-03      8.9999E+01      9.0001E+01      1.0000E+00
      1.0000E-02      1.0000E+00      1.0000E+00      1.0000E+00      1.0000E-02      8.9999E+01      9.0001E+01      1.0000E+00
      1.0003E-02      1.0001E+00      1.0000E+00      1.0002E+00      1.0001E-02      8.9973E+01      9.0015E+01      1.0000E+00
      1.0022E-02      1.0009E+00      1.0000E+00      1.0018E+00      1.0007E-02      8.9793E+01      9.0125E+01      1.0000E+00
      1.0083E-02      1.0027E+00      1.0001E+00      1.0051E+00      1.0034E-02      8.9251E+01      9.0485E+01      1.0000E+00
      1.0255E-02      1.0091E+00      1.0008E+00      1.0180E+00      1.0100E-02      8.7708E+01      9.1446E+01      1.0000E+00
      1.0364E-02      1.0085E+00      1.0011E+00      1.0233E+00      1.0245E-02      8.7381E+01      9.2394E+01      1.0000E+00
      1.0081E-02      1.0224E+00      1.0011E+00      1.0315E+00      9.9175E-03      8.7883E+01      9.2032E+01      1.0000E+00
      9.6383E-03      1.0141E+00      1.0006E+00      1.0326E+00      9.3774E-03      8.8013E+01      9.1114E+01      1.0000E+00
      9.4550E-03      1.0231E+00      1.0006E+00      1.0336E+00      9.3218E-03      8.9051E+01      9.0855E+01      1.0000E+00
      9.6184E-03      1.0153E+00      1.0006E+00      1.0345E+00      9.3760E-03      8.8437E+01      9.1321E+01      1.0000E+00
      1.0042E-02      1.0204E+00      1.0007E+00      1.0320E+00      9.8729E-03      8.8269E+01      9.1607E+01      1.0000E+00
      1.0331E-02      1.0062E+00      1.0008E+00      1.0184E+00      1.0253E-02      8.7907E+01      9.2064E+01      1.0000E+00
      1.0283E-02      1.0076E+00      1.0007E+00      1.0144E+00      1.0177E-02      8.7854E+01      9.1558E+01      1.0000E+00
      1.0235E-02      1.0044E+00      1.0004E+00      1.0058E+00      1.0208E-02      8.8482E+01      9.1511E+01      1.0000E+00
      1.0301E-02      1.0077E+00      1.0007E+00      1.0153E+00      1.0225E-02      8.8262E+01      9.2121E+01      1.0000E+00
      1.1533E-02      1.0977E+00      1.0241E+00      1.1539E+00      1.0395E-02      7.8047E+01      9.8245E+01      1.0000E+00
      1.0722E-02      1.1382E+00      1.0249E+00      1.2540E+00      9.2987E-03      7.8887E+01      9.8727E+01      1.0000E+00
      8.0485E-03      1.0834E+00      1.0142E+00      1.1821E+00      7.0674E-03      8.4375E+01      9.8328E+01      1.0000E+00
      6.1716E-03      1.4058E+00      1.2646E+00      1.6846E+00      3.7334E-03      6.5577E+01      1.2686E+02      1.0000E+00
      6.0436E-03      1.4160E+00      1.2712E+00      1.6688E+00      3.7016E-03      6.4416E+01      1.2737E+02      1.0000E+00
      7.8608E-03      1.0977E+00      1.0192E+00      1.2128E+00      6.9242E-03      8.5183E+01      9.8792E+01      1.0000E+00
      1.0374E-02      1.1167E+00      1.0225E+00      1.2451E+00      9.0451E-03      7.8964E+01      9.8700E+01      1.0000E+00
      1.1014E-02      1.0831E+00      1.0178E+00      1.1298E+00      1.0143E-02      7.9831E+01      9.7943E+01      1.0000E+00
      1.0139E-02      1.0221E+00      1.0013E+00      1.0410E+00      9.9076E-03      8.7316E+01      9.1551E+01      1.0000E+00
      1.0384E-02      1.0100E+00      1.0010E+00      1.0238E+00      1.0293E-02      8.7580E+01      9.2203E+01      1.0000E+00
      1.0301E-02      1.0098E+00      1.0009E+00      1.0174E+00      1.0165E-02      8.7619E+01      9.1706E+01      1.0000E+00
      1.0180E-02      1.0025E+00      1.0003E+00      1.0043E+00      1.0153E-02      8.8824E+01      9.1316E+01      1.0000E+00
      9.6738E-03      1.0240E+00      1.0010E+00      1.0464E+00      9.3796E-03      8.8319E+01      9.1808E+01      1.0000E+00
      7.9287E-03      1.0984E+00      1.0210E+00      1.2231E+00      7.0524E-03      8.6300E+01      9.8819E+01      1.0000E+00
      7.3480E-03      1.2639E+00      1.3910E+00      1.3620E+00      4.1836E-03      6.9093E+01      1.3404E+02      1.0000E+00
      1.0390E-02      1.0211E+00      1.0028E+00      1.0422E+00      1.0011E-02      8.5702E+01      9.2417E+01      1.0000E+00
      1.0139E-02      1.0041E+00      1.0002E+00      1.0080E+00      1.0065E-02      8.8817E+01      9.0804E+01      1.0000E+00
      1.0154E-02      1.0037E+00      1.0002E+00      1.0070E+00      1.0087E-02      8.8747E+01      9.0881E+01      1.0000E+00
      1.0059E-02      1.0015E+00      1.0000E+00      1.0029E+00      1.0031E-02      8.9501E+01      9.0338E+01      1.0000E+00
      1.0019E-02      1.0006E+00      1.0000E+00      1.0012E+00      1.0007E-02      8.9824E+01      9.0108E+01      1.0000E+00
      1.0004E-02      1.0001E+00      1.0000E+00      1.0003E+00      1.0001E-02      8.9960E+01      9.0024E+01      1.0000E+00
      1.0001E-02      1.0000E+00      1.0000E+00      1.0001E+00      1.0000E-02      8.9992E+01      9.0005E+01      1.0000E+00
      1.0000E-02      1.0000E+00      1.0000E+00      1.0000E+00      1.0000E-02      8.9999E+01      9.0001E+01      1.0000E+00
      1.0001E-02      1.0000E+00      1.0000E+00      1.0001E+00      1.0000E-02      8.9992E+01      9.0005E+01      1.0000E+00
      1.0005E-02      1.0002E+00      1.0000E+00      1.0004E+00      1.0001E-02      8.9953E+01      9.0028E+01      1.0000E+00
      1.0021E-02      1.0008E+00      1.0000E+00      1.0017E+00      1.0006E-02      8.9793E+01      9.0123E+01      1.0000E+00
      1.0052E-02      1.0020E+00      1.0000E+00      1.0042E+00      1.0023E-02      8.9531E+01      9.0315E+01      1.0000E+00
      1.0065E-02      1.0020E+00      1.0000E+00      1.0050E+00      1.0048E-02      8.9507E+01      9.0458E+01      1.0000E+00
      1.0026E-02      1.0039E+00      1.0000E+00      1.0064E+00      1.0002E-02      8.9565E+01      9.0379E+01      1.0000E+00
      9.9662E-03      1.0031E+00      1.0000E+00      1.0059E+00      9.9234E-03      8.9626E+01      9.0141E+01      1.0000E+00
      9.9386E-03      1.0026E+00      1.0000E+00      1.0048E+00      9.9139E-03      8.9839E+01      9.0150E+01      1.0000E+00
      9.9660E-03      1.0028E+00      1.0000E+00      1.0055E+00      9.9231E-03      8.9657E+01      9.0150E+01      1.0000E+00
      1.0040E-02      1.0043E+00      1.0001E+00      1.0072E+00      1.0002E-02      8.9433E+01      9.0430E+01      1.0000E+00
      1.0122E-02      1.0033E+00      1.0001E+00      1.0054E+00      1.0103E-02      8.9174E+01      9.0781E+01      1.0000E+00
      1.0195E-02      1.0044E+00      1.0003E+00      1.0070E+00      1.0163E-02      8.8682E+01      9.1226E+01      1.0000E+00
      1.0125E-02      1.0079E+00      1.0004E+00      1.0196E+00      1.0008E-02      8.8402E+01      9.1169E+01      1.0000E+00
      1.0473E-02      1.0408E+00      1.0048E+00      1.0574E+00      1.0132E-02      8.4907E+01      9.4537E+01      1.0000E+00
      7.9052E-03      1.2928E+00      1.4054E+00      1.4462E+00      4.1912E-03      7.0558E+01      1.3463E+02      1.0000E+00
      6.3945E-03      1.3809E+00      1.3139E+00      1.7581E+00      3.5561E-03      6.7503E+01      1.2883E+02      1.0000E+00
      1.0139E-02      1.1886E+00      1.0383E+00      1.3383E+00      8.5901E-03      7.8237E+01      1.0260E+02      1.0000E+00
      1.1850E-02      1.0992E+00      1.0314E+00      1.1663E+00      1.0614E-02      7.6071E+01      9.8993E+01      1.0000E+00
      1.0571E-02      1.0145E+00      1.0022E+00      1.0224E+00      1.0436E-02      8.6289E+01      9.3214E+01      1.0000E+00
      1.0311E-02      1.0098E+00      1.0012E+00      1.0202E+00      1.0133E-02      8.7240E+01      9.1854E+01      1.0000E+00
      1.0081E-02      1.0161E+00      1.0004E+00      1.0301E+00      9.9144E-03      8.8660E+01      9.1145E+01      1.0000E+00
      1.0392E-02      1.0871E+00      1.0255E+00      1.2196E+00      9.0459E-03      7.8501E+01      9.7528E+01      1.0000E+00
      7.5487E-03      1.2578E+00      1.3969E+00      1.3656E+00      4.2351E-03      6.9948E+01      1.3428E+02      1.0000E+00
      1.0514E-02      1.0239E+00      1.0039E+00      1.0454E+00      1.0083E-02      8.4924E+01      9.2818E+01      1.0000E+00
      1.0163E-02      1.0034E+00      1.0002E+00      1.0066E+00      1.0099E-02      8.8744E+01      9.0907E+01      1.0000E+00
      1.0159E-02      1.0037E+00      1.0003E+00      1.0071E+00      1.0088E-02      8.8710E+01      9.0895E+01      1.0000E+00
      1.0059E-02      1.0015E+00      1.0000E+00      1.0029E+00      1.0031E-02      8.9500E+01      9.0338E+01      1.0000E+00
      1.0019E-02      1.0006E+00      1.0000E+00      1.0012E+00      1.0007E-02      8.9826E+01      9.0108E+01      1.0000E+00
      1.0004E-02      1.0001E+00      1.0000E+00      1.0003E+00      1.0001E-02      8.9960E+01      9.0024E+01      1.0000E+00
      1.0001E-02      1.0000E+00      1.0000E+00      1.0001E+00      1.0000E-02      8.9992E+01      9.0005E+01      1.0000E+00
      1.0000E-02      1.0000E+00      1.0000E+00      1.0000E+00      1.0000E-02      8.9999E+01      9.0001E+01      1.0000E+00
      1.0001E-02      1.0000E+00      1.0000E+00      1.0001E+00      1.0000E-02      8.9992E+01      9.0005E+01      1.0000E+00
      1.0003E-02      1.0001E+00      1.0000E+00      1.0003E+00      1.0001E-02      8.9971E+01      9.0017E+01      1.0000E+00
      1.0006E-02      1.0003E+00      1.0000E+00      1.0005E+00      1.0003E-02      8.9946E+01      9.0037E+01      1.0000E+00
      1.0007E-02      1.0003E+00      1.0000E+00      1.0006E+00      1.0006E-02      8.9944E+01      9.0050E+01      1.0000E+00
      1.0004E-02      1.0004E+00      1.0000E+00      1.0008E+00      1.0002E-02      8.9951E+01      9.0041E+01      1.0000E+00
      9.9995E-03      1.0004E+00      1.0000E+00      1.0008E+00      9.9954E-03      8.9959E+01      9.0020E+01      1.0000E+00
      9.9975E-03      1.0001E+00      1.0000E+00      1.0005E+00      9.9947E-03      8.9984E+01      9.0016E+01      1.0000E+00
      1.0005E-02      1.0004E+00      1.0000E+00      1.0008E+00      9.9981E-03      8.9910E+01      9.0053E+01      1.0000E+00
      1.0051E-02      1.0018E+00      1.0000E+00      1.0037E+00      1.0022E-02      8.9519E+01      9.0320E+01      1.0000E+00
      1.0209E-02      1.0066E+00      1.0005E+00      1.0131E+00      1.0086E-02      8.8104E+01      9.1246E+01      1.0000E+00
      1.0224E-02      1.0059E+00      1.0004E+00      1.0128E+00      1.0195E-02      8.8436E+01      9.1493E+01      1.0000E+00
      1.0294E-02      1.0311E+00      1.0025E+00      1.0513E+00      1.0098E-02      8.6626E+01      9.2851E+01      1.0000E+00
      7.1497E-03      1.2973E+00      1.4899E+00      1.4130E+00      3.6881E-03      6.8315E+01      1.3784E+02      1.0000E+00
      8.8223E-03      1.3225E+00      1.3899E+00      1.5427E+00      4.4407E-03      7.3091E+01      1.3397E+02      1.0000E+00
      1.2007E-02      1.1010E+00      1.0389E+00      1.1620E+00      1.0611E-02      7.4351E+01      1.0001E+02      1.0000E+00
      1.0450E-02      1.0099E+00      1.0019E+00      1.0256E+00      1.0307E-02      8.6593E+01      9.3285E+01      1.0000E+00
      1.0265E-02      1.0070E+00      1.0004E+00      1.0140E+00      1.0201E-02      8.8329E+01      9.1343E+01      1.0000E+00
      1.0637E-02      1.0727E+00      1.0134E+00      1.1538E+00      9.6871E-03      8.0908E+01      9.6863E+01      1.0000E+00
      6.1284E-03      1.4141E+00      1.2642E+00      1.5981E+00      3.9693E-03      6.2667E+01      1.2720E+02      1.0000E+00
      7.6215E-03      1.2554E+00      1.3927E+00      1.3668E+00      4.2573E-03      7.0435E+01      1.3411E+02      1.0000E+00
      1.0555E-02      1.0245E+00      1.0044E+00      1.0462E+00      1.0103E-02      8.4606E+01      9.2952E+01      1.0000E+00
      1.0165E-02      1.0033E+00      1.0002E+00      1.0064E+00      1.0102E-02      8.8737E+01      9.0916E+01      1.0000E+00
      1.0156E-02      1.0037E+00      1.0002E+00      1.0071E+00      1.0087E-02      8.8732E+01      9.0888E+01      1.0000E+00
      1.0058E-02      1.0014E+00      1.0000E+00      1.0028E+00      1.0030E-02      8.9512E+01      9.0333E+01      1.0000E+00
      1.0018E-02      1.0006E+00      1.0000E+00      1.0012E+00      1.0007E-02      8.9830E+01      9.0106E+01      1.0000E+00
      1.0004E-02      1.0001E+00      1.0000E+00      1.0003E+00      1.0002E-02      8.9960E+01      9.0024E+01      1.0000E+00
      1.0001E-02      1.0000E+00      1.0000E+00      1.0001E+00      1.0000E-02      8.9991E+01      9.0006E+01      1.0000E+00
      1.0000E-02      1.0000E+00      1.0000E+00      1.0000E+00      1.0000E-02      8.9997E+01      9.0002E+01      1.0000E+00
      1.0000E-02      1.0000E+00      1.0000E+00      1.0000E+00      1.0000E-02      8.9998E+01      9.0002E+01      1.0000E+00
      1.0000E-02      1.0000E+00      1.0000E+00      1.0000E+00      1.0000E-02      8.9997E+01      9.0003E+01      1.0000E+00
      1.0000E-02      1.0000E+00      1.0000E+00      1.0000E+00      1.0000E-02      8.9997E+01      9.0003E+01      1.0000E+00
      1.0000E-02      1.0000E+00      1.0000E+00      1.0001E+00      1.0000E-02      8.9997E+01      9.0003E+01      1.0000E+00
      1.0000E-02      1.0000E+00      1.0000E+00      1.0001E+00      9.9999E-03      8.9998E+01      9.0002E+01      1.0000E+00
      1.0001E-02      1.0000E+00      1.0000E+00      1.0001E+00      1.0000E-02      8.9996E+01      9.0004E+01      1.0000E+00
      1.0008E-02      1.0005E+00      1.0000E+00      1.0009E+00      1.0006E-02      8.9944E+01      9.0053E+01      1.0000E+00
      1.0063E-02      1.0034E+00      1.0000E+00      1.0064E+00      1.0044E-02      8.9499E+01      9.0407E+01      1.0000E+00
      1.0305E-02      1.0091E+00      1.0010E+00      1.0223E+00      1.0181E-02      8.7456E+01      9.2147E+01      1.0000E+00
      1.1281E-02      1.0736E+00      1.0218E+00      1.1305E+00      1.0233E-02      7.8226E+01      9.6831E+01      1.0000E+00
      7.5189E-03      1.3767E+00      1.5228E+00      1.5450E+00      3.7321E-03      6.5979E+01      1.3889E+02      1.0000E+00
      1.0728E-02      1.1288E+00      1.0291E+00      1.2616E+00      9.0282E-03      8.1846E+01      1.0278E+02      1.0000E+00
      1.0155E-02      1.0211E+00      1.0019E+00      1.0286E+00      9.9911E-03      8.6813E+01      9.3413E+01      1.0000E+00
      1.0106E-02      1.0089E+00      1.0004E+00      1.0140E+00      1.0010E-02      8.8352E+01      9.1358E+01      1.0000E+00
      9.5233E-03      1.0314E+00      1.0014E+00      1.0522E+00      9.3600E-03      8.9077E+01      9.1085E+01      1.0000E+00
      7.7528E-03      1.1164E+00      1.0270E+00      1.2519E+00      7.0985E-03      8.6493E+01      9.8145E+01      1.0000E+00
      7.6295E-03      1.2549E+00      1.3920E+00      1.3664E+00      4.2604E-03      7.0497E+01      1.3408E+02      1.0000E+00
      1.0530E-02      1.0242E+00      1.0041E+00      1.0460E+00      1.0090E-02      8.4797E+01      9.2883E+01      1.0000E+00
      1.0146E-02      1.0039E+00      1.0002E+00      1.0076E+00      1.0076E-02      8.8795E+01      9.0839E+01      1.0000E+00
      1.0144E-02      1.0034E+00      1.0002E+00      1.0065E+00      1.0083E-02      8.8830E+01      9.0843E+01      1.0000E+00
      1.0054E-02      1.0013E+00      1.0000E+00      1.0026E+00      1.0031E-02      8.9550E+01      9.0321E+01      1.0000E+00
      1.0020E-02      1.0006E+00      1.0000E+00      1.0013E+00      1.0010E-02      8.9824E+01      9.0120E+01      1.0000E+00
      1.0008E-02      1.0003E+00      1.0000E+00      1.0006E+00      1.0004E-02      8.9932E+01      9.0046E+01      1.0000E+00
      1.0003E-02      1.0001E+00      1.0000E+00      1.0003E+00      1.0001E-02      8.9971E+01      9.0017E+01      1.0000E+00
      1.0001E-02      1.0000E+00      1.0000E+00      1.0001E+00      1.0000E-02      8.9992E+01      9.0005E+01      1.0000E+00
      1.0000E-02      1.0000E+00      1.0000E+00      1.0000E+00      1.0000E-02      8.9999E+01      9.0001E+01      1.0000E+00
      1.0000E-02      1.0000E+00      1.0000E+00      1.0000E+00      1.0000E-02      9.0000E+01      9.0000E+01      1.0000E+00
      1.0000E-02      1.0000E+00      1.0000E+00      1.0000E+00      1.0000E-02      9.0000E+01      9.0000E+01      1.0000E+00
      1.0000E-02      1.0000E+00      1.0000E+00      1.0000E+00      1.0000E-02      9.0000E+01      9.0000E+01      1.0000E+00
      1.0001E-02      1.0000E+00      1.0000E+00      1.0001E+00      1.0000E-02      8.9998E+01      9.0002E+01      1.0000E+00
      1.0008E-02      1.0007E+00      1.0000E+00      1.0015E+00      1.0005E-02      8.9965E+01      9.0041E+01      1.0000E+00
      1.0047E-02      1.0042E+00      1.0001E+00      1.0097E+00      1.0033E-02      8.9638E+01      9.0364E+01      1.0000E+00
      1.0129E-02      1.0178E+00      1.0010E+00      1.0325E+00      1.0056E-02      8.7990E+01      9.1749E+01      1.0000E+00
      1.0432E-02      1.0888E+00      1.0130E+00      1.1654E+00      9.3305E-03      8.4277E+01      9.8889E+01      1.0000E+00
      8.2669E-03      1.0758E+00      1.0300E+00      1.0944E+00      7.8452E-03      7.6428E+01      1.0213E+02      1.0000E+00
      9.7364E-03      1.0138E+00      1.0017E+00      1.0318E+00      9.5440E-03      8.6628E+01      9.2562E+01      1.0000E+00
      9.9683E-03      1.0020E+00      1.0001E+00      1.0058E+00      9.9477E-03      8.9496E+01      9.0523E+01      1.0000E+00
      9.6461E-03      1.0167E+00      1.0007E+00      1.0372E+00      9.4913E-03      8.9198E+01      9.1029E+01      1.0000E+00
      8.6427E-03      1.0621E+00      1.0095E+00      1.1478E+00      8.1963E-03      8.8030E+01      9.3958E+01      1.0000E+00
      7.5725E-03      1.2571E+00      1.3949E+00      1.3663E+00      4.2445E-03      7.0103E+01      1.3420E+02      1.0000E+00
      1.0422E-02      1.0220E+00      1.0032E+00      1.0438E+00      1.0025E-02      8.5444E+01      9.2571E+01      1.0000E+00
      1.0076E-02      1.0063E+00      1.0002E+00      1.0119E+00      9.9719E-03      8.8794E+01      9.0694E+01      1.0000E+00
      1.0119E-02      1.0022E+00      1.0001E+00      1.0043E+00      1.0096E-02      8.9069E+01      9.0812E+01      1.0000E+00
      1.0081E-02      1.0019E+00      1.0001E+00      1.0046E+00      1.0060E-02      8.9399E+01      9.0528E+01      1.0000E+00
      1.0054E-02      1.0019E+00      1.0000E+00      1.0041E+00      1.0024E-02      8.9528E+01      9.0317E+01      1.0000E+00
      1.0021E-02      1.0009E+00      1.0000E+00      1.0017E+00      1.0006E-02      8.9796E+01      9.0121E+01      1.0000E+00
      1.0005E-02      1.0002E+00      1.0000E+00      1.0004E+00      1.0001E-02      8.9954E+01      9.0028E+01      1.0000E+00
      1.0001E-02      1.0000E+00      1.0000E+00      1.0001E+00      1.0000E-02      8.9991E+01      9.0005E+01      1.0000E+00
      1.0000E-02      1.0000E+00      1.0000E+00      1.0000E+00      1.0000E-02      8.9999E+01      9.0001E+01      1.0000E+00
      1.0000E-02      1.0000E+00      1.0000E+00      1.0000E+00      1.0000E-02      9.0000E+01      9.0000E+01      1.0000E+00
      1.0000E-02      1.0000E+00      1.0000E+00      1.0000E+00      1.0000E-02      9.0000E+01      9.0000E+01      1.0000E+00
      1.0001E-02      1.0000E+00      1.0000E+00      1.0001E+00      1.0000E-02      8.9999E+01      9.0002E+01      1.0000E+00
      1.0007E-02      1.0007E+00      1.0000E+00      1.0015E+00      1.0004E-02      8.9985E+01      9.0024E+01      1.0000E+00
      1.0032E-02      1.0049E+00      1.0001E+00      1.0114E+00      1.0003E-02      8.9811E+01      9.0136E+01      1.0000E+00
      9.9423E-03      1.0171E+00      1.0011E+00      1.0428E+00      9.7972E-03      8.8348E+01      9.1291E+01      1.0000E+00
      8.8278E-03      1.0427E+00      1.0228E+00      1.1124E+00      8.1874E-03      8.0995E+01      1.0118E+02      1.0000E+00
      8.3178E-03      1.0709E+00      1.0390E+00      1.1027E+00      7.4834E-03      7.9182E+01      1.0575E+02      1.0000E+00
      9.7255E-03      1.0118E+00      1.0013E+00      1.0303E+00      9.5270E-03      8.8023E+01      9.2753E+01      1.0000E+00
      9.9920E-03      1.0062E+00      1.0001E+00      1.0110E+00      9.9521E-03      8.9795E+01      9.0357E+01      1.0000E+00
      9.9035E-03      1.0144E+00      1.0002E+00      1.0283E+00      9.7394E-03      8.9132E+01      9.1032E+01      1.0000E+00
      9.3193E-03      1.0283E+00      1.0028E+00      1.0760E+00      8.8917E-03      8.7320E+01      9.2526E+01      1.0000E+00
      7.3866E-03      1.2631E+00      1.3878E+00      1.3654E+00      4.1982E-03      6.9346E+01      1.3390E+02      1.0000E+00
      1.0035E-02      1.0172E+00      1.0018E+00      1.0343E+00      9.8285E-03      8.6650E+01      9.2913E+01      1.0000E+00
      9.9913E-03      1.0247E+00      1.0011E+00      1.0409E+00      9.6876E-03      8.7522E+01      9.1236E+01      1.0000E+00
      1.0357E-02      1.0066E+00      1.0010E+00      1.0198E+00      1.0265E-02      8.7649E+01      9.2286E+01      1.0000E+00
      1.0258E-02      1.0097E+00      1.0008E+00      1.0186E+00      1.0104E-02      8.7753E+01      9.1398E+01      1.0000E+00
      1.0081E-02      1.0026E+00      1.0001E+00      1.0049E+00      1.0036E-02      8.9292E+01      9.0467E+01      1.0000E+00
      1.0023E-02      1.0008E+00      1.0000E+00      1.0015E+00      1.0008E-02      8.9787E+01      9.0133E+01      1.0000E+00
      1.0005E-02      1.0002E+00      1.0000E+00      1.0003E+00      1.0001E-02      8.9956E+01      9.0027E+01      1.0000E+00
      1.0001E-02      1.0000E+00      1.0000E+00      1.0001E+00      1.0000E-02      8.9992E+01      9.0005E+01      1.0000E+00
      1.0000E-02      1.0000E+00      1.0000E+00      1.0000E+00      1.0000E-02      8.9999E+01      9.0001E+01      1.0000E+00
      1.0000E-02      1.0000E+00      1.0000E+00      1.0000E+00      1.0000E-02      9.0000E+01      9.0000E+01      1.0000E+00
      1.0001E-02      1.0000E+00      1.0000E+00      1.0001E+00      1.0000E-02      8.9998E+01      9.0002E+01      1.0000E+00
      1.0007E-02      1.0005E+00      1.0000E+00      1.0009E+00      1.0005E-02      8.9968E+01      9.0036E+01      1.0000E+00
      1.0036E-02      1.0033E+00      1.0000E+00      1.0063E+00      1.0021E-02      8.9826E+01      9.0235E+01      1.0000E+00
      1.0005E-02      1.0072E+00      1.0002E+00      1.0193E+00      9.9475E-03      8.9671E+01      9.0327E+01      1.0000E+00
      9.4916E-03      1.0266E+00      1.0045E+00      1.0660E+00      9.1064E-03      8.6648E+01      9.4936E+01      1.0000E+00
      8.6063E-03      1.0700E+00      1.0249E+00      1.1560E+00      7.9657E-03      8.1934E+01      1.0113E+02      1.0000E+00
      8.2431E-03      1.1107E+00      1.0313E+00      1.2318E+00      8.0206E-03      8.1921E+01      9.7782E+01      1.0000E+00
      8.2305E-03      1.1481E+00      1.0327E+00      1.2795E+00      8.0913E-03      8.5254E+01      9.4599E+01      1.0000E+00
      8.1730E-03      1.1358E+00      1.0280E+00      1.2634E+00      8.1099E-03      8.7970E+01      9.2024E+01      1.0000E+00
      8.1216E-03      1.1269E+00      1.0252E+00      1.2504E+00      8.0939E-03      8.9131E+01      9.0869E+01      1.0000E+00
      8.0948E-03      1.1227E+00      1.0239E+00      1.2439E+00      8.0826E-03      8.9622E+01      9.0378E+01      1.0000E+00
      8.0826E-03      1.1208E+00      1.0234E+00      1.2410E+00      8.0773E-03      8.9836E+01      9.0164E+01      1.0000E+00
      8.0772E-03      1.1200E+00      1.0232E+00      1.2397E+00      8.0749E-03      8.9930E+01      9.0070E+01      1.0000E+00
      8.0749E-03      1.1196E+00      1.0231E+00      1.2391E+00      8.0739E-03      8.9971E+01      9.0029E+01      1.0000E+00
      8.0740E-03      1.1195E+00      1.0230E+00      1.2389E+00      8.0735E-03      8.9989E+01      9.0011E+01      1.0000E+00
      8.0739E-03      1.1195E+00      1.0230E+00      1.2389E+00      8.0734E-03      8.9994E+01      9.0006E+01      1.0000E+00
      8.0744E-03      1.1196E+00      1.0231E+00      1.2390E+00      8.0736E-03      8.9980E+01      9.0020E+01      1.0000E+00
      8.0760E-03      1.1198E+00      1.0231E+00      1.2394E+00      8.0744E-03      8.9951E+01      9.0049E+01      1.0000E+00
      8.0799E-03      1.1204E+00      1.0233E+00      1.2403E+00      8.0761E-03      8.9883E+01      9.0117E+01      1.0000E+00
      8.0888E-03      1.1218E+00      1.0237E+00      1.2425E+00      8.0800E-03      8.9729E+01      9.0271E+01      1.0000E+00
      8.1089E-03      1.1249E+00      1.0246E+00      1.2473E+00      8.0889E-03      8.9376E+01      9.0624E+01      1.0000E+00
      8.1535E-03      1.1319E+00      1.0267E+00      1.2580E+00      8.1079E-03      8.8569E+01      9.1431E+01      1.0000E+00
      8.2415E-03      1.1469E+00      1.0320E+00      1.2799E+00      8.1380E-03      8.6699E+01      9.3295E+01      1.0000E+00
      8.3475E-03      1.1703E+00      1.0428E+00      1.3092E+00      8.1253E-03      8.2550E+01      9.7311E+01      1.0000E+00
      8.2878E-03      1.1263E+00      1.0411E+00      1.2418E+00      8.0226E-03      7.8560E+01      1.0053E+02      1.0000E+00
      8.4805E-03      1.0773E+00      1.0368E+00      1.1427E+00      7.7317E-03      7.9732E+01      1.0471E+02      1.0000E+00
      9.3535E-03      1.0296E+00      1.0074E+00      1.0562E+00      8.8597E-03      8.6022E+01      9.6930E+01      1.0000E+00
      9.9601E-03      1.0066E+00      1.0001E+00      1.0143E+00      9.8800E-03      8.9633E+01      9.0773E+01      1.0000E+00
      1.0066E-02      1.0048E+00      1.0000E+00      1.0087E+00      1.0052E-02      8.9874E+01      9.0149E+01      1.0000E+00
      1.0207E-02      1.0154E+00      1.0004E+00      1.0259E+00      1.0091E-02      8.9389E+01      9.0983E+01      1.0000E+00
      1.1096E-02      1.0776E+00      1.0133E+00      1.1516E+00      9.8779E-03      8.0854E+01      9.4397E+01      1.0000E+00
      6.0515E-03      1.3399E+00      1.3137E+00      1.6770E+00      3.4850E-03      6.7402E+01      1.2883E+02      1.0000E+00
      1.0041E-02      1.1850E+00      1.0371E+00      1.3585E+00      8.4967E-03      7.7496E+01      1.0229E+02      1.0000E+00
      1.1877E-02      1.0892E+00      1.0322E+00      1.1544E+00      1.0548E-02      7.5703E+01      9.8301E+01      1.0000E+00
      1.0495E-02      1.0091E+00      1.0015E+00      1.0139E+00      1.0391E-02      8.6885E+01      9.2696E+01      1.0000E+00
      1.0246E-02      1.0080E+00      1.0007E+00      1.0143E+00      1.0118E-02      8.7910E+01      9.1452E+01      1.0000E+00
      1.0074E-02      1.0022E+00      1.0001E+00      1.0041E+00      1.0036E-02      8.9366E+01      9.0436E+01      1.0000E+00
      1.0021E-02      1.0007E+00      1.0000E+00      1.0014E+00      1.0008E-02      8.9806E+01      9.0123E+01      1.0000E+00
      1.0004E-02      1.0002E+00      1.0000E+00      1.0003E+00      1.0002E-02      8.9958E+01      9.0026E+01      1.0000E+00
      1.0001E-02      1.0000E+00      1.0000E+00      1.0001E+00      1.0000E-02      8.9990E+01      9.0006E+01      1.0000E+00
      1.0000E-02      1.0000E+00      1.0000E+00      1.0000E+00      1.0000E-02      8.9997E+01      9.0002E+01      1.0000E+00
      1.0001E-02      1.0000E+00      1.0000E+00      1.0000E+00      1.0001E-02      8.9998E+01      9.0002E+01      1.0000E+00
      1.0007E-02      1.0002E+00      1.0000E+00      1.0006E+00      1.0005E-02      8.9973E+01      9.0019E+01      1.0000E+00
      1.0041E-02      1.0012E+00      1.0000E+00      1.0029E+00      1.0026E-02      8.9823E+01      9.0117E+01      1.0000E+00
      1.0090E-02      1.0020E+00      1.0000E+00      1.0041E+00      1.0064E-02      8.9652E+01      9.0210E+01      1.0000E+00
      1.0014E-02      1.0044E+00      1.0000E+00      1.0082E+00      9.9621E-03      8.9694E+01      9.0432E+01      1.0000E+00
      9.7668E-03      1.0089E+00      1.0007E+00      1.0247E+00      9.6037E-03      8.8633E+01      9.1879E+01      1.0000E+00
      9.5575E-03      1.0182E+00      1.0014E+00      1.0455E+00      9.4334E-03      8.8310E+01      9.1926E+01      1.0000E+00
      9.4851E-03      1.0297E+00      1.0019E+00      1.0613E+00      9.4307E-03      8.8895E+01      9.0879E+01      1.0000E+00
      9.4640E-03      1.0331E+00      1.0020E+00      1.0648E+00      9.4406E-03      8.9497E+01      9.0446E+01      1.0000E+00
      9.4493E-03      1.0319E+00      1.0019E+00      1.0628E+00      9.4400E-03      8.9790E+01      9.0205E+01      1.0000E+00
      9.4407E-03      1.0309E+00      1.0018E+00      1.0613E+00      9.4367E-03      8.9910E+01      9.0090E+01      1.0000E+00
      9.4366E-03      1.0304E+00      1.0017E+00      1.0606E+00      9.4349E-03      8.9961E+01      9.0039E+01      1.0000E+00
      9.4348E-03      1.0302E+00      1.0017E+00      1.0603E+00      9.4341E-03      8.9983E+01      9.0017E+01      1.0000E+00
      9.4340E-03      1.0301E+00      1.0017E+00      1.0602E+00      9.4337E-03      8.9993E+01      9.0007E+01      1.0000E+00
      9.4337E-03      1.0301E+00      1.0017E+00      1.0601E+00      9.4336E-03      8.9997E+01      9.0003E+01      1.0000E+00
      9.4337E-03      1.0301E+00      1.0017E+00      1.0601E+00      9.4335E-03      8.9998E+01      9.0002E+01      1.0000E+00
      9.4339E-03      1.0301E+00      1.0017E+00      1.0601E+00      9.4336E-03      8.9995E+01      9.0005E+01      1.0000E+00
      9.4344E-03      1.0301E+00      1.0017E+00      1.0602E+00      9.4339E-03      8.9988E+01      9.0012E+01      1.0000E+00
      9.4357E-03      1.0303E+00      1.0017E+00      1.0605E+00      9.4345E-03      8.9972E+01      9.0028E+01      1.0000E+00
      9.4387E-03      1.0306E+00      1.0018E+00      1.0610E+00      9.4358E-03      8.9935E+01      9.0065E+01      1.0000E+00
      9.4454E-03      1.0314E+00      1.0018E+00      1.0621E+00      9.4389E-03      8.9851E+01      9.0149E+01      1.0000E+00
      9.4598E-03      1.0331E+00      1.0020E+00      1.0646E+00      9.4447E-03      8.9657E+01      9.0339E+01      1.0000E+00
      9.4846E-03      1.0356E+00      1.0022E+00      1.0685E+00      9.4486E-03      8.9203E+01      9.0739E+01      1.0000E+00
      9.5106E-03      1.0329E+00      1.0022E+00      1.0659E+00      9.4391E-03      8.8387E+01      9.1187E+01      1.0000E+00
      9.5663E-03      1.0180E+00      1.0018E+00      1.0453E+00      9.4447E-03      8.7738E+01      9.2446E+01      1.0000E+00
      9.7490E-03      1.0107E+00      1.0010E+00      1.0248E+00      9.5686E-03      8.8245E+01      9.2455E+01      1.0000E+00
      9.9910E-03      1.0063E+00      1.0001E+00      1.0115E+00      9.9196E-03      8.9559E+01      9.0795E+01      1.0000E+00
      1.0086E-02      1.0015E+00      1.0000E+00      1.0030E+00      1.0067E-02      8.9807E+01      9.0155E+01      1.0000E+00
      1.0096E-02      1.0033E+00      1.0000E+00      1.0055E+00      1.0083E-02      8.9744E+01      9.0269E+01      1.0000E+00
      1.0258E-02      1.0129E+00      1.0005E+00      1.0231E+00      1.0127E-02      8.8243E+01      9.1171E+01      1.0000E+00
      1.0705E-02      1.0989E+00      1.0205E+00      1.1990E+00      9.5680E-03      7.9042E+01      9.8987E+01      1.0000E+00
      5.8778E-03      1.4475E+00      1.2308E+00      1.5846E+00      3.9640E-03      6.2303E+01      1.2544E+02      1.0000E+00
      8.8108E-03      1.2728E+00      1.3207E+00      1.4659E+00      4.7918E-03      7.4492E+01      1.3078E+02      1.0000E+00
      1.1431E-02      1.0650E+00      1.0218E+00      1.1081E+00      1.0494E-02      7.8190E+01      9.7837E+01      1.0000E+00
      1.0367E-02      1.0046E+00      1.0008E+00      1.0060E+00      1.0334E-02      8.7791E+01      9.2226E+01      1.0000E+00
      1.0201E-02      1.0064E+00      1.0004E+00      1.0114E+00      1.0103E-02      8.8298E+01      9.1233E+01      1.0000E+00
      1.0063E-02      1.0018E+00      1.0000E+00      1.0034E+00      1.0034E-02      8.9467E+01      9.0384E+01      1.0000E+00
      1.0021E-02      1.0007E+00      1.0000E+00      1.0014E+00      1.0010E-02      8.9814E+01      9.0125E+01      1.0000E+00
      1.0008E-02      1.0003E+00      1.0000E+00      1.0006E+00      1.0004E-02      8.9932E+01      9.0044E+01      1.0000E+00
      1.0003E-02      1.0001E+00      1.0000E+00      1.0003E+00      1.0001E-02      8.9972E+01      9.0017E+01      1.0000E+00
      1.0001E-02      1.0000E+00      1.0000E+00      1.0001E+00      1.0001E-02      8.9993E+01      9.0004E+01      1.0000E+00
      1.0007E-02      1.0002E+00      1.0000E+00      1.0006E+00      1.0005E-02      8.9972E+01      9.0019E+01      1.0000E+00
      1.0042E-02      1.0011E+00      1.0000E+00      1.0029E+00      1.0026E-02      8.9803E+01      9.0138E+01      1.0000E+00
      1.0100E-02      1.0020E+00      1.0000E+00      1.0044E+00      1.0066E-02      8.9526E+01      9.0337E+01      1.0000E+00
      1.0055E-02      1.0042E+00      1.0000E+00      1.0077E+00      1.0025E-02      8.9755E+01      9.0118E+01      1.0000E+00
      9.8604E-03      1.0104E+00      1.0003E+00      1.0182E+00      9.7276E-03      8.9089E+01      9.1416E+01      1.0000E+00
      9.7017E-03      1.0105E+00      1.0007E+00      1.0277E+00      9.5977E-03      8.8625E+01      9.1604E+01      1.0000E+00
      9.6559E-03      1.0203E+00      1.0009E+00      1.0419E+00      9.6067E-03      8.9005E+01      9.0772E+01      1.0000E+00
      9.6411E-03      1.0233E+00      1.0010E+00      1.0452E+00      9.6176E-03      8.9516E+01      9.0430E+01      1.0000E+00
      9.6265E-03      1.0221E+00      1.0009E+00      1.0432E+00      9.6171E-03      8.9795E+01      9.0201E+01      1.0000E+00
      9.6178E-03      1.0211E+00      1.0008E+00      1.0418E+00      9.6137E-03      8.9911E+01      9.0089E+01      1.0000E+00
      9.6136E-03      1.0206E+00      1.0008E+00      1.0411E+00      9.6119E-03      8.9961E+01      9.0039E+01      1.0000E+00
      9.6118E-03      1.0204E+00      1.0008E+00      1.0408E+00      9.6110E-03      8.9983E+01      9.0017E+01      1.0000E+00
      9.6110E-03      1.0203E+00      1.0008E+00      1.0407E+00      9.6107E-03      8.9993E+01      9.0007E+01      1.0000E+00
      9.6107E-03      1.0203E+00      1.0008E+00      1.0406E+00      9.6105E-03      8.9997E+01      9.0003E+01      1.0000E+00
      9.6107E-03      1.0203E+00      1.0008E+00      1.0406E+00      9.6105E-03      8.9998E+01      9.0002E+01      1.0000E+00
      9.6109E-03      1.0203E+00      1.0008E+00      1.0406E+00      9.6106E-03      8.9995E+01      9.0005E+01      1.0000E+00
      9.6114E-03      1.0204E+00      1.0008E+00      1.0407E+00      9.6109E-03      8.9988E+01      9.0012E+01      1.0000E+00
      9.6127E-03      1.0205E+00      1.0008E+00      1.0409E+00      9.6115E-03      8.9973E+01      9.0027E+01      1.0000E+00
      9.6158E-03      1.0209E+00      1.0008E+00      1.0414E+00      9.6129E-03      8.9936E+01      9.0064E+01      1.0000E+00
      9.6226E-03      1.0216E+00      1.0009E+00      1.0426E+00      9.6160E-03      8.9854E+01      9.0146E+01      1.0000E+00
      9.6373E-03      1.0233E+00      1.0010E+00      1.0450E+00      9.6219E-03      8.9664E+01      9.0332E+01      1.0000E+00
      9.6621E-03      1.0258E+00      1.0012E+00      1.0488E+00      9.6259E-03      8.9228E+01      9.0718E+01      1.0000E+00
      9.6819E-03      1.0235E+00      1.0012E+00      1.0464E+00      9.6153E-03      8.8505E+01      9.1133E+01      1.0000E+00
      9.7109E-03      1.0102E+00      1.0010E+00      1.0275E+00      9.6096E-03      8.8060E+01      9.2116E+01      1.0000E+00
      9.8427E-03      1.0122E+00      1.0006E+00      1.0208E+00      9.6926E-03      8.8706E+01      9.1983E+01      1.0000E+00
      1.0032E-02      1.0060E+00      1.0001E+00      1.0134E+00      9.9828E-03      8.9757E+01      9.0447E+01      1.0000E+00
      1.0094E-02      1.0029E+00      1.0000E+00      1.0044E+00      1.0071E-02      8.9633E+01      9.0355E+01      1.0000E+00
      1.0076E-02      1.0019E+00      1.0000E+00      1.0029E+00      1.0063E-02      8.9655E+01      9.0365E+01      1.0000E+00
      1.0064E-02      1.0069E+00      1.0003E+00      1.0165E+00      9.9647E-03      8.8698E+01      9.1103E+01      1.0000E+00
      9.3290E-03      1.0425E+00      1.0028E+00      1.0777E+00      9.1536E-03      8.8950E+01      9.1156E+01      1.0000E+00
      7.0896E-03      1.1743E+00      1.0454E+00      1.3352E+00      6.7445E-03      8.5461E+01      9.6182E+01      1.0000E+00
      8.2766E-03      1.2688E+00      1.3379E+00      1.4468E+00      4.5133E-03      7.3997E+01      1.3162E+02      1.0000E+00
      1.0994E-02      1.0496E+00      1.0130E+00      1.0862E+00      1.0275E-02      8.0868E+01      9.6107E+01      1.0000E+00
      1.0203E-02      1.0038E+00      1.0004E+00      1.0080E+00      1.0158E-02      8.8407E+01      9.1548E+01      1.0000E+00
      1.0146E-02      1.0040E+00      1.0002E+00      1.0069E+00      1.0105E-02      8.8829E+01      9.0982E+01      1.0000E+00
      1.0082E-02      1.0022E+00      1.0001E+00      1.0048E+00      1.0060E-02      8.9400E+01      9.0506E+01      1.0000E+00
      1.0052E-02      1.0020E+00      1.0000E+00      1.0041E+00      1.0024E-02      8.9551E+01      9.0294E+01      1.0000E+00
      1.0020E-02      1.0009E+00      1.0000E+00      1.0016E+00      1.0006E-02      8.9806E+01      9.0118E+01      1.0000E+00
      1.0005E-02      1.0002E+00      1.0000E+00      1.0003E+00      1.0002E-02      8.9957E+01      9.0025E+01      1.0000E+00
      1.0008E-02      1.0005E+00      1.0000E+00      1.0010E+00      1.0006E-02      8.9971E+01      9.0035E+01      1.0000E+00
      1.0039E-02      1.0031E+00      1.0000E+00      1.0056E+00      1.0027E-02      8.9779E+01      9.0250E+01      1.0000E+00
      1.0033E-02      1.0055E+00      1.0001E+00      1.0135E+00      1.0001E-02      8.9610E+01      9.0431E+01      1.0000E+00
      9.6513E-03      1.0175E+00      1.0017E+00      1.0362E+00      9.3733E-03      8.8246E+01      9.3308E+01      1.0000E+00
      9.0341E-03      1.0417E+00      1.0116E+00      1.0812E+00      8.5533E-03      8.4354E+01      9.8439E+01      1.0000E+00
      8.9184E-03      1.0629E+00      1.0132E+00      1.1274E+00      8.7643E-03      8.3392E+01      9.6235E+01      1.0000E+00
      8.9963E-03      1.0934E+00      1.0145E+00      1.1701E+00      8.8493E-03      8.5749E+01      9.4150E+01      1.0000E+00
      8.9381E-03      1.0816E+00      1.0109E+00      1.1553E+00      8.8692E-03      8.8150E+01      9.1845E+01      1.0000E+00
      8.8820E-03      1.0734E+00      1.0091E+00      1.1433E+00      8.8517E-03      8.9205E+01      9.0795E+01      1.0000E+00
      8.8526E-03      1.0695E+00      1.0083E+00      1.1374E+00      8.8393E-03      8.9654E+01      9.0346E+01      1.0000E+00
      8.8393E-03      1.0677E+00      1.0080E+00      1.1347E+00      8.8335E-03      8.9850E+01      9.0150E+01      1.0000E+00
      8.8334E-03      1.0669E+00      1.0079E+00      1.1336E+00      8.8309E-03      8.9935E+01      9.0065E+01      1.0000E+00
      8.8309E-03      1.0666E+00      1.0078E+00      1.1331E+00      8.8298E-03      8.9973E+01      9.0027E+01      1.0000E+00
      8.8299E-03      1.0665E+00      1.0078E+00      1.1329E+00      8.8293E-03      8.9990E+01      9.0010E+01      1.0000E+00
      8.8298E-03      1.0664E+00      1.0078E+00      1.1328E+00      8.8293E-03      8.9994E+01      9.0006E+01      1.0000E+00
      8.8304E-03      1.0665E+00      1.0078E+00      1.1330E+00      8.8295E-03      8.9982E+01      9.0018E+01      1.0000E+00
      8.8321E-03      1.0668E+00      1.0078E+00      1.1333E+00      8.8303E-03      8.9955E+01      9.0045E+01      1.0000E+00
      8.8364E-03      1.0673E+00      1.0079E+00      1.1342E+00      8.8322E-03      8.9893E+01      9.0107E+01      1.0000E+00
      8.8461E-03      1.0686E+00      1.0082E+00      1.1361E+00      8.8365E-03      8.9752E+01      9.0248E+01      1.0000E+00
      8.8681E-03      1.0715E+00      1.0087E+00      1.1405E+00      8.8462E-03      8.9430E+01      9.0570E+01      1.0000E+00
      8.9169E-03      1.0780E+00      1.0101E+00      1.1503E+00      8.8670E-03      8.8692E+01      9.1307E+01      1.0000E+00
      9.0130E-03      1.0920E+00      1.0136E+00      1.1704E+00      8.9000E-03      8.6988E+01      9.3007E+01      1.0000E+00
      9.1250E-03      1.1140E+00      1.0221E+00      1.1975E+00      8.8869E-03      8.3266E+01      9.6638E+01      1.0000E+00
      8.9734E-03      1.0765E+00      1.0202E+00      1.1373E+00      8.7694E-03      8.0230E+01      9.8772E+01      1.0000E+00
      8.9122E-03      1.0475E+00      1.0214E+00      1.0696E+00      8.3255E-03      8.1701E+01      1.0175E+02      1.0000E+00
      9.5143E-03      1.0218E+00      1.0044E+00      1.0521E+00      9.1283E-03      8.6573E+01      9.5188E+01      1.0000E+00
      9.9876E-03      1.0048E+00      1.0000E+00      1.0084E+00      9.9292E-03      8.9693E+01      9.0363E+01      1.0000E+00
      1.0047E-02      1.0012E+00      1.0000E+00      1.0030E+00      1.0039E-02      8.9811E+01      9.0189E+01      1.0000E+00
      9.9536E-03      1.0042E+00      1.0000E+00      1.0083E+00      9.9512E-03      8.9980E+01      9.0017E+01      1.0000E+00
      9.2918E-03      1.0395E+00      1.0025E+00      1.0723E+00      9.2306E-03      8.9436E+01      9.0567E+01      1.0000E+00
      7.3882E-03      1.1591E+00      1.0358E+00      1.3033E+00      7.2783E-03      8.8172E+01      9.1863E+01      1.0000E+00
      7.7893E-03      1.2709E+00      1.3513E+00      1.4181E+00      4.3571E-03      7.1731E+01      1.3226E+02      1.0000E+00
      1.0311E-02      1.0323E+00      1.0052E+00      1.0586E+00      9.9420E-03      8.4310E+01      9.4798E+01      1.0000E+00
      1.0032E-02      1.0224E+00      1.0010E+00      1.0376E+00      9.7566E-03      8.7621E+01      9.1212E+01      1.0000E+00
      1.0338E-02      1.0072E+00      1.0008E+00      1.0196E+00      1.0253E-02      8.7884E+01      9.1996E+01      1.0000E+00
      1.0234E-02      1.0097E+00      1.0006E+00      1.0178E+00      1.0095E-02      8.7967E+01      9.1323E+01      1.0000E+00
      1.0072E-02      1.0025E+00      1.0001E+00      1.0045E+00      1.0035E-02      8.9381E+01      9.0433E+01      1.0000E+00
      1.0023E-02      1.0008E+00      1.0000E+00      1.0016E+00      1.0011E-02      8.9799E+01      9.0135E+01      1.0000E+00
      1.0015E-02      1.0008E+00      1.0000E+00      1.0017E+00      1.0008E-02      8.9925E+01      9.0042E+01      1.0000E+00
      1.0036E-02      1.0046E+00      1.0001E+00      1.0106E+00      1.0009E-02      8.9866E+01      9.0172E+01      1.0000E+00
      9.9606E-03      1.0137E+00      1.0007E+00      1.0344E+00      9.8490E-03      8.8995E+01      9.0753E+01      1.0000E+00
      8.9836E-03      1.0342E+00      1.0114E+00      1.0781E+00      8.4498E-03      8.3985E+01      9.8344E+01      1.0000E+00
      8.4917E-03      1.0625E+00      1.0245E+00      1.1129E+00      7.7747E-03      8.2320E+01      1.0237E+02      1.0000E+00
      9.7545E-03      1.0097E+00      1.0007E+00      1.0237E+00      9.5782E-03      8.8681E+01      9.2108E+01      1.0000E+00
      1.0034E-02      1.0036E+00      1.0001E+00      1.0094E+00      9.9941E-03      8.9574E+01      9.0325E+01      1.0000E+00
      1.0064E-02      1.0065E+00      1.0003E+00      1.0161E+00      9.9580E-03      8.8633E+01      9.1066E+01      1.0000E+00
      9.3399E-03      1.0431E+00      1.0030E+00      1.0788E+00      9.1705E-03      8.9154E+01      9.1427E+01      1.0000E+00
      7.1044E-03      1.1748E+00      1.0444E+00      1.3388E+00      6.7597E-03      8.6869E+01      9.4733E+01      1.0000E+00
      6.1811E-03      1.3484E+00      1.2973E+00      1.6728E+00      3.5642E-03      6.7941E+01      1.2830E+02      1.0000E+00
      1.0083E-02      1.1704E+00      1.0342E+00      1.3378E+00      8.5792E-03      7.7477E+01      1.0196E+02      1.0000E+00
      1.1664E-02      1.0869E+00      1.0267E+00      1.1459E+00      1.0432E-02      7.7014E+01      9.7856E+01      1.0000E+00
      1.0351E-02      1.0069E+00      1.0008E+00      1.0089E+00      1.0298E-02      8.7840E+01      9.2238E+01      1.0000E+00
      1.0183E-02      1.0061E+00      1.0003E+00      1.0102E+00      1.0118E-02      8.8519E+01      9.1207E+01      1.0000E+00
      1.0089E-02      1.0026E+00      1.0001E+00      1.0054E+00      1.0063E-02      8.9354E+01      9.0519E+01      1.0000E+00
      1.0060E-02      1.0017E+00      1.0000E+00      1.0033E+00      1.0030E-02      8.9516E+01      9.0324E+01      1.0000E+00
      1.0063E-02      1.0044E+00      1.0001E+00      1.0105E+00      1.0035E-02      8.9522E+01      9.0415E+01      1.0000E+00
      1.0090E-02      1.0152E+00      1.0006E+00      1.0295E+00      1.0018E-02      8.8511E+01      9.1116E+01      1.0000E+00
      1.0174E-02      1.0715E+00      1.0067E+00      1.1464E+00      9.2746E-03      8.5783E+01      9.5925E+01      1.0000E+00
      8.2103E-03      1.0770E+00      1.0197E+00      1.1091E+00      7.8243E-03      7.9549E+01      9.9495E+01      1.0000E+00
      9.7252E-03      1.0105E+00      1.0010E+00      1.0264E+00      9.5515E-03      8.7438E+01      9.1880E+01      1.0000E+00
      1.0048E-02      1.0057E+00      1.0002E+00      1.0136E+00      9.9976E-03      8.9220E+01      9.0623E+01      1.0000E+00
      1.0247E-02      1.0112E+00      1.0006E+00      1.0216E+00      1.0115E-02      8.8126E+01      9.1171E+01      1.0000E+00
      1.0728E-02      1.0917E+00      1.0209E+00      1.1929E+00      9.5750E-03      7.8687E+01      9.8824E+01      1.0000E+00
      5.9274E-03      1.4557E+00      1.2224E+00      1.5976E+00      4.0008E-03      6.2548E+01      1.2489E+02      1.0000E+00
      8.3866E-03      1.2810E+00      1.3276E+00      1.4486E+00      4.6758E-03      7.2323E+01      1.3112E+02      1.0000E+00
      1.0663E-02      1.0499E+00      1.0108E+00      1.0851E+00      1.0109E-02      8.1823E+01      9.6799E+01      1.0000E+00
      1.0115E-02      1.0212E+00      1.0011E+00      1.0368E+00      9.8698E-03      8.7464E+01      9.1473E+01      1.0000E+00
      1.0359E-02      1.0092E+00      1.0008E+00      1.0224E+00      1.0264E-02      8.7775E+01      9.1975E+01      1.0000E+00
      1.0242E-02      1.0100E+00      1.0007E+00      1.0176E+00      1.0103E-02      8.7932E+01      9.1407E+01      1.0000E+00
      1.0124E-02      1.0025E+00      1.0001E+00      1.0059E+00      1.0103E-02      8.9150E+01      9.0788E+01      1.0000E+00
      1.0237E-02      1.0079E+00      1.0006E+00      1.0168E+00      1.0174E-02      8.8068E+01      9.1677E+01      1.0000E+00
      1.0655E-02      1.0490E+00      1.0140E+00      1.0974E+00      9.9364E-03      8.0470E+01      9.6840E+01      1.0000E+00
      5.8349E-03      1.4609E+00      1.3654E+00      1.7968E+00      3.1075E-03      6.4311E+01      1.3203E+02      1.0000E+00
      1.0401E-02      1.1185E+00      1.0197E+00      1.2621E+00      8.8763E-03      8.2832E+01      9.9587E+01      1.0000E+00
      1.0086E-02      1.0190E+00      1.0012E+00      1.0268E+00      9.9463E-03      8.7516E+01      9.2551E+01      1.0000E+00
      1.0091E-02      1.0052E+00      1.0001E+00      1.0104E+00      1.0073E-02      8.9189E+01      9.0719E+01      1.0000E+00
      1.0166E-02      1.0152E+00      1.0004E+00      1.0223E+00      1.0051E-02      8.8972E+01      9.1226E+01      1.0000E+00
      1.0904E-02      1.0809E+00      1.0131E+00      1.1693E+00      9.6474E-03      8.0928E+01      9.4571E+01      1.0000E+00
      6.3877E-03      1.3539E+00      1.2814E+00      1.6879E+00      3.6502E-03      6.9102E+01      1.2755E+02      1.0000E+00
      1.0279E-02      1.1671E+00      1.0319E+00      1.3200E+00      8.7890E-03      7.8133E+01      1.0103E+02      1.0000E+00
      1.1689E-02      1.0941E+00      1.0279E+00      1.1543E+00      1.0426E-02      7.6793E+01      9.8301E+01      1.0000E+00
      1.0331E-02      1.0071E+00      1.0008E+00      1.0101E+00      1.0264E-02      8.7967E+01      9.2232E+01      1.0000E+00
      1.0202E-02      1.0038E+00      1.0003E+00      1.0056E+00      1.0167E-02      8.8554E+01      9.1373E+01      1.0000E+00
      1.0228E-02      1.0037E+00      1.0005E+00      1.0067E+00      1.0174E-02      8.8204E+01      9.1496E+01      1.0000E+00
      1.0049E-02      1.0188E+00      1.0017E+00      1.0381E+00      9.7655E-03      8.6716E+01      9.2162E+01      1.0000E+00
      9.7467E-03      1.1799E+00      1.0440E+00      1.4027E+00      8.0983E-03      7.7822E+01      1.0235E+02      1.0000E+00
      8.3591E-03      1.3162E+00      1.4334E+00      1.5078E+00      4.2129E-03      7.1254E+01      1.3574E+02      1.0000E+00
      1.1631E-02      1.0769E+00      1.0265E+00      1.1298E+00      1.0475E-02      7.6989E+01      9.7828E+01      1.0000E+00
      1.0383E-02      1.0066E+00      1.0013E+00      1.0194E+00      1.0278E-02      8.7298E+01      9.2759E+01      1.0000E+00
      1.0228E-02      1.0099E+00      1.0006E+00      1.0153E+00      1.0154E-02      8.8171E+01      9.1641E+01      1.0000E+00
      9.9184E-03      1.0137E+00      1.0007E+00      1.0247E+00      9.7079E-03      8.7943E+01      9.1013E+01      1.0000E+00
      8.6729E-03      1.0590E+00      1.0081E+00      1.1354E+00      7.8973E-03      8.4970E+01      9.5176E+01      1.0000E+00
      8.3068E-03      1.2847E+00      1.3272E+00      1.4427E+00      4.6600E-03      7.1930E+01      1.3111E+02      1.0000E+00
      1.0493E-02      1.0461E+00      1.0083E+00      1.0831E+00      9.9994E-03      8.2881E+01      9.6237E+01      1.0000E+00
      1.0014E-02      1.0174E+00      1.0008E+00      1.0310E+00      9.7525E-03      8.7807E+01      9.0940E+01      1.0000E+00
      1.0324E-02      1.0058E+00      1.0007E+00      1.0122E+00      1.0269E-02      8.8211E+01      9.2014E+01      1.0000E+00
      1.0512E-02      1.0080E+00      1.0018E+00      1.0116E+00      1.0413E-02      8.7015E+01      9.3425E+01      1.0000E+00
      1.1969E-02      1.0978E+00      1.0330E+00      1.1639E+00      1.0582E-02      7.5586E+01      9.8731E+01      1.0000E+00
      1.0128E-02      1.1948E+00      1.0425E+00      1.3673E+00      8.5120E-03      7.6758E+01      1.0370E+02      1.0000E+00
      6.1782E-03      1.3779E+00      1.3306E+00      1.7447E+00      3.4340E-03      6.6772E+01      1.2967E+02      1.0000E+00
      5.9380E-03      1.3899E+00      1.3506E+00      1.7080E+00      3.3762E-03      6.4351E+01      1.3086E+02      1.0000E+00
      9.5534E-03      1.1745E+00      1.0509E+00      1.3621E+00      7.9613E-03      7.6150E+01      1.0525E+02      1.0000E+00
      1.1390E-02      1.0708E+00      1.0183E+00      1.1222E+00      1.0451E-02      7.9270E+01      9.6658E+01      1.0000E+00
      1.0452E-02      1.0084E+00      1.0012E+00      1.0129E+00      1.0383E-02      8.7259E+01      9.2499E+01      1.0000E+00
      1.0324E-02      1.0074E+00      1.0009E+00      1.0151E+00      1.0208E-02      8.7578E+01      9.1847E+01      1.0000E+00
      1.0363E-02      1.0090E+00      1.0007E+00      1.0186E+00      1.0292E-02      8.7857E+01      9.1835E+01      1.0000E+00
      1.1239E-02      1.1011E+00      1.0275E+00      1.1778E+00      1.0020E-02      7.7049E+01      9.9526E+01      1.0000E+00
      6.8114E-03      1.3764E+00      1.2269E+00      1.6594E+00      4.2280E-03      6.7600E+01      1.2446E+02      1.0000E+00
      6.1839E-03      1.3617E+00      1.2853E+00      1.6534E+00      3.6164E-03      6.7521E+01      1.2803E+02      1.0000E+00
      9.8246E-03      1.1384E+00      1.0368E+00      1.3059E+00      8.4705E-03      7.7553E+01      1.0179E+02      1.0000E+00
      1.1049E-02      1.0706E+00      1.0163E+00      1.1185E+00      1.0186E-02      7.9983E+01      9.7253E+01      1.0000E+00
      1.0351E-02      1.0258E+00      1.0026E+00      1.0456E+00      1.0003E-02      8.5939E+01      9.2425E+01      1.0000E+00
      1.0649E-02      1.0137E+00      1.0019E+00      1.0271E+00      1.0603E-02      8.6706E+01      9.3190E+01      1.0000E+00
      1.0266E-02      1.0322E+00      1.0028E+00      1.0572E+00      9.9212E-03      8.6006E+01      9.2466E+01      1.0000E+00
      1.0782E-02      1.0669E+00      1.0122E+00      1.1012E+00      1.0146E-02      8.1679E+01      9.7005E+01      1.0000E+00
      9.6926E-03      1.1287E+00      1.0357E+00      1.2878E+00      8.4453E-03      7.8235E+01      1.0208E+02      1.0000E+00
      6.3777E-03      1.3976E+00      1.2862E+00      1.7094E+00      3.6980E-03      6.6541E+01      1.2797E+02      1.0000E+00
      6.1993E-03      1.4089E+00      1.2978E+00      1.6887E+00      3.6460E-03      6.4957E+01      1.2875E+02      1.0000E+00
      9.3810E-03      1.1140E+00      1.0459E+00      1.2888E+00      8.1843E-03      7.7137E+01      1.0301E+02      1.0000E+00
      1.0437E-02      1.0503E+00      1.0064E+00      1.0881E+00      9.9086E-03      8.3943E+01      9.5043E+01      1.0000E+00
      9.9519E-03      1.0210E+00      1.0008E+00      1.0377E+00      9.6630E-03      8.7874E+01      9.1206E+01      1.0000E+00
      1.0296E-02      1.0069E+00      1.0006E+00      1.0161E+00      1.0233E-02      8.8318E+01      9.1871E+01      1.0000E+00
      1.0296E-02      1.0069E+00      1.0007E+00      1.0123E+00      1.0206E-02      8.7894E+01      9.1653E+01      1.0000E+00
      1.0281E-02      1.0042E+00      1.0005E+00      1.0063E+00      1.0242E-02      8.8199E+01      9.1665E+01      1.0000E+00
      1.0212E-02      1.0163E+00      1.0009E+00      1.0277E+00      1.0019E-02      8.7629E+01      9.1557E+01      1.0000E+00
      1.0542E-02      1.1357E+00      1.0233E+00      1.2697E+00      9.1011E-03      7.9125E+01      9.8726E+01      1.0000E+00
      6.6257E-03      1.3703E+00      1.2812E+00      1.6938E+00      3.8705E-03      6.7376E+01      1.2745E+02      1.0000E+00
      1.0168E-02      1.1384E+00      1.0285E+00      1.2891E+00      8.8172E-03      7.8665E+01      1.0052E+02      1.0000E+00
      1.1198E-02      1.0838E+00      1.0204E+00      1.1339E+00      1.0248E-02      7.8922E+01      9.8313E+01      1.0000E+00
      1.0281E-02      1.0220E+00      1.0017E+00      1.0392E+00      1.0038E-02      8.6775E+01      9.2110E+01      1.0000E+00
      1.0470E-02      1.0128E+00      1.0011E+00      1.0241E+00      1.0431E-02      8.7544E+01      9.2245E+01      1.0000E+00
      1.0207E-02      1.0217E+00      1.0018E+00      1.0413E+00      9.9290E-03      8.6693E+01      9.1843E+01      1.0000E+00
      1.1233E-02      1.1037E+00      1.0246E+00      1.1617E+00      1.0192E-02      7.8218E+01      9.9563E+01      1.0000E+00
      1.1117E-02      1.1069E+00      1.0152E+00      1.1902E+00      9.8051E-03      8.1009E+01      9.5357E+01      1.0000E+00
      9.1569E-03      1.0357E+00      1.0042E+00      1.0893E+00      8.6514E-03      8.5921E+01      9.2196E+01      1.0000E+00
      8.6460E-03      1.0653E+00      1.0094E+00      1.1459E+00      8.3074E-03      8.7297E+01      9.1667E+01      1.0000E+00
      8.3588E-03      1.0907E+00      1.0160E+00      1.1952E+00      8.1381E-03      8.8510E+01      9.1384E+01      1.0000E+00
      8.1659E-03      1.1077E+00      1.0203E+00      1.2227E+00      8.0424E-03      8.9278E+01      9.0928E+01      1.0000E+00
      8.0874E-03      1.1144E+00      1.0209E+00      1.2262E+00      8.0467E-03      8.9704E+01      9.0355E+01      1.0000E+00
      8.1315E-03      1.1103E+00      1.0207E+00      1.2255E+00      8.0298E-03      8.9375E+01      9.0762E+01      1.0000E+00
      8.2894E-03      1.0957E+00      1.0172E+00      1.2035E+00      8.0938E-03      8.8690E+01      9.1260E+01      1.0000E+00
      8.5423E-03      1.0723E+00      1.0110E+00      1.1590E+00      8.2306E-03      8.7556E+01      9.1618E+01      1.0000E+00
      9.0121E-03      1.0438E+00      1.0054E+00      1.1055E+00      8.5394E-03      8.6311E+01      9.2244E+01      1.0000E+00
      1.0896E-02      1.0958E+00      1.0150E+00      1.1884E+00      9.6097E-03      8.0584E+01      9.5584E+01      1.0000E+00
      1.0998E-02      1.0917E+00      1.0191E+00      1.1538E+00      1.0016E-02      7.9536E+01      9.8268E+01      1.0000E+00
      9.9646E-03      1.0112E+00      1.0004E+00      1.0225E+00      9.7581E-03      8.8360E+01      9.0735E+01      1.0000E+00
      1.0158E-02      1.0050E+00      1.0002E+00      1.0095E+00      1.0126E-02      8.9150E+01      9.1005E+01      1.0000E+00
      1.0153E-02      1.0053E+00      1.0002E+00      1.0090E+00      1.0116E-02      8.8856E+01      9.1010E+01      1.0000E+00
      1.0148E-02      1.0028E+00      1.0001E+00      1.0048E+00      1.0131E-02      8.9053E+01      9.0885E+01      1.0000E+00
      1.0290E-02      1.0060E+00      1.0007E+00      1.0111E+00      1.0191E-02      8.7878E+01      9.1583E+01      1.0000E+00
      1.0407E-02      1.0032E+00      1.0008E+00      1.0050E+00      1.0380E-02      8.7747E+01      9.2246E+01      1.0000E+00
      1.0994E-02      1.0576E+00      1.0156E+00      1.1021E+00      1.0227E-02      8.0035E+01      9.7272E+01      1.0000E+00
      6.8440E-03      1.3459E+00      1.2518E+00      1.6624E+00      4.0257E-03      6.9781E+01      1.2595E+02      1.0000E+00
      6.6662E-03      1.3721E+00      1.2718E+00      1.6917E+00      3.9111E-03      6.7656E+01      1.2701E+02      1.0000E+00
      1.0130E-02      1.1300E+00      1.0281E+00      1.2769E+00      8.8179E-03      7.8705E+01      1.0031E+02      1.0000E+00
      1.1057E-02      1.0801E+00      1.0178E+00      1.1330E+00      1.0142E-02      7.9671E+01      9.7799E+01      1.0000E+00
      1.0213E-02      1.0210E+00      1.0015E+00      1.0365E+00      9.9420E-03      8.6913E+01      9.1864E+01      1.0000E+00
      1.0499E-02      1.0152E+00      1.0012E+00      1.0279E+00      1.0430E-02      8.7448E+01      9.2248E+01      1.0000E+00
      1.0304E-02      1.0246E+00      1.0012E+00      1.0350E+00      1.0147E-02      8.7927E+01      9.2186E+01      1.0000E+00
      9.9127E-03      1.0152E+00      1.0004E+00      1.0279E+00      9.7394E-03      8.8535E+01      9.1034E+01      1.0000E+00
      9.7009E-03      1.0156E+00      1.0006E+00      1.0338E+00      9.5696E-03      8.8748E+01      9.0613E+01      1.0000E+00
      9.5972E-03      1.0222E+00      1.0011E+00      1.0469E+00      9.5088E-03      8.9196E+01      9.0388E+01      1.0000E+00
      9.5226E-03      1.0252E+00      1.0013E+00      1.0515E+00      9.4792E-03      8.9658E+01      9.0175E+01      1.0000E+00
      9.4948E-03      1.0260E+00      1.0012E+00      1.0510E+00      9.4832E-03      8.9908E+01      9.0081E+01      1.0000E+00
      9.5092E-03      1.0252E+00      1.0012E+00      1.0510E+00      9.4774E-03      8.9827E+01      9.0208E+01      1.0000E+00
      9.5531E-03      1.0225E+00      1.0010E+00      1.0467E+00      9.4917E-03      8.9602E+01      9.0332E+01      1.0000E+00
      9.6307E-03      1.0174E+00      1.0007E+00      1.0376E+00      9.5190E-03      8.9181E+01      9.0503E+01      1.0000E+00
      9.8420E-03      1.0124E+00      1.0003E+00      1.0291E+00      9.6627E-03      8.8826E+01      9.0909E+01      1.0000E+00
      1.0173E-02      1.0180E+00      1.0005E+00      1.0267E+00      1.0040E-02      8.8942E+01      9.1293E+01      1.0000E+00
      1.0303E-02      1.0116E+00      1.0006E+00      1.0241E+00      1.0209E-02      8.8226E+01      9.1320E+01      1.0000E+00
      1.0186E-02      1.0092E+00      1.0004E+00      1.0149E+00      1.0108E-02      8.8501E+01      9.1249E+01      1.0000E+00
      1.0113E-02      1.0024E+00      1.0001E+00      1.0046E+00      1.0108E-02      8.9323E+01      9.0649E+01      1.0000E+00
      1.0127E-02      1.0025E+00      1.0001E+00      1.0049E+00      1.0118E-02      8.9255E+01      9.0704E+01      1.0000E+00
      1.0223E-02      1.0061E+00      1.0004E+00      1.0106E+00      1.0151E-02      8.8329E+01      9.1334E+01      1.0000E+00
      1.0394E-02      1.0039E+00      1.0008E+00      1.0059E+00      1.0358E-02      8.7762E+01      9.2176E+01      1.0000E+00
      1.1494E-02      1.0606E+00      1.0222E+00      1.1060E+00      1.0463E-02      7.8038E+01      9.6854E+01      1.0000E+00
      8.6419E-03      1.2562E+00      1.2962E+00      1.4157E+00      4.9448E-03      7.4138E+01      1.2951E+02      1.0000E+00
      6.4914E-03      1.3814E+00      1.2741E+00      1.6702E+00      3.8748E-03      6.6443E+01      1.2733E+02      1.0000E+00
      9.8053E-03      1.1093E+00      1.0359E+00      1.2706E+00      8.5517E-03      7.7959E+01      1.0090E+02      1.0000E+00
      1.0568E-02      1.0651E+00      1.0114E+00      1.1287E+00      9.7906E-03      8.1698E+01      9.6682E+01      1.0000E+00
      9.6948E-03      1.0205E+00      1.0007E+00      1.0380E+00      9.4318E-03      8.8398E+01      9.1510E+01      1.0000E+00
      1.0021E-02      1.0129E+00      1.0002E+00      1.0226E+00      9.8969E-03      8.9255E+01      9.0880E+01      1.0000E+00
      1.0153E-02      1.0063E+00      1.0003E+00      1.0138E+00      1.0043E-02      8.8489E+01      9.0962E+01      1.0000E+00
      1.0013E-02      1.0059E+00      1.0002E+00      1.0157E+00      9.9214E-03      8.8794E+01      9.0914E+01      1.0000E+00
      9.9102E-03      1.0047E+00      1.0000E+00      1.0094E+00      9.9001E-03      8.9817E+01      9.0129E+01      1.0000E+00
      9.9275E-03      1.0031E+00      1.0000E+00      1.0077E+00      9.8978E-03      8.9764E+01      9.0148E+01      1.0000E+00
      9.9733E-03      1.0011E+00      1.0000E+00      1.0035E+00      9.9568E-03      8.9745E+01      9.0275E+01      1.0000E+00
      9.9961E-03      1.0023E+00      1.0000E+00      1.0034E+00      9.9792E-03      8.9643E+01      9.0326E+01      1.0000E+00
      9.9899E-03      1.0027E+00      1.0000E+00      1.0038E+00      9.9705E-03      8.9730E+01      9.0275E+01      1.0000E+00
      1.0008E-02      1.0030E+00      1.0000E+00      1.0054E+00      9.9676E-03      8.9680E+01      9.0147E+01      1.0000E+00
      1.0074E-02      1.0055E+00      1.0001E+00      1.0093E+00      1.0033E-02      8.9353E+01      9.0505E+01      1.0000E+00
      1.0120E-02      1.0038E+00      1.0001E+00      1.0073E+00      1.0116E-02      8.9378E+01      9.0612E+01      1.0000E+00
      1.0108E-02      1.0044E+00      1.0001E+00      1.0080E+00      1.0084E-02      8.9266E+01      9.0641E+01      1.0000E+00
      1.0186E-02      1.0083E+00      1.0004E+00      1.0136E+00      1.0105E-02      8.8425E+01      9.1276E+01      1.0000E+00
      1.0319E-02      1.0095E+00      1.0007E+00      1.0204E+00      1.0223E-02      8.7960E+01      9.1616E+01      1.0000E+00
      1.0194E-02      1.0157E+00      1.0008E+00      1.0263E+00      1.0014E-02      8.7796E+01      9.1462E+01      1.0000E+00
      1.0990E-02      1.0577E+00      1.0156E+00      1.1023E+00      1.0220E-02      8.0040E+01      9.7251E+01      1.0000E+00
      8.6414E-03      1.2562E+00      1.2962E+00      1.4156E+00      4.9447E-03      7.4136E+01      1.2951E+02      1.0000E+00
      6.0740E-03      1.3991E+00      1.2730E+00      1.6311E+00      3.8217E-03      6.3650E+01      1.2740E+02      1.0000E+00
      7.9316E-03      1.0978E+00      1.0207E+00      1.2217E+00      7.0588E-03      8.6307E+01      9.8772E+01      1.0000E+00
      1.0387E-02      1.0868E+00      1.0254E+00      1.2187E+00      9.0424E-03      7.8483E+01      9.7510E+01      1.0000E+00
      1.0627E-02      1.0727E+00      1.0134E+00      1.1545E+00      9.6722E-03      8.0924E+01      9.6814E+01      1.0000E+00
      9.5138E-03      1.0321E+00      1.0014E+00      1.0535E+00      9.3503E-03      8.9120E+01      9.1133E+01      1.0000E+00
      9.6384E-03      1.0178E+00      1.0007E+00      1.0390E+00      9.4807E-03      8.9199E+01      9.1065E+01      1.0000E+00
      9.8951E-03      1.0137E+00      1.0002E+00      1.0283E+00      9.7288E-03      8.9108E+01      9.1033E+01      1.0000E+00
      1.0196E-02      1.0150E+00      1.0004E+00      1.0251E+00      1.0079E-02      8.9362E+01      9.1014E+01      1.0000E+00
      1.0247E-02      1.0125E+00      1.0005E+00      1.0227E+00      1.0115E-02      8.8224E+01      9.1163E+01      1.0000E+00
      1.0055E-02      1.0067E+00      1.0003E+00      1.0163E+00      9.9533E-03      8.8706E+01      9.1060E+01      1.0000E+00
      9.9485E-03      1.0041E+00      1.0000E+00      1.0084E+00      9.9460E-03      8.9954E+01      9.0053E+01      1.0000E+00
      1.0066E-02      1.0066E+00      1.0003E+00      1.0163E+00      9.9599E-03      8.8590E+01      9.1130E+01      1.0000E+00
      1.0251E-02      1.0109E+00      1.0006E+00      1.0207E+00      1.0125E-02      8.8127E+01      9.1216E+01      1.0000E+00
      1.0167E-02      1.0151E+00      1.0004E+00      1.0216E+00      1.0052E-02      8.8953E+01      9.1214E+01      1.0000E+00
      9.9140E-03      1.0139E+00      1.0006E+00      1.0247E+00      9.7035E-03      8.7974E+01      9.0980E+01      1.0000E+00
      1.1235E-02      1.1011E+00      1.0275E+00      1.1781E+00      1.0013E-02      7.7062E+01      9.9493E+01      1.0000E+00
      1.0539E-02      1.1356E+00      1.0233E+00      1.2695E+00      9.0987E-03      7.9112E+01      9.8731E+01      1.0000E+00
      6.8433E-03      1.3459E+00      1.2518E+00      1.6623E+00      4.0256E-03      6.9777E+01      1.2595E+02      1.0000E+00
      6.1279E-03      1.4141E+00      1.2643E+00      1.5981E+00      3.9691E-03      6.2663E+01      1.2720E+02      1.0000E+00
      7.7522E-03      1.1165E+00      1.0270E+00      1.2520E+00      7.0980E-03      8.6491E+01      9.8148E+01      1.0000E+00
      8.6422E-03      1.0622E+00      1.0095E+00      1.1479E+00      8.1956E-03      8.8031E+01      9.3960E+01      1.0000E+00
      9.3187E-03      1.0283E+00      1.0029E+00      1.0761E+00      8.8910E-03      8.7318E+01      9.2526E+01      1.0000E+00
      1.1096E-02      1.0775E+00      1.0133E+00      1.1516E+00      9.8771E-03      8.0856E+01      9.4394E+01      1.0000E+00
      1.0704E-02      1.0989E+00      1.0205E+00      1.1990E+00      9.5672E-03      7.9040E+01      9.8987E+01      1.0000E+00
      9.3284E-03      1.0425E+00      1.0028E+00      1.0777E+00      9.1533E-03      8.8950E+01      9.1153E+01      1.0000E+00
      9.2914E-03      1.0394E+00      1.0025E+00      1.0723E+00      9.2303E-03      8.9433E+01      9.0571E+01      1.0000E+00
      9.3399E-03      1.0431E+00      1.0030E+00      1.0789E+00      9.1703E-03      8.9149E+01      9.1431E+01      1.0000E+00
      1.0728E-02      1.0916E+00      1.0209E+00      1.1929E+00      9.5754E-03      7.8686E+01      9.8827E+01      1.0000E+00
      1.0904E-02      1.0809E+00      1.0131E+00      1.1693E+00      9.6474E-03      8.0929E+01      9.4572E+01      1.0000E+00
      8.6726E-03      1.0590E+00      1.0081E+00      1.1355E+00      7.8970E-03      8.4972E+01      9.5178E+01      1.0000E+00
      6.8111E-03      1.3764E+00      1.2270E+00      1.6594E+00      4.2279E-03      6.7598E+01      1.2446E+02      1.0000E+00
      5.8778E-03      1.4475E+00      1.2308E+00      1.5846E+00      3.9640E-03      6.2303E+01      1.2544E+02      1.0000E+00
      7.0896E-03      1.1743E+00      1.0454E+00      1.3352E+00      6.7445E-03      8.5461E+01      9.6182E+01      1.0000E+00
      7.3882E-03      1.1591E+00      1.0358E+00      1.3033E+00      7.2783E-03      8.8172E+01      9.1863E+01      1.0000E+00
      7.1044E-03      1.1748E+00      1.0444E+00      1.3388E+00      6.7597E-03      8.6869E+01      9.4733E+01      1.0000E+00
      5.9274E-03      1.4557E+00      1.2224E+00      1.5976E+00      4.0008E-03      6.2548E+01      1.2489E+02      1.0000E+00
      4.6944E-03      1.3077E+00      1.3412E+00      2.0284E+00      2.8281E-03      6.7713E+01      1.1946E+02      1.0000E+00
      3.8762E-03      1.4113E+00      1.2590E+00      1.9890E+00      2.6274E-03      7.6510E+01      1.1368E+02      1.0000E+00
      6.4726E-03      1.1827E+00      1.1035E+00      1.5165E+00      5.7233E-03      8.0791E+01      9.9613E+01      1.0000E+00
      8.2134E-03      1.1006E+00      1.0349E+00      1.2789E+00      7.6429E-03      8.4422E+01      9.5353E+01      1.0000E+00
      9.3843E-03      1.0577E+00      1.0104E+00      1.1508E+00      8.9207E-03      8.6948E+01      9.2314E+01      1.0000E+00
      1.0077E-02      1.0348E+00      1.0028E+00      1.0773E+00      9.7510E-03      8.8855E+01      9.2532E+01      1.0000E+00
      1.0333E-02      1.0259E+00      1.0014E+00      1.0404E+00      1.0169E-02      8.7999E+01      9.2303E+01      1.0000E+00
      1.0198E-02      1.0294E+00      1.0022E+00      1.0588E+00      9.9516E-03      8.6682E+01      9.1940E+01      1.0000E+00
      9.7177E-03      1.0450E+00      1.0072E+00      1.1081E+00      9.3713E-03      8.5456E+01      9.3517E+01      1.0000E+00
      8.9324E-03      1.0739E+00      1.0195E+00      1.1880E+00      8.5200E-03      8.4124E+01      9.5454E+01      1.0000E+00
      7.8543E-03      1.1189E+00      1.0465E+00      1.3062E+00      7.3381E-03      8.2416E+01      9.8146E+01      1.0000E+00
      6.3769E-03      1.1897E+00      1.1021E+00      1.4951E+00      5.7414E-03      7.9951E+01      1.0098E+02      1.0000E+00
      4.0665E-03      1.3623E+00      1.1935E+00      1.8216E+00      2.9565E-03      7.7370E+01      1.0942E+02      1.0000E+00
      5.0237E-03      1.4183E+00      1.3500E+00      2.0788E+00      2.8909E-03      6.3855E+01      1.2422E+02      1.0000E+00
      8.5953E-03      1.1858E+00      1.0496E+00      1.3318E+00      7.0745E-03      7.3618E+01      1.0209E+02      1.0000E+00
      6.9007E-03      1.0901E+00      1.0304E+00      1.2616E+00      6.0016E-03      8.4344E+01      9.9788E+01      1.0000E+00
      4.4613E-03      1.2346E+00      1.0996E+00      1.5409E+00      3.2144E-03      7.8964E+01      1.1097E+02      1.0000E+00
      5.4019E-03      1.4157E+00      1.2734E+00      1.9019E+00      3.3711E-03      6.3429E+01      1.2301E+02      1.0000E+00
      8.6222E-03      1.1756E+00      1.0487E+00      1.3399E+00      6.8590E-03      7.2985E+01      9.9552E+01      1.0000E+00
      6.5121E-03      1.1111E+00      1.0518E+00      1.3365E+00      5.4346E-03      8.2299E+01      1.0277E+02      1.0000E+00
      3.9416E-03      1.3001E+00      1.1677E+00      1.7626E+00      2.7026E-03      7.6199E+01      1.1162E+02      1.0000E+00
      4.7180E-03      1.3333E+00      1.3204E+00      1.9528E+00      2.9369E-03      6.5122E+01      1.2100E+02      1.0000E+00
      7.0172E-03      1.2498E+00      1.0758E+00      1.4721E+00      5.3488E-03      7.1427E+01      9.9577E+01      1.0000E+00
      4.1257E-03      1.2146E+00      1.1126E+00      1.5562E+00      2.9414E-03      7.9549E+01      1.1170E+02      1.0000E+00
      4.9459E-03      1.3452E+00      1.2653E+00      1.8555E+00      3.2369E-03      6.4524E+01      1.2026E+02      1.0000E+00
      7.1364E-03      1.2312E+00      1.0685E+00      1.4440E+00      5.3520E-03      7.1226E+01      1.0051E+02      1.0000E+00
      4.1022E-03      1.2100E+00      1.1171E+00      1.5631E+00      2.8754E-03      7.8696E+01      1.1215E+02      1.0000E+00
      4.8593E-03      1.3200E+00      1.2631E+00      1.8276E+00      3.2323E-03      6.4926E+01      1.1952E+02      1.0000E+00
      6.7891E-03      1.2545E+00      1.0886E+00      1.5182E+00      4.9720E-03      7.0975E+01      1.0235E+02      1.0000E+00
      3.7262E-03      1.2552E+00      1.1514E+00      1.7203E+00      2.5310E-03      7.6926E+01      1.1220E+02      1.0000E+00
      4.2691E-03      1.2779E+00      1.2973E+00      1.8537E+00      2.7860E-03      6.6349E+01      1.1911E+02      1.0000E+00
      5.0785E-03      1.1608E+00      1.1106E+00      1.3624E+00      4.2693E-03      6.8156E+01      1.1088E+02      1.0000E+00
      5.6651E-03      1.3823E+00      1.1681E+00      1.6961E+00      4.1495E-03      6.3591E+01      1.1726E+02      1.0000E+00
      7.6006E-03      1.1865E+00      1.0632E+00      1.3692E+00      5.5033E-03      7.0154E+01      1.0212E+02      1.0000E+00
      4.1655E-03      1.1860E+00      1.1133E+00      1.5119E+00      2.8446E-03      7.7237E+01      1.1315E+02      1.0000E+00
      4.6814E-03      1.2892E+00      1.2297E+00      1.7198E+00      3.2308E-03      6.5871E+01      1.1878E+02      1.0000E+00
      5.3264E-03      1.1994E+00      1.1066E+00      1.3923E+00      4.4394E-03      6.7927E+01      1.1169E+02      1.0000E+00
      5.7885E-03      1.3659E+00      1.1530E+00      1.6377E+00      4.3541E-03      6.3938E+01      1.1660E+02      1.0000E+00
      7.4300E-03      1.1949E+00      1.0661E+00      1.3934E+00      5.2391E-03      6.9717E+01      1.0396E+02      1.0000E+00
      3.8913E-03      1.2045E+00      1.1371E+00      1.6163E+00      2.5679E-03      7.5449E+01      1.1346E+02      1.0000E+00
      4.3201E-03      1.2377E+00      1.2639E+00      1.7310E+00      2.9861E-03      6.6680E+01      1.1785E+02      1.0000E+00
      4.7563E-03      1.1719E+00      1.1494E+00      1.4694E+00      3.8494E-03      6.7998E+01      1.1206E+02      1.0000E+00
      5.0049E-03      1.2938E+00      1.1725E+00      1.6587E+00      3.7016E-03      6.5967E+01      1.1529E+02      1.0000E+00
      5.4585E-03      1.2345E+00      1.1065E+00      1.4230E+00      4.4796E-03      6.7099E+01      1.1222E+02      1.0000E+00
      5.6681E-03      1.3456E+00      1.1363E+00      1.5715E+00      4.3451E-03      6.5160E+01      1.1583E+02      1.0000E+00
      6.0869E-03      1.2944E+00      1.1173E+00      1.4033E+00      5.0409E-03      6.6594E+01      1.1290E+02      1.0000E+00
      6.3659E-03      1.3841E+00      1.1618E+00      1.5233E+00      5.0369E-03      6.3806E+01      1.1603E+02      1.0000E+00
      7.6289E-03      1.2455E+00      1.0754E+00      1.4707E+00      5.2124E-03      6.8743E+01      1.0578E+02      1.0000E+00
      3.8058E-03      1.2287E+00      1.1492E+00      1.6781E+00      2.4252E-03      7.3681E+01      1.1440E+02      1.0000E+00
      4.1261E-03      1.1920E+00      1.2716E+00      1.6783E+00      2.9496E-03      6.7211E+01      1.1659E+02      1.0000E+00
      4.2743E-03      1.1950E+00      1.2228E+00      1.6490E+00      3.2489E-03      6.8175E+01      1.1274E+02      1.0000E+00
      4.3677E-03      1.1980E+00      1.2281E+00      1.6713E+00      3.2432E-03      6.7481E+01      1.1322E+02      1.0000E+00
      4.4940E-03      1.1798E+00      1.1974E+00      1.5806E+00      3.4817E-03      6.7487E+01      1.1254E+02      1.0000E+00
      4.5544E-03      1.2076E+00      1.2001E+00      1.6290E+00      3.4462E-03      6.7273E+01      1.1317E+02      1.0000E+00
      4.6261E-03      1.1975E+00      1.1844E+00      1.5802E+00      3.5798E-03      6.7331E+01      1.1281E+02      1.0000E+00
      4.6503E-03      1.2086E+00      1.1858E+00      1.5989E+00      3.5650E-03      6.7227E+01      1.1309E+02      1.0000E+00
      4.6583E-03      1.2075E+00      1.1842E+00      1.5937E+00      3.5798E-03      6.7235E+01      1.1305E+02      1.0000E+00
      4.6438E-03      1.2007E+00      1.1833E+00      1.5824E+00      3.5889E-03      6.7300E+01      1.1288E+02      1.0000E+00
      4.5878E-03      1.2086E+00      1.1954E+00      1.6201E+00      3.4843E-03      6.7250E+01      1.1317E+02      1.0000E+00
      4.5375E-03      1.1852E+00      1.1930E+00      1.5798E+00      3.5149E-03      6.7439E+01      1.1263E+02      1.0000E+00
      4.4262E-03      1.2011E+00      1.2191E+00      1.6578E+00      3.3042E-03      6.7418E+01      1.1326E+02      1.0000E+00
      4.3424E-03      1.1849E+00      1.2139E+00      1.6200E+00      3.3051E-03      6.8098E+01      1.1284E+02      1.0000E+00
      4.2070E-03      1.1928E+00      1.2569E+00      1.6544E+00      3.0305E-03      6.7111E+01      1.1656E+02      1.0000E+00
      3.8822E-03      1.2380E+00      1.1426E+00      1.6651E+00      2.4835E-03      7.3867E+01      1.1460E+02      1.0000E+00
      7.7547E-03      1.2560E+00      1.0822E+00      1.4956E+00      5.3076E-03      6.8635E+01      1.0560E+02      1.0000E+00
      6.4932E-03      1.3943E+00      1.1680E+00      1.5179E+00      5.1600E-03      6.3674E+01      1.1615E+02      1.0000E+00
      6.2243E-03      1.3085E+00      1.1236E+00      1.4036E+00      5.1645E-03      6.6461E+01      1.1308E+02      1.0000E+00
      5.8191E-03      1.3576E+00      1.1432E+00      1.5546E+00      4.4903E-03      6.4992E+01      1.1598E+02      1.0000E+00
      5.6236E-03      1.2506E+00      1.1011E+00      1.4168E+00      4.6285E-03      6.6981E+01      1.1240E+02      1.0000E+00
      5.1805E-03      1.3075E+00      1.1599E+00      1.6328E+00      3.8682E-03      6.5726E+01      1.1552E+02      1.0000E+00
      4.9471E-03      1.1899E+00      1.1350E+00      1.4583E+00      4.0200E-03      6.7884E+01      1.1221E+02      1.0000E+00
      4.5175E-03      1.2532E+00      1.2362E+00      1.6933E+00      3.1693E-03      6.6362E+01      1.1796E+02      1.0000E+00
      4.0786E-03      1.2077E+00      1.1229E+00      1.5679E+00      2.7167E-03      7.5905E+01      1.1374E+02      1.0000E+00
      7.7162E-03      1.2067E+00      1.0671E+00      1.4123E+00      5.4658E-03      6.9636E+01      1.0351E+02      1.0000E+00
      6.0410E-03      1.3874E+00      1.1598E+00      1.6099E+00      4.5898E-03      6.3550E+01      1.1701E+02      1.0000E+00
      5.5935E-03      1.2242E+00      1.0963E+00      1.3817E+00      4.6841E-03      6.7809E+01      1.1187E+02      1.0000E+00
      4.9486E-03      1.3114E+00      1.2048E+00      1.6756E+00      3.4735E-03      6.5407E+01      1.1902E+02      1.0000E+00
      4.4224E-03      1.2119E+00      1.1017E+00      1.4840E+00      3.0511E-03      7.7753E+01      1.1342E+02      1.0000E+00
      7.9872E-03      1.1977E+00      1.0640E+00      1.4159E+00      5.8117E-03      7.0126E+01      1.0161E+02      1.0000E+00
      5.9922E-03      1.4107E+00      1.1705E+00      1.6562E+00      4.4485E-03      6.3018E+01      1.1789E+02      1.0000E+00
      5.4274E-03      1.1919E+00      1.0940E+00      1.3495E+00      4.5883E-03      6.8135E+01      1.1100E+02      1.0000E+00
      4.6076E-03      1.3056E+00      1.2502E+00      1.7789E+00      3.0871E-03      6.5625E+01      1.1956E+02      1.0000E+00
      4.0603E-03      1.1994E+00      1.1177E+00      1.5559E+00      2.8024E-03      7.7691E+01      1.1241E+02      1.0000E+00
      7.2837E-03      1.2101E+00      1.0608E+00      1.4122E+00      5.3717E-03      7.1079E+01      1.0159E+02      1.0000E+00
      5.2633E-03      1.3540E+00      1.2264E+00      1.7567E+00      3.5880E-03      6.4050E+01      1.2019E+02      1.0000E+00
      4.4915E-03      1.1636E+00      1.0949E+00      1.4208E+00      3.1933E-03      7.9397E+01      1.1231E+02      1.0000E+00
      7.7049E-03      1.1843E+00      1.0562E+00      1.3431E+00      5.8123E-03      7.1390E+01      9.9819E+01      1.0000E+00
      5.3984E-03      1.3849E+00      1.2273E+00      1.7740E+00      3.6340E-03      6.3471E+01      1.2105E+02      1.0000E+00
      4.5581E-03      1.1508E+00      1.0885E+00      1.3838E+00      3.3001E-03      8.0412E+01      1.1186E+02      1.0000E+00
      7.6069E-03      1.1944E+00      1.0564E+00      1.3419E+00      5.8319E-03      7.1630E+01      9.8729E+01      1.0000E+00
      5.1351E-03      1.3836E+00      1.2567E+00      1.8565E+00      3.3398E-03      6.3645E+01      1.2131E+02      1.0000E+00
      4.2510E-03      1.1974E+00      1.0992E+00      1.4921E+00      3.0983E-03      8.0741E+01      1.1128E+02      1.0000E+00
      7.0098E-03      1.2524E+00      1.0717E+00      1.4571E+00      5.4388E-03      7.1533E+01      9.9629E+01      1.0000E+00
      4.5435E-03      1.3413E+00      1.3563E+00      2.0437E+00      2.7339E-03      6.5234E+01      1.2122E+02      1.0000E+00
      3.7102E-03      1.3505E+00      1.2098E+00      1.8770E+00      2.5640E-03      7.6417E+01      1.1132E+02      1.0000E+00
      6.0671E-03      1.1601E+00      1.0712E+00      1.4384E+00      5.1173E-03      8.2859E+01      1.0244E+02      1.0000E+00
      7.8561E-03      1.2393E+00      1.0656E+00      1.3814E+00      6.3454E-03      7.2581E+01      1.0197E+02      1.0000E+00
      4.6730E-03      1.3711E+00      1.3823E+00      2.1369E+00      2.6764E-03      6.5343E+01      1.2239E+02      1.0000E+00
      3.7371E-03      1.4107E+00      1.2501E+00      1.9772E+00      2.6393E-03      7.6314E+01      1.1041E+02      1.0000E+00
      6.0373E-03      1.2007E+00      1.1170E+00      1.5421E+00      5.2884E-03      7.9854E+01      1.0220E+02      1.0000E+00
      7.5174E-03      1.1094E+00      1.0390E+00      1.2922E+00      6.8492E-03      8.3564E+01      9.8484E+01      1.0000E+00
      8.4053E-03      1.0537E+00      1.0072E+00      1.1275E+00      7.8118E-03      8.6646E+01      9.4657E+01      1.0000E+00
      9.0088E-03      1.1723E+00      1.0525E+00      1.3171E+00      7.7292E-03      7.4161E+01      1.0635E+02      1.0000E+00
      4.6433E-03      1.4757E+00      1.4043E+00      2.3201E+00      2.4794E-03      6.3640E+01      1.2441E+02      1.0000E+00
      3.4042E-03      1.4858E+00      1.2796E+00      2.0058E+00      2.6197E-03      7.8127E+01      1.1015E+02      1.0000E+00
      4.8674E-03      1.3774E+00      1.1856E+00      1.8128E+00      4.6312E-03      8.4232E+01      9.7084E+01      1.0000E+00
      5.2580E-03      1.3733E+00      1.1577E+00      1.7360E+00      5.1915E-03      8.6878E+01      9.3258E+01      1.0000E+00
      4.9032E-03      1.3696E+00      1.1786E+00      1.8024E+00      4.6798E-03      8.8455E+01      9.2806E+01      1.0000E+00
      3.4325E-03      1.4787E+00      1.2772E+00      1.9468E+00      2.6240E-03      7.4413E+01      1.1408E+02      1.0000E+00
      4.7469E-03      1.4684E+00      1.3340E+00      2.2778E+00      2.6481E-03      6.5250E+01      1.2103E+02      1.0000E+00
      8.8594E-03      1.1754E+00      1.0553E+00      1.3149E+00      7.5753E-03      7.2586E+01      1.0624E+02      1.0000E+00
      7.5494E-03      1.0540E+00      1.0145E+00      1.1736E+00      6.8147E-03      8.4346E+01      9.5136E+01      1.0000E+00
      5.0375E-03      1.1963E+00      1.0963E+00      1.4083E+00      3.6243E-03      8.1175E+01      1.1343E+02      1.0000E+00
      6.0198E-03      1.4225E+00      1.2210E+00      1.7923E+00      3.8958E-03      6.4346E+01      1.2211E+02      1.0000E+00
      8.7794E-03      1.1498E+00      1.0523E+00      1.3125E+00      6.9012E-03      7.1880E+01      9.6557E+01      1.0000E+00
      5.1866E-03      1.2027E+00      1.1017E+00      1.3989E+00      3.6106E-03      7.9419E+01      1.1457E+02      1.0000E+00
      5.8132E-03      1.3291E+00      1.1780E+00      1.6155E+00      4.0678E-03      6.6551E+01      1.1948E+02      1.0000E+00
      6.3863E-03      1.2618E+00      1.1082E+00      1.4015E+00      5.1376E-03      6.7984E+01      1.1449E+02      1.0000E+00
      6.5593E-03      1.3253E+00      1.1275E+00      1.4873E+00      5.0576E-03      6.6844E+01      1.1600E+02      1.0000E+00
      6.5593E-03      1.3253E+00      1.1275E+00      1.4873E+00      5.0576E-03      6.6844E+01      1.1600E+02      1.0000E+00
      6.3863E-03      1.2617E+00      1.1082E+00      1.4015E+00      5.1376E-03      6.7985E+01      1.1449E+02      1.0000E+00
      5.8132E-03      1.3291E+00      1.1780E+00      1.6155E+00      4.0678E-03      6.6552E+01      1.1948E+02      1.0000E+00
      5.1866E-03      1.2027E+00      1.1017E+00      1.3989E+00      3.6106E-03      7.9418E+01      1.1457E+02      1.0000E+00
      8.7792E-03      1.1498E+00      1.0523E+00      1.3124E+00      6.9012E-03      7.1881E+01      9.6556E+01      1.0000E+00
      6.0197E-03      1.4225E+00      1.2210E+00      1.7922E+00      3.8958E-03      6.4347E+01      1.2210E+02      1.0000E+00
      5.0375E-03      1.1963E+00      1.0963E+00      1.4083E+00      3.6243E-03      8.1175E+01      1.1343E+02      1.0000E+00
      7.5494E-03      1.0540E+00      1.0145E+00      1.1736E+00      6.8147E-03      8.4346E+01      9.5136E+01      1.0000E+00
      8.8594E-03      1.1754E+00      1.0553E+00      1.3149E+00      7.5753E-03      7.2586E+01      1.0624E+02      1.0000E+00
      4.7469E-03      1.4684E+00      1.3340E+00      2.2778E+00      2.6481E-03      6.5250E+01      1.2103E+02      1.0000E+00
      3.4325E-03      1.4787E+00      1.2772E+00      1.9468E+00      2.6240E-03      7.4413E+01      1.1408E+02      1.0000E+00
      4.9032E-03      1.3696E+00      1.1786E+00      1.8024E+00      4.6798E-03      8.8455E+01      9.2806E+01      1.0000E+00
      5.2580E-03      1.3733E+00      1.1577E+00      1.7360E+00      5.1915E-03      8.6878E+01      9.3258E+01      1.0000E+00
      4.8674E-03      1.3774E+00      1.1856E+00      1.8128E+00      4.6312E-03      8.4232E+01      9.7084E+01      1.0000E+00
      3.4042E-03      1.4858E+00      1.2796E+00      2.0058E+00      2.6197E-03      7.8127E+01      1.1015E+02      1.0000E+00
      4.6432E-03      1.4757E+00      1.4043E+00      2.3201E+00      2.4794E-03      6.3641E+01      1.2441E+02      1.0000E+00
      9.0087E-03      1.1723E+00      1.0526E+00      1.3171E+00      7.7292E-03      7.4161E+01      1.0635E+02      1.0000E+00
      8.4053E-03      1.0537E+00      1.0072E+00      1.1275E+00      7.8117E-03      8.6646E+01      9.4657E+01      1.0000E+00
      7.5173E-03      1.1094E+00      1.0390E+00      1.2922E+00      6.8492E-03      8.3564E+01      9.8484E+01      1.0000E+00
      6.0372E-03      1.2007E+00      1.1170E+00      1.5421E+00      5.2884E-03      7.9854E+01      1.0220E+02      1.0000E+00
      3.7371E-03      1.4107E+00      1.2501E+00      1.9772E+00      2.6393E-03      7.6314E+01      1.1041E+02      1.0000E+00
      4.6729E-03      1.3710E+00      1.3823E+00      2.1368E+00      2.6764E-03      6.5345E+01      1.2238E+02      1.0000E+00
      7.8560E-03      1.2393E+00      1.0656E+00      1.3814E+00      6.3456E-03      7.2584E+01      1.0197E+02      1.0000E+00
      6.0674E-03      1.1600E+00      1.0712E+00      1.4382E+00      5.1178E-03      8.2861E+01      1.0243E+02      1.0000E+00
      3.7105E-03      1.3504E+00      1.2097E+00      1.8768E+00      2.5643E-03      7.6421E+01      1.1132E+02      1.0000E+00
      4.5460E-03      1.3423E+00      1.3572E+00      2.0453E+00      2.7333E-03      6.5188E+01      1.2128E+02      1.0000E+00
      7.0153E-03      1.2522E+00      1.0716E+00      1.4566E+00      5.4418E-03      7.1505E+01      9.9639E+01      1.0000E+00
      4.2530E-03      1.1971E+00      1.0994E+00      1.4918E+00      3.0993E-03      8.0757E+01      1.1131E+02      1.0000E+00
      5.1385E-03      1.3847E+00      1.2575E+00      1.8580E+00      3.3395E-03      6.3592E+01      1.2137E+02      1.0000E+00
      7.6134E-03      1.1943E+00      1.0566E+00      1.3422E+00      5.8350E-03      7.1590E+01      9.8715E+01      1.0000E+00
      4.5602E-03      1.1512E+00      1.0887E+00      1.3841E+00      3.3012E-03      8.0426E+01      1.1188E+02      1.0000E+00
      5.4020E-03      1.3862E+00      1.2282E+00      1.7756E+00      3.6334E-03      6.3414E+01      1.2111E+02      1.0000E+00
      7.7121E-03      1.1842E+00      1.0564E+00      1.3435E+00      5.8154E-03      7.1344E+01      9.9805E+01      1.0000E+00
      4.4936E-03      1.1640E+00      1.0951E+00      1.4212E+00      3.1942E-03      7.9412E+01      1.1234E+02      1.0000E+00
      5.2650E-03      1.3544E+00      1.2266E+00      1.7571E+00      3.5885E-03      6.4031E+01      1.2021E+02      1.0000E+00
      7.2859E-03      1.2101E+00      1.0609E+00      1.4124E+00      5.3720E-03      7.1057E+01      1.0159E+02      1.0000E+00
      4.0604E-03      1.1994E+00      1.1177E+00      1.5559E+00      2.8024E-03      7.7692E+01      1.1241E+02      1.0000E+00
      4.6076E-03      1.3056E+00      1.2502E+00      1.7789E+00      3.0871E-03      6.5625E+01      1.1956E+02      1.0000E+00
      5.4275E-03      1.1919E+00      1.0940E+00      1.3495E+00      4.5883E-03      6.8134E+01      1.1100E+02      1.0000E+00
      5.9922E-03      1.4107E+00      1.1705E+00      1.6562E+00      4.4485E-03      6.3018E+01      1.1789E+02      1.0000E+00
      7.9872E-03      1.1977E+00      1.0640E+00      1.4159E+00      5.8117E-03      7.0126E+01      1.0161E+02      1.0000E+00
      4.4224E-03      1.2119E+00      1.1017E+00      1.4840E+00      3.0511E-03      7.7753E+01      1.1342E+02      1.0000E+00
      4.9486E-03      1.3114E+00      1.2048E+00      1.6756E+00      3.4735E-03      6.5407E+01      1.1902E+02      1.0000E+00
      5.5935E-03      1.2242E+00      1.0963E+00      1.3817E+00      4.6841E-03      6.7809E+01      1.1187E+02      1.0000E+00
      6.0410E-03      1.3874E+00      1.1598E+00      1.6099E+00      4.5898E-03      6.3550E+01      1.1701E+02      1.0000E+00
      7.7162E-03      1.2067E+00      1.0671E+00      1.4123E+00      5.4658E-03      6.9636E+01      1.0351E+02      1.0000E+00
      4.0786E-03      1.2077E+00      1.1229E+00      1.5679E+00      2.7167E-03      7.5905E+01      1.1374E+02      1.0000E+00
      4.5175E-03      1.2532E+00      1.2362E+00      1.6933E+00      3.1693E-03      6.6362E+01      1.1796E+02      1.0000E+00
      4.9471E-03      1.1899E+00      1.1350E+00      1.4583E+00      4.0200E-03      6.7884E+01      1.1221E+02      1.0000E+00
      5.1805E-03      1.3075E+00      1.1599E+00      1.6328E+00      3.8682E-03      6.5726E+01      1.1552E+02      1.0000E+00
      5.6236E-03      1.2506E+00      1.1011E+00      1.4168E+00      4.6285E-03      6.6981E+01      1.1240E+02      1.0000E+00
      5.8191E-03      1.3576E+00      1.1432E+00      1.5546E+00      4.4903E-03      6.4992E+01      1.1598E+02      1.0000E+00
      6.2243E-03      1.3085E+00      1.1236E+00      1.4036E+00      5.1645E-03      6.6461E+01      1.1308E+02      1.0000E+00
      6.4932E-03      1.3943E+00      1.1680E+00      1.5179E+00      5.1600E-03      6.3675E+01      1.1615E+02      1.0000E+00
      7.7547E-03      1.2560E+00      1.0822E+00      1.4956E+00      5.3076E-03      6.8635E+01      1.0560E+02      1.0000E+00
      3.8822E-03      1.2380E+00      1.1426E+00      1.6651E+00      2.4835E-03      7.3867E+01      1.1460E+02      1.0000E+00
      4.2070E-03      1.1928E+00      1.2569E+00      1.6544E+00      3.0305E-03      6.7111E+01      1.1656E+02      1.0000E+00
      4.3424E-03      1.1849E+00      1.2139E+00      1.6200E+00      3.3051E-03      6.8098E+01      1.1284E+02      1.0000E+00
      4.4262E-03      1.2011E+00      1.2191E+00      1.6578E+00      3.3042E-03      6.7418E+01      1.1326E+02      1.0000E+00
      4.5375E-03      1.1852E+00      1.1930E+00      1.5798E+00      3.5149E-03      6.7439E+01      1.1263E+02      1.0000E+00
      4.5878E-03      1.2086E+00      1.1954E+00      1.6201E+00      3.4843E-03      6.7250E+01      1.1317E+02      1.0000E+00
      4.6438E-03      1.2007E+00      1.1833E+00      1.5824E+00      3.5889E-03      6.7299E+01      1.1288E+02      1.0000E+00
      4.6583E-03      1.2075E+00      1.1842E+00      1.5937E+00      3.5798E-03      6.7235E+01      1.1305E+02      1.0000E+00
      4.6503E-03      1.2086E+00      1.1858E+00      1.5989E+00      3.5650E-03      6.7227E+01      1.1309E+02      1.0000E+00
      4.6261E-03      1.1975E+00      1.1844E+00      1.5802E+00      3.5798E-03      6.7331E+01      1.1281E+02      1.0000E+00
      4.5544E-03      1.2076E+00      1.2001E+00      1.6290E+00      3.4462E-03      6.7273E+01      1.1317E+02      1.0000E+00
      4.4940E-03      1.1798E+00      1.1974E+00      1.5806E+00      3.4817E-03      6.7487E+01      1.1254E+02      1.0000E+00
      4.3677E-03      1.1980E+00      1.2281E+00      1.6713E+00      3.2432E-03      6.7481E+01      1.1322E+02      1.0000E+00
      4.2743E-03      1.1950E+00      1.2228E+00      1.6490E+00      3.2489E-03      6.8174E+01      1.1274E+02      1.0000E+00
      4.1261E-03      1.1920E+00      1.2716E+00      1.6783E+00      2.9496E-03      6.7211E+01      1.1659E+02      1.0000E+00
      3.8058E-03      1.2287E+00      1.1492E+00      1.6781E+00      2.4252E-03      7.3681E+01      1.1440E+02      1.0000E+00
      7.6289E-03      1.2455E+00      1.0754E+00      1.4707E+00      5.2125E-03      6.8742E+01      1.0578E+02      1.0000E+00
      6.3660E-03      1.3841E+00      1.1618E+00      1.5233E+00      5.0369E-03      6.3805E+01      1.1603E+02      1.0000E+00
      6.0870E-03      1.2944E+00      1.1173E+00      1.4033E+00      5.0409E-03      6.6594E+01      1.1290E+02      1.0000E+00
      5.6682E-03      1.3456E+00      1.1363E+00      1.5715E+00      4.3451E-03      6.5160E+01      1.1583E+02      1.0000E+00
      5.4585E-03      1.2345E+00      1.1065E+00      1.4230E+00      4.4796E-03      6.7099E+01      1.1222E+02      1.0000E+00
      5.0049E-03      1.2938E+00      1.1725E+00      1.6588E+00      3.7016E-03      6.5967E+01      1.1529E+02      1.0000E+00
      4.7563E-03      1.1719E+00      1.1494E+00      1.4694E+00      3.8494E-03      6.7998E+01      1.1206E+02      1.0000E+00
      4.3201E-03      1.2377E+00      1.2639E+00      1.7310E+00      2.9861E-03      6.6680E+01      1.1785E+02      1.0000E+00
      3.8913E-03      1.2045E+00      1.1371E+00      1.6163E+00      2.5679E-03      7.5449E+01      1.1346E+02      1.0000E+00
      7.4300E-03      1.1949E+00      1.0661E+00      1.3934E+00      5.2391E-03      6.9717E+01      1.0396E+02      1.0000E+00
      5.7885E-03      1.3659E+00      1.1530E+00      1.6377E+00      4.3541E-03      6.3938E+01      1.1660E+02      1.0000E+00
      5.3264E-03      1.1994E+00      1.1066E+00      1.3923E+00      4.4394E-03      6.7927E+01      1.1169E+02      1.0000E+00
      4.6814E-03      1.2892E+00      1.2297E+00      1.7198E+00      3.2308E-03      6.5870E+01      1.1878E+02      1.0000E+00
      4.1655E-03      1.1860E+00      1.1133E+00      1.5119E+00      2.8446E-03      7.7237E+01      1.1315E+02      1.0000E+00
      7.6006E-03      1.1865E+00      1.0632E+00      1.3692E+00      5.5033E-03      7.0154E+01      1.0212E+02      1.0000E+00
      5.6651E-03      1.3823E+00      1.1681E+00      1.6961E+00      4.1495E-03      6.3591E+01      1.1726E+02      1.0000E+00
      5.0785E-03      1.1608E+00      1.1106E+00      1.3624E+00      4.2693E-03      6.8156E+01      1.1088E+02      1.0000E+00
      4.2691E-03      1.2779E+00      1.2973E+00      1.8537E+00      2.7860E-03      6.6349E+01      1.1911E+02      1.0000E+00
      3.7262E-03      1.2552E+00      1.1514E+00      1.7203E+00      2.5310E-03      7.6926E+01      1.1220E+02      1.0000E+00
      6.7892E-03      1.2545E+00      1.0886E+00      1.5182E+00      4.9720E-03      7.0975E+01      1.0235E+02      1.0000E+00
      4.8593E-03      1.3200E+00      1.2631E+00      1.8276E+00      3.2323E-03      6.4926E+01      1.1952E+02      1.0000E+00
      4.1022E-03      1.2100E+00      1.1171E+00      1.5631E+00      2.8754E-03      7.8697E+01      1.1215E+02      1.0000E+00
      7.1364E-03      1.2312E+00      1.0685E+00      1.4440E+00      5.3519E-03      7.1226E+01      1.0051E+02      1.0000E+00
      4.9459E-03      1.3452E+00      1.2653E+00      1.8555E+00      3.2369E-03      6.4524E+01      1.2026E+02      1.0000E+00
      4.1257E-03      1.2146E+00      1.1126E+00      1.5562E+00      2.9414E-03      7.9549E+01      1.1170E+02      1.0000E+00
      7.0172E-03      1.2498E+00      1.0758E+00      1.4721E+00      5.3488E-03      7.1427E+01      9.9577E+01      1.0000E+00
      4.7180E-03      1.3333E+00      1.3204E+00      1.9528E+00      2.9369E-03      6.5122E+01      1.2100E+02      1.0000E+00
      3.9416E-03      1.3001E+00      1.1677E+00      1.7626E+00      2.7026E-03      7.6200E+01      1.1162E+02      1.0000E+00
      6.5121E-03      1.1111E+00      1.0518E+00      1.3365E+00      5.4346E-03      8.2299E+01      1.0277E+02      1.0000E+00
      8.6222E-03      1.1756E+00      1.0487E+00      1.3399E+00      6.8591E-03      7.2985E+01      9.9552E+01      1.0000E+00
      5.4019E-03      1.4157E+00      1.2734E+00      1.9019E+00      3.3711E-03      6.3429E+01      1.2301E+02      1.0000E+00
      4.4613E-03      1.2346E+00      1.0996E+00      1.5409E+00      3.2144E-03      7.8964E+01      1.1097E+02      1.0000E+00
      6.9007E-03      1.0901E+00      1.0304E+00      1.2616E+00      6.0016E-03      8.4344E+01      9.9788E+01      1.0000E+00
      8.5954E-03      1.1858E+00      1.0496E+00      1.3318E+00      7.0745E-03      7.3618E+01      1.0209E+02      1.0000E+00
      5.0237E-03      1.4183E+00      1.3500E+00      2.0788E+00      2.8909E-03      6.3855E+01      1.2422E+02      1.0000E+00
      4.0665E-03      1.3623E+00      1.1935E+00      1.8216E+00      2.9565E-03      7.7370E+01      1.0942E+02      1.0000E+00
      6.3769E-03      1.1897E+00      1.1021E+00      1.4951E+00      5.7414E-03      7.9951E+01      1.0098E+02      1.0000E+00
      7.8543E-03      1.1189E+00      1.0465E+00      1.3062E+00      7.3381E-03      8.2416E+01      9.8146E+01      1.0000E+00
      8.9324E-03      1.0739E+00      1.0195E+00      1.1880E+00      8.5200E-03      8.4124E+01      9.5454E+01      1.0000E+00
      9.7177E-03      1.0450E+00      1.0072E+00      1.1081E+00      9.3713E-03      8.5456E+01      9.3516E+01      1.0000E+00
      1.0198E-02      1.0294E+00      1.0022E+00      1.0588E+00      9.9516E-03      8.6682E+01      9.1940E+01      1.0000E+00
      1.0333E-02      1.0259E+00      1.0014E+00      1.0404E+00      1.0169E-02      8.7999E+01      9.2303E+01      1.0000E+00
      1.0077E-02      1.0348E+00      1.0028E+00      1.0773E+00      9.7510E-03      8.8855E+01      9.2532E+01      1.0000E+00
      9.3843E-03      1.0577E+00      1.0104E+00      1.1508E+00      8.9207E-03      8.6948E+01      9.2314E+01      1.0000E+00
      8.2134E-03      1.1006E+00      1.0349E+00      1.2789E+00      7.6429E-03      8.4422E+01      9.5353E+01      1.0000E+00
      6.4726E-03      1.1827E+00      1.1035E+00      1.5165E+00      5.7233E-03      8.0792E+01      9.9613E+01      1.0000E+00
      3.8762E-03      1.4113E+00      1.2590E+00      1.9890E+00      2.6274E-03      7.6510E+01      1.1368E+02      1.0000E+00
      4.6944E-03      1.3077E+00      1.3412E+00      2.0284E+00      2.8281E-03      6.7713E+01      1.1946E+02      1.0000E+00
      6.8896E-03      1.2737E+00      1.1016E+00      1.5615E+00      5.2302E-03      7.0955E+01      9.9326E+01      1.0000E+00
      3.7854E-03      1.2995E+00      1.1871E+00      1.8185E+00      2.4983E-03      7.6574E+01      1.1414E+02      1.0000E+00
      4.3110E-03      1.2222E+00      1.3056E+00      1.8138E+00      2.8378E-03      6.8560E+01      1.1777E+02      1.0000E+00
      4.7737E-03      1.1608E+00      1.1868E+00      1.5119E+00      3.7163E-03      6.8402E+01      1.1371E+02      1.0000E+00
      4.9505E-03      1.2161E+00      1.1892E+00      1.6150E+00      3.6820E-03      6.8040E+01      1.1423E+02      1.0000E+00
      4.9505E-03      1.2161E+00      1.1892E+00      1.6150E+00      3.6820E-03      6.8040E+01      1.1423E+02      1.0000E+00
      4.7737E-03      1.1608E+00      1.1868E+00      1.5119E+00      3.7163E-03      6.8402E+01      1.1371E+02      1.0000E+00
      4.3110E-03      1.2222E+00      1.3056E+00      1.8138E+00      2.8378E-03      6.8560E+01      1.1777E+02      1.0000E+00
      3.7854E-03      1.2995E+00      1.1871E+00      1.8185E+00      2.4983E-03      7.6574E+01      1.1414E+02      1.0000E+00
      6.8896E-03      1.2737E+00      1.1016E+00      1.5615E+00      5.2302E-03      7.0955E+01      9.9326E+01      1.0000E+00
      3.9324E-03      1.3614E+00      1.2729E+00      2.0131E+00      2.4893E-03      6.2337E+01      1.1274E+02      1.0000E+00
      6.4196E-03      1.3075E+00      1.1026E+00      1.5294E+00      4.9537E-03      6.8214E+01      1.0944E+02      1.0000E+00
      5.9118E-03      1.1463E+00      1.0210E+00      1.2218E+00      5.2896E-03      8.3439E+01      9.7138E+01      1.0000E+00
      6.2300E-03      1.1091E+00      1.0200E+00      1.2421E+00      5.1919E-03      7.9335E+01      9.8442E+01      1.0000E+00
      7.5613E-03      1.2249E+00      1.1522E+00      1.6386E+00      5.3370E-03      6.7098E+01      1.0260E+02      1.0000E+00
      5.3467E-03      1.4890E+00      1.2162E+00      1.7747E+00      3.8585E-03      5.9942E+01      1.1432E+02      1.0000E+00
      5.2641E-03      1.4367E+00      1.1895E+00      1.7082E+00      3.8693E-03      6.0949E+01      1.1253E+02      1.0000E+00
      6.9465E-03      1.2314E+00      1.1327E+00      1.6150E+00      4.6446E-03      6.6223E+01      1.0383E+02      1.0000E+00
      5.2483E-03      1.1899E+00      1.0520E+00      1.3407E+00      4.0212E-03      8.0644E+01      1.0796E+02      1.0000E+00
      4.5010E-03      1.3360E+00      1.1486E+00      1.4141E+00      3.4614E-03      6.5451E+01      1.1925E+02      1.0000E+00
      5.9169E-03      1.2270E+00      1.1165E+00      1.4182E+00      5.5972E-03      7.3328E+01      1.0817E+02      1.0000E+00
      6.9879E-03      1.3096E+00      1.1303E+00      1.5248E+00      5.2428E-03      6.3538E+01      1.0698E+02      1.0000E+00
      5.0287E-03      1.3189E+00      1.1168E+00      1.6325E+00      3.6538E-03      6.5726E+01      1.0988E+02      1.0000E+00
      4.9094E-03      1.3380E+00      1.1409E+00      1.6273E+00      3.5773E-03      6.2741E+01      1.1275E+02      1.0000E+00
      6.7019E-03      1.2899E+00      1.0999E+00      1.5142E+00      4.7486E-03      6.6442E+01      1.0270E+02      1.0000E+00
      5.3580E-03      1.2337E+00      1.0787E+00      1.4806E+00      4.4962E-03      7.9996E+01      9.9165E+01      1.0000E+00
      5.0954E-03      1.2636E+00      1.0791E+00      1.4737E+00      4.6853E-03      8.4019E+01      9.5527E+01      1.0000E+00
      5.5536E-03      1.1984E+00      1.0631E+00      1.4237E+00      4.5139E-03      7.8061E+01      9.9783E+01      1.0000E+00
      7.1151E-03      1.2388E+00      1.1142E+00      1.5628E+00      4.8930E-03      6.5274E+01      1.0130E+02      1.0000E+00
      5.3539E-03      1.4192E+00      1.1753E+00      1.6669E+00      3.9532E-03      6.2092E+01      1.1178E+02      1.0000E+00
      5.3810E-03      1.4827E+00      1.2146E+00      1.7548E+00      3.8988E-03      5.9883E+01      1.1464E+02      1.0000E+00
      7.5990E-03      1.2203E+00      1.1486E+00      1.6304E+00      5.3642E-03      6.7381E+01      1.0239E+02      1.0000E+00
      6.2996E-03      1.1116E+00      1.0197E+00      1.2498E+00      5.2456E-03      7.9986E+01      9.9161E+01      1.0000E+00
      6.1298E-03      1.1500E+00      1.0250E+00      1.2463E+00      5.4193E-03      8.0482E+01      9.8806E+01      1.0000E+00
      6.8058E-03      1.2955E+00      1.1084E+00      1.5568E+00      5.1833E-03      6.6442E+01      1.1080E+02      1.0000E+00
      4.0916E-03      1.4279E+00      1.2982E+00      2.0982E+00      2.5359E-03      6.0069E+01      1.1592E+02      1.0000E+00
      3.5029E-03      1.2792E+00      1.2299E+00      1.7552E+00      2.6283E-03      6.5056E+01      1.0906E+02      1.0000E+00
      3.4688E-03      1.2818E+00      1.2435E+00      1.7848E+00      2.5761E-03      6.5014E+01      1.0945E+02      1.0000E+00
      4.9498E-03      1.4443E+00      1.1783E+00      1.8181E+00      3.4093E-03      6.1451E+01      1.1587E+02      1.0000E+00
      7.8152E-03      1.2070E+00      1.0904E+00      1.4811E+00      5.9872E-03      6.9262E+01      1.0509E+02      1.0000E+00
      6.8030E-03      1.1064E+00      1.0147E+00      1.1861E+00      5.9725E-03      8.1715E+01      9.5897E+01      1.0000E+00
      6.5391E-03      1.1270E+00      1.0187E+00      1.2022E+00      6.1211E-03      8.5980E+01      9.4046E+01      1.0000E+00
      6.6595E-03      1.1227E+00      1.0183E+00      1.2087E+00      5.9420E-03      8.2387E+01      9.5137E+01      1.0000E+00
      7.4938E-03      1.2276E+00      1.0752E+00      1.4541E+00      5.8454E-03      6.9448E+01      1.0590E+02      1.0000E+00
      4.6388E-03      1.4162E+00      1.2121E+00      1.8614E+00      3.2400E-03      6.2261E+01      1.1779E+02      1.0000E+00
      3.7937E-03      1.2188E+00      1.1045E+00      1.4777E+00      2.7360E-03      7.5810E+01      1.1326E+02      1.0000E+00
      7.1333E-03      1.2922E+00      1.1318E+00      1.6506E+00      4.5964E-03      6.4830E+01      1.0617E+02      1.0000E+00
      6.9615E-03      1.3101E+00      1.1326E+00      1.6600E+00      4.3477E-03      6.4152E+01      1.0816E+02      1.0000E+00
      3.5293E-03      1.2171E+00      1.1306E+00      1.5676E+00      2.4408E-03      7.6018E+01      1.1390E+02      1.0000E+00
      4.2653E-03      1.3455E+00      1.2419E+00      1.8778E+00      2.9534E-03      6.3522E+01      1.1608E+02      1.0000E+00
      6.5972E-03      1.2973E+00      1.0920E+00      1.4686E+00      4.9538E-03      6.8936E+01      1.0417E+02      1.0000E+00
      5.4214E-03      1.2226E+00      1.0696E+00      1.4051E+00      4.5285E-03      8.1689E+01      1.0461E+02      1.0000E+00
      4.8433E-03      1.3466E+00      1.1571E+00      1.4301E+00      3.9462E-03      6.5066E+01      1.1759E+02      1.0000E+00
      6.4529E-03      1.3244E+00      1.1515E+00      1.5448E+00      5.8606E-03      7.2144E+01      1.1122E+02      1.0000E+00
      7.0397E-03      1.1465E+00      1.0639E+00      1.3646E+00      6.0447E-03      7.5463E+01      9.9680E+01      1.0000E+00
      8.6073E-03      1.2057E+00      1.1070E+00      1.4872E+00      6.4052E-03      6.6381E+01      1.0273E+02      1.0000E+00
      5.9231E-03      1.4831E+00      1.2078E+00      1.6783E+00      4.3304E-03      6.1192E+01      1.1599E+02      1.0000E+00
      5.3476E-03      1.3458E+00      1.1464E+00      1.5077E+00      4.2349E-03      6.3802E+01      1.1250E+02      1.0000E+00
      5.3095E-03      1.3506E+00      1.1474E+00      1.5171E+00      4.1705E-03      6.3735E+01      1.1233E+02      1.0000E+00
      5.7035E-03      1.4638E+00      1.1979E+00      1.6654E+00      4.2036E-03      6.1576E+01      1.1514E+02      1.0000E+00
      8.1254E-03      1.2017E+00      1.1086E+00      1.5157E+00      5.9169E-03      6.7710E+01      1.0113E+02      1.0000E+00
      6.5019E-03      1.1336E+00      1.0364E+00      1.3067E+00      5.3997E-03      7.9338E+01      9.8661E+01      1.0000E+00
      5.7543E-03      1.2297E+00      1.0839E+00      1.5016E+00      5.1306E-03      8.3956E+01      9.6338E+01      1.0000E+00
      5.4936E-03      1.2740E+00      1.0881E+00      1.5121E+00      5.2374E-03      8.6185E+01      9.3394E+01      1.0000E+00
      5.7649E-03      1.2333E+00      1.0807E+00      1.4901E+00      5.0581E-03      8.1735E+01      9.6261E+01      1.0000E+00
      6.7760E-03      1.3074E+00      1.1047E+00      1.4939E+00      5.2070E-03      6.7750E+01      1.0573E+02      1.0000E+00
      4.3497E-03      1.3322E+00      1.2345E+00      1.8827E+00      3.0172E-03      6.4914E+01      1.1507E+02      1.0000E+00
      3.5538E-03      1.2119E+00      1.1376E+00      1.5666E+00      2.4434E-03      7.5961E+01      1.1447E+02      1.0000E+00
      6.9804E-03      1.3081E+00      1.1301E+00      1.6519E+00      4.3671E-03      6.4106E+01      1.0798E+02      1.0000E+00
      7.1428E-03      1.2910E+00      1.1305E+00      1.6470E+00      4.6049E-03      6.4914E+01      1.0622E+02      1.0000E+00
      3.7964E-03      1.2184E+00      1.1043E+00      1.4779E+00      2.7375E-03      7.5862E+01      1.1323E+02      1.0000E+00
      4.6399E-03      1.4160E+00      1.2124E+00      1.8614E+00      3.2399E-03      6.2263E+01      1.1780E+02      1.0000E+00
      7.4945E-03      1.2277E+00      1.0752E+00      1.4540E+00      5.8461E-03      6.9452E+01      1.0589E+02      1.0000E+00
      6.6598E-03      1.1228E+00      1.0183E+00      1.2088E+00      5.9423E-03      8.2389E+01      9.5138E+01      1.0000E+00
      6.5392E-03      1.1270E+00      1.0187E+00      1.2022E+00      6.1212E-03      8.5980E+01      9.4045E+01      1.0000E+00
      6.8031E-03      1.1064E+00      1.0147E+00      1.1861E+00      5.9726E-03      8.1715E+01      9.5896E+01      1.0000E+00
      7.8153E-03      1.2070E+00      1.0904E+00      1.4811E+00      5.9872E-03      6.9262E+01      1.0509E+02      1.0000E+00
      4.9498E-03      1.4443E+00      1.1783E+00      1.8181E+00      3.4093E-03      6.1451E+01      1.1587E+02      1.0000E+00
      4.3409E-03      1.1824E+00      1.1188E+00      1.4114E+00      3.4639E-03      6.5559E+01      1.0928E+02      1.0000E+00
      3.9513E-03      1.2425E+00      1.2084E+00      1.6986E+00      2.8543E-03      6.5033E+01      1.1177E+02      1.0000E+00
      3.9513E-03      1.2425E+00      1.2084E+00      1.6986E+00      2.8543E-03      6.5033E+01      1.1177E+02      1.0000E+00
      4.3409E-03      1.1824E+00      1.1188E+00      1.4114E+00      3.4639E-03      6.5559E+01      1.0928E+02      1.0000E+00
      4.3803E-03      1.4357E+00      1.1948E+00      1.7163E+00      2.9691E-03      5.8862E+01      1.1353E+02      1.0000E+00
      6.3764E-03      1.2890E+00      1.1404E+00      1.6753E+00      4.4156E-03      6.4937E+01      1.0712E+02      1.0000E+00
      5.4065E-03      1.1724E+00      1.0255E+00      1.3432E+00      4.5181E-03      7.9915E+01      9.9151E+01      1.0000E+00
      5.8708E-03      1.3248E+00      1.1069E+00      1.6269E+00      4.3303E-03      6.7342E+01      1.0965E+02      1.0000E+00
      3.7680E-03      1.3604E+00      1.2246E+00      1.8790E+00      2.4249E-03      6.0633E+01      1.1141E+02      1.0000E+00
      3.6278E-03      1.2833E+00      1.2192E+00      1.7417E+00      2.4540E-03      6.0914E+01      1.0995E+02      1.0000E+00
      5.0785E-03      1.4138E+00      1.1344E+00      1.6760E+00      3.3655E-03      6.7554E+01      1.1002E+02      1.0000E+00
      4.0741E-03      1.3721E+00      1.1855E+00      1.5363E+00      2.9708E-03      6.3235E+01      1.2160E+02      1.0000E+00
      5.5790E-03      1.2025E+00      1.1049E+00      1.3819E+00      5.1307E-03      7.0483E+01      1.0767E+02      1.0000E+00
      7.2899E-03      1.2769E+00      1.1439E+00      1.5581E+00      4.9208E-03      6.0966E+01      1.0304E+02      1.0000E+00
      7.1746E-03      1.2577E+00      1.1254E+00      1.6218E+00      4.5417E-03      6.5405E+01      1.0797E+02      1.0000E+00
      5.1146E-03      1.2140E+00      1.0701E+00      1.4469E+00      3.9835E-03      7.7759E+01      1.0358E+02      1.0000E+00
      4.6466E-03      1.2899E+00      1.0833E+00      1.4578E+00      4.1742E-03      8.1423E+01      9.8699E+01      1.0000E+00
      5.3366E-03      1.4301E+00      1.1599E+00      1.7009E+00      3.8322E-03      6.4429E+01      1.0849E+02      1.0000E+00
      3.7657E-03      1.2516E+00      1.2106E+00      1.7514E+00      2.5552E-03      6.4197E+01      1.0769E+02      1.0000E+00
      3.8094E-03      1.3499E+00      1.2470E+00      1.8847E+00      2.4809E-03      6.0376E+01      1.1277E+02      1.0000E+00
      5.8990E-03      1.3246E+00      1.1046E+00      1.6157E+00      4.3645E-03      6.7816E+01      1.0910E+02      1.0000E+00
      5.4165E-03      1.1732E+00      1.0262E+00      1.3400E+00      4.5366E-03      7.9800E+01      9.8871E+01      1.0000E+00
      6.3782E-03      1.2927E+00      1.1406E+00      1.6770E+00      4.4207E-03      6.4811E+01      1.0742E+02      1.0000E+00
      4.3707E-03      1.4337E+00      1.1920E+00      1.7131E+00      2.9695E-03      5.9133E+01      1.1339E+02      1.0000E+00
      2.4922E-03      2.0586E+00      2.3869E+00      2.5275E+00      1.0840E-03      3.8005E+01      1.5058E+02      1.0000E+00
      6.8478E-03      1.3799E+00      1.5196E+00      2.5733E+00      3.4894E-03      6.3350E+01      1.1266E+02      1.0000E+00
      5.2101E-03      1.6145E+00      1.4355E+00      2.4580E+00      2.6256E-03      5.2265E+01      1.1126E+02      1.0000E+00
      2.2688E-03      1.3642E+00      1.1388E+00      1.6548E+00      1.6725E-03      6.4342E+01      1.1357E+02      1.0000E+00
      2.6924E-03      1.6963E+00      1.3989E+00      2.1265E+00      1.5304E-03      4.7194E+01      1.2258E+02      1.0000E+00
      5.0292E-03      1.3408E+00      1.5666E+00      2.5598E+00      2.8078E-03      6.5274E+01      1.1400E+02      1.0000E+00
      7.0011E-03      1.2614E+00      1.2666E+00      1.6713E+00      5.2960E-03      6.1308E+01      1.1636E+02      1.0000E+00
      4.6437E-03      1.5646E+00      1.2419E+00      1.9635E+00      3.0845E-03      5.8928E+01      1.1220E+02      1.0000E+00
      4.4092E-03      1.6134E+00      1.3115E+00      2.0711E+00      2.9637E-03      5.3541E+01      1.1735E+02      1.0000E+00
      6.4560E-03      1.2889E+00      1.3158E+00      2.0512E+00      4.0707E-03      6.6315E+01      1.0526E+02      1.0000E+00
      5.6901E-03      1.2671E+00      1.2636E+00      1.9118E+00      3.6146E-03      7.0993E+01      1.1559E+02      1.0000E+00
      2.9694E-03      1.5986E+00      1.2867E+00      2.1571E+00      1.6781E-03      5.3279E+01      1.1733E+02      1.0000E+00
      2.2898E-03      1.3510E+00      1.1810E+00      1.6432E+00      1.7308E-03      6.2154E+01      1.1773E+02      1.0000E+00
      5.1119E-03      1.6386E+00      1.4641E+00      2.5059E+00      2.6042E-03      5.0190E+01      1.0768E+02      1.0000E+00
      6.7232E-03      1.3964E+00      1.5856E+00      2.7742E+00      3.1356E-03      6.5305E+01      1.1883E+02      1.0000E+00
      2.6660E-03      1.9889E+00      2.0365E+00      2.6273E+00      1.2424E-03      4.1594E+01      1.4467E+02      1.0000E+00
      2.0792E-03      1.2017E+00      1.1022E+00      1.5658E+00      1.7007E-03      8.3759E+01      1.0235E+02      1.0000E+00
      3.9271E-03      1.5490E+00      1.2838E+00      2.0335E+00      2.2579E-03      6.2312E+01      1.1650E+02      1.0000E+00
      3.9123E-03      1.5376E+00      1.2756E+00      1.9870E+00      2.1999E-03      6.3774E+01      1.1934E+02      1.0000E+00
      2.0089E-03      1.2007E+00      1.1121E+00      1.5084E+00      1.5632E-03      8.0187E+01      1.1007E+02      1.0000E+00
      4.9010E-03      1.4650E+00      1.3149E+00      2.0514E+00      2.9450E-03      6.1806E+01      1.2372E+02      1.0000E+00
      8.7901E-03      1.1697E+00      1.0611E+00      1.3629E+00      7.3515E-03      7.3165E+01      1.0547E+02      1.0000E+00
      8.1792E-03      1.0576E+00      1.0056E+00      1.1116E+00      7.5661E-03      8.4945E+01      9.3561E+01      1.0000E+00
      7.8775E-03      1.0891E+00      1.0164E+00      1.1979E+00      7.4729E-03      8.7451E+01      9.3172E+01      1.0000E+00
      7.6159E-03      1.1254E+00      1.0273E+00      1.2625E+00      7.3688E-03      8.8543E+01      9.2172E+01      1.0000E+00
      7.4943E-03      1.1409E+00      1.0295E+00      1.2735E+00      7.3957E-03      8.9209E+01      9.0983E+01      1.0000E+00
      7.5563E-03      1.1311E+00      1.0285E+00      1.2690E+00      7.3466E-03      8.8593E+01      9.1768E+01      1.0000E+00
      7.7601E-03      1.0992E+00      1.0190E+00      1.2150E+00      7.3965E-03      8.7552E+01      9.2787E+01      1.0000E+00
      8.0044E-03      1.0708E+00      1.0082E+00      1.1362E+00      7.4395E-03      8.5048E+01      9.3198E+01      1.0000E+00
      8.5300E-03      1.1895E+00      1.0584E+00      1.3599E+00      7.1784E-03      7.2837E+01      1.0639E+02      1.0000E+00
      4.6804E-03      1.4480E+00      1.3443E+00      2.1334E+00      2.7397E-03      6.2602E+01      1.2313E+02      1.0000E+00
      3.6597E-03      1.3042E+00      1.1603E+00      1.7341E+00      2.6724E-03      7.8974E+01      1.0950E+02      1.0000E+00
      5.7474E-03      1.1655E+00      1.0682E+00      1.4311E+00      4.7263E-03      8.3292E+01      1.0427E+02      1.0000E+00
      7.5570E-03      1.2247E+00      1.0587E+00      1.4012E+00      5.7358E-03      7.1987E+01      1.0033E+02      1.0000E+00
      4.8918E-03      1.3876E+00      1.2523E+00      1.8124E+00      3.3298E-03      6.1715E+01      1.2116E+02      1.0000E+00
      4.0799E-03      1.2043E+00      1.0778E+00      1.4712E+00      2.9450E-03      7.8076E+01      1.1000E+02      1.0000E+00
      7.3019E-03      1.2341E+00      1.0910E+00      1.5251E+00      4.9457E-03      6.9763E+01      1.0724E+02      1.0000E+00
      5.8404E-03      1.4154E+00      1.2002E+00      1.5696E+00      4.5500E-03      5.9640E+01      1.1811E+02      1.0000E+00
      6.0967E-03      1.3766E+00      1.1252E+00      1.5402E+00      4.6187E-03      6.8442E+01      1.0792E+02      1.0000E+00
      7.7998E-03      1.2580E+00      1.1600E+00      1.3978E+00      5.8827E-03      5.9569E+01      1.0787E+02      1.0000E+00
      5.8035E-03      1.3406E+00      1.3116E+00      1.4026E+00      4.7873E-03      6.0797E+01      1.2757E+02      1.0000E+00
      4.3492E-03      1.7194E+00      6.7449E+00      1.3745E+00      7.4360E-04      4.1472E+01      1.7144E+02      1.0000E+00
      6.8010E-03      1.8519E+00      1.5855E+00      2.1167E+00      5.2761E-03      4.8405E+01      1.3526E+02      1.0000E+00
      6.8871E-03      1.4576E+00      1.2183E+00      1.8275E+00      6.5235E-03      7.5950E+01      1.0463E+02      1.0000E+00
      6.6099E-03      1.3583E+00      1.1465E+00      1.6945E+00      6.4952E-03      8.4579E+01      9.5489E+01      1.0000E+00
      6.4410E-03      1.3215E+00      1.1240E+00      1.6351E+00      6.3954E-03      8.7697E+01      9.2308E+01      1.0000E+00
      6.3613E-03      1.3060E+00      1.1153E+00      1.6087E+00      6.3416E-03      8.9001E+01      9.0999E+01      1.0000E+00
      6.3257E-03      1.2992E+00      1.1116E+00      1.5970E+00      6.3171E-03      8.9569E+01      9.0431E+01      1.0000E+00
      6.3100E-03      1.2962E+00      1.1100E+00      1.5918E+00      6.3063E-03      8.9817E+01      9.0183E+01      1.0000E+00
      6.3032E-03      1.2949E+00      1.1093E+00      1.5895E+00      6.3016E-03      8.9924E+01      9.0076E+01      1.0000E+00
      6.3004E-03      1.2944E+00      1.1090E+00      1.5886E+00      6.2996E-03      8.9970E+01      9.0030E+01      1.0000E+00
      6.2994E-03      1.2942E+00      1.1089E+00      1.5883E+00      6.2990E-03      8.9990E+01      9.0010E+01      1.0000E+00
      6.2996E-03      1.2942E+00      1.1090E+00      1.5884E+00      6.2991E-03      8.9983E+01      9.0017E+01      1.0000E+00
      6.3012E-03      1.2945E+00      1.1091E+00      1.5889E+00      6.3002E-03      8.9955E+01      9.0045E+01      1.0000E+00
      6.3053E-03      1.2953E+00      1.1095E+00      1.5902E+00      6.3030E-03      8.9890E+01      9.0110E+01      1.0000E+00
      6.3148E-03      1.2971E+00      1.1105E+00      1.5934E+00      6.3096E-03      8.9740E+01      9.0260E+01      1.0000E+00
      6.3363E-03      1.3012E+00      1.1127E+00      1.6005E+00      6.3244E-03      8.9395E+01      9.0605E+01      1.0000E+00
      6.3844E-03      1.3106E+00      1.1179E+00      1.6166E+00      6.3565E-03      8.8603E+01      9.1402E+01      1.0000E+00
      6.4834E-03      1.3331E+00      1.1311E+00      1.6538E+00      6.4107E-03      8.6682E+01      9.3386E+01      1.0000E+00
      6.6239E-03      1.3952E+00      1.1739E+00      1.7480E+00      6.3774E-03      8.1177E+01      9.9408E+01      1.0000E+00
      6.4143E-03      1.6382E+00      1.3910E+00      1.9362E+00      5.3463E-03      6.0968E+01      1.2265E+02      1.0000E+00
      5.2925E-03      1.4596E+00      2.1914E+00      1.4977E+00      2.3447E-03      5.4301E+01      1.5213E+02      1.0000E+00
      6.8977E-03      1.3479E+00      1.2293E+00      1.3171E+00      6.2322E-03      5.5585E+01      1.2433E+02      1.0000E+00
      4.5809E-03      1.3335E+00      1.1945E+00      1.9578E+00      2.9590E-03      7.1687E+01      1.1215E+02      1.0000E+00
      3.8302E-03      1.3079E+00      1.3081E+00      1.7179E+00      3.0123E-03      6.0762E+01      1.1846E+02      1.0000E+00
      3.8146E-03      1.2222E+00      1.2037E+00      1.7659E+00      2.7924E-03      7.1439E+01      1.0437E+02      1.0000E+00
      3.8944E-03      1.2577E+00      1.3205E+00      1.8094E+00      2.7526E-03      6.2758E+01      1.1779E+02      1.0000E+00
      4.5670E-03      1.1481E+00      1.0963E+00      1.3819E+00      3.7202E-03      6.9289E+01      1.0620E+02      1.0000E+00
      5.1891E-03      1.4270E+00      1.2097E+00      1.7937E+00      3.7102E-03      6.0715E+01      1.1916E+02      1.0000E+00
      7.9631E-03      1.1954E+00      1.0573E+00      1.4295E+00      5.9968E-03      7.1792E+01      1.0018E+02      1.0000E+00
      6.0689E-03      1.1247E+00      1.0480E+00      1.3332E+00      4.9883E-03      8.3535E+01      1.0387E+02      1.0000E+00
      3.8970E-03      1.2482E+00      1.1158E+00      1.5998E+00      2.8640E-03      7.9451E+01      1.0942E+02      1.0000E+00
      6.3003E-03      1.2604E+00      1.3896E+00      1.3254E+00      4.0644E-03      6.2737E+01      1.3370E+02      1.0000E+00
      8.1949E-03      1.3927E+00      1.1888E+00      1.5671E+00      7.1071E-03      6.6991E+01      1.1543E+02      1.0000E+00
      8.1922E-03      1.2259E+00      1.0691E+00      1.4148E+00      7.9171E-03      8.2868E+01      9.7571E+01      1.0000E+00
      7.9878E-03      1.1771E+00      1.0449E+00      1.3427E+00      7.9009E-03      8.7306E+01      9.2749E+01      1.0000E+00
      7.8630E-03      1.1586E+00      1.0374E+00      1.3126E+00      7.8289E-03      8.8865E+01      9.1140E+01      1.0000E+00
      7.8037E-03      1.1507E+00      1.0346E+00      1.2995E+00      7.7890E-03      8.9508E+01      9.0492E+01      1.0000E+00
      7.7771E-03      1.1473E+00      1.0334E+00      1.2938E+00      7.7707E-03      8.9788E+01      9.0212E+01      1.0000E+00
      7.7655E-03      1.1458E+00      1.0328E+00      1.2912E+00      7.7627E-03      8.9910E+01      9.0090E+01      1.0000E+00
      7.7604E-03      1.1451E+00      1.0326E+00      1.2901E+00      7.7592E-03      8.9963E+01      9.0037E+01      1.0000E+00
      7.7585E-03      1.1449E+00      1.0325E+00      1.2897E+00      7.7579E-03      8.9986E+01      9.0014E+01      1.0000E+00
      7.7582E-03      1.1449E+00      1.0325E+00      1.2896E+00      7.7577E-03      8.9992E+01      9.0008E+01      1.0000E+00
      7.7593E-03      1.1450E+00      1.0326E+00      1.2899E+00      7.7585E-03      8.9976E+01      9.0024E+01      1.0000E+00
      7.7629E-03      1.1455E+00      1.0327E+00      1.2907E+00      7.7609E-03      8.9939E+01      9.0061E+01      1.0000E+00
      7.7713E-03      1.1465E+00      1.0331E+00      1.2925E+00      7.7667E-03      8.9852E+01      9.0148E+01      1.0000E+00
      7.7906E-03      1.1490E+00      1.0340E+00      1.2967E+00      7.7800E-03      8.9651E+01      9.0349E+01      1.0000E+00
      7.8344E-03      1.1547E+00      1.0360E+00      1.3062E+00      7.8101E-03      8.9190E+01      9.0810E+01      1.0000E+00
      7.9327E-03      1.1676E+00      1.0409E+00      1.3277E+00      7.8768E-03      8.8131E+01      9.1873E+01      1.0000E+00
      8.1437E-03      1.1980E+00      1.0542E+00      1.3762E+00      8.0052E-03      8.5599E+01      9.4457E+01      1.0000E+00
      8.5191E-03      1.2768E+00      1.0983E+00      1.4851E+00      8.1019E-03      7.8599E+01      1.0184E+02      1.0000E+00
      8.7132E-03      1.5531E+00      1.3243E+00      1.7240E+00      7.0961E-03      5.5822E+01      1.2666E+02      1.0000E+00
      5.4024E-03      1.4073E+00      2.1766E+00      1.5916E+00      2.5281E-03      5.1359E+01      1.5012E+02      1.0000E+00
      5.3216E-03      1.2854E+00      1.2021E+00      1.5444E+00      4.7531E-03      6.6518E+01      1.1426E+02      1.0000E+00
      7.0353E-03      1.2998E+00      1.1487E+00      1.4918E+00      5.2000E-03      6.1014E+01      1.0787E+02      1.0000E+00
      5.3627E-03      1.3369E+00      1.1066E+00      1.6079E+00      3.9200E-03      6.7912E+01      1.0778E+02      1.0000E+00
      5.1382E-03      1.3284E+00      1.1609E+00      1.5429E+00      3.9461E-03      6.0789E+01      1.1648E+02      1.0000E+00
      6.3457E-03      1.2605E+00      1.0912E+00      1.5255E+00      4.1532E-03      6.9998E+01      1.1056E+02      1.0000E+00
      3.3547E-03      1.2403E+00      1.1636E+00      1.7536E+00      2.2968E-03      7.4992E+01      1.0871E+02      1.0000E+00
      4.0325E-03      1.3029E+00      1.3826E+00      1.9833E+00      2.5713E-03      6.3308E+01      1.2043E+02      1.0000E+00
      6.0931E-03      1.3167E+00      1.1103E+00      1.5882E+00      4.5500E-03      7.1262E+01      1.0233E+02      1.0000E+00
      3.7227E-03      1.2320E+00      1.1120E+00      1.5892E+00      2.7875E-03      8.1219E+01      1.0904E+02      1.0000E+00
      4.7574E-03      1.4328E+00      1.3097E+00      2.0408E+00      2.9160E-03      6.2463E+01      1.2221E+02      1.0000E+00
      8.3495E-03      1.1979E+00      1.0575E+00      1.3643E+00      6.8769E-03      7.2460E+01      1.0469E+02      1.0000E+00
      7.5459E-03      1.1010E+00      1.0202E+00      1.2221E+00      6.8471E-03      8.4693E+01      9.5222E+01      1.0000E+00
      7.0279E-03      1.1601E+00      1.0504E+00      1.3720E+00      6.5325E-03      8.7554E+01      9.4884E+01      1.0000E+00
      6.5581E-03      1.2303E+00      1.0857E+00      1.5085E+00      6.2284E-03      8.8002E+01      9.3718E+01      1.0000E+00
      6.2483E-03      1.2786E+00      1.1070E+00      1.5815E+00      6.0822E-03      8.9117E+01      9.2060E+01      1.0000E+00
      6.1613E-03      1.2930E+00      1.1079E+00      1.5847E+00      6.1094E-03      8.9460E+01      9.0748E+01      1.0000E+00
      6.3109E-03      1.2699E+00      1.1040E+00      1.5715E+00      6.1064E-03      8.8683E+01      9.2558E+01      1.0000E+00
      6.6814E-03      1.2150E+00      1.0785E+00      1.4822E+00      6.3100E-03      8.7653E+01      9.4169E+01      1.0000E+00
      7.2088E-03      1.1413E+00      1.0422E+00      1.3356E+00      6.6671E-03      8.7369E+01      9.5263E+01      1.0000E+00
      7.7844E-03      1.0811E+00      1.0140E+00      1.1815E+00      7.0284E-03      8.4487E+01      9.5546E+01      1.0000E+00
      8.6849E-03      1.1721E+00      1.0568E+00      1.3694E+00      7.1016E-03      7.2770E+01      1.0370E+02      1.0000E+00
      5.0350E-03      1.4580E+00      1.2792E+00      1.9547E+00      3.1775E-03      6.1462E+01      1.2295E+02      1.0000E+00
      4.0156E-03      1.1717E+00      1.0824E+00      1.4442E+00      3.0299E-03      8.1592E+01      1.0907E+02      1.0000E+00
      6.5624E-03      1.2593E+00      1.0736E+00      1.4628E+00      4.8696E-03      7.1356E+01      1.0206E+02      1.0000E+00
      4.4422E-03      1.3448E+00      1.2931E+00      1.8500E+00      2.9943E-03      6.1957E+01      1.2083E+02      1.0000E+00
      3.7447E-03      1.1940E+00      1.0932E+00      1.5418E+00      2.6398E-03      7.6401E+01      1.0950E+02      1.0000E+00
      7.0491E-03      1.2397E+00      1.0908E+00      1.5243E+00      4.5652E-03      6.8185E+01      1.0935E+02      1.0000E+00
      6.5598E-03      1.2974E+00      1.1364E+00      1.5846E+00      4.0694E-03      6.1649E+01      1.0601E+02      1.0000E+00
      3.1653E-03      1.2178E+00      1.2510E+00      1.6680E+00      2.0544E-03      7.3139E+01      1.2038E+02      1.0000E+00
      3.9746E-03      1.3296E+00      1.2200E+00      2.0391E+00      2.5499E-03      7.0034E+01      1.0767E+02      1.0000E+00
      6.2927E-03      1.3592E+00      1.1929E+00      1.4400E+00      5.3555E-03      5.9402E+01      1.2020E+02      1.0000E+00
      6.6167E-03      1.2562E+00      1.4448E+00      1.2253E+00      4.2371E-03      6.2206E+01      1.3620E+02      1.0000E+00
      8.4070E-03      1.4291E+00      1.2117E+00      1.6301E+00      7.1994E-03      6.6701E+01      1.1590E+02      1.0000E+00
      8.6187E-03      1.2822E+00      1.0936E+00      1.5178E+00      8.1994E-03      8.4395E+01      9.5996E+01      1.0000E+00
      8.7841E-03      1.3112E+00      1.1137E+00      1.5522E+00      8.2782E-03      7.9524E+01      1.0086E+02      1.0000E+00
      8.8418E-03      1.5761E+00      1.3398E+00      1.7654E+00      7.1444E-03      5.5581E+01      1.2700E+02      1.0000E+00
      5.5580E-03      1.4449E+00      2.3523E+00      1.5312E+00      2.4404E-03      5.0967E+01      1.5326E+02      1.0000E+00
      6.3627E-03      1.5949E+00      1.3638E+00      1.9012E+00      5.2460E-03      6.2852E+01      1.2177E+02      1.0000E+00
      6.8837E-03      1.3010E+00      1.1307E+00      1.6450E+00      6.4087E-03      8.5015E+01      9.8502E+01      1.0000E+00
      7.2270E-03      1.1696E+00      1.0601E+00      1.4069E+00      6.7999E-03      8.6421E+01      9.2778E+01      1.0000E+00
      7.6475E-03      1.1046E+00      1.0228E+00      1.2361E+00      6.9807E-03      8.4289E+01      9.4103E+01      1.0000E+00
      8.3992E-03      1.1994E+00      1.0590E+00      1.3569E+00      6.9411E-03      7.2282E+01      1.0489E+02      1.0000E+00
      4.7765E-03      1.4302E+00      1.3077E+00      2.0418E+00      2.9253E-03      6.2699E+01      1.2204E+02      1.0000E+00
      3.7277E-03      1.2335E+00      1.1130E+00      1.5919E+00      2.7892E-03      8.1249E+01      1.0913E+02      1.0000E+00
      6.0963E-03      1.3170E+00      1.1105E+00      1.5891E+00      4.5532E-03      7.1251E+01      1.0230E+02      1.0000E+00
      4.0336E-03      1.3027E+00      1.3824E+00      1.9833E+00      2.5719E-03      6.3325E+01      1.2042E+02      1.0000E+00
      3.3550E-03      1.2404E+00      1.1636E+00      1.7538E+00      2.2968E-03      7.4995E+01      1.0871E+02      1.0000E+00
      6.3457E-03      1.2605E+00      1.0912E+00      1.5255E+00      4.1533E-03      6.9997E+01      1.1056E+02      1.0000E+00
      5.1382E-03      1.3284E+00      1.1609E+00      1.5429E+00      3.9461E-03      6.0792E+01      1.1648E+02      1.0000E+00
      5.3626E-03      1.3369E+00      1.1066E+00      1.6078E+00      3.9200E-03      6.7912E+01      1.0778E+02      1.0000E+00
      7.0352E-03      1.2998E+00      1.1486E+00      1.4918E+00      5.2000E-03      6.1017E+01      1.0786E+02      1.0000E+00
      5.3217E-03      1.2854E+00      1.2021E+00      1.5444E+00      4.7531E-03      6.6521E+01      1.1426E+02      1.0000E+00
      5.4023E-03      1.4074E+00      2.1768E+00      1.5917E+00      2.5279E-03      5.1356E+01      1.5013E+02      1.0000E+00
      8.7149E-03      1.5533E+00      1.3245E+00      1.7245E+00      7.0969E-03      5.5820E+01      1.2666E+02      1.0000E+00
      8.5232E-03      1.2773E+00      1.0985E+00      1.4860E+00      8.1047E-03      7.8610E+01      1.0183E+02      1.0000E+00
      8.1530E-03      1.1991E+00      1.0546E+00      1.3782E+00      8.0116E-03      8.5634E+01      9.4422E+01      1.0000E+00
      7.9537E-03      1.1702E+00      1.0418E+00      1.3323E+00      7.8913E-03      8.8219E+01      9.1785E+01      1.0000E+00
      7.8819E-03      1.1607E+00      1.0381E+00      1.3165E+00      7.8430E-03      8.9400E+01      9.0600E+01      1.0000E+00
      7.8975E-03      1.1629E+00      1.0389E+00      1.3201E+00      7.8527E-03      8.9014E+01      9.0991E+01      1.0000E+00
      8.0030E-03      1.1790E+00      1.0456E+00      1.3460E+00      7.9113E-03      8.7369E+01      9.2688E+01      1.0000E+00
      8.1977E-03      1.2269E+00      1.0696E+00      1.4172E+00      7.9193E-03      8.2911E+01      9.7551E+01      1.0000E+00
      8.1778E-03      1.3957E+00      1.1918E+00      1.5690E+00      7.0733E-03      6.7099E+01      1.1557E+02      1.0000E+00
