  
 ----------------
 Bad Element Info
 ----------------
  
 Element         1155
          2.7234776118624087      -0.44804297984990771        0.0000000000000000     
          2.6652616030522021      -0.37503231121081121        0.0000000000000000     
          2.6613424812214861      -0.48389200224931711        0.0000000000000000     
          2.7366999999999999      -0.52658000000000005        0.0000000000000000     
 Problems:
       Maximum Angle      150.98905698058510     
  
 //////////////////////////////////////////////////
  
 ------------------------
 2D Mesh Quality Measures
 ------------------------
  
Signed Area     Aspect Ratio    Condition       Edge Ratio      Jacobian        Minimum Angle   Maximum Angle   Area Sign       
      1.6001E+01      1.0000E+00      1.0000E+00      1.0000E+00      1.6000E+01      8.9995E+01      9.0003E+01      1.0000E+00
      1.6002E+01      1.0001E+00      1.0000E+00      1.0001E+00      1.6001E+01      8.9986E+01      9.0009E+01      1.0000E+00
      1.6005E+01      1.0001E+00      1.0000E+00      1.0003E+00      1.6002E+01      8.9973E+01      9.0020E+01      1.0000E+00
      1.6007E+01      1.0002E+00      1.0000E+00      1.0004E+00      1.6004E+01      8.9961E+01      9.0033E+01      1.0000E+00
      1.6007E+01      1.0002E+00      1.0000E+00      1.0004E+00      1.6006E+01      8.9958E+01      9.0039E+01      1.0000E+00
      1.6006E+01      1.0003E+00      1.0000E+00      1.0006E+00      1.6005E+01      8.9961E+01      9.0040E+01      1.0000E+00
      1.6005E+01      1.0003E+00      1.0000E+00      1.0007E+00      1.6003E+01      8.9967E+01      9.0034E+01      1.0000E+00
      1.6005E+01      1.0003E+00      1.0000E+00      1.0008E+00      1.6002E+01      8.9982E+01      9.0018E+01      1.0000E+00
      1.6005E+01      1.0003E+00      1.0000E+00      1.0008E+00      1.6002E+01      8.9980E+01      9.0021E+01      1.0000E+00
      1.6005E+01      1.0003E+00      1.0000E+00      1.0007E+00      1.6003E+01      8.9966E+01      9.0036E+01      1.0000E+00
      1.6006E+01      1.0003E+00      1.0000E+00      1.0005E+00      1.6006E+01      8.9961E+01      9.0041E+01      1.0000E+00
      1.6007E+01      1.0002E+00      1.0000E+00      1.0004E+00      1.6006E+01      8.9957E+01      9.0039E+01      1.0000E+00
      1.6007E+01      1.0002E+00      1.0000E+00      1.0004E+00      1.6004E+01      8.9961E+01      9.0033E+01      1.0000E+00
      1.6005E+01      1.0001E+00      1.0000E+00      1.0003E+00      1.6002E+01      8.9972E+01      9.0020E+01      1.0000E+00
      1.6002E+01      1.0001E+00      1.0000E+00      1.0001E+00      1.6000E+01      8.9985E+01      9.0008E+01      1.0000E+00
      1.6002E+01      1.0001E+00      1.0000E+00      1.0001E+00      1.6001E+01      8.9986E+01      9.0009E+01      1.0000E+00
      1.6008E+01      1.0001E+00      1.0000E+00      1.0003E+00      1.6003E+01      8.9960E+01      9.0025E+01      1.0000E+00
      1.6017E+01      1.0003E+00      1.0000E+00      1.0006E+00      1.6009E+01      8.9912E+01      9.0062E+01      1.0000E+00
      1.6027E+01      1.0004E+00      1.0000E+00      1.0010E+00      1.6017E+01      8.9869E+01      9.0107E+01      1.0000E+00
      1.6026E+01      1.0005E+00      1.0000E+00      1.0012E+00      1.6022E+01      8.9864E+01      9.0129E+01      1.0000E+00
      1.6017E+01      1.0008E+00      1.0000E+00      1.0018E+00      1.6013E+01      8.9873E+01      9.0123E+01      1.0000E+00
      1.6009E+01      1.0010E+00      1.0000E+00      1.0025E+00      1.6002E+01      8.9893E+01      9.0109E+01      1.0000E+00
      1.6008E+01      1.0011E+00      1.0000E+00      1.0027E+00      1.6000E+01      8.9946E+01      9.0057E+01      1.0000E+00
      1.6008E+01      1.0011E+00      1.0000E+00      1.0027E+00      1.6000E+01      8.9937E+01      9.0067E+01      1.0000E+00
      1.6010E+01      1.0010E+00      1.0000E+00      1.0024E+00      1.6002E+01      8.9888E+01      9.0115E+01      1.0000E+00
      1.6017E+01      1.0008E+00      1.0000E+00      1.0017E+00      1.6014E+01      8.9871E+01      9.0125E+01      1.0000E+00
      1.6026E+01      1.0005E+00      1.0000E+00      1.0012E+00      1.6022E+01      8.9864E+01      9.0131E+01      1.0000E+00
      1.6026E+01      1.0004E+00      1.0000E+00      1.0010E+00      1.6017E+01      8.9869E+01      9.0107E+01      1.0000E+00
      1.6017E+01      1.0003E+00      1.0000E+00      1.0006E+00      1.6009E+01      8.9911E+01      9.0062E+01      1.0000E+00
      1.6008E+01      1.0002E+00      1.0000E+00      1.0005E+00      1.6002E+01      8.9955E+01      9.0026E+01      1.0000E+00
      1.6005E+01      1.0001E+00      1.0000E+00      1.0003E+00      1.6002E+01      8.9973E+01      9.0020E+01      1.0000E+00
      1.6017E+01      1.0003E+00      1.0000E+00      1.0006E+00      1.6009E+01      8.9912E+01      9.0061E+01      1.0000E+00
      1.6050E+01      1.0008E+00      1.0000E+00      1.0016E+00      1.6025E+01      8.9754E+01      9.0157E+01      1.0000E+00
      1.6091E+01      1.0012E+00      1.0000E+00      1.0030E+00      1.6054E+01      8.9584E+01      9.0318E+01      1.0000E+00
      1.6090E+01      1.0013E+00      1.0000E+00      1.0036E+00      1.6074E+01      8.9594E+01      9.0405E+01      1.0000E+00
      1.6041E+01      1.0028E+00      1.0000E+00      1.0059E+00      1.6025E+01      8.9608E+01      9.0349E+01      1.0000E+00
      1.6010E+01      1.0032E+00      1.0000E+00      1.0079E+00      1.5983E+01      8.9678E+01      9.0334E+01      1.0000E+00
      1.6015E+01      1.0034E+00      1.0000E+00      1.0081E+00      1.5990E+01      8.9858E+01      9.0163E+01      1.0000E+00
      1.6016E+01      1.0034E+00      1.0000E+00      1.0079E+00      1.5992E+01      8.9823E+01      9.0202E+01      1.0000E+00
      1.6013E+01      1.0031E+00      1.0000E+00      1.0074E+00      1.5988E+01      8.9662E+01      9.0353E+01      1.0000E+00
      1.6043E+01      1.0027E+00      1.0000E+00      1.0054E+00      1.6028E+01      8.9608E+01      9.0348E+01      1.0000E+00
      1.6089E+01      1.0012E+00      1.0000E+00      1.0034E+00      1.6073E+01      8.9598E+01      9.0404E+01      1.0000E+00
      1.6090E+01      1.0012E+00      1.0000E+00      1.0029E+00      1.6054E+01      8.9591E+01      9.0314E+01      1.0000E+00
      1.6050E+01      1.0008E+00      1.0000E+00      1.0016E+00      1.6025E+01      8.9755E+01      9.0156E+01      1.0000E+00
      1.6018E+01      1.0005E+00      1.0000E+00      1.0010E+00      1.6007E+01      8.9900E+01      9.0069E+01      1.0000E+00
      1.6007E+01      1.0002E+00      1.0000E+00      1.0004E+00      1.6004E+01      8.9962E+01      9.0032E+01      1.0000E+00
      1.6026E+01      1.0004E+00      1.0000E+00      1.0010E+00      1.6017E+01      8.9871E+01      9.0106E+01      1.0000E+00
      1.6090E+01      1.0013E+00      1.0000E+00      1.0031E+00      1.6054E+01      8.9588E+01      9.0315E+01      1.0000E+00
      1.6268E+01      1.0046E+00      1.0002E+00      1.0091E+00      1.6124E+01      8.8730E+01      9.0763E+01      1.0000E+00
      1.6301E+01      1.0036E+00      1.0002E+00      1.0104E+00      1.6214E+01      8.8965E+01      9.1145E+01      1.0000E+00
      1.6051E+01      1.0096E+00      1.0003E+00      1.0191E+00      1.5957E+01      8.8912E+01      9.0754E+01      1.0000E+00
      1.5960E+01      1.0102E+00      1.0004E+00      1.0237E+00      1.5848E+01      8.9190E+01      9.1028E+01      1.0000E+00
      1.6041E+01      1.0083E+00      1.0002E+00      1.0188E+00      1.5996E+01      8.9760E+01      9.0282E+01      1.0000E+00
      1.6046E+01      1.0082E+00      1.0002E+00      1.0181E+00      1.6002E+01      8.9656E+01      9.0402E+01      1.0000E+00
      1.5971E+01      1.0096E+00      1.0003E+00      1.0217E+00      1.5868E+01      8.9163E+01      9.1065E+01      1.0000E+00
      1.6056E+01      1.0089E+00      1.0002E+00      1.0174E+00      1.5969E+01      8.8937E+01      9.0772E+01      1.0000E+00
      1.6295E+01      1.0034E+00      1.0002E+00      1.0100E+00      1.6208E+01      8.9004E+01      9.1118E+01      1.0000E+00
      1.6263E+01      1.0045E+00      1.0002E+00      1.0089E+00      1.6123E+01      8.8763E+01      9.0742E+01      1.0000E+00
      1.6089E+01      1.0013E+00      1.0000E+00      1.0031E+00      1.6053E+01      8.9594E+01      9.0312E+01      1.0000E+00
      1.6028E+01      1.0006E+00      1.0000E+00      1.0015E+00      1.6016E+01      8.9850E+01      9.0123E+01      1.0000E+00
      1.6007E+01      1.0002E+00      1.0000E+00      1.0004E+00      1.6006E+01      8.9963E+01      9.0035E+01      1.0000E+00
      1.6024E+01      1.0005E+00      1.0000E+00      1.0012E+00      1.6021E+01      8.9876E+01      9.0121E+01      1.0000E+00
      1.6085E+01      1.0014E+00      1.0000E+00      1.0037E+00      1.6071E+01      8.9614E+01      9.0390E+01      1.0000E+00
      1.6296E+01      1.0038E+00      1.0002E+00      1.0108E+00      1.6209E+01      8.8985E+01      9.1130E+01      1.0000E+00
      1.7748E+01      1.0472E+00      1.0118E+00      1.0886E+00      1.6355E+01      8.1235E+01      9.4277E+01      1.0000E+00
      1.5273E+01      1.1310E+00      1.0256E+00      1.2375E+00      1.3127E+01      8.1250E+01      1.0235E+02      1.0000E+00
      1.5964E+01      1.1597E+00      1.0481E+00      1.2910E+00      1.3832E+01      7.4804E+01      1.0584E+02      1.0000E+00
      1.6131E+01      1.1523E+00      1.0426E+00      1.2872E+00      1.4066E+01      7.5642E+01      1.0460E+02      1.0000E+00
      1.6119E+01      1.1514E+00      1.0410E+00      1.2862E+00      1.4045E+01      7.6016E+01      1.0434E+02      1.0000E+00
      1.6041E+01      1.1561E+00      1.0483E+00      1.2911E+00      1.3969E+01      7.4609E+01      1.0560E+02      1.0000E+00
      1.5275E+01      1.1286E+00      1.0257E+00      1.2359E+00      1.3142E+01      8.1243E+01      1.0234E+02      1.0000E+00
      1.7713E+01      1.0462E+00      1.0113E+00      1.0872E+00      1.6348E+01      8.1444E+01      9.4149E+01      1.0000E+00
      1.6284E+01      1.0039E+00      1.0002E+00      1.0106E+00      1.6197E+01      8.9057E+01      9.1083E+01      1.0000E+00
      1.6082E+01      1.0015E+00      1.0000E+00      1.0036E+00      1.6067E+01      8.9630E+01      9.0382E+01      1.0000E+00
      1.6027E+01      1.0007E+00      1.0000E+00      1.0015E+00      1.6024E+01      8.9853E+01      9.0146E+01      1.0000E+00
      1.6005E+01      1.0003E+00      1.0000E+00      1.0006E+00      1.6003E+01      8.9965E+01      9.0034E+01      1.0000E+00
      1.6010E+01      1.0010E+00      1.0000E+00      1.0022E+00      1.6003E+01      8.9882E+01      9.0106E+01      1.0000E+00
      1.6025E+01      1.0032E+00      1.0000E+00      1.0069E+00      1.6000E+01      8.9629E+01      9.0308E+01      1.0000E+00
      1.6025E+01      1.0103E+00      1.0003E+00      1.0208E+00      1.5923E+01      8.8948E+01      9.0694E+01      1.0000E+00
      1.5252E+01      1.1323E+00      1.0258E+00      1.2377E+00      1.3107E+01      8.1172E+01      1.0243E+02      1.0000E+00
      1.5209E+01      1.1321E+00      1.0270E+00      1.2388E+00      1.3049E+01      8.0982E+01      1.0270E+02      1.0000E+00
      1.6009E+01      1.0102E+00      1.0003E+00      1.0202E+00      1.5900E+01      8.8999E+01      9.0619E+01      1.0000E+00
      1.6021E+01      1.0032E+00      1.0000E+00      1.0067E+00      1.5995E+01      8.9637E+01      9.0288E+01      1.0000E+00
      1.6015E+01      1.0010E+00      1.0000E+00      1.0024E+00      1.6006E+01      8.9854E+01      9.0129E+01      1.0000E+00
      1.6002E+01      1.0003E+00      1.0000E+00      1.0008E+00      1.5998E+01      8.9977E+01      9.0022E+01      1.0000E+00
      1.5996E+01      1.0012E+00      1.0000E+00      1.0031E+00      1.5982E+01      8.9920E+01      9.0072E+01      1.0000E+00
      1.5969E+01      1.0039E+00      1.0001E+00      1.0101E+00      1.5923E+01      8.9737E+01      9.0232E+01      1.0000E+00
      1.5872E+01      1.0110E+00      1.0004E+00      1.0276E+00      1.5750E+01      8.9287E+01      9.0839E+01      1.0000E+00
      1.5874E+01      1.1629E+00      1.0470E+00      1.2908E+00      1.3758E+01      7.4838E+01      1.0579E+02      1.0000E+00
      1.5835E+01      1.1569E+00      1.0450E+00      1.2867E+00      1.3767E+01      7.5221E+01      1.0530E+02      1.0000E+00
      1.5857E+01      1.0095E+00      1.0003E+00      1.0247E+00      1.5744E+01      8.9343E+01      9.0750E+01      1.0000E+00
      1.5965E+01      1.0036E+00      1.0001E+00      1.0093E+00      1.5920E+01      8.9746E+01      9.0213E+01      1.0000E+00
      1.6003E+01      1.0011E+00      1.0000E+00      1.0031E+00      1.5986E+01      8.9901E+01      9.0086E+01      1.0000E+00
      1.6002E+01      1.0003E+00      1.0000E+00      1.0009E+00      1.5998E+01      8.9970E+01      9.0029E+01      1.0000E+00
      1.5995E+01      1.0012E+00      1.0000E+00      1.0032E+00      1.5980E+01      8.9896E+01      9.0097E+01      1.0000E+00
      1.5960E+01      1.0039E+00      1.0001E+00      1.0106E+00      1.5912E+01      8.9668E+01      9.0313E+01      1.0000E+00
      1.5831E+01      1.0123E+00      1.0005E+00      1.0306E+00      1.5679E+01      8.9165E+01      9.1057E+01      1.0000E+00
      1.5753E+01      1.1678E+00      1.0492E+00      1.2982E+00      1.3567E+01      7.4666E+01      1.0621E+02      1.0000E+00
      1.5739E+01      1.1610E+00      1.0481E+00      1.2948E+00      1.3605E+01      7.4876E+01      1.0583E+02      1.0000E+00
      1.5822E+01      1.0106E+00      1.0004E+00      1.0264E+00      1.5681E+01      8.9234E+01      9.0994E+01      1.0000E+00
      1.5956E+01      1.0034E+00      1.0001E+00      1.0093E+00      1.5913E+01      8.9692E+01      9.0297E+01      1.0000E+00
      1.6001E+01      1.0011E+00      1.0000E+00      1.0031E+00      1.5985E+01      8.9879E+01      9.0114E+01      1.0000E+00
      1.6004E+01      1.0003E+00      1.0000E+00      1.0007E+00      1.6002E+01      8.9955E+01      9.0042E+01      1.0000E+00
      1.6008E+01      1.0011E+00      1.0000E+00      1.0025E+00      1.5999E+01      8.9846E+01      9.0136E+01      1.0000E+00
      1.6012E+01      1.0038E+00      1.0001E+00      1.0084E+00      1.5975E+01      8.9507E+01      9.0407E+01      1.0000E+00
      1.5953E+01      1.0122E+00      1.0005E+00      1.0261E+00      1.5808E+01      8.8630E+01      9.0948E+01      1.0000E+00
      1.4929E+01      1.1340E+00      1.0253E+00      1.2335E+00      1.2731E+01      8.1942E+01      1.0252E+02      1.0000E+00
      1.4945E+01      1.1268E+00      1.0251E+00      1.2305E+00      1.2816E+01      8.1785E+01      1.0233E+02      1.0000E+00
      1.5937E+01      1.0103E+00      1.0003E+00      1.0217E+00      1.5807E+01      8.8785E+01      9.0810E+01      1.0000E+00
      1.6005E+01      1.0033E+00      1.0000E+00      1.0072E+00      1.5972E+01      8.9550E+01      9.0367E+01      1.0000E+00
      1.6013E+01      1.0011E+00      1.0000E+00      1.0025E+00      1.6002E+01      8.9822E+01      9.0159E+01      1.0000E+00
      1.6007E+01      1.0002E+00      1.0000E+00      1.0004E+00      1.6007E+01      8.9954E+01      9.0045E+01      1.0000E+00
      1.6026E+01      1.0007E+00      1.0000E+00      1.0014E+00      1.6023E+01      8.9849E+01      9.0157E+01      1.0000E+00
      1.6090E+01      1.0023E+00      1.0000E+00      1.0047E+00      1.6072E+01      8.9542E+01      9.0508E+01      1.0000E+00
      1.6298E+01      1.0071E+00      1.0003E+00      1.0147E+00      1.6192E+01      8.8913E+01      9.1420E+01      1.0000E+00
      1.7689E+01      1.0392E+00      1.0098E+00      1.0809E+00      1.6556E+01      8.2011E+01      9.4788E+01      1.0000E+00
      1.5467E+01      1.1176E+00      1.0623E+00      1.2182E+00      1.2054E+01      8.2913E+01      1.0971E+02      1.0000E+00
      1.4553E+01      1.1583E+00      1.1266E+00      1.2753E+00      1.0320E+01      7.9154E+01      1.1743E+02      1.0000E+00
      1.7560E+01      1.0383E+00      1.0088E+00      1.0768E+00      1.6446E+01      8.2419E+01      9.4314E+01      1.0000E+00
      1.6258E+01      1.0061E+00      1.0003E+00      1.0125E+00      1.6154E+01      8.9085E+01      9.1255E+01      1.0000E+00
      1.6078E+01      1.0020E+00      1.0000E+00      1.0041E+00      1.6060E+01      8.9593E+01      9.0462E+01      1.0000E+00
      1.6027E+01      1.0008E+00      1.0000E+00      1.0016E+00      1.6024E+01      8.9829E+01      9.0178E+01      1.0000E+00
      1.6008E+01      1.0002E+00      1.0000E+00      1.0004E+00      1.6005E+01      8.9952E+01      9.0042E+01      1.0000E+00
      1.6032E+01      1.0005E+00      1.0000E+00      1.0012E+00      1.6022E+01      8.9834E+01      9.0147E+01      1.0000E+00
      1.6117E+01      1.0014E+00      1.0000E+00      1.0039E+00      1.6078E+01      8.9461E+01      9.0461E+01      1.0000E+00
      1.6365E+01      1.0051E+00      1.0004E+00      1.0116E+00      1.6211E+01      8.8398E+01      9.1171E+01      1.0000E+00
      1.6673E+01      1.0053E+00      1.0007E+00      1.0098E+00      1.6517E+01      8.7867E+01      9.1597E+01      1.0000E+00
      1.7674E+01      1.0391E+00      1.0096E+00      1.0810E+00      1.6551E+01      8.2080E+01      9.4745E+01      1.0000E+00
      1.4891E+01      1.1351E+00      1.0262E+00      1.2347E+00      1.2677E+01      8.1795E+01      1.0275E+02      1.0000E+00
      1.5689E+01      1.1668E+00      1.0477E+00      1.2968E+00      1.3500E+01      7.5011E+01      1.0600E+02      1.0000E+00
      1.5833E+01      1.1620E+00      1.0495E+00      1.2965E+00      1.3738E+01      7.4388E+01      1.0593E+02      1.0000E+00
      1.4994E+01      1.1253E+00      1.0241E+00      1.2286E+00      1.2887E+01      8.1941E+01      1.0206E+02      1.0000E+00
      1.7574E+01      1.0389E+00      1.0090E+00      1.0772E+00      1.6453E+01      8.2360E+01      9.4346E+01      1.0000E+00
      1.6540E+01      1.0027E+00      1.0003E+00      1.0049E+00      1.6463E+01      8.8541E+01      9.1192E+01      1.0000E+00
      1.6319E+01      1.0045E+00      1.0003E+00      1.0101E+00      1.6185E+01      8.8613E+01      9.1011E+01      1.0000E+00
      1.6104E+01      1.0012E+00      1.0000E+00      1.0033E+00      1.6069E+01      8.9522E+01      9.0415E+01      1.0000E+00
      1.6031E+01      1.0006E+00      1.0000E+00      1.0016E+00      1.6020E+01      8.9819E+01      9.0161E+01      1.0000E+00
      1.6006E+01      1.0001E+00      1.0000E+00      1.0003E+00      1.6003E+01      8.9964E+01      9.0028E+01      1.0000E+00
      1.6025E+01      1.0004E+00      1.0000E+00      1.0009E+00      1.6014E+01      8.9874E+01      9.0096E+01      1.0000E+00
      1.6081E+01      1.0011E+00      1.0000E+00      1.0026E+00      1.6045E+01      8.9613E+01      9.0276E+01      1.0000E+00
      1.6195E+01      1.0025E+00      1.0001E+00      1.0049E+00      1.6117E+01      8.9150E+01      9.0574E+01      1.0000E+00
      1.6363E+01      1.0051E+00      1.0004E+00      1.0117E+00      1.6211E+01      8.8407E+01      9.1165E+01      1.0000E+00
      1.6290E+01      1.0073E+00      1.0003E+00      1.0148E+00      1.6186E+01      8.8951E+01      9.1394E+01      1.0000E+00
      1.5936E+01      1.0125E+00      1.0005E+00      1.0269E+00      1.5783E+01      8.8664E+01      9.0890E+01      1.0000E+00
      1.5806E+01      1.0116E+00      1.0005E+00      1.0299E+00      1.5656E+01      8.9245E+01      9.0928E+01      1.0000E+00
      1.5826E+01      1.0110E+00      1.0004E+00      1.0271E+00      1.5688E+01      8.9162E+01      9.1052E+01      1.0000E+00
      1.5955E+01      1.0100E+00      1.0003E+00      1.0208E+00      1.5836E+01      8.8759E+01      9.0862E+01      1.0000E+00
      1.6266E+01      1.0059E+00      1.0003E+00      1.0123E+00      1.6161E+01      8.9044E+01      9.1282E+01      1.0000E+00
      1.6321E+01      1.0046E+00      1.0003E+00      1.0102E+00      1.6186E+01      8.8604E+01      9.1016E+01      1.0000E+00
      1.6169E+01      1.0021E+00      1.0001E+00      1.0041E+00      1.6104E+01      8.9283E+01      9.0488E+01      1.0000E+00
      1.6072E+01      1.0010E+00      1.0000E+00      1.0023E+00      1.6040E+01      8.9657E+01      9.0246E+01      1.0000E+00
      1.6023E+01      1.0005E+00      1.0000E+00      1.0013E+00      1.6011E+01      8.9867E+01      9.0100E+01      1.0000E+00
      1.6003E+01      1.0001E+00      1.0000E+00      1.0002E+00      1.6001E+01      8.9980E+01      9.0014E+01      1.0000E+00
      1.6013E+01      1.0002E+00      1.0000E+00      1.0005E+00      1.6006E+01      8.9933E+01      9.0045E+01      1.0000E+00
      1.6037E+01      1.0006E+00      1.0000E+00      1.0011E+00      1.6019E+01      8.9816E+01      9.0120E+01      1.0000E+00
      1.6081E+01      1.0011E+00      1.0000E+00      1.0026E+00      1.6045E+01      8.9614E+01      9.0275E+01      1.0000E+00
      1.6116E+01      1.0014E+00      1.0000E+00      1.0039E+00      1.6077E+01      8.9466E+01      9.0458E+01      1.0000E+00
      1.6087E+01      1.0023E+00      1.0000E+00      1.0048E+00      1.6069E+01      8.9558E+01      9.0496E+01      1.0000E+00
      1.6006E+01      1.0039E+00      1.0001E+00      1.0086E+00      1.5967E+01      8.9521E+01      9.0385E+01      1.0000E+00
      1.5950E+01      1.0040E+00      1.0001E+00      1.0107E+00      1.5898E+01      8.9695E+01      9.0270E+01      1.0000E+00
      1.5952E+01      1.0036E+00      1.0001E+00      1.0098E+00      1.5906E+01      8.9676E+01      9.0307E+01      1.0000E+00
      1.6007E+01      1.0033E+00      1.0000E+00      1.0071E+00      1.5976E+01      8.9545E+01      9.0377E+01      1.0000E+00
      1.6080E+01      1.0019E+00      1.0000E+00      1.0040E+00      1.6061E+01      8.9582E+01      9.0468E+01      1.0000E+00
      1.6104E+01      1.0011E+00      1.0000E+00      1.0033E+00      1.6069E+01      8.9522E+01      9.0413E+01      1.0000E+00
      1.6072E+01      1.0010E+00      1.0000E+00      1.0023E+00      1.6041E+01      8.9660E+01      9.0244E+01      1.0000E+00
      1.6033E+01      1.0005E+00      1.0000E+00      1.0010E+00      1.6017E+01      8.9835E+01      9.0107E+01      1.0000E+00
      1.6012E+01      1.0003E+00      1.0000E+00      1.0007E+00      1.6004E+01      8.9931E+01      9.0045E+01      1.0000E+00
      1.6001E+01      1.0000E+00      1.0000E+00      1.0001E+00      1.6000E+01      8.9992E+01      9.0005E+01      1.0000E+00
      1.6005E+01      1.0001E+00      1.0000E+00      1.0002E+00      1.6002E+01      8.9974E+01      9.0016E+01      1.0000E+00
      1.6013E+01      1.0002E+00      1.0000E+00      1.0005E+00      1.6006E+01      8.9933E+01      9.0045E+01      1.0000E+00
      1.6025E+01      1.0004E+00      1.0000E+00      1.0009E+00      1.6014E+01      8.9875E+01      9.0095E+01      1.0000E+00
      1.6032E+01      1.0005E+00      1.0000E+00      1.0012E+00      1.6022E+01      8.9835E+01      9.0146E+01      1.0000E+00
      1.6025E+01      1.0007E+00      1.0000E+00      1.0014E+00      1.6022E+01      8.9854E+01      9.0154E+01      1.0000E+00
      1.6007E+01      1.0011E+00      1.0000E+00      1.0026E+00      1.5996E+01      8.9850E+01      9.0130E+01      1.0000E+00
      1.5992E+01      1.0012E+00      1.0000E+00      1.0033E+00      1.5976E+01      8.9903E+01      9.0085E+01      1.0000E+00
      1.5992E+01      1.0012E+00      1.0000E+00      1.0031E+00      1.5978E+01      8.9900E+01      9.0094E+01      1.0000E+00
      1.6006E+01      1.0010E+00      1.0000E+00      1.0023E+00      1.5998E+01      8.9855E+01      9.0128E+01      1.0000E+00
      1.6023E+01      1.0006E+00      1.0000E+00      1.0013E+00      1.6020E+01      8.9859E+01      9.0147E+01      1.0000E+00
      1.6029E+01      1.0004E+00      1.0000E+00      1.0011E+00      1.6020E+01      8.9848E+01      9.0135E+01      1.0000E+00
      1.6022E+01      1.0003E+00      1.0000E+00      1.0008E+00      1.6013E+01      8.9886E+01      9.0087E+01      1.0000E+00
      1.6012E+01      1.0002E+00      1.0000E+00      1.0004E+00      1.6006E+01      8.9939E+01      9.0041E+01      1.0000E+00
      1.6004E+01      1.0001E+00      1.0000E+00      1.0003E+00      1.6001E+01      8.9973E+01      9.0015E+01      1.0000E+00
      1.6000E+01      1.0000E+00      1.0000E+00      1.0000E+00      1.6000E+01      8.9997E+01      9.0001E+01      1.0000E+00
      1.6001E+01      1.0000E+00      1.0000E+00      1.0001E+00      1.6000E+01      8.9992E+01      9.0005E+01      1.0000E+00
      1.6003E+01      1.0001E+00      1.0000E+00      1.0002E+00      1.6001E+01      8.9980E+01      9.0014E+01      1.0000E+00
      1.6006E+01      1.0001E+00      1.0000E+00      1.0003E+00      1.6003E+01      8.9964E+01      9.0028E+01      1.0000E+00
      1.6008E+01      1.0002E+00      1.0000E+00      1.0004E+00      1.6005E+01      8.9953E+01      9.0042E+01      1.0000E+00
      1.6007E+01      1.0002E+00      1.0000E+00      1.0004E+00      1.6007E+01      8.9956E+01      9.0044E+01      1.0000E+00
      1.6004E+01      1.0003E+00      1.0000E+00      1.0007E+00      1.6001E+01      8.9956E+01      9.0041E+01      1.0000E+00
      1.6001E+01      1.0003E+00      1.0000E+00      1.0009E+00      1.5997E+01      8.9972E+01      9.0026E+01      1.0000E+00
      1.6001E+01      1.0003E+00      1.0000E+00      1.0008E+00      1.5997E+01      8.9971E+01      9.0028E+01      1.0000E+00
      1.6004E+01      1.0003E+00      1.0000E+00      1.0006E+00      1.6002E+01      8.9957E+01      9.0040E+01      1.0000E+00
      1.6007E+01      1.0002E+00      1.0000E+00      1.0004E+00      1.6006E+01      8.9957E+01      9.0043E+01      1.0000E+00
      1.6007E+01      1.0002E+00      1.0000E+00      1.0004E+00      1.6005E+01      8.9955E+01      9.0040E+01      1.0000E+00
      1.6006E+01      1.0001E+00      1.0000E+00      1.0003E+00      1.6003E+01      8.9966E+01      9.0026E+01      1.0000E+00
      1.6003E+01      1.0001E+00      1.0000E+00      1.0002E+00      1.6001E+01      8.9981E+01      9.0013E+01      1.0000E+00
      1.6001E+01      1.0000E+00      1.0000E+00      1.0001E+00      1.6000E+01      8.9992E+01      9.0004E+01      1.0000E+00
      6.5812E+00      1.5516E+00      1.3769E+00      2.1053E+00      3.7927E+00      5.8128E+01      1.2817E+02      1.0000E+00
      6.5787E+00      1.5492E+00      1.3765E+00      2.1049E+00      3.7909E+00      5.8215E+01      1.2811E+02      1.0000E+00
      3.7658E+00      1.0896E+00      1.0294E+00      1.1742E+00      3.1268E+00      8.4225E+01      1.0372E+02      1.0000E+00
      6.5636E+00      1.7025E+00      1.6434E+00      2.3459E+00      3.1915E+00      5.2189E+01      1.3753E+02      1.0000E+00
      3.0793E+00      1.2112E+00      1.0610E+00      1.5117E+00      2.3387E+00      7.5493E+01      1.0276E+02      1.0000E+00
      5.1217E+00      1.6382E+00      1.4267E+00      2.4999E+00      2.6666E+00      5.2609E+01      1.1971E+02      1.0000E+00
      6.6024E+00      1.7123E+00      1.6057E+00      2.3184E+00      3.3284E+00      5.1793E+01      1.3662E+02      1.0000E+00
      5.1759E+00      1.6275E+00      1.4278E+00      2.5008E+00      2.6997E+00      5.2964E+01      1.1946E+02      1.0000E+00
      3.2939E+00      1.2129E+00      1.0883E+00      1.5623E+00      2.3730E+00      7.2515E+01      1.0393E+02      1.0000E+00
      6.5374E+00      1.7202E+00      1.6547E+00      2.3357E+00      3.2121E+00      5.1203E+01      1.3797E+02      1.0000E+00
      3.2419E+00      1.2239E+00      1.0959E+00      1.5810E+00      2.3322E+00      7.1266E+01      1.0279E+02      1.0000E+00
      4.7821E+00      1.6317E+00      1.4352E+00      2.4274E+00      2.4799E+00      5.0379E+01      1.1924E+02      1.0000E+00
      6.7172E+00      1.6976E+00      1.6069E+00      2.3121E+00      3.3853E+00      5.2080E+01      1.3651E+02      1.0000E+00
      5.6527E+00      1.4730E+00      1.3329E+00      2.0244E+00      3.6265E+00      5.5712E+01      1.2112E+02      1.0000E+00
      3.3357E+00      1.0851E+00      1.0262E+00      1.1981E+00      2.8419E+00      8.4935E+01      1.0237E+02      1.0000E+00
      6.5250E+00      1.5630E+00      1.3838E+00      2.1122E+00      3.7077E+00      5.8050E+01      1.2883E+02      1.0000E+00
      3.4522E+00      1.0541E+00      1.0258E+00      1.0935E+00      3.1143E+00      8.2600E+01      1.0288E+02      1.0000E+00
      6.5000E+00      1.5585E+00      1.3768E+00      2.1164E+00      3.7128E+00      5.8281E+01      1.2830E+02      1.0000E+00
      6.5480E+00      1.6917E+00      1.6245E+00      2.3335E+00      3.2082E+00      5.2654E+01      1.3700E+02      1.0000E+00
      3.0869E+00      1.2109E+00      1.0592E+00      1.5073E+00      2.3453E+00      7.5635E+01      1.0292E+02      1.0000E+00
      5.1474E+00      1.6466E+00      1.4252E+00      2.5078E+00      2.6862E+00      5.2713E+01      1.2008E+02      1.0000E+00
      1.6336E+00      1.5375E+00      1.3130E+00      2.0668E+00      9.1406E-01      6.2336E+01      1.2668E+02      1.0000E+00
      1.6389E+00      1.5361E+00      1.3188E+00      2.0621E+00      9.1180E-01      6.2311E+01      1.2708E+02      1.0000E+00
      8.9801E-01      1.0667E+00      1.0416E+00      1.1044E+00      7.9339E-01      8.0269E+01      1.0624E+02      1.0000E+00
      1.7508E+00      1.6565E+00      1.6416E+00      2.3295E+00      8.8107E-01      5.2283E+01      1.3635E+02      1.0000E+00
      8.6045E-01      1.0830E+00      1.0179E+00      1.1823E+00      7.2895E-01      8.3036E+01      1.0058E+02      1.0000E+00
      1.3781E+00      1.5370E+00      1.3736E+00      1.9937E+00      8.6588E-01      5.0141E+01      1.2306E+02      1.0000E+00
      1.7832E+00      1.6453E+00      1.5906E+00      2.3060E+00      9.2283E-01      5.2937E+01      1.3487E+02      1.0000E+00
      8.7606E-01      1.0780E+00      1.0180E+00      1.1736E+00      7.4912E-01      8.3965E+01      1.0058E+02      1.0000E+00
      1.5258E+00      1.5508E+00      1.3925E+00      2.1048E+00      9.5472E-01      5.2506E+01      1.2455E+02      1.0000E+00
      1.1522E+00      1.0748E+00      1.0153E+00      1.1532E+00      9.8874E-01      8.3651E+01      9.9951E+01      1.0000E+00
      1.0602E+00      1.1244E+00      1.0294E+00      1.1908E+00      9.4355E-01      8.0496E+01      1.0348E+02      1.0000E+00
      1.0239E+00      1.1563E+00      1.1220E+00      1.2937E+00      7.6096E-01      7.7340E+01      1.1666E+02      1.0000E+00
      4.2879E-01      1.5567E+00      1.4290E+00      2.1499E+00      2.3168E-01      5.8405E+01      1.3055E+02      1.0000E+00
      3.9389E-01      1.4833E+00      1.3658E+00      2.0664E+00      2.3623E-01      5.9114E+01      1.2597E+02      1.0000E+00
      2.2016E-01      1.0859E+00      1.0293E+00      1.1790E+00      1.8808E-01      8.4426E+01      1.0348E+02      1.0000E+00
      1.7506E+00      1.6781E+00      1.6071E+00      2.3325E+00      8.9323E-01      5.2210E+01      1.3569E+02      1.0000E+00
      1.3609E+00      1.5483E+00      1.3761E+00      1.9999E+00      8.5418E-01      4.9932E+01      1.2348E+02      1.0000E+00
      8.4963E-01      1.0760E+00      1.0192E+00      1.1711E+00      7.3399E-01      8.5253E+01      1.0083E+02      1.0000E+00
      1.6873E+00      1.6811E+00      1.5775E+00      2.2958E+00      8.3437E-01      5.3768E+01      1.3614E+02      1.0000E+00
      8.3892E-01      1.0849E+00      1.0326E+00      1.1939E+00      7.1225E-01      8.2828E+01      1.0393E+02      1.0000E+00
      1.2823E+00      1.4585E+00      1.2984E+00      1.8932E+00      8.3926E-01      5.4036E+01      1.1993E+02      1.0000E+00
      1.1063E+00      1.1668E+00      1.0521E+00      1.2083E+00      9.8706E-01      7.4536E+01      1.0667E+02      1.0000E+00
      1.0331E+00      1.2044E+00      1.0484E+00      1.3702E+00      8.6397E-01      7.5370E+01      1.0373E+02      1.0000E+00
      4.4003E-01      1.6557E+00      1.5756E+00      2.3376E+00      2.1929E-01      5.4302E+01      1.3496E+02      1.0000E+00
      2.1015E-01      1.0908E+00      1.0283E+00      1.1928E+00      1.7845E-01      8.3632E+01      1.0317E+02      1.0000E+00
      3.2972E-01      1.5131E+00      1.3438E+00      1.9568E+00      2.0956E-01      5.1266E+01      1.2188E+02      1.0000E+00
      4.3196E-01      1.6740E+00      1.5799E+00      2.2907E+00      2.2178E-01      5.2716E+01      1.3550E+02      1.0000E+00
      3.3258E-01      1.5033E+00      1.3401E+00      1.9650E+00      2.1072E-01      5.1809E+01      1.2131E+02      1.0000E+00
      2.1459E-01      1.0897E+00      1.0298E+00      1.2089E+00      1.8097E-01      8.4540E+01      1.0319E+02      1.0000E+00
      1.0237E+00      1.1871E+00      1.0474E+00      1.3444E+00      8.6469E-01      7.4758E+01      1.0419E+02      1.0000E+00
      1.0922E+00      1.1493E+00      1.0423E+00      1.2155E+00      9.7775E-01      7.5690E+01      1.0501E+02      1.0000E+00
      4.3151E-01      1.6868E+00      1.5924E+00      2.3020E+00      2.1873E-01      5.2501E+01      1.3606E+02      1.0000E+00
      2.1445E-01      1.0911E+00      1.0313E+00      1.2127E+00      1.8045E-01      8.4317E+01      1.0348E+02      1.0000E+00
      3.3104E-01      1.4859E+00      1.3269E+00      1.9472E+00      2.1073E-01      5.2473E+01      1.2046E+02      1.0000E+00
      4.3557E-01      1.6844E+00      1.6101E+00      2.3322E+00      2.1554E-01      5.2888E+01      1.3642E+02      1.0000E+00
      3.2802E-01      1.4973E+00      1.3413E+00      1.9508E+00      2.0894E-01      5.1690E+01      1.2136E+02      1.0000E+00
      2.0940E-01      1.0772E+00      1.0256E+00      1.1862E+00      1.7934E-01      8.4242E+01      1.0222E+02      1.0000E+00
      1.6773E+00      1.6691E+00      1.5641E+00      2.3171E+00      8.3213E-01      5.4374E+01      1.3529E+02      1.0000E+00
      1.2822E+00      1.4584E+00      1.2935E+00      1.8851E+00      8.4030E-01      5.4041E+01      1.1979E+02      1.0000E+00
      8.3541E-01      1.1013E+00      1.0360E+00      1.2036E+00      6.9998E-01      8.2422E+01      1.0493E+02      1.0000E+00
      1.6756E+00      1.5385E+00      1.4229E+00      2.1343E+00      9.4358E-01      5.7680E+01      1.2938E+02      1.0000E+00
      8.7978E-01      1.0709E+00      1.0216E+00      1.1418E+00      7.5994E-01      8.5769E+01      1.0180E+02      1.0000E+00
      1.5711E+00      1.5545E+00      1.4173E+00      2.0999E+00      9.4205E-01      5.5239E+01      1.2882E+02      1.0000E+00
      1.0913E+00      1.1551E+00      1.0440E+00      1.2208E+00      9.7417E-01      7.5572E+01      1.0516E+02      1.0000E+00
      1.0216E+00      1.1944E+00      1.0516E+00      1.3382E+00      8.6738E-01      7.4315E+01      1.0490E+02      1.0000E+00
      4.3506E-01      1.6785E+00      1.5961E+00      2.3254E+00      2.1666E-01      5.3182E+01      1.3600E+02      1.0000E+00
      2.0943E-01      1.0772E+00      1.0259E+00      1.1838E+00      1.7962E-01      8.4067E+01      1.0234E+02      1.0000E+00
      3.2802E-01      1.5048E+00      1.3427E+00      1.9555E+00      2.0882E-01      5.1567E+01      1.2166E+02      1.0000E+00
      4.3326E-01      1.6651E+00      1.5999E+00      2.3215E+00      2.1592E-01      5.3376E+01      1.3590E+02      1.0000E+00
      3.3063E-01      1.4963E+00      1.3359E+00      1.9527E+00      2.1049E-01      5.1988E+01      1.2115E+02      1.0000E+00
      2.1139E-01      1.0876E+00      1.0278E+00      1.1987E+00      1.7817E-01      8.4421E+01      1.0294E+02      1.0000E+00
      1.0153E+00      1.1935E+00      1.0380E+00      1.3367E+00      8.4575E-01      7.9865E+01      1.0254E+02      1.0000E+00
      1.4363E+00      1.0376E+00      1.0111E+00      1.0602E+00      1.3911E+00      8.1631E+01      9.6735E+01      1.0000E+00
      1.0113E+00      1.1692E+00      1.0306E+00      1.3214E+00      8.4781E-01      8.0150E+01      1.0234E+02      1.0000E+00
      4.3684E-01      1.5450E+00      1.3927E+00      2.1408E+00      2.5113E-01      5.7918E+01      1.2795E+02      1.0000E+00
      2.2437E-01      1.0562E+00      1.0247E+00      1.0995E+00      2.0141E-01      8.3168E+01      1.0261E+02      1.0000E+00
      4.3695E-01      1.5687E+00      1.4187E+00      2.1534E+00      2.4738E-01      5.6845E+01      1.2945E+02      1.0000E+00
      3.9030E+00      1.1501E+00      1.1269E+00      1.2740E+00      2.8675E+00      7.7080E+01      1.1731E+02      1.0000E+00
      4.3878E+00      1.0703E+00      1.0101E+00      1.1459E+00      3.8159E+00      8.3126E+01      9.8100E+01      1.0000E+00
      4.0490E+00      1.1179E+00      1.0272E+00      1.1738E+00      3.5863E+00      8.0819E+01      1.0319E+02      1.0000E+00
      1.5308E+00      1.4820E+00      1.3506E+00      2.0439E+00      9.2502E-01      5.9407E+01      1.2567E+02      1.0000E+00
      8.7305E-01      1.0880E+00      1.0304E+00      1.1801E+00      7.4466E-01      8.4363E+01      1.0374E+02      1.0000E+00
      1.6604E+00      1.5606E+00      1.4212E+00      2.1320E+00      9.0153E-01      5.8353E+01      1.3058E+02      1.0000E+00
      3.2766E+00      1.0827E+00      1.0262E+00      1.1949E+00      2.7652E+00      8.4683E+01      1.0253E+02      1.0000E+00
      6.5728E+00      1.6915E+00      1.6314E+00      2.3212E+00      3.2525E+00      5.2164E+01      1.3714E+02      1.0000E+00
      5.1124E+00      1.4715E+00      1.3211E+00      1.9270E+00      3.2910E+00      5.2984E+01      1.2034E+02      1.0000E+00
      5.1586E+00      1.6457E+00      1.4306E+00      2.4987E+00      2.6965E+00      5.2338E+01      1.2028E+02      1.0000E+00
      6.5177E+00      1.6822E+00      1.5854E+00      2.3287E+00      3.3108E+00      5.2791E+01      1.3541E+02      1.0000E+00
      3.2844E+00      1.2416E+00      1.0857E+00      1.5821E+00      2.3307E+00      7.1113E+01      1.0431E+02      1.0000E+00
      1.2883E+00      1.7234E+00      1.4890E+00      2.4960E+00      6.5644E-01      4.7325E+01      1.2285E+02      1.0000E+00
      1.7359E+00      1.6655E+00      1.6298E+00      2.3659E+00      8.7135E-01      5.2523E+01      1.3578E+02      1.0000E+00
      8.4101E-01      1.2516E+00      1.0841E+00      1.5640E+00      6.1173E-01      6.9989E+01      1.0316E+02      1.0000E+00
      4.1720E-01      1.5772E+00      1.4542E+00      2.1180E+00      2.5135E-01      5.3367E+01      1.3000E+02      1.0000E+00
      4.4700E-01      1.4862E+00      1.4177E+00      2.1228E+00      2.5596E-01      5.8918E+01      1.2778E+02      1.0000E+00
      2.4894E-01      1.1199E+00      1.0242E+00      1.2452E+00      1.9719E-01      7.8231E+01      1.0223E+02      1.0000E+00
      3.6401E-01      1.0491E+00      1.0144E+00      1.0873E+00      3.4677E-01      8.0467E+01      9.6950E+01      1.0000E+00
      2.5002E-01      1.1661E+00      1.0286E+00      1.3178E+00      2.0836E-01      8.1072E+01      1.0213E+02      1.0000E+00
      2.4941E-01      1.2190E+00      1.1125E+00      1.3730E+00      1.7229E-01      7.9094E+01      1.1599E+02      1.0000E+00
      1.0492E-01      1.5863E+00      1.4664E+00      2.1676E+00      5.7335E-02      5.5956E+01      1.3174E+02      1.0000E+00
      9.6685E-02      1.4792E+00      1.3726E+00      2.0606E+00      5.9580E-02      5.8028E+01      1.2553E+02      1.0000E+00
      5.4143E-02      1.0857E+00      1.0264E+00      1.1817E+00      4.6420E-02      8.4970E+01      1.0273E+02      1.0000E+00
      4.3373E-01      1.6262E+00      1.5032E+00      2.3284E+00      2.1344E-01      5.7642E+01      1.3297E+02      1.0000E+00
      2.0065E-01      1.2562E+00      1.0605E+00      1.5295E+00      1.5051E-01      7.7339E+01      1.0679E+02      1.0000E+00
      3.2404E-01      1.6764E+00      1.3857E+00      2.4570E+00      1.7062E-01      5.2503E+01      1.2024E+02      1.0000E+00
      9.4861E-02      1.4879E+00      1.3641E+00      1.9975E+00      5.8111E-02      5.8011E+01      1.2700E+02      1.0000E+00
      1.0528E-01      1.4906E+00      1.3671E+00      2.0798E+00      5.8589E-02      6.1610E+01      1.2766E+02      1.0000E+00
      6.0638E-02      1.1267E+00      1.0371E+00      1.2605E+00      4.6902E-02      7.9184E+01      1.0534E+02      1.0000E+00
      8.8309E-02      1.0410E+00      1.0145E+00      1.0658E+00      8.4194E-02      8.0327E+01      9.7115E+01      1.0000E+00
      6.1783E-02      1.1697E+00      1.0298E+00      1.3184E+00      5.1448E-02      8.1056E+01      1.0217E+02      1.0000E+00
      6.1227E-02      1.1978E+00      1.1110E+00      1.3432E+00      4.3069E-02      7.9040E+01      1.1582E+02      1.0000E+00
      2.5972E-02      1.5772E+00      1.4524E+00      2.1608E+00      1.4214E-02      5.6599E+01      1.3124E+02      1.0000E+00
      2.3960E-02      1.4916E+00      1.3703E+00      2.0506E+00      1.4763E-02      5.7674E+01      1.2603E+02      1.0000E+00
      1.3431E-02      1.0717E+00      1.0258E+00      1.1530E+00      1.1626E-02      8.4252E+01      1.0273E+02      1.0000E+00
      1.1129E-01      1.6063E+00      1.5376E+00      2.3437E+00      5.7374E-02      5.5673E+01      1.3231E+02      1.0000E+00
      5.0541E-02      1.2393E+00      1.0451E+00      1.4841E+00      3.8793E-02      7.6264E+01      1.0371E+02      1.0000E+00
      8.7142E-02      1.7900E+00      1.4819E+00      2.6157E+00      4.3433E-02      4.8284E+01      1.2398E+02      1.0000E+00
      2.3850E-02      1.4761E+00      1.3659E+00      1.9750E+00      1.4524E-02      5.8426E+01      1.2738E+02      1.0000E+00
      2.6756E-02      1.4863E+00      1.3781E+00      2.1038E+00      1.4434E-02      6.2595E+01      1.2815E+02      1.0000E+00
      1.5352E-02      1.1431E+00      1.0328E+00      1.2775E+00      1.1789E-02      7.7618E+01      1.0447E+02      1.0000E+00
      2.2251E-02      1.0371E+00      1.0145E+00      1.0593E+00      2.1383E-02      8.0312E+01      9.7599E+01      1.0000E+00
      1.5293E-02      1.2039E+00      1.0452E+00      1.3398E+00      1.2472E-02      7.9440E+01      1.0458E+02      1.0000E+00
      1.6389E-02      1.1423E+00      1.0343E+00      1.3041E+00      1.3035E-02      8.0548E+01      1.0410E+02      1.0000E+00
      6.5354E-03      1.5180E+00      1.4088E+00      2.1816E+00      3.6275E-03      5.9545E+01      1.2784E+02      1.0000E+00
      5.8656E-03      1.6878E+00      1.4306E+00      2.3055E+00      3.5247E-03      5.2193E+01      1.2817E+02      1.0000E+00
      3.4593E-03      1.2251E+00      1.0511E+00      1.3658E+00      2.7186E-03      7.8238E+01      1.0399E+02      1.0000E+00
      2.8598E-02      1.5787E+00      1.5238E+00      2.3812E+00      1.4797E-02      5.6958E+01      1.3059E+02      1.0000E+00
      1.2557E-02      1.2705E+00      1.0607E+00      1.4745E+00      9.7882E-03      7.7098E+01      1.0421E+02      1.0000E+00
      2.1953E-02      1.9442E+00      1.4982E+00      2.7191E+00      1.0139E-02      4.4998E+01      1.2520E+02      1.0000E+00
      4.4478E-03      1.8427E+00      1.7838E+00      3.0096E+00      1.1628E-03      4.8319E+01      1.4343E+02      1.0000E+00
      6.9059E-03      1.3877E+00      1.2503E+00      2.0994E+00      4.3498E-03      6.5702E+01      1.1205E+02      1.0000E+00
      5.9492E-03      1.6521E+00      1.6826E+00      2.7573E+00      2.5608E-03      5.7826E+01      1.3388E+02      1.0000E+00
      1.6765E+00      1.6728E+00      1.5895E+00      2.3374E+00      8.1703E-01      5.4190E+01      1.3597E+02      1.0000E+00
      8.2929E-01      1.2604E+00      1.0828E+00      1.6001E+00      5.9204E-01      7.1164E+01      1.0413E+02      1.0000E+00
      1.2050E+00      1.6362E+00      1.4100E+00      2.3781E+00      6.4013E-01      5.0740E+01      1.1990E+02      1.0000E+00
      3.2296E-01      1.6809E+00      1.3998E+00      2.4798E+00      1.6908E-01      5.2196E+01      1.2057E+02      1.0000E+00
      4.2380E-01      1.6298E+00      1.5152E+00      2.3096E+00      2.1227E-01      5.6507E+01      1.3332E+02      1.0000E+00
      1.9835E-01      1.2453E+00      1.0580E+00      1.5225E+00      1.4926E-01      7.7169E+01      1.0611E+02      1.0000E+00
      8.7526E-02      1.7847E+00      1.4870E+00      2.6222E+00      4.3810E-02      4.8503E+01      1.2417E+02      1.0000E+00
      1.1092E-01      1.6088E+00      1.5380E+00      2.3387E+00      5.7373E-02      5.5469E+01      1.3238E+02      1.0000E+00
      5.0478E-02      1.2339E+00      1.0431E+00      1.4807E+00      3.8802E-02      7.6253E+01      1.0345E+02      1.0000E+00
      2.5924E-02      1.7425E+00      1.4585E+00      2.3697E+00      1.4968E-02      4.9582E+01      1.2821E+02      1.0000E+00
      2.9363E-02      1.5703E+00      1.4715E+00      2.3126E+00      1.5964E-02      5.6968E+01      1.2902E+02      1.0000E+00
      1.3546E-02      1.1038E+00      1.0254E+00      1.1687E+00      1.1747E-02      8.2869E+01      1.0277E+02      1.0000E+00
      1.3103E-02      1.3509E+00      1.6453E+00      1.5589E+00      5.8491E-03      6.8094E+01      1.4242E+02      1.0000E+00
      1.5494E-02      1.1874E+00      1.0488E+00      1.3177E+00      1.3339E-02      7.4948E+01      1.0481E+02      1.0000E+00
      4.9010E-03      1.4997E+00      1.3443E+00      1.9150E+00      3.1830E-03      5.1253E+01      1.2246E+02      1.0000E+00
      6.5489E-03      1.6508E+00      1.5811E+00      2.2943E+00      3.2754E-03      5.4050E+01      1.3556E+02      1.0000E+00
      3.2384E-03      1.0915E+00      1.0237E+00      1.2012E+00      2.7412E-03      8.4391E+01      1.0197E+02      1.0000E+00
      2.6389E-02      1.5027E+00      1.3821E+00      2.1120E+00      1.4009E-02      6.2508E+01      1.2885E+02      1.0000E+00
      1.3753E-02      1.0961E+00      1.0321E+00      1.1782E+00      1.1621E-02      8.3372E+01      1.0429E+02      1.0000E+00
      2.3228E-02      1.4934E+00      1.3541E+00      1.9991E+00      1.4148E-02      5.8445E+01      1.2687E+02      1.0000E+00
      1.5626E-02      1.1842E+00      1.0358E+00      1.3233E+00      1.3086E-02      7.9893E+01      1.0256E+02      1.0000E+00
      2.2116E-02      1.0346E+00      1.0120E+00      1.0490E+00      2.1403E-02      8.1226E+01      9.7287E+01      1.0000E+00
      1.5730E-02      1.1718E+00      1.0310E+00      1.3226E+00      1.3160E-02      8.0366E+01      1.0226E+02      1.0000E+00
      6.7241E-03      1.5501E+00      1.3957E+00      2.1450E+00      3.8709E-03      5.7624E+01      1.2806E+02      1.0000E+00
      3.4632E-03      1.0568E+00      1.0260E+00      1.1006E+00      3.1097E-03      8.2781E+01      1.0292E+02      1.0000E+00
      6.7830E-03      1.5627E+00      1.4093E+00      2.1488E+00      3.8537E-03      5.7217E+01      1.2902E+02      1.0000E+00
      1.0459E-01      1.4980E+00      1.3685E+00      2.0808E+00      5.7954E-02      6.1464E+01      1.2796E+02      1.0000E+00
      6.0331E-02      1.1241E+00      1.0379E+00      1.2572E+00      4.6788E-02      7.9582E+01      1.0549E+02      1.0000E+00
      9.4244E-02      1.4823E+00      1.3534E+00      1.9902E+00      5.7901E-02      5.8477E+01      1.2655E+02      1.0000E+00
      6.0878E-02      1.2010E+00      1.1159E+00      1.3446E+00      4.2651E-02      7.8634E+01      1.1634E+02      1.0000E+00
      8.8060E-02      1.0391E+00      1.0139E+00      1.0636E+00      8.4046E-02      8.0529E+01      9.6897E+01      1.0000E+00
      6.1830E-02      1.1679E+00      1.0291E+00      1.3176E+00      5.1564E-02      8.1109E+01      1.0203E+02      1.0000E+00
      2.4005E-02      1.4833E+00      1.3671E+00      2.0523E+00      1.4777E-02      5.8101E+01      1.2567E+02      1.0000E+00
      1.3598E-02      1.0865E+00      1.0271E+00      1.1812E+00      1.1642E-02      8.4900E+01      1.0295E+02      1.0000E+00
      2.6039E-02      1.5792E+00      1.4524E+00      2.1514E+00      1.4284E-02      5.6439E+01      1.3139E+02      1.0000E+00
      4.3337E-01      1.5110E+00      1.4154E+00      2.1216E+00      2.4733E-01      5.8290E+01      1.2844E+02      1.0000E+00
      2.4509E-01      1.1205E+00      1.0255E+00      1.2384E+00      1.9375E-01      7.8630E+01      1.0281E+02      1.0000E+00
      4.0559E-01      1.5489E+00      1.4222E+00      2.0916E+00      2.4598E-01      5.4836E+01      1.2875E+02      1.0000E+00
      2.4697E-01      1.2127E+00      1.1147E+00      1.3669E+00      1.7091E-01      7.8952E+01      1.1622E+02      1.0000E+00
      3.5908E-01      1.0422E+00      1.0135E+00      1.0754E+00      3.4256E-01      8.0689E+01      9.6919E+01      1.0000E+00
      2.4847E-01      1.1673E+00      1.0292E+00      1.3171E+00      2.0732E-01      8.0954E+01      1.0215E+02      1.0000E+00
      9.6237E-02      1.4826E+00      1.3725E+00      2.0605E+00      5.9183E-02      5.7987E+01      1.2568E+02      1.0000E+00
      5.4172E-02      1.0862E+00      1.0264E+00      1.1828E+00      4.6427E-02      8.4997E+01      1.0273E+02      1.0000E+00
      1.0456E-01      1.5827E+00      1.4601E+00      2.1595E+00      5.7225E-02      5.6189E+01      1.3159E+02      1.0000E+00
      2.5313E-01      1.2004E+00      1.0516E+00      1.3596E+00      2.1391E-01      7.4578E+01      1.0511E+02      1.0000E+00
      2.6993E-01      1.1639E+00      1.0501E+00      1.2189E+00      2.3979E-01      7.4688E+01      1.0650E+02      1.0000E+00
      1.0646E-01      1.6658E+00      1.5626E+00      2.3149E+00      5.4646E-02      5.3441E+01      1.3461E+02      1.0000E+00
      5.1854E-02      1.0863E+00      1.0286E+00      1.1901E+00      4.4149E-02      8.3539E+01      1.0316E+02      1.0000E+00
      8.1343E-02      1.5156E+00      1.3499E+00      1.9626E+00      5.1740E-02      5.1195E+01      1.2224E+02      1.0000E+00
      1.0836E-01      1.6576E+00      1.5673E+00      2.3155E+00      5.4754E-02      5.3995E+01      1.3486E+02      1.0000E+00
      8.2359E-02      1.5006E+00      1.3314E+00      1.9600E+00      5.2197E-02      5.2103E+01      1.2094E+02      1.0000E+00
      5.2854E-02      1.0920E+00      1.0334E+00      1.2054E+00      4.4224E-02      8.4165E+01      1.0420E+02      1.0000E+00
      2.5735E-01      1.1203E+00      1.0273E+00      1.1860E+00      2.2779E-01      8.1151E+01      1.0313E+02      1.0000E+00
      2.8002E-01      1.0698E+00      1.0079E+00      1.1257E+00      2.5154E-01      8.2997E+01      9.4695E+01      1.0000E+00
      2.3881E-01      1.1590E+00      1.1455E+00      1.2854E+00      1.7255E-01      7.5371E+01      1.1903E+02      1.0000E+00
      1.0422E-01      1.5569E+00      1.4172E+00      2.1245E+00      5.6536E-02      5.8619E+01      1.3053E+02      1.0000E+00
      5.4364E-02      1.1095E+00      1.0376E+00      1.2287E+00      4.5378E-02      8.4214E+01      1.0498E+02      1.0000E+00
      9.3296E-02      1.4784E+00      1.3438E+00      2.0631E+00      5.7208E-02      5.9393E+01      1.2450E+02      1.0000E+00
      6.3002E-02      1.2032E+00      1.0531E+00      1.3638E+00      5.3049E-02      7.4275E+01      1.0522E+02      1.0000E+00
      6.7161E-02      1.1669E+00      1.0520E+00      1.2214E+00      5.9650E-02      7.4357E+01      1.0674E+02      1.0000E+00
      2.6675E-02      1.6635E+00      1.5635E+00      2.3171E+00      1.3741E-02      5.3376E+01      1.3449E+02      1.0000E+00
      1.3012E-02      1.0848E+00      1.0251E+00      1.1805E+00      1.1156E-02      8.4048E+01      1.0244E+02      1.0000E+00
      2.1087E-02      1.5134E+00      1.3599E+00      1.9813E+00      1.3510E-02      5.1885E+01      1.2307E+02      1.0000E+00
      2.7166E-02      1.6514E+00      1.5604E+00      2.3271E+00      1.3806E-02      5.4201E+01      1.3430E+02      1.0000E+00
      2.1160E-02      1.5106E+00      1.3602E+00      1.9763E+00      1.3591E-02      5.1907E+01      1.2311E+02      1.0000E+00
      1.3113E-02      1.0819E+00      1.0256E+00      1.1788E+00      1.1173E-02      8.4607E+01      1.0258E+02      1.0000E+00
      6.3494E-02      1.1142E+00      1.0235E+00      1.1853E+00      5.6476E-02      8.2394E+01      1.0195E+02      1.0000E+00
      6.8380E-02      1.0713E+00      1.0125E+00      1.1482E+00      6.0678E-02      8.1036E+01      9.3947E+01      1.0000E+00
      5.5850E-02      1.1791E+00      1.0761E+00      1.2936E+00      4.2769E-02      7.9247E+01      1.1166E+02      1.0000E+00
      2.6083E-02      1.5372E+00      1.4177E+00      2.1260E+00      1.4340E-02      5.8708E+01      1.2985E+02      1.0000E+00
      1.3396E-02      1.0912E+00      1.0344E+00      1.1930E+00      1.1309E-02      8.3762E+01      1.0453E+02      1.0000E+00
      2.3349E-02      1.4589E+00      1.3682E+00      2.0225E+00      1.4418E-02      5.8614E+01      1.2562E+02      1.0000E+00
      1.4849E-02      1.1838E+00      1.0385E+00      1.2998E+00      1.2471E-02      7.9789E+01      1.0325E+02      1.0000E+00
      1.9007E-02      1.0419E+00      1.0109E+00      1.1068E+00      1.8332E-02      8.3501E+01      9.6121E+01      1.0000E+00
      1.5814E-02      1.1918E+00      1.1458E+00      1.3337E+00      1.1344E-02      7.4037E+01      1.1900E+02      1.0000E+00
      6.4592E-03      1.5198E+00      1.4260E+00      2.1427E+00      3.5147E-03      5.9376E+01      1.2964E+02      1.0000E+00
      3.6769E-03      1.1876E+00      1.0403E+00      1.3460E+00      2.7876E-03      7.6148E+01      1.0437E+02      1.0000E+00
      5.8824E-03      1.5092E+00      1.3697E+00      2.0764E+00      3.6132E-03      5.7372E+01      1.2599E+02      1.0000E+00
      1.9096E-02      1.0405E+00      1.0110E+00      1.1042E+00      1.8392E-02      8.3311E+01      9.6273E+01      1.0000E+00
      1.5140E-02      1.1729E+00      1.0337E+00      1.3035E+00      1.2820E-02      7.9661E+01      1.0258E+02      1.0000E+00
      1.5970E-02      1.1847E+00      1.1368E+00      1.3116E+00      1.1548E-02      7.4972E+01      1.1830E+02      1.0000E+00
      6.6900E-03      1.5358E+00      1.4072E+00      2.0780E+00      3.6592E-03      5.9194E+01      1.3041E+02      1.0000E+00
      6.0128E-03      1.5176E+00      1.3709E+00      2.0906E+00      3.5999E-03      5.7992E+01      1.2658E+02      1.0000E+00
      3.4836E-03      1.0738E+00      1.0288E+00      1.1777E+00      2.9990E-03      8.3387E+01      1.0301E+02      1.0000E+00
      2.7781E-03      1.3342E+00      1.4379E+00      1.5785E+00      1.2911E-03      7.3566E+01      1.3593E+02      1.0000E+00
      5.0655E-03      1.0578E+00      1.0203E+00      1.1096E+00      4.6735E-03      7.8565E+01      9.7517E+01      1.0000E+00
      3.0854E-03      1.3634E+00      1.5545E+00      1.6855E+00      1.3462E-03      7.0066E+01      1.3960E+02      1.0000E+00
      6.0737E-03      1.6143E+00      1.5012E+00      2.1743E+00      3.4946E-03      5.2606E+01      1.3207E+02      1.0000E+00
      3.9916E-03      1.2565E+00      1.0814E+00      1.4931E+00      2.7224E-03      6.8758E+01      1.0603E+02      1.0000E+00
      5.6785E-03      1.4451E+00      1.3331E+00      1.9887E+00      3.7638E-03      5.7070E+01      1.2190E+02      1.0000E+00
      1.2456E-03      1.6697E+00      1.4295E+00      2.4359E+00      7.1357E-04      5.4575E+01      1.2632E+02      1.0000E+00
      9.0641E-04      1.1257E+00      1.0378E+00      1.2596E+00      7.0667E-04      8.0019E+01      1.0544E+02      1.0000E+00
      5.7719E-04      1.3623E+00      1.3075E+00      1.6825E+00      3.2563E-04      6.7983E+01      1.2909E+02      1.0000E+00
      4.0337E-03      1.2749E+00      1.3058E+00      1.4144E+00      2.4560E-03      7.0130E+01      1.2994E+02      1.0000E+00
      4.5770E-03      1.0727E+00      1.0342E+00      1.1520E+00      3.9577E-03      8.2265E+01      1.0460E+02      1.0000E+00
      1.3090E-03      1.7352E+00      1.5579E+00      2.4173E+00      7.3216E-04      4.9873E+01      1.3236E+02      1.0000E+00
      7.8743E-04      1.1870E+00      1.0419E+00      1.3743E+00      5.7328E-04      7.3868E+01      1.0547E+02      1.0000E+00
      1.1796E-03      1.4479E+00      1.3385E+00      1.9012E+00      7.8643E-04      5.3898E+01      1.2216E+02      1.0000E+00
      1.4540E-03      1.8966E+00      1.8415E+00      2.6106E+00      6.5576E-04      4.6767E+01      1.4169E+02      1.0000E+00
      1.1610E-03      1.4604E+00      1.3789E+00      2.0474E+00      7.2132E-04      5.3393E+01      1.2026E+02      1.0000E+00
      6.4182E-04      1.1483E+00      1.0294E+00      1.2587E+00      5.6996E-04      8.4579E+01      9.8044E+01      1.0000E+00
      6.2916E-03      1.5959E+00      1.8819E+00      2.0130E+00      2.7184E-03      5.2787E+01      1.4561E+02      1.0000E+00
      4.2355E-03      1.7299E+00      1.5209E+00      2.6861E+00      2.0193E-03      4.8529E+01      1.2110E+02      1.0000E+00
      2.1224E-03      1.2882E+00      1.1062E+00      1.5014E+00      1.5450E-03      6.5791E+01      1.0311E+02      1.0000E+00
      5.4914E-03      1.1541E+00      1.0213E+00      1.3119E+00      4.5592E-03      8.0438E+01      1.0014E+02      1.0000E+00
      3.5905E-03      1.0849E+00      1.0106E+00      1.1784E+00      3.1294E-03      8.1835E+01      9.6576E+01      1.0000E+00
      1.7249E-03      1.3976E+00      1.1794E+00      1.9253E+00      9.7578E-04      6.1362E+01      1.1251E+02      1.0000E+00
      1.4112E-03      1.8279E+00      1.6216E+00      2.8643E+00      4.2432E-04      4.9680E+01      1.3965E+02      1.0000E+00
      8.7573E-04      1.4136E+00      1.3163E+00      1.7668E+00      4.1108E-04      6.6819E+01      1.3051E+02      1.0000E+00
      1.5707E-02      1.1525E+00      1.0277E+00      1.3057E+00      1.3441E-02      7.9952E+01      1.0131E+02      1.0000E+00
      2.1444E-02      1.0497E+00      1.0139E+00      1.0747E+00      2.1089E-02      8.1691E+01      9.8999E+01      1.0000E+00
      1.4630E-02      1.2537E+00      1.0581E+00      1.3568E+00      1.2089E-02      7.6784E+01      1.0088E+02      1.0000E+00
      7.3995E-03      1.5218E+00      1.3600E+00      2.0822E+00      4.5207E-03      5.7580E+01      1.2597E+02      1.0000E+00
      4.2966E-03      1.1397E+00      1.0560E+00      1.2326E+00      3.7564E-03      7.1612E+01      1.0539E+02      1.0000E+00
      8.2810E-03      1.3425E+00      1.3386E+00      1.7002E+00      5.0407E-03      6.3468E+01      1.2864E+02      1.0000E+00
      2.1799E-02      1.5547E+00      1.4504E+00      2.0156E+00      1.3019E-02      5.4057E+01      1.3147E+02      1.0000E+00
      1.1651E-02      1.2036E+00      1.0711E+00      1.4407E+00      9.2156E-03      8.1628E+01      1.0573E+02      1.0000E+00
      2.1102E-02      1.3474E+00      1.4073E+00      2.1131E+00      1.2172E-02      6.5014E+01      1.2281E+02      1.0000E+00
      2.9666E-03      1.4053E+00      1.2756E+00      1.7999E+00      1.9048E-03      6.2179E+01      1.2448E+02      1.0000E+00
      6.4759E-02      1.0336E+00      1.0045E+00      1.0797E+00      6.2440E-02      8.6985E+01      9.4408E+01      1.0000E+00
      7.6458E-02      1.1041E+00      1.0162E+00      1.1927E+00      6.8775E-02      8.0941E+01      9.4524E+01      1.0000E+00
      6.3429E-02      1.0829E+00      1.0248E+00      1.2005E+00      5.9416E-02      8.1287E+01      9.7175E+01      1.0000E+00
      5.6688E-02      1.1383E+00      1.0295E+00      1.2477E+00      5.2371E-02      8.4377E+01      9.8203E+01      1.0000E+00
      8.6678E-02      1.6718E+00      1.5739E+00      2.2269E+00      4.7311E-02      5.0999E+01      1.3512E+02      1.0000E+00
      4.2624E-02      1.1685E+00      1.0576E+00      1.4009E+00      3.4169E-02      8.0569E+01      1.0303E+02      1.0000E+00
      6.6977E-02      1.4575E+00      1.4332E+00      2.0819E+00      4.1557E-02      5.2581E+01      1.2184E+02      1.0000E+00
      4.4182E-02      1.3141E+00      1.1038E+00      1.4451E+00      3.7529E-02      7.5133E+01      1.0618E+02      1.0000E+00
      4.4927E-02      1.1631E+00      1.0352E+00      1.3025E+00      4.3647E-02      8.6913E+01      9.2865E+01      1.0000E+00
      4.6690E-02      1.1148E+00      1.0310E+00      1.2668E+00      4.4996E-02      8.5447E+01      9.4316E+01      1.0000E+00
      5.0650E-02      1.0842E+00      1.0183E+00      1.2007E+00      4.8261E-02      8.5613E+01      9.3124E+01      1.0000E+00
      2.8010E-01      1.0683E+00      1.0079E+00      1.1242E+00      2.5179E-01      8.2955E+01      9.4575E+01      1.0000E+00
      2.5716E-01      1.1191E+00      1.0272E+00      1.1819E+00      2.2706E-01      8.1173E+01      1.0316E+02      1.0000E+00
      2.4076E-01      1.1534E+00      1.1381E+00      1.2764E+00      1.7605E-01      7.5583E+01      1.1835E+02      1.0000E+00
      1.0426E-01      1.5604E+00      1.4178E+00      2.1261E+00      5.6570E-02      5.8495E+01      1.3058E+02      1.0000E+00
      9.4270E-02      1.4813E+00      1.3375E+00      2.0476E+00      5.7971E-02      5.9382E+01      1.2462E+02      1.0000E+00
      5.4984E-02      1.1012E+00      1.0359E+00      1.2091E+00      4.6141E-02      8.4107E+01      1.0480E+02      1.0000E+00
      2.6990E-01      1.1578E+00      1.0489E+00      1.2187E+00      2.3979E-01      7.4593E+01      1.0660E+02      1.0000E+00
      2.5404E-01      1.1906E+00      1.0450E+00      1.3556E+00      2.1401E-01      7.5513E+01      1.0368E+02      1.0000E+00
      1.0836E-01      1.6702E+00      1.5851E+00      2.3247E+00      5.4191E-02      5.3546E+01      1.3555E+02      1.0000E+00
      5.3353E-02      1.0891E+00      1.0323E+00      1.2014E+00      4.4579E-02      8.4302E+01      1.0402E+02      1.0000E+00
      8.2745E-02      1.4863E+00      1.3210E+00      1.9388E+00      5.2842E-02      5.2586E+01      1.2044E+02      1.0000E+00
      1.0648E-01      1.6836E+00      1.6027E+00      2.2982E+00      5.3979E-02      5.2302E+01      1.3629E+02      1.0000E+00
      8.1605E-02      1.5035E+00      1.3530E+00      1.9608E+00      5.2052E-02      5.1460E+01      1.2209E+02      1.0000E+00
      5.2240E-02      1.0775E+00      1.0238E+00      1.1909E+00      4.4833E-02      8.4911E+01      1.0162E+02      1.0000E+00
      9.1234E-02      1.6328E+00      1.5566E+00      2.1932E+00      5.0140E-02      5.2055E+01      1.3443E+02      1.0000E+00
      7.0314E-02      1.4170E+00      1.3663E+00      1.9554E+00      4.4929E-02      5.3412E+01      1.1929E+02      1.0000E+00
      5.2565E-02      1.2150E+00      1.0871E+00      1.5098E+00      3.6636E-02      7.1355E+01      1.0628E+02      1.0000E+00
      7.9539E-02      1.0841E+00      1.0138E+00      1.1535E+00      7.1334E-02      8.0894E+01      9.4128E+01      1.0000E+00
      6.6543E-02      1.0256E+00      1.0026E+00      1.0528E+00      6.4365E-02      8.6890E+01      9.3887E+01      1.0000E+00
      6.2437E-02      1.0835E+00      1.0162E+00      1.1972E+00      5.4296E-02      8.3446E+01      9.8310E+01      1.0000E+00
      6.4859E-02      1.1233E+00      1.0504E+00      1.2572E+00      5.6017E-02      7.6173E+01      1.0609E+02      1.0000E+00
      5.1566E-02      1.0896E+00      1.0119E+00      1.1664E+00      4.9295E-02      8.5735E+01      9.2709E+01      1.0000E+00
      5.1171E-02      1.2258E+00      1.0549E+00      1.2981E+00      4.4358E-02      7.7777E+01      1.0263E+02      1.0000E+00
      2.7084E-02      1.5630E+00      1.3822E+00      2.0360E+00      1.6388E-02      5.5785E+01      1.2886E+02      1.0000E+00
      2.9168E-02      1.2974E+00      1.3252E+00      1.7413E+00      1.7425E-02      6.6975E+01      1.2653E+02      1.0000E+00
      1.5212E-02      1.2023E+00      1.0657E+00      1.3157E+00      1.3273E-02      7.2243E+01      1.0462E+02      1.0000E+00
      2.6053E-02      1.7328E+00      1.6176E+00      2.2822E+00      1.2869E-02      5.1594E+01      1.3797E+02      1.0000E+00
      1.1718E-02      1.1331E+00      1.0568E+00      1.3488E+00      9.9193E-03      8.2094E+01      1.0389E+02      1.0000E+00
      1.8445E-02      1.4460E+00      1.3681E+00      2.0674E+00      1.1237E-02      5.4112E+01      1.1814E+02      1.0000E+00
      1.0376E-02      1.5153E+00      1.2877E+00      1.7247E+00      7.1109E-03      5.6352E+01      1.2734E+02      1.0000E+00
      1.1670E-02      1.1321E+00      1.0356E+00      1.3046E+00      1.0596E-02      8.6243E+01      9.6424E+01      1.0000E+00
      1.3543E-02      1.0796E+00      1.0159E+00      1.1947E+00      1.2492E-02      8.6572E+01      9.5193E+01      1.0000E+00
      7.0103E-02      1.0717E+00      1.0094E+00      1.1313E+00      6.2699E-02      8.2328E+01      9.4471E+01      1.0000E+00
      6.4551E-02      1.1206E+00      1.0259E+00      1.1827E+00      5.7165E-02      8.1289E+01      1.0274E+02      1.0000E+00
      6.1218E-02      1.1695E+00      1.1470E+00      1.3036E+00      4.4191E-02      7.4645E+01      1.1911E+02      1.0000E+00
      2.6410E-02      1.5538E+00      1.4103E+00      2.1124E+00      1.4528E-02      5.8438E+01      1.3018E+02      1.0000E+00
      2.3571E-02      1.4802E+00      1.3227E+00      2.0714E+00      1.4801E-02      5.9469E+01      1.2283E+02      1.0000E+00
      1.4777E-02      1.1493E+00      1.0487E+00      1.3203E+00      1.1389E-02      8.0611E+01      1.0700E+02      1.0000E+00
      6.7884E-02      1.1589E+00      1.0508E+00      1.2199E+00      6.0502E-02      7.4079E+01      1.0681E+02      1.0000E+00
      6.3719E-02      1.1927E+00      1.0449E+00      1.3722E+00      5.3199E-02      7.5412E+01      1.0358E+02      1.0000E+00
      2.7252E-02      1.6804E+00      1.5920E+00      2.3383E+00      1.3533E-02      5.3364E+01      1.3580E+02      1.0000E+00
      1.2648E-02      1.1925E+00      1.0613E+00      1.4935E+00      9.5366E-03      7.6116E+01      1.0379E+02      1.0000E+00
      2.1225E-02      1.6462E+00      1.4393E+00      2.5286E+00      1.1053E-02      5.2633E+01      1.2040E+02      1.0000E+00
      2.7176E-02      1.6771E+00      1.5780E+00      2.2590E+00      1.4237E-02      5.2028E+01      1.3560E+02      1.0000E+00
      2.1892E-02      1.6186E+00      1.4609E+00      2.4667E+00      1.1895E-02      5.2484E+01      1.2220E+02      1.0000E+00
      1.3790E-02      1.1734E+00      1.0874E+00      1.4942E+00      1.0133E-02      7.2583E+01      1.0220E+02      1.0000E+00
      2.3078E-02      1.6418E+00      1.5431E+00      2.2575E+00      1.3060E-02      5.1527E+01      1.3262E+02      1.0000E+00
      1.8705E-02      1.4490E+00      1.4005E+00      1.9619E+00      1.2093E-02      5.1949E+01      1.2243E+02      1.0000E+00
      1.3088E-02      1.1818E+00      1.0594E+00      1.4067E+00      9.4599E-03      7.2896E+01      1.0496E+02      1.0000E+00
      1.8494E-02      1.1155E+00      1.0201E+00      1.2213E+00      1.5509E-02      8.0344E+01      9.8982E+01      1.0000E+00
      1.4346E-02      1.1686E+00      1.0578E+00      1.3005E+00      1.1566E-02      7.7680E+01      1.0861E+02      1.0000E+00
      1.3887E-02      1.1158E+00      1.0386E+00      1.2596E+00      1.1289E-02      8.2956E+01      1.0499E+02      1.0000E+00
      9.6884E-03      1.0865E+00      1.0185E+00      1.1622E+00      8.3488E-03      8.5022E+01      1.0092E+02      1.0000E+00
      1.5640E-02      1.0749E+00      1.0183E+00      1.1469E+00      1.4795E-02      7.9825E+01      9.7564E+01      1.0000E+00
      1.3386E-02      1.1668E+00      1.0647E+00      1.3236E+00      1.0178E-02      8.2163E+01      1.0981E+02      1.0000E+00
      5.3408E-03      1.5625E+00      1.4330E+00      1.9394E+00      3.3548E-03      5.2705E+01      1.3142E+02      1.0000E+00
      6.4907E-03      1.4570E+00      1.3226E+00      1.9511E+00      3.9226E-03      6.1057E+01      1.2592E+02      1.0000E+00
      5.6541E-03      1.4002E+00      1.3562E+00      1.9645E+00      3.5736E-03      6.0077E+01      1.2415E+02      1.0000E+00
      3.6724E-03      1.1300E+00      1.0708E+00      1.3188E+00      2.7902E-03      8.1377E+01      1.0993E+02      1.0000E+00
      7.0504E-03      1.1062E+00      1.0138E+00      1.1793E+00      6.4178E-03      8.2553E+01      9.6588E+01      1.0000E+00
      5.2584E-03      1.0864E+00      1.0142E+00      1.1583E+00      4.6958E-03      8.0760E+01      9.4038E+01      1.0000E+00
      6.2711E-03      1.1290E+00      1.0443E+00      1.2514E+00      5.3139E-03      7.3405E+01      1.0110E+02      1.0000E+00
      4.7462E-03      1.1234E+00      1.0274E+00      1.2254E+00      4.3276E-03      7.8490E+01      9.7709E+01      1.0000E+00
      4.2025E-03      1.0453E+00      1.0040E+00      1.0782E+00      4.1341E-03      8.7207E+01      9.3108E+01      1.0000E+00
      4.6870E-03      1.0546E+00      1.0077E+00      1.1430E+00      4.3670E-03      8.5542E+01      9.4273E+01      1.0000E+00
      3.9632E-03      1.1712E+00      1.1630E+00      1.3009E+00      2.8224E-03      7.5152E+01      1.2050E+02      1.0000E+00
      1.5520E-03      1.4668E+00      1.3040E+00      1.9919E+00      9.6425E-04      6.0718E+01      1.2385E+02      1.0000E+00
      6.9103E-03      1.5436E+00      1.3341E+00      2.0524E+00      3.8966E-03      6.0824E+01      1.2778E+02      1.0000E+00
      6.7463E-03      1.4436E+00      1.2448E+00      1.9391E+00      4.1499E-03      6.4768E+01      1.2183E+02      1.0000E+00
      3.9840E-03      1.1294E+00      1.0669E+00      1.1941E+00      3.2956E-03      7.7893E+01      1.1040E+02      1.0000E+00
      7.3093E-03      1.6655E+00      1.6348E+00      2.2999E+00      3.7022E-03      5.1964E+01      1.3667E+02      1.0000E+00
      3.7224E-03      1.1077E+00      1.0244E+00      1.2468E+00      3.0476E-03      8.0250E+01      1.0105E+02      1.0000E+00
      5.5884E-03      1.5037E+00      1.3680E+00      1.9520E+00      3.5592E-03      5.0446E+01      1.2228E+02      1.0000E+00
      7.1570E-03      1.0874E+00      1.0137E+00      1.1712E+00      6.5910E-03      8.1839E+01      9.8187E+01      1.0000E+00
      5.3794E-03      1.0719E+00      1.0182E+00      1.1406E+00      4.8405E-03      7.9215E+01      9.6434E+01      1.0000E+00
      6.3058E-03      1.1109E+00      1.0416E+00      1.2483E+00      5.3868E-03      7.3770E+01      1.0133E+02      1.0000E+00
      5.0066E-03      1.0578E+00      1.0109E+00      1.1103E+00      4.5730E-03      8.5357E+01      9.8351E+01      1.0000E+00
      4.2503E-03      1.1267E+00      1.0425E+00      1.1820E+00      3.6982E-03      7.8014E+01      1.0639E+02      1.0000E+00
      3.9902E-03      1.2139E+00      1.1938E+00      1.3353E+00      2.7496E-03      7.3263E+01      1.2301E+02      1.0000E+00
      1.7336E-03      1.5866E+00      1.3997E+00      2.1625E+00      9.2576E-04      5.9118E+01      1.3018E+02      1.0000E+00
      1.5352E-03      1.4880E+00      1.2748E+00      2.0758E+00      9.7326E-04      6.1182E+01      1.2047E+02      1.0000E+00
      9.3880E-04      1.1171E+00      1.0625E+00      1.2590E+00      7.3571E-04      8.1436E+01      1.0935E+02      1.0000E+00
      7.6954E-03      1.6714E+00      1.7021E+00      2.2396E+00      3.7256E-03      5.1462E+01      1.3965E+02      1.0000E+00
      5.4434E-03      1.5249E+00      1.3936E+00      2.0766E+00      3.2449E-03      4.9845E+01      1.2035E+02      1.0000E+00
      3.8502E-03      1.1420E+00      1.0581E+00      1.3860E+00      3.0290E-03      7.6112E+01      1.0000E+02      1.0000E+00
      9.4324E-03      1.4202E+00      1.1280E+00      1.7087E+00      6.5700E-03      6.8348E+01      1.0742E+02      1.0000E+00
      3.5237E-03      1.3682E+00      1.2913E+00      1.7399E+00      1.8846E-03      7.3719E+01      1.2831E+02      1.0000E+00
      3.8498E-03      1.0366E+00      1.0105E+00      1.0725E+00      3.6501E-03      8.3689E+01      9.8094E+01      1.0000E+00
      2.8944E-03      1.3629E+00      1.4312E+00      1.5629E+00      1.4443E-03      6.9609E+01      1.3566E+02      1.0000E+00
      2.0004E-03      1.3750E+00      1.1549E+00      1.7537E+00      1.4338E-03      6.4722E+01      1.1402E+02      1.0000E+00
      7.7598E-04      1.2782E+00      1.4399E+00      1.4885E+00      4.0514E-04      7.0083E+01      1.3574E+02      1.0000E+00
      2.7323E-03      1.7688E+00      1.3299E+00      2.3370E+00      1.5031E-03      6.0627E+01      1.2414E+02      1.0000E+00
      2.7372E-03      1.7433E+00      1.2978E+00      2.4279E+00      1.4490E-03      5.9759E+01      1.2307E+02      1.0000E+00
      1.4232E-03      1.1483E+00      1.0860E+00      1.2150E+00      1.1901E-03      7.5036E+01      1.1279E+02      1.0000E+00
      1.4302E-03      1.6526E+00      1.4169E+00      2.1358E+00      8.0533E-04      5.4991E+01      1.3136E+02      1.0000E+00
      1.4696E-03      1.4138E+00      1.2437E+00      1.9867E+00      8.9522E-04      6.6699E+01      1.1991E+02      1.0000E+00
      9.1943E-04      1.1903E+00      1.0567E+00      1.3540E+00      6.8626E-04      7.9196E+01      1.0873E+02      1.0000E+00
      1.2961E-03      1.0707E+00      1.0066E+00      1.1138E+00      1.2057E-03      8.4461E+01      9.3174E+01      1.0000E+00
      7.7078E-04      1.3124E+00      1.5612E+00      1.4227E+00      3.7956E-04      6.7130E+01      1.4017E+02      1.0000E+00
      7.5039E-04      1.3347E+00      1.4941E+00      1.5178E+00      3.7010E-04      6.8107E+01      1.3794E+02      1.0000E+00
      1.6814E-03      1.1903E+00      1.0418E+00      1.3078E+00      1.4825E-03      8.3663E+01      9.8574E+01      1.0000E+00
      8.8102E-04      1.2973E+00      1.3911E+00      1.6380E+00      4.6109E-04      7.0419E+01      1.3280E+02      1.0000E+00
      1.5609E-03      1.4285E+00      1.1675E+00      1.8724E+00      1.0277E-03      6.7319E+01      1.1658E+02      1.0000E+00
      1.5094E-03      1.6136E+00      1.3852E+00      2.0515E+00      8.5719E-04      5.6667E+01      1.3079E+02      1.0000E+00
      9.9691E-04      1.1583E+00      1.0835E+00      1.2540E+00      7.7728E-04      7.7615E+01      1.1263E+02      1.0000E+00
      1.6309E-03      1.0597E+00      1.0146E+00      1.0760E+00      1.5813E-03      8.1225E+01      9.9243E+01      1.0000E+00
      1.4523E-03      1.0675E+00      1.0230E+00      1.1204E+00      1.3257E-03      7.7856E+01      9.7189E+01      1.0000E+00
      1.7506E-03      1.1790E+00      1.0941E+00      1.2911E+00      1.4799E-03      6.6228E+01      1.0957E+02      1.0000E+00
      1.3495E-03      1.0708E+00      1.0097E+00      1.1479E+00      1.2282E-03      8.3912E+01      9.4218E+01      1.0000E+00
      1.1882E-03      1.0449E+00      1.0043E+00      1.0933E+00      1.1633E-03      8.8215E+01      9.2856E+01      1.0000E+00
      1.3799E-03      1.0889E+00      1.0114E+00      1.1409E+00      1.2872E-03      8.3269E+01      9.6571E+01      1.0000E+00
      1.5128E-03      1.0410E+00      1.0089E+00      1.0813E+00      1.4724E-03      8.2791E+01      9.6170E+01      1.0000E+00
      4.3356E-04      2.1081E+00      1.6406E+00      3.2546E+00      2.0217E-04      4.8379E+01      1.3200E+02      1.0000E+00
      1.1924E-03      1.3530E+00      1.1113E+00      1.5185E+00      9.7336E-04      7.2987E+01      1.0549E+02      1.0000E+00
      7.2258E-04      1.2294E+00      1.0956E+00      1.5316E+00      5.9276E-04      7.5458E+01      9.5572E+01      1.0000E+00
      6.4796E-04      1.1021E+00      1.0307E+00      1.2722E+00      5.7910E-04      8.3401E+01      9.4901E+01      1.0000E+00
      6.9258E-04      1.0375E+00      1.0045E+00      1.0913E+00      6.6139E-04      8.5743E+01      9.4088E+01      1.0000E+00
      1.2054E-03      1.1456E+00      1.0326E+00      1.2275E+00      1.0533E-03      7.7152E+01      9.9117E+01      1.0000E+00
      8.4598E-04      1.1285E+00      1.0200E+00      1.2125E+00      8.0316E-04      8.6884E+01      9.3440E+01      1.0000E+00
      7.6591E-04      1.0795E+00      1.0107E+00      1.1550E+00      7.4509E-04      8.8664E+01      9.2475E+01      1.0000E+00
      8.0453E-04      1.0253E+00      1.0028E+00      1.0654E+00      7.8813E-04      8.7388E+01      9.2293E+01      1.0000E+00
      8.6456E-04      1.0417E+00      1.0034E+00      1.0825E+00      8.5863E-04      8.8633E+01      9.1704E+01      1.0000E+00
      7.7078E-04      1.0529E+00      1.0060E+00      1.0975E+00      7.3933E-04      8.4634E+01      9.3507E+01      1.0000E+00
      8.4205E-04      1.0432E+00      1.0068E+00      1.0952E+00      8.1596E-04      8.4680E+01      9.4166E+01      1.0000E+00
      9.6301E-04      1.0480E+00      1.0156E+00      1.1243E+00      9.0053E-04      8.2070E+01      9.8621E+01      1.0000E+00
      1.3992E-03      1.1114E+00      1.0298E+00      1.2764E+00      1.2151E-03      8.0774E+01      1.0038E+02      1.0000E+00
      8.8007E-04      1.0271E+00      1.0034E+00      1.0475E+00      8.4860E-04      8.5354E+01      9.2893E+01      1.0000E+00
      9.4186E-04      1.0558E+00      1.0076E+00      1.0771E+00      9.0746E-04      8.4001E+01      9.5696E+01      1.0000E+00
      9.4845E-04      1.0498E+00      1.0052E+00      1.0701E+00      9.1351E-04      8.5623E+01      9.5041E+01      1.0000E+00
      1.1673E-03      1.0682E+00      1.0160E+00      1.1266E+00      1.0443E-03      7.9850E+01      9.4503E+01      1.0000E+00
      7.9240E-04      1.1273E+00      1.0282E+00      1.2392E+00      6.3849E-04      8.1003E+01      1.0344E+02      1.0000E+00
      1.3832E-03      1.4904E+00      1.4523E+00      2.0667E+00      7.8425E-04      5.7677E+01      1.3030E+02      1.0000E+00
      1.3558E-03      1.4790E+00      1.3672E+00      2.0159E+00      8.3832E-04      5.7916E+01      1.2626E+02      1.0000E+00
      2.9299E-03      1.2472E+00      1.0757E+00      1.3640E+00      2.2457E-03      7.6566E+01      1.1092E+02      1.0000E+00
      3.5156E-03      1.1607E+00      1.0782E+00      1.2929E+00      2.6224E-03      8.1690E+01      1.1193E+02      1.0000E+00
      4.0889E-03      1.0447E+00      1.0102E+00      1.1010E+00      3.8709E-03      8.1940E+01      9.6034E+01      1.0000E+00
      5.4998E-04      1.3650E+00      1.1837E+00      1.4520E+00      4.5713E-04      6.0839E+01      1.1975E+02      1.0000E+00
      1.2185E-03      1.4728E+00      1.4055E+00      2.3268E+00      7.0043E-04      6.1141E+01      1.2190E+02      1.0000E+00
      1.4950E-03      1.4793E+00      1.5942E+00      1.7479E+00      7.7301E-04      5.6664E+01      1.3981E+02      1.0000E+00
      6.6321E-04      1.8052E+00      1.4547E+00      2.0742E+00      4.3153E-04      4.8337E+01      1.2986E+02      1.0000E+00
      5.1335E-04      1.6776E+00      1.4065E+00      1.7976E+00      3.0978E-04      5.6807E+01      1.3318E+02      1.0000E+00
      9.3228E-04      1.1472E+00      1.0731E+00      1.2885E+00      7.2481E-04      8.1611E+01      1.1092E+02      1.0000E+00
      1.1087E-03      1.0441E+00      1.0104E+00      1.0929E+00      1.0549E-03      8.1880E+01      9.6051E+01      1.0000E+00
      8.9648E-04      1.1556E+00      1.1080E+00      1.2954E+00      6.4517E-04      8.0288E+01      1.1546E+02      1.0000E+00
      3.3576E-04      1.5458E+00      1.4149E+00      2.2805E+00      1.9028E-04      5.8205E+01      1.2618E+02      1.0000E+00
      1.4625E-04      1.2591E+00      1.1491E+00      1.3790E+00      1.2012E-04      6.3636E+01      1.1795E+02      1.0000E+00
      3.8079E-04      1.4698E+00      1.5084E+00      1.8399E+00      2.0442E-04      5.8017E+01      1.3607E+02      1.0000E+00
      1.0105E-03      1.0479E+00      1.0032E+00      1.0986E+00      9.5008E-04      8.7239E+01      9.4092E+01      1.0000E+00
      8.2460E-04      1.0817E+00      1.0232E+00      1.2383E+00      7.1586E-04      8.4203E+01      9.8833E+01      1.0000E+00
      1.0997E-03      1.0548E+00      1.0112E+00      1.1003E+00      1.0216E-03      8.1554E+01      9.4692E+01      1.0000E+00
      1.0903E-03      1.1644E+00      1.0280E+00      1.2364E+00      9.7146E-04      8.1891E+01      9.8452E+01      1.0000E+00
      3.1051E-04      1.1829E+00      1.0611E+00      1.4391E+00      2.4608E-04      7.7707E+01      1.0540E+02      1.0000E+00
      1.6743E-04      1.3292E+00      1.3192E+00      1.5831E+00      9.8443E-05      6.6753E+01      1.2989E+02      1.0000E+00
      3.3626E-04      1.5075E+00      1.3895E+00      2.1552E+00      1.9914E-04      5.8272E+01      1.2584E+02      1.0000E+00
      1.9824E-04      1.1889E+00      1.0524E+00      1.3574E+00      1.4763E-04      7.8294E+01      1.0802E+02      1.0000E+00
      3.3283E-04      1.5149E+00      1.3710E+00      2.0683E+00      2.0622E-04      5.6830E+01      1.2614E+02      1.0000E+00
      1.7421E-04      1.2311E+00      1.2424E+00      1.6293E+00      1.0875E-04      7.4655E+01      1.2246E+02      1.0000E+00
      2.8341E-04      1.1249E+00      1.0251E+00      1.2340E+00      2.4110E-04      7.7833E+01      9.5086E+01      1.0000E+00
      2.9886E-04      1.1699E+00      1.0793E+00      1.3007E+00      2.4884E-04      6.8065E+01      1.0261E+02      1.0000E+00
      9.2238E-04      1.1672E+00      1.1102E+00      1.3302E+00      6.4133E-04      8.0594E+01      1.1569E+02      1.0000E+00
      1.2895E-03      1.0778E+00      1.0336E+00      1.0952E+00      1.2296E-03      7.5642E+01      1.0293E+02      1.0000E+00
      9.7579E-04      1.1454E+00      1.0247E+00      1.2488E+00      8.2670E-04      8.3227E+01      1.0126E+02      1.0000E+00
      3.7122E-04      1.4787E+00      1.3947E+00      2.0269E+00      2.3389E-04      5.6340E+01      1.2648E+02      1.0000E+00
      2.2272E-04      1.1010E+00      1.0274E+00      1.2241E+00      1.8138E-04      8.1713E+01      1.0304E+02      1.0000E+00
      4.1993E-04      1.5184E+00      1.4476E+00      2.1207E+00      2.3073E-04      5.8226E+01      1.3048E+02      1.0000E+00
      4.0030E-03      1.1273E+00      1.0336E+00      1.2038E+00      3.6394E-03      7.9806E+01      1.0364E+02      1.0000E+00
      4.2699E-03      1.0856E+00      1.0127E+00      1.1669E+00      3.7183E-03      8.4140E+01      9.9001E+01      1.0000E+00
      3.7655E-03      1.1436E+00      1.1161E+00      1.2581E+00      2.8071E-03      7.7193E+01      1.1628E+02      1.0000E+00
      1.4762E-03      1.6245E+00      1.5162E+00      2.7935E+00      6.9402E-04      6.1278E+01      1.2600E+02      1.0000E+00
      7.6287E-04      1.3055E+00      1.1392E+00      1.6837E+00      5.4714E-04      7.2456E+01      1.0555E+02      1.0000E+00
      1.4088E-03      1.5449E+00      1.3869E+00      2.0337E+00      8.6158E-04      5.5717E+01      1.2844E+02      1.0000E+00
      6.9871E-04      1.3801E+00      1.1793E+00      1.7048E+00      4.1576E-04      7.2715E+01      1.2138E+02      1.0000E+00
      1.2844E-03      1.0555E+00      1.0190E+00      1.0686E+00      1.2399E-03      7.9207E+01      1.0002E+02      1.0000E+00
      9.4636E-04      1.1483E+00      1.0206E+00      1.2667E+00      8.0946E-04      8.1581E+01      9.8624E+01      1.0000E+00
      3.3851E-04      1.2751E+00      1.2778E+00      1.4327E+00      2.8330E-04      5.7563E+01      1.2351E+02      1.0000E+00
      2.6034E-04      1.1825E+00      1.0436E+00      1.3117E+00      2.1341E-04      7.8366E+01      1.0620E+02      1.0000E+00
      4.2702E-04      1.5014E+00      1.4308E+00      2.0429E+00      2.4288E-04      5.7871E+01      1.3028E+02      1.0000E+00
      1.0093E-03      1.1849E+00      1.0414E+00      1.3099E+00      8.4425E-04      7.8401E+01      1.0456E+02      1.0000E+00
      9.8731E-04      1.1720E+00      1.0376E+00      1.3166E+00      8.3368E-04      7.7745E+01      1.0420E+02      1.0000E+00
      1.3959E-03      1.0300E+00      1.0078E+00      1.0498E+00      1.3625E-03      8.2992E+01      9.5713E+01      1.0000E+00
      2.3367E-04      1.0782E+00      1.0446E+00      1.1477E+00      2.0081E-04      8.0707E+01      1.0670E+02      1.0000E+00
      4.3977E-04      1.5304E+00      1.3620E+00      2.1456E+00      2.5469E-04      5.9340E+01      1.2622E+02      1.0000E+00
      4.4661E-04      1.5400E+00      1.3600E+00      2.1049E+00      2.5996E-04      5.8790E+01      1.2708E+02      1.0000E+00
      1.5134E-03      1.5552E+00      1.4541E+00      2.1289E+00      9.0067E-04      5.4358E+01      1.2957E+02      1.0000E+00
      8.4224E-04      1.0858E+00      1.0233E+00      1.1719E+00      7.1167E-04      8.4426E+01      1.0223E+02      1.0000E+00
      1.6413E-03      1.5048E+00      1.4174E+00      2.1359E+00      9.3122E-04      5.8682E+01      1.2820E+02      1.0000E+00
      8.4254E-04      1.0892E+00      1.0450E+00      1.1690E+00      7.0338E-04      8.2067E+01      1.0685E+02      1.0000E+00
      1.4514E-03      1.4678E+00      1.3161E+00      1.9964E+00      8.8332E-04      6.0906E+01      1.2479E+02      1.0000E+00
      1.5810E-03      1.5325E+00      1.3688E+00      2.1227E+00      8.5924E-04      6.1216E+01      1.2835E+02      1.0000E+00
      8.6343E-04      1.2763E+00      1.2854E+00      1.5011E+00      4.7849E-04      7.6260E+01      1.2885E+02      1.0000E+00
      1.1430E-03      1.1178E+00      1.0249E+00      1.2032E+00      9.9256E-04      7.7953E+01      9.6378E+01      1.0000E+00
      9.8991E-04      1.2106E+00      1.0645E+00      1.2863E+00      8.4026E-04      7.4122E+01      1.0823E+02      1.0000E+00
      5.9723E-04      1.3385E+00      1.4245E+00      1.7921E+00      2.9985E-04      6.9075E+01      1.3304E+02      1.0000E+00
      3.8968E-03      1.2135E+00      1.1391E+00      1.3862E+00      2.7885E-03      7.3486E+01      1.1813E+02      1.0000E+00
      4.2918E-03      1.1463E+00      1.0448E+00      1.2255E+00      3.8119E-03      7.4783E+01      1.0620E+02      1.0000E+00
      8.1892E-04      1.1083E+00      1.0355E+00      1.2223E+00      6.5962E-04      8.2606E+01      1.0498E+02      1.0000E+00
      1.2114E-03      1.5005E+00      1.3287E+00      1.9010E+00      7.8170E-04      5.1035E+01      1.2147E+02      1.0000E+00
      1.5018E-03      1.6290E+00      1.5461E+00      2.2288E+00      8.2475E-04      5.2537E+01      1.3355E+02      1.0000E+00
      1.2779E-03      1.4551E+00      1.2887E+00      1.7885E+00      8.6270E-04      5.2267E+01      1.2056E+02      1.0000E+00
      6.7657E-04      1.2939E+00      1.2891E+00      1.3541E+00      4.8237E-04      6.1462E+01      1.2878E+02      1.0000E+00
      1.9316E-03      1.5929E+00      1.6876E+00      2.0426E+00      8.6824E-04      5.5893E+01      1.4161E+02      1.0000E+00
      3.7233E-03      1.0375E+00      1.0084E+00      1.0843E+00      3.5090E-03      8.4794E+01      9.7061E+01      1.0000E+00
      2.9827E-03      1.3325E+00      1.3566E+00      1.5375E+00      1.6501E-03      6.8301E+01      1.3235E+02      1.0000E+00
      1.7810E-03      1.4553E+00      1.5220E+00      1.7395E+00      8.7128E-04      6.1988E+01      1.3833E+02      1.0000E+00
      1.5979E-02      1.1968E+00      1.0512E+00      1.3563E+00      1.3471E-02      7.4357E+01      1.0493E+02      1.0000E+00
      1.7125E-02      1.1559E+00      1.0450E+00      1.2128E+00      1.5277E-02      7.5570E+01      1.0552E+02      1.0000E+00
      3.3184E-03      1.0817E+00      1.0266E+00      1.1980E+00      2.8207E-03      8.4654E+01      1.0240E+02      1.0000E+00
      5.6158E-03      1.5044E+00      1.3612E+00      2.0626E+00      3.5580E-03      5.4248E+01      1.2261E+02      1.0000E+00
      6.8159E-03      1.6640E+00      1.5675E+00      2.2987E+00      3.4881E-03      5.3403E+01      1.3499E+02      1.0000E+00
      4.7104E-03      1.6742E+00      1.4396E+00      2.4519E+00      2.4055E-03      4.9236E+01      1.2009E+02      1.0000E+00
      3.0216E-03      1.2158E+00      1.0584E+00      1.5171E+00      2.3133E-03      7.6199E+01      1.0281E+02      1.0000E+00
      6.6815E-03      1.6892E+00      1.6311E+00      2.3580E+00      3.2105E-03      5.3186E+01      1.3711E+02      1.0000E+00
      1.7169E-02      1.1478E+00      1.0422E+00      1.2064E+00      1.5451E-02      7.5704E+01      1.0490E+02      1.0000E+00
      1.5698E-02      1.2017E+00      1.0529E+00      1.3808E+00      1.3093E-02      7.3948E+01      1.0530E+02      1.0000E+00
      3.6074E-03      1.1310E+00      1.0333E+00      1.2931E+00      2.8317E-03      7.9008E+01      1.0375E+02      1.0000E+00
      5.2233E-03      1.4717E+00      1.3324E+00      1.9226E+00      3.3551E-03      5.2190E+01      1.2049E+02      1.0000E+00
      6.9047E-03      1.6730E+00      1.5954E+00      2.3181E+00      3.4826E-03      5.2934E+01      1.3576E+02      1.0000E+00
      5.1208E-03      1.4859E+00      1.3448E+00      2.0031E+00      3.1565E-03      5.2083E+01      1.1931E+02      1.0000E+00
      3.7795E-03      1.1765E+00      1.0583E+00      1.4282E+00      2.7314E-03      7.4311E+01      1.0620E+02      1.0000E+00
      6.8662E-03      1.6523E+00      1.5496E+00      2.2517E+00      3.6217E-03      5.3141E+01      1.3449E+02      1.0000E+00
      8.0662E-03      1.6748E+00      1.4365E+00      2.3542E+00      3.9333E-03      5.9074E+01      1.3163E+02      1.0000E+00
      1.4345E-02      1.1276E+00      1.0175E+00      1.2468E+00      1.2306E-02      8.3329E+01      9.9830E+01      1.0000E+00
      1.9260E-02      1.0814E+00      1.0104E+00      1.1490E+00      1.7434E-02      8.5667E+01      9.6632E+01      1.0000E+00
      3.9037E-03      1.1831E+00      1.0685E+00      1.4350E+00      2.7467E-03      7.5371E+01      1.0956E+02      1.0000E+00
      5.1371E-03      1.3610E+00      1.2786E+00      1.8472E+00      3.5922E-03      6.0626E+01      1.1968E+02      1.0000E+00
      6.3436E-03      1.5289E+00      1.4017E+00      2.0216E+00      3.5202E-03      5.8954E+01      1.3076E+02      1.0000E+00
      1.7798E-02      1.1270E+00      1.0181E+00      1.2339E+00      1.5697E-02      8.1139E+01      9.7315E+01      1.0000E+00
      1.3311E-02      1.0695E+00      1.0130E+00      1.1650E+00      1.1821E-02      8.1809E+01      9.4564E+01      1.0000E+00
      6.3294E-02      1.2001E+00      1.0527E+00      1.3640E+00      5.3309E-02      7.4171E+01      1.0536E+02      1.0000E+00
      6.8714E-02      1.1508E+00      1.0429E+00      1.2071E+00      6.1790E-02      7.5734E+01      1.0491E+02      1.0000E+00
      1.3073E-02      1.0847E+00      1.0296E+00      1.1883E+00      1.1100E-02      8.3619E+01      1.0341E+02      1.0000E+00
      2.0658E-02      1.5038E+00      1.3397E+00      1.9601E+00      1.3156E-02      5.1908E+01      1.2161E+02      1.0000E+00
      2.6683E-02      1.6743E+00      1.5728E+00      2.3205E+00      1.3642E-02      5.3097E+01      1.3499E+02      1.0000E+00
      2.0685E-02      1.5027E+00      1.3411E+00      1.9652E+00      1.3134E-02      5.1903E+01      1.2146E+02      1.0000E+00
      1.2993E-02      1.0704E+00      1.0267E+00      1.1726E+00      1.1240E-02      8.3612E+01      1.0248E+02      1.0000E+00
      2.7298E-02      1.6790E+00      1.5970E+00      2.3248E+00      1.3576E-02      5.3187E+01      1.3606E+02      1.0000E+00
      6.9144E-02      1.1525E+00      1.0448E+00      1.2121E+00      6.2118E-02      7.5245E+01      1.0529E+02      1.0000E+00
      6.4760E-02      1.1899E+00      1.0466E+00      1.3538E+00      5.4384E-02      7.4960E+01      1.0381E+02      1.0000E+00
      1.3072E-02      1.0759E+00      1.0245E+00      1.1846E+00      1.1285E-02      8.4496E+01      1.0183E+02      1.0000E+00
      2.1103E-02      1.4907E+00      1.3538E+00      1.9750E+00      1.3481E-02      5.2361E+01      1.2191E+02      1.0000E+00
      2.7505E-02      1.6866E+00      1.6059E+00      2.3338E+00      1.3676E-02      5.2805E+01      1.3626E+02      1.0000E+00
      2.0911E-02      1.4988E+00      1.3689E+00      2.0191E+00      1.3105E-02      5.2071E+01      1.2174E+02      1.0000E+00
      1.3150E-02      1.0775E+00      1.0248E+00      1.2166E+00      1.1336E-02      8.4548E+01      1.0068E+02      1.0000E+00
      2.7781E-02      1.6734E+00      1.6327E+00      2.2741E+00      1.3699E-02      5.2559E+01      1.3758E+02      1.0000E+00
      1.1374E-02      1.4227E+00      1.2403E+00      1.7836E+00      7.4418E-03      6.2723E+01      1.2312E+02      1.0000E+00
      5.6409E-02      1.2547E+00      1.0604E+00      1.4235E+00      4.5397E-02      7.4907E+01      1.0280E+02      1.0000E+00
      6.3908E-02      1.1495E+00      1.0290E+00      1.3037E+00      5.4694E-02      7.9761E+01      1.0158E+02      1.0000E+00
      8.6155E-02      1.0526E+00      1.0114E+00      1.0730E+00      8.3658E-02      8.2406E+01      9.8297E+01      1.0000E+00
      1.6799E-02      1.1472E+00      1.0665E+00      1.2119E+00      1.4654E-02      6.9936E+01      1.0560E+02      1.0000E+00
      3.2269E-02      1.3706E+00      1.3165E+00      1.7192E+00      1.9764E-02      6.3231E+01      1.2792E+02      1.0000E+00
      2.9282E-02      1.5487E+00      1.3492E+00      2.0856E+00      1.7647E-02      5.7716E+01      1.2648E+02      1.0000E+00
      4.2737E-02      1.0984E+00      1.0294E+00      1.2599E+00      3.5639E-02      8.3055E+01      1.0182E+02      1.0000E+00
      6.8507E-02      1.4852E+00      1.3932E+00      2.0392E+00      4.2394E-02      5.1551E+01      1.2120E+02      1.0000E+00
      8.8267E-02      1.6882E+00      1.6429E+00      2.2877E+00      4.5702E-02      5.0598E+01      1.3698E+02      1.0000E+00
      2.5274E-01      1.2017E+00      1.0523E+00      1.3619E+00      2.1303E-01      7.4397E+01      1.0512E+02      1.0000E+00
      2.6950E-01      1.1651E+00      1.0507E+00      1.2182E+00      2.3956E-01      7.4644E+01      1.0651E+02      1.0000E+00
      5.2114E-02      1.0839E+00      1.0297E+00      1.1864E+00      4.4342E-02      8.3482E+01      1.0342E+02      1.0000E+00
      8.2602E-02      1.5115E+00      1.3453E+00      1.9699E+00      5.2539E-02      5.1747E+01      1.2203E+02      1.0000E+00
      1.0664E-01      1.6662E+00      1.5599E+00      2.3122E+00      5.4871E-02      5.3429E+01      1.3454E+02      1.0000E+00
      8.2973E-02      1.5086E+00      1.3456E+00      1.9589E+00      5.3025E-02      5.1676E+01      1.2215E+02      1.0000E+00
      5.2685E-02      1.0857E+00      1.0278E+00      1.1884E+00      4.4553E-02      8.4370E+01      1.0308E+02      1.0000E+00
      1.0846E-01      1.6534E+00      1.5696E+00      2.3228E+00      5.4717E-02      5.4106E+01      1.3477E+02      1.0000E+00
      2.4540E-01      1.1624E+00      1.1382E+00      1.2921E+00      1.7864E-01      7.5341E+01      1.1834E+02      1.0000E+00
      2.5768E-01      1.1241E+00      1.0276E+00      1.1908E+00      2.2806E-01      8.1137E+01      1.0299E+02      1.0000E+00
      2.8159E-01      1.0713E+00      1.0093E+00      1.1305E+00      2.5216E-01      8.2354E+01      9.4371E+01      1.0000E+00
      5.4525E-02      1.0933E+00      1.0345E+00      1.1912E+00      4.6105E-02      8.3877E+01      1.0460E+02      1.0000E+00
      9.5391E-02      1.4812E+00      1.3492E+00      2.0510E+00      5.8220E-02      5.9175E+01      1.2519E+02      1.0000E+00
      1.0473E-01      1.5522E+00      1.4168E+00      2.1328E+00      5.7019E-02      5.8667E+01      1.3021E+02      1.0000E+00
      3.3902E-02      1.6904E+00      1.3990E+00      2.3901E+00      1.6102E-02      6.1240E+01      1.3057E+02      1.0000E+00
      7.1848E-02      1.4386E+00      1.3188E+00      1.9409E+00      4.5213E-02      5.3492E+01      1.1753E+02      1.0000E+00
      4.7813E-02      1.0884E+00      1.0417E+00      1.2552E+00      4.0796E-02      8.1642E+01      1.0334E+02      1.0000E+00
      1.0218E-01      1.7456E+00      1.6581E+00      2.3139E+00      4.8715E-02      5.1422E+01      1.3913E+02      1.0000E+00
      5.6704E-02      1.1366E+00      1.0318E+00      1.1773E+00      5.1015E-02      7.9068E+01      1.0274E+02      1.0000E+00
      9.3695E-02      1.3846E+00      1.3073E+00      1.7620E+00      6.6652E-02      5.5634E+01      1.2207E+02      1.0000E+00
      1.0907E-01      1.6919E+00      1.5730E+00      2.2683E+00      5.8404E-02      5.1217E+01      1.3519E+02      1.0000E+00
      2.4517E-03      1.4518E+00      1.3042E+00      1.6920E+00      1.3811E-03      6.5732E+01      1.2974E+02      1.0000E+00
      8.4158E-03      1.4628E+00      1.1800E+00      1.8740E+00      5.4839E-03      6.1095E+01      1.1334E+02      1.0000E+00
      2.7749E-03      1.0709E+00      1.0275E+00      1.1785E+00      2.6337E-03      8.0937E+01      9.9475E+01      1.0000E+00
      5.6452E-03      1.6159E+00      1.4761E+00      2.3899E+00      3.2039E-03      5.1717E+01      1.2467E+02      1.0000E+00
      7.0302E-03      1.7158E+00      1.6037E+00      2.3769E+00      3.5379E-03      5.1945E+01      1.3586E+02      1.0000E+00
      2.1356E-02      1.4139E+00      1.3246E+00      1.9685E+00      1.4381E-02      5.8661E+01      1.2128E+02      1.0000E+00
      1.4869E-02      1.1929E+00      1.0657E+00      1.4305E+00      1.0906E-02      7.6983E+01      1.0773E+02      1.0000E+00
      2.5869E-02      1.5422E+00      1.4249E+00      2.0674E+00      1.4371E-02      5.7771E+01      1.3099E+02      1.0000E+00
      1.3249E-02      1.1791E+00      1.0732E+00      1.5015E+00      9.6252E-03      7.6279E+01      1.0693E+02      1.0000E+00
      2.1039E-02      1.6149E+00      1.4083E+00      2.4679E+00      1.1230E-02      5.4033E+01      1.1955E+02      1.0000E+00
      2.6955E-02      1.6528E+00      1.5077E+00      2.2562E+00      1.4102E-02      5.4602E+01      1.3352E+02      1.0000E+00
      6.6311E-04      1.3855E+00      1.2784E+00      1.6450E+00      3.8245E-04      6.8051E+01      1.2816E+02      1.0000E+00
      2.2850E-03      1.4078E+00      1.1858E+00      1.8878E+00      1.4380E-03      6.0876E+01      1.1033E+02      1.0000E+00
      7.5825E-04      1.0796E+00      1.0442E+00      1.1610E+00      7.0029E-04      7.7534E+01      1.0522E+02      1.0000E+00
      1.5182E-03      1.5480E+00      1.3280E+00      2.2683E+00      9.2206E-04      5.8805E+01      1.2055E+02      1.0000E+00
      1.7992E-03      1.6919E+00      1.5124E+00      2.3383E+00      8.8329E-04      5.5748E+01      1.3423E+02      1.0000E+00
      7.2875E-04      1.2961E+00      1.4538E+00      1.6829E+00      4.5331E-04      6.0052E+01      1.3110E+02      1.0000E+00
      8.1144E-04      1.0994E+00      1.0484E+00      1.1930E+00      7.5692E-04      7.7329E+01      1.0515E+02      1.0000E+00
      9.4759E-04      1.0514E+00      1.0082E+00      1.1364E+00      8.9710E-04      8.7358E+01      9.4106E+01      1.0000E+00
      9.3008E-04      1.1200E+00      1.0221E+00      1.2150E+00      8.6003E-04      8.5588E+01      9.7078E+01      1.0000E+00
      1.1956E-03      1.1037E+00      1.0225E+00      1.2318E+00      1.0469E-03      8.1252E+01      9.5420E+01      1.0000E+00
      1.3887E-03      1.6626E+00      1.5072E+00      2.2568E+00      8.4119E-04      4.9083E+01      1.2960E+02      1.0000E+00
      7.7408E-04      1.1248E+00      1.0157E+00      1.2255E+00      6.7315E-04      8.2792E+01      9.8033E+01      1.0000E+00
      1.7048E-03      1.6155E+00      1.5354E+00      2.3468E+00      8.7986E-04      5.5455E+01      1.3237E+02      1.0000E+00
      8.1388E-04      1.1001E+00      1.0332E+00      1.1584E+00      7.1072E-04      8.1285E+01      1.0455E+02      1.0000E+00
      1.4906E-03      1.5883E+00      1.3982E+00      2.1177E+00      9.3613E-04      5.3643E+01      1.2752E+02      1.0000E+00
      1.6500E-03      1.5127E+00      1.4133E+00      2.1731E+00      9.1981E-04      5.9360E+01      1.2793E+02      1.0000E+00
      5.5022E-03      1.6494E+00      1.5103E+00      2.4615E+00      2.9273E-03      4.9019E+01      1.2324E+02      1.0000E+00
      3.5187E-03      1.2355E+00      1.0940E+00      1.5612E+00      2.5196E-03      6.9154E+01      1.0208E+02      1.0000E+00
      7.1928E-03      1.6543E+00      1.6216E+00      2.3489E+00      3.6817E-03      5.2383E+01      1.3528E+02      1.0000E+00
      3.3320E-03      1.2693E+00      1.0796E+00      1.6143E+00      2.3696E-03      7.1756E+01      1.0519E+02      1.0000E+00
      4.7754E-03      1.6590E+00      1.4164E+00      2.3910E+00      2.5012E-03      4.9762E+01      1.2011E+02      1.0000E+00
      6.7984E-03      1.6450E+00      1.5536E+00      2.3119E+00      3.3740E-03      5.5255E+01      1.3470E+02      1.0000E+00
      3.5050E-03      1.1695E+00      1.1136E+00      1.3138E+00      2.4804E-03      8.0491E+01      1.1608E+02      1.0000E+00
      3.7102E-03      1.1724E+00      1.1344E+00      1.3547E+00      2.6522E-03      7.7627E+01      1.1754E+02      1.0000E+00
      4.3334E-03      1.0680E+00      1.0094E+00      1.1242E+00      4.0063E-03      8.2652E+01      9.3763E+01      1.0000E+00
      7.8298E-04      1.1370E+00      1.0409E+00      1.2648E+00      6.2072E-04      8.2102E+01      1.0601E+02      1.0000E+00
      1.3496E-03      1.5272E+00      1.4112E+00      2.0583E+00      8.0406E-04      5.6276E+01      1.2895E+02      1.0000E+00
      1.3770E-03      1.4569E+00      1.3592E+00      2.0726E+00      8.1920E-04      6.0621E+01      1.2504E+02      1.0000E+00
      4.4425E-03      1.0265E+00      1.0093E+00      1.0434E+00      4.2819E-03      8.2226E+01      9.5744E+01      1.0000E+00
      4.2750E-03      1.0407E+00      1.0055E+00      1.0619E+00      4.0918E-03      8.5346E+01      9.6017E+01      1.0000E+00
      4.3313E-03      1.0631E+00      1.0087E+00      1.0881E+00      4.0959E-03      8.4136E+01      9.7125E+01      1.0000E+00
      5.2789E-03      1.0737E+00      1.0152E+00      1.1447E+00      4.7441E-03      8.0178E+01      9.4125E+01      1.0000E+00
      5.6265E-03      1.4969E+00      1.3028E+00      1.9985E+00      3.6150E-03      5.5510E+01      1.2080E+02      1.0000E+00
      3.4579E-03      1.1130E+00      1.0462E+00      1.2154E+00      2.8626E-03      8.0765E+01      1.0691E+02      1.0000E+00
      7.1279E-03      1.6252E+00      1.4838E+00      2.3082E+00      3.5883E-03      5.7477E+01      1.3229E+02      1.0000E+00
      3.6179E-03      1.0840E+00      1.0204E+00      1.1615E+00      3.0768E-03      8.4294E+01      1.0148E+02      1.0000E+00
      6.4743E-03      1.5960E+00      1.4672E+00      2.1523E+00      3.8857E-03      5.2728E+01      1.3022E+02      1.0000E+00
      7.0988E-03      1.4876E+00      1.4258E+00      2.1294E+00      4.0047E-03      5.9129E+01      1.2830E+02      1.0000E+00
      2.0892E-02      1.6232E+00      1.4054E+00      2.4371E+00      1.1198E-02      5.3203E+01      1.1994E+02      1.0000E+00
      1.3557E-02      1.2553E+00      1.0744E+00      1.5918E+00      9.6528E-03      7.2597E+01      1.0581E+02      1.0000E+00
      2.7837E-02      1.6489E+00      1.5373E+00      2.3256E+00      1.3746E-02      5.5833E+01      1.3425E+02      1.0000E+00
      1.3674E-02      1.2515E+00      1.0862E+00      1.5601E+00      9.9321E-03      6.9399E+01      1.0339E+02      1.0000E+00
      2.1081E-02      1.7627E+00      1.5230E+00      2.5398E+00      1.0589E-02      4.5951E+01      1.2415E+02      1.0000E+00
      2.8741E-02      1.6327E+00      1.6217E+00      2.3611E+00      1.4511E-02      5.3378E+01      1.3497E+02      1.0000E+00
      7.3113E-02      1.5857E+00      1.3907E+00      2.3243E+00      3.9182E-02      5.1771E+01      1.1778E+02      1.0000E+00
      5.2215E-02      1.2501E+00      1.0929E+00      1.6214E+00      3.6707E-02      7.1416E+01      1.0520E+02      1.0000E+00
      1.0599E-01      1.7119E+00      1.6061E+00      2.3604E+00      5.0497E-02      5.3565E+01      1.3702E+02      1.0000E+00
      5.3910E-02      1.2284E+00      1.0816E+00      1.5410E+00      3.9292E-02      7.0913E+01      1.0184E+02      1.0000E+00
      8.8082E-02      1.7261E+00      1.5041E+00      2.5962E+00      4.4601E-02      4.8980E+01      1.2340E+02      1.0000E+00
      1.1025E-01      1.6383E+00      1.5988E+00      2.3084E+00      5.7444E-02      5.2710E+01      1.3476E+02      1.0000E+00
      2.6185E-01      1.1122E+00      1.0428E+00      1.2333E+00      2.2758E-01      7.7597E+01      1.0510E+02      1.0000E+00
      2.7110E-01      1.1076E+00      1.0329E+00      1.2528E+00      2.3161E-01      8.0955E+01      1.0271E+02      1.0000E+00
      2.7130E-01      1.0325E+00      1.0031E+00      1.0670E+00      2.6091E-01      8.6536E+01      9.4118E+01      1.0000E+00
      3.2857E-01      1.0852E+00      1.0158E+00      1.1541E+00      2.9100E-01      8.0089E+01      9.4276E+01      1.0000E+00
      2.0677E-01      1.2874E+00      1.1082E+00      1.6488E+00      1.4046E-01      6.6859E+01      1.0393E+02      1.0000E+00
      3.1751E-01      1.6654E+00      1.4839E+00      2.5148E+00      1.6928E-01      5.0956E+01      1.2346E+02      1.0000E+00
      3.7655E-01      1.5974E+00      1.5316E+00      2.2100E+00      2.0961E-01      5.3267E+01      1.3261E+02      1.0000E+00
      2.5480E-01      1.1941E+00      1.0479E+00      1.3609E+00      2.1382E-01      7.4873E+01      1.0414E+02      1.0000E+00
      2.6922E-01      1.1640E+00      1.0505E+00      1.2202E+00      2.3793E-01      7.4678E+01      1.0687E+02      1.0000E+00
      1.0795E-01      1.6755E+00      1.5455E+00      2.2825E+00      5.6467E-02      5.3035E+01      1.3449E+02      1.0000E+00
      5.2903E-02      1.0808E+00      1.0303E+00      1.1890E+00      4.5532E-02      8.3378E+01      1.0325E+02      1.0000E+00
      9.0107E-02      1.5118E+00      1.3500E+00      2.0677E+00      5.6872E-02      5.4459E+01      1.2227E+02      1.0000E+00
      1.0610E-01      1.6732E+00      1.6114E+00      2.3685E+00      5.1389E-02      5.3866E+01      1.3614E+02      1.0000E+00
      7.5498E-02      1.6858E+00      1.4317E+00      2.4472E+00      3.8495E-02      4.9090E+01      1.2019E+02      1.0000E+00
      4.8250E-02      1.2324E+00      1.0532E+00      1.5221E+00      3.6644E-02      7.5900E+01      1.0367E+02      1.0000E+00
      2.5753E-01      1.1198E+00      1.0267E+00      1.1805E+00      2.2835E-01      8.0986E+01      1.0304E+02      1.0000E+00
      2.7986E-01      1.0722E+00      1.0104E+00      1.1478E+00      2.4237E-01      8.2821E+01      9.8219E+01      1.0000E+00
      2.4784E-01      1.1557E+00      1.1193E+00      1.2877E+00      1.8424E-01      7.7730E+01      1.1646E+02      1.0000E+00
      1.0593E-01      1.5512E+00      1.4198E+00      2.1288E+00      5.8315E-02      5.8184E+01      1.3013E+02      1.0000E+00
      6.0088E-02      1.1401E+00      1.0354E+00      1.2841E+00      4.7019E-02      7.9747E+01      1.0486E+02      1.0000E+00
      9.8190E-02      1.4652E+00      1.3464E+00      2.0320E+00      6.0078E-02      5.9642E+01      1.2500E+02      1.0000E+00
      6.2349E-02      1.1568E+00      1.0410E+00      1.3182E+00      5.3787E-02      7.6507E+01      1.0350E+02      1.0000E+00
      6.6703E-02      1.1219E+00      1.0657E+00      1.1977E+00      5.4473E-02      7.9288E+01      1.1021E+02      1.0000E+00
      2.6245E-02      1.6884E+00      1.5796E+00      2.2550E+00      1.3190E-02      5.2972E+01      1.3657E+02      1.0000E+00
      1.4308E-02      1.1488E+00      1.0633E+00      1.3694E+00      1.0628E-02      7.9165E+01      1.0858E+02      1.0000E+00
      1.8432E-02      1.4029E+00      1.2650E+00      1.8231E+00      1.1888E-02      5.4071E+01      1.1485E+02      1.0000E+00
      1.9255E-02      1.9087E+00      1.7567E+00      2.8131E+00      9.2051E-03      4.7202E+01      1.3694E+02      1.0000E+00
      1.5547E-02      1.5557E+00      1.4995E+00      2.2476E+00      9.1096E-03      4.9960E+01      1.2443E+02      1.0000E+00
      7.8991E-03      1.1631E+00      1.0321E+00      1.2759E+00      6.7861E-03      8.1746E+01      9.8623E+01      1.0000E+00
      2.6059E-02      1.5005E+00      1.4315E+00      2.1711E+00      1.4410E-02      5.9378E+01      1.2844E+02      1.0000E+00
      2.2459E-02      1.7475E+00      1.5105E+00      2.5834E+00      1.2336E-02      5.0933E+01      1.2782E+02      1.0000E+00
      1.2840E-02      1.2303E+00      1.0454E+00      1.4696E+00      9.6898E-03      7.4967E+01      1.0374E+02      1.0000E+00
      2.5701E-02      1.5046E+00      1.3609E+00      2.1104E+00      1.4204E-02      6.1788E+01      1.2731E+02      1.0000E+00
      1.4889E-02      1.1389E+00      1.0484E+00      1.2672E+00      1.1342E-02      7.9968E+01      1.0748E+02      1.0000E+00
      2.3394E-02      1.4668E+00      1.3265E+00      1.9731E+00      1.4539E-02      5.9610E+01      1.2521E+02      1.0000E+00
      8.5830E-03      1.5887E+00      1.5200E+00      2.2648E+00      4.9392E-03      5.3033E+01      1.3036E+02      1.0000E+00
      8.3785E-03      1.5214E+00      1.5977E+00      2.2540E+00      4.5935E-03      5.4355E+01      1.3199E+02      1.0000E+00
      4.1437E-03      1.1379E+00      1.0259E+00      1.2545E+00      3.5148E-03      7.9953E+01      9.7651E+01      1.0000E+00
      7.0374E-03      1.4919E+00      1.3114E+00      2.0405E+00      3.8506E-03      6.4722E+01      1.2655E+02      1.0000E+00
      3.6307E-03      1.1206E+00      1.0950E+00      1.2174E+00      2.9403E-03      7.4978E+01      1.1368E+02      1.0000E+00
      5.7951E-03      1.4952E+00      1.2457E+00      2.0005E+00      3.8600E-03      6.0280E+01      1.1977E+02      1.0000E+00
      7.4275E-03      1.0956E+00      1.0561E+00      1.2561E+00      6.7607E-03      7.6688E+01      1.0369E+02      1.0000E+00
      5.0837E-03      1.1032E+00      1.0683E+00      1.2121E+00      4.4098E-03      7.6494E+01      1.0927E+02      1.0000E+00
      4.0371E-03      1.0342E+00      1.0248E+00      1.0365E+00      3.9249E-03      7.8351E+01      1.0258E+02      1.0000E+00
      4.3797E-03      1.1089E+00      1.0626E+00      1.2674E+00      3.5158E-03      8.0324E+01      1.0861E+02      1.0000E+00
      1.4826E-02      1.2116E+00      1.1520E+00      1.3534E+00      1.0135E-02      7.6659E+01      1.1975E+02      1.0000E+00
      2.1721E-02      1.0345E+00      1.0116E+00      1.0635E+00      2.0650E-02      8.1297E+01      9.6338E+01      1.0000E+00
      1.5280E-02      1.1630E+00      1.0313E+00      1.3125E+00      1.2772E-02      8.0138E+01      1.0296E+02      1.0000E+00
      5.4556E-03      1.5144E+00      1.3273E+00      2.2691E+00      3.2999E-03      5.9884E+01      1.1912E+02      1.0000E+00
      2.8217E-03      1.1785E+00      1.0813E+00      1.3047E+00      2.4676E-03      7.5879E+01      1.1026E+02      1.0000E+00
      6.2798E-03      1.6114E+00      1.4181E+00      2.1562E+00      3.4865E-03      5.6405E+01      1.3063E+02      1.0000E+00
      3.1398E-03      1.4153E+00      1.3721E+00      1.5395E+00      1.8602E-03      6.1869E+01      1.3312E+02      1.0000E+00
      4.8633E-03      1.1266E+00      1.0765E+00      1.3250E+00      4.1702E-03      7.7628E+01      1.0711E+02      1.0000E+00
      3.5864E-03      1.0861E+00      1.0148E+00      1.1876E+00      3.1844E-03      8.3798E+01      9.6618E+01      1.0000E+00
      4.8493E-03      1.0658E+00      1.0223E+00      1.1974E+00      4.3817E-03      8.1655E+01      9.6242E+01      1.0000E+00
      4.1152E-03      1.0340E+00      1.0051E+00      1.0952E+00      3.9280E-03      8.5969E+01      9.4023E+01      1.0000E+00
      5.2197E-03      1.0768E+00      1.0128E+00      1.1716E+00      4.6845E-03      8.3353E+01      9.5052E+01      1.0000E+00
      4.0269E-03      1.2077E+00      1.0944E+00      1.4596E+00      2.7292E-03      7.5953E+01      1.1328E+02      1.0000E+00
      5.7252E-03      1.4108E+00      1.1948E+00      2.0001E+00      3.7306E-03      6.7572E+01      1.1415E+02      1.0000E+00
      5.9697E-03      1.6297E+00      1.4276E+00      2.0606E+00      3.3360E-03      5.5302E+01      1.3257E+02      1.0000E+00
      5.6162E-03      1.2244E+00      1.1098E+00      1.2416E+00      5.0103E-03      6.6198E+01      1.1510E+02      1.0000E+00
      1.3177E-02      1.7560E+00      1.3087E+00      2.5103E+00      6.2976E-03      5.4265E+01      1.2256E+02      1.0000E+00
      1.1027E-02      1.8138E+00      1.3452E+00      2.3771E+00      6.2695E-03      5.9870E+01      1.2234E+02      1.0000E+00
      1.3702E-02      1.3577E+00      1.6715E+00      1.5510E+00      7.3678E-03      6.1590E+01      1.4167E+02      1.0000E+00
      1.4805E-02      1.2274E+00      1.0820E+00      1.4938E+00      1.1718E-02      7.5022E+01      9.9169E+01      1.0000E+00
      6.1633E-03      1.3086E+00      1.4853E+00      2.2257E+00      3.5998E-03      6.4920E+01      1.1982E+02      1.0000E+00
      1.5536E-02      1.1579E+00      1.0296E+00      1.3181E+00      1.3064E-02      8.0379E+01      1.0200E+02      1.0000E+00
      1.6039E-02      1.2113E+00      1.0635E+00      1.3205E+00      1.3074E-02      7.7648E+01      1.0857E+02      1.0000E+00
      2.2413E-02      1.0382E+00      1.0109E+00      1.0792E+00      2.1707E-02      8.1887E+01      9.7190E+01      1.0000E+00
      3.0510E-03      1.2314E+00      1.0752E+00      1.4380E+00      2.6185E-03      8.2794E+01      1.0256E+02      1.0000E+00
      6.6023E-03      1.6061E+00      1.4445E+00      2.1393E+00      3.8162E-03      5.4290E+01      1.3083E+02      1.0000E+00
      6.5412E-03      1.4895E+00      1.5023E+00      2.4558E+00      3.3039E-03      6.2282E+01      1.2661E+02      1.0000E+00
      2.5900E-02      1.1820E+00      1.0730E+00      1.3777E+00      2.0811E-02      6.8978E+01      1.0098E+02      1.0000E+00
      2.0065E-02      1.0878E+00      1.0348E+00      1.2208E+00      1.7428E-02      7.5842E+01      9.9715E+01      1.0000E+00
      2.8185E-02      1.0958E+00      1.0174E+00      1.1987E+00      2.5500E-02      8.0793E+01      9.8603E+01      1.0000E+00
      1.4634E-02      1.1610E+00      1.0634E+00      1.2437E+00      1.1835E-02      7.7968E+01      1.0988E+02      1.0000E+00
      2.3987E-02      1.4958E+00      1.3414E+00      1.9755E+00      1.5000E-02      5.7890E+01      1.2633E+02      1.0000E+00
      2.6096E-02      1.4516E+00      1.2967E+00      2.0039E+00      1.5589E-02      6.3151E+01      1.2379E+02      1.0000E+00
      6.1204E-02      1.1828E+00      1.1132E+00      1.3428E+00      4.3097E-02      7.9089E+01      1.1598E+02      1.0000E+00
      8.9387E-02      1.0560E+00      1.0133E+00      1.0907E+00      8.5514E-02      8.1095E+01      9.7065E+01      1.0000E+00
      6.2020E-02      1.2023E+00      1.0430E+00      1.3315E+00      5.1404E-02      7.9668E+01      1.0331E+02      1.0000E+00
      2.4070E-02      1.5150E+00      1.3955E+00      2.0842E+00      1.4637E-02      5.6606E+01      1.2713E+02      1.0000E+00
      1.3535E-02      1.0812E+00      1.0314E+00      1.1690E+00      1.1461E-02      8.4110E+01      1.0407E+02      1.0000E+00
      2.6344E-02      1.5341E+00      1.4098E+00      2.1451E+00      1.4736E-02      5.8560E+01      1.2880E+02      1.0000E+00
      9.9114E-02      1.5814E+00      1.4486E+00      2.1224E+00      5.9045E-02      5.3790E+01      1.3010E+02      1.0000E+00
      5.4439E-02      1.0926E+00      1.0246E+00      1.1775E+00      4.6460E-02      8.5486E+01      1.0252E+02      1.0000E+00
      1.0546E-01      1.4917E+00      1.4086E+00      2.1424E+00      5.9958E-02      5.9412E+01      1.2738E+02      1.0000E+00
      6.1326E-02      1.1784E+00      1.0363E+00      1.2991E+00      5.1715E-02      7.9767E+01      1.0297E+02      1.0000E+00
      6.1559E-02      1.1873E+00      1.0972E+00      1.3167E+00      4.4514E-02      7.9552E+01      1.1429E+02      1.0000E+00
      8.6841E-02      1.0310E+00      1.0120E+00      1.0436E+00      8.3983E-02      8.1185E+01      9.7325E+01      1.0000E+00
      1.3589E-02      1.0883E+00      1.0327E+00      1.1816E+00      1.1443E-02      8.4301E+01      1.0432E+02      1.0000E+00
      2.6471E-02      1.5392E+00      1.4202E+00      2.1511E+00      1.4772E-02      5.8131E+01      1.2919E+02      1.0000E+00
      2.4359E-02      1.4876E+00      1.3890E+00      2.0698E+00      1.4816E-02      5.7618E+01      1.2649E+02      1.0000E+00
      5.3443E-02      1.1052E+00      1.0398E+00      1.1852E+00      4.4535E-02      8.2484E+01      1.0590E+02      1.0000E+00
      1.0096E-01      1.5100E+00      1.3645E+00      2.1213E+00      5.5030E-02      6.2025E+01      1.2766E+02      1.0000E+00
      9.0866E-02      1.4808E+00      1.3470E+00      1.9897E+00      5.5458E-02      5.9017E+01      1.2644E+02      1.0000E+00
      1.0206E+00      1.1984E+00      1.0511E+00      1.3557E+00      8.6017E-01      7.4471E+01      1.0476E+02      1.0000E+00
      1.0746E+00      1.1698E+00      1.0523E+00      1.2238E+00      9.4861E-01      7.4580E+01      1.0692E+02      1.0000E+00
      2.1450E-01      1.0767E+00      1.0270E+00      1.1845E+00      1.8295E-01      8.4270E+01      1.0264E+02      1.0000E+00
      4.3670E-01      1.6561E+00      1.5492E+00      2.2863E+00      2.2537E-01      5.3812E+01      1.3444E+02      1.0000E+00
      3.6146E-01      1.5144E+00      1.3565E+00      2.0569E+00      2.2969E-01      5.4103E+01      1.2292E+02      1.0000E+00
      3.0187E-01      1.6909E+00      1.4394E+00      2.4556E+00      1.5417E-01      4.8935E+01      1.2067E+02      1.0000E+00
      1.9169E-01      1.2331E+00      1.0526E+00      1.5200E+00      1.4601E-01      7.5920E+01      1.0348E+02      1.0000E+00
      4.2363E-01      1.6669E+00      1.6050E+00      2.3674E+00      2.0580E-01      5.4099E+01      1.3586E+02      1.0000E+00
      1.5877E-02      1.1983E+00      1.1823E+00      1.3383E+00      1.1040E-02      7.4838E+01      1.2201E+02      1.0000E+00
      1.6213E-02      1.1699E+00      1.1439E+00      1.3161E+00      1.1725E-02      7.6388E+01      1.1870E+02      1.0000E+00
      1.9994E-02      1.0439E+00      1.0096E+00      1.0979E+00      1.8463E-02      8.5606E+01      9.7675E+01      1.0000E+00
      3.4331E-03      1.1172E+00      1.0394E+00      1.2279E+00      2.7233E-03      8.2008E+01      1.0582E+02      1.0000E+00
      5.9234E-03      1.4967E+00      1.3436E+00      2.0781E+00      3.5016E-03      6.0162E+01      1.2558E+02      1.0000E+00
      5.9234E-03      1.5153E+00      1.3938E+00      2.0781E+00      3.3915E-03      5.8679E+01      1.2860E+02      1.0000E+00
      2.5747E-02      1.1221E+00      1.0510E+00      1.2664E+00      2.1626E-02      7.2086E+01      1.0189E+02      1.0000E+00
      2.1744E-02      1.0809E+00      1.0190E+00      1.1443E+00      1.9512E-02      7.9071E+01      9.6537E+01      1.0000E+00
      2.8914E-02      1.0990E+00      1.0154E+00      1.1734E+00      2.6603E-02      8.1624E+01      9.8358E+01      1.0000E+00
      2.5187E-02      1.5769E+00      1.4102E+00      2.1022E+00      1.5772E-02      5.1192E+01      1.2585E+02      1.0000E+00
      1.5335E-02      1.1000E+00      1.0205E+00      1.2161E+00      1.2666E-02      8.1292E+01      1.0131E+02      1.0000E+00
      3.0361E-02      1.5964E+00      1.5320E+00      2.2586E+00      1.6069E-02      5.4982E+01      1.3284E+02      1.0000E+00
      1.6204E-02      1.1167E+00      1.0665E+00      1.1850E+00      1.3328E-02      7.8527E+01      1.1034E+02      1.0000E+00
      2.7373E-02      1.4583E+00      1.2583E+00      1.9395E+00      1.6855E-02      6.3455E+01      1.2288E+02      1.0000E+00
      2.8377E-02      1.5074E+00      1.3236E+00      2.0478E+00      1.5920E-02      6.2591E+01      1.2678E+02      1.0000E+00
      3.9032E-02      1.0776E+00      1.0205E+00      1.1573E+00      3.3490E-02      8.5181E+01      1.0147E+02      1.0000E+00
      5.7009E-02      1.1653E+00      1.0513E+00      1.3005E+00      4.5636E-02      7.9396E+01      1.0763E+02      1.0000E+00
      5.7617E-02      1.1494E+00      1.0548E+00      1.2983E+00      4.6648E-02      7.8525E+01      1.0772E+02      1.0000E+00
      7.3936E-02      1.0973E+00      1.0164E+00      1.1945E+00      6.1853E-02      7.9698E+01      9.8509E+01      1.0000E+00
      8.7465E-02      1.7285E+00      1.4716E+00      2.5803E+00      4.5031E-02      5.0215E+01      1.2342E+02      1.0000E+00
      5.1370E-02      1.2077E+00      1.0507E+00      1.4753E+00      3.8959E-02      7.5585E+01      1.0333E+02      1.0000E+00
      1.0992E-01      1.6368E+00      1.5428E+00      2.3329E+00      5.6613E-02      5.4680E+01      1.3325E+02      1.0000E+00
      5.8904E-02      1.1362E+00      1.0496E+00      1.2975E+00      4.4805E-02      7.9845E+01      1.0743E+02      1.0000E+00
      9.0240E-02      1.4746E+00      1.3223E+00      2.0095E+00      5.7288E-02      5.8958E+01      1.2387E+02      1.0000E+00
      1.0265E-01      1.5060E+00      1.3775E+00      2.0682E+00      5.6842E-02      6.0804E+01      1.2871E+02      1.0000E+00
      2.3980E-01      1.1851E+00      1.1107E+00      1.3416E+00      1.6824E-01      7.9660E+01      1.1575E+02      1.0000E+00
      2.3793E-01      1.2173E+00      1.1266E+00      1.3784E+00      1.6091E-01      7.8941E+01      1.1741E+02      1.0000E+00
      3.5387E-01      1.0528E+00      1.0150E+00      1.0906E+00      3.3365E-01      8.0231E+01      9.6730E+01      1.0000E+00
      5.7692E-02      1.1595E+00      1.0434E+00      1.3353E+00      4.2407E-02      7.5773E+01      1.0647E+02      1.0000E+00
      9.3663E-02      1.5078E+00      1.4105E+00      2.0476E+00      5.5986E-02      5.6712E+01      1.2862E+02      1.0000E+00
      9.1283E-02      1.4838E+00      1.3642E+00      2.0693E+00      5.6766E-02      5.7939E+01      1.2491E+02      1.0000E+00
      3.1658E-01      1.6570E+00      1.3668E+00      2.4574E+00      1.6761E-01      5.4053E+01      1.1919E+02      1.0000E+00
      1.9551E-01      1.2377E+00      1.0658E+00      1.5183E+00      1.4707E-01      7.7588E+01      1.0711E+02      1.0000E+00
      4.1742E-01      1.6685E+00      1.5065E+00      2.3366E+00      2.0515E-01      5.6470E+01      1.3370E+02      1.0000E+00
      2.4046E-01      1.1226E+00      1.0235E+00      1.2415E+00      1.9104E-01      7.8200E+01      1.0193E+02      1.0000E+00
      4.0107E-01      1.5464E+00      1.4278E+00      2.0971E+00      2.4375E-01      5.4674E+01      1.2870E+02      1.0000E+00
      4.2485E-01      1.5033E+00      1.4390E+00      2.1029E+00      2.4238E-01      5.7642E+01      1.2937E+02      1.0000E+00
      1.0260E+00      1.1222E+00      1.0273E+00      1.1861E+00      9.0979E-01      8.0998E+01      1.0304E+02      1.0000E+00
      9.8537E-01      1.1510E+00      1.1163E+00      1.2783E+00      7.2968E-01      7.8094E+01      1.1624E+02      1.0000E+00
      1.1124E+00      1.0743E+00      1.0100E+00      1.1514E+00      9.6409E-01      8.2611E+01      9.7933E+01      1.0000E+00
      2.3823E-01      1.1346E+00      1.0340E+00      1.2751E+00      1.8718E-01      7.9844E+01      1.0458E+02      1.0000E+00
      4.2218E-01      1.5455E+00      1.4158E+00      2.1276E+00      2.3263E-01      5.8459E+01      1.2989E+02      1.0000E+00
      3.8961E-01      1.4744E+00      1.3552E+00      2.0376E+00      2.3776E-01      5.9094E+01      1.2554E+02      1.0000E+00
      4.2476E+00      1.1609E+00      1.0491E+00      1.2248E+00      3.7671E+00      7.4643E+01      1.0647E+02      1.0000E+00
      3.9970E+00      1.1950E+00      1.0491E+00      1.3547E+00      3.3699E+00      7.4756E+01      1.0447E+02      1.0000E+00
      8.3538E-01      1.0888E+00      1.0281E+00      1.1911E+00      7.0824E-01      8.3909E+01      1.0314E+02      1.0000E+00
      1.7155E+00      1.6630E+00      1.5770E+00      2.3254E+00      8.6108E-01      5.3829E+01      1.3516E+02      1.0000E+00
      1.3034E+00      1.5055E+00      1.3368E+00      1.9450E+00      8.3335E-01      5.1662E+01      1.2170E+02      1.0000E+00
      1.3121E+00      1.4984E+00      1.3359E+00      1.9524E+00      8.3651E-01      5.1994E+01      1.2131E+02      1.0000E+00
      8.3835E-01      1.0857E+00      1.0271E+00      1.1946E+00      7.0814E-01      8.4550E+01      1.0280E+02      1.0000E+00
      1.7015E+00      1.6661E+00      1.5983E+00      2.3110E+00      8.5503E-01      5.3117E+01      1.3588E+02      1.0000E+00
      5.0639E+00      1.4810E+00      1.3275E+00      1.9305E+00      3.2589E+00      5.2542E+01      1.2089E+02      1.0000E+00
      3.2380E+00      1.0805E+00      1.0276E+00      1.1873E+00      2.7463E+00      8.4395E+01      1.0289E+02      1.0000E+00
      6.5078E+00      1.6941E+00      1.6040E+00      2.3226E+00      3.2847E+00      5.2213E+01      1.3622E+02      1.0000E+00
      6.1640E+00      1.5699E+00      1.4355E+00      2.1354E+00      3.3316E+00      5.7744E+01      1.3124E+02      1.0000E+00
      3.3717E+00      1.2240E+00      1.0779E+00      1.5468E+00      2.3861E+00      7.2062E+01      1.0550E+02      1.0000E+00
      5.2541E+00      1.6621E+00      1.4040E+00      2.4949E+00      2.9548E+00      5.5390E+01      1.2325E+02      1.0000E+00
      1.4530E+00      1.4585E+00      1.2993E+00      1.9782E+00      9.4609E-01      5.6816E+01      1.2001E+02      1.0000E+00
      1.8107E+00      1.6394E+00      1.5477E+00      2.2224E+00      9.0650E-01      5.5079E+01      1.3558E+02      1.0000E+00
      9.0132E-01      1.0848E+00      1.0367E+00      1.2061E+00      7.6443E-01      8.1906E+01      1.0441E+02      1.0000E+00
      1.0022E+00      1.1518E+00      1.1209E+00      1.2857E+00      7.3458E-01      7.7841E+01      1.1669E+02      1.0000E+00
      1.1457E+00      1.0644E+00      1.0083E+00      1.1340E+00      1.0118E+00      8.2663E+01      9.6080E+01      1.0000E+00
      1.0357E+00      1.1233E+00      1.0268E+00      1.1870E+00      9.1207E-01      8.1217E+01      1.0304E+02      1.0000E+00
      3.8712E-01      1.4854E+00      1.3649E+00      2.0598E+00      2.3346E-01      5.8860E+01      1.2600E+02      1.0000E+00
      2.1806E-01      1.0854E+00      1.0291E+00      1.1780E+00      1.8630E-01      8.4446E+01      1.0345E+02      1.0000E+00
      4.2126E-01      1.5575E+00      1.4282E+00      2.1427E+00      2.2886E-01      5.8197E+01      1.3055E+02      1.0000E+00
      2.0250E+00      1.6419E+00      1.4818E+00      2.2901E+00      1.1429E+00      5.3426E+01      1.3049E+02      1.0000E+00
      9.7317E-01      1.0429E+00      1.0140E+00      1.0803E+00      8.9511E-01      8.4970E+01      9.9521E+01      1.0000E+00
      2.0181E+00      1.6370E+00      1.4746E+00      2.2947E+00      1.1448E+00      5.3631E+01      1.2998E+02      1.0000E+00
      8.8521E-01      1.0965E+00      1.0366E+00      1.2190E+00      7.4336E-01      8.2047E+01      1.0458E+02      1.0000E+00
      1.3129E+00      1.4551E+00      1.2902E+00      1.8806E+00      8.5707E-01      5.3921E+01      1.1926E+02      1.0000E+00
      1.7744E+00      1.6333E+00      1.5700E+00      2.2324E+00      8.7376E-01      5.5150E+01      1.3615E+02      1.0000E+00
      1.0768E+00      1.1658E+00      1.0500E+00      1.2249E+00      9.5484E-01      7.4757E+01      1.0635E+02      1.0000E+00
      1.0173E+00      1.1985E+00      1.0527E+00      1.3458E+00      8.6066E-01      7.4212E+01      1.0498E+02      1.0000E+00
      2.0871E-01      1.0897E+00      1.0281E+00      1.1911E+00      1.7725E-01      8.3742E+01      1.0313E+02      1.0000E+00
      3.2785E-01      1.5163E+00      1.3476E+00      1.9603E+00      2.0849E-01      5.1181E+01      1.2216E+02      1.0000E+00
      4.3370E-01      1.6551E+00      1.5693E+00      2.3290E+00      2.1857E-01      5.4122E+01      1.3471E+02      1.0000E+00
      3.3146E-01      1.5032E+00      1.3338E+00      1.9570E+00      2.1075E-01      5.1986E+01      1.2128E+02      1.0000E+00
      2.1481E-01      1.0884E+00      1.0336E+00      1.2041E+00      1.7958E-01      8.3892E+01      1.0421E+02      1.0000E+00
      4.3294E-01      1.6589E+00      1.5529E+00      2.2941E+00      2.2283E-01      5.3742E+01      1.3451E+02      1.0000E+00
      1.0271E+00      1.1753E+00      1.1378E+00      1.3178E+00      7.1761E-01      7.8722E+01      1.1843E+02      1.0000E+00
      1.0109E+00      1.1827E+00      1.0341E+00      1.3285E+00      8.4436E-01      8.0277E+01      1.0223E+02      1.0000E+00
      1.4349E+00      1.0312E+00      1.0111E+00      1.0520E+00      1.3794E+00      8.1494E+01      9.6399E+01      1.0000E+00
      2.2344E-01      1.1040E+00      1.0330E+00      1.2140E+00      1.8805E-01      8.4796E+01      1.0415E+02      1.0000E+00
      3.9278E-01      1.4841E+00      1.3595E+00      2.0763E+00      2.4196E-01      5.8470E+01      1.2483E+02      1.0000E+00
      4.2673E-01      1.5740E+00      1.4432E+00      2.1426E+00      2.3575E-01      5.6634E+01      1.3101E+02      1.0000E+00
      1.2769E+00      1.4804E+00      1.3084E+00      1.9008E+00      8.3425E-01      5.3137E+01      1.2098E+02      1.0000E+00
      8.3540E-01      1.1029E+00      1.0345E+00      1.2042E+00      7.0140E-01      8.2523E+01      1.0462E+02      1.0000E+00
      1.6860E+00      1.6519E+00      1.5403E+00      2.3066E+00      8.4427E-01      5.5168E+01      1.3440E+02      1.0000E+00
      8.8305E-01      1.0729E+00      1.0231E+00      1.1457E+00      7.6058E-01      8.5561E+01      1.0217E+02      1.0000E+00
      1.5990E+00      1.5552E+00      1.4178E+00      2.1202E+00      9.5215E-01      5.5494E+01      1.2861E+02      1.0000E+00
      1.6939E+00      1.5323E+00      1.4227E+00      2.1338E+00      9.5526E-01      5.7822E+01      1.2921E+02      1.0000E+00
      4.1070E+00      1.1853E+00      1.1432E+00      1.2651E+00      3.0261E+00      7.3976E+01      1.1899E+02      1.0000E+00
      4.0141E+00      1.1850E+00      1.0479E+00      1.3480E+00      3.4131E+00      7.4711E+01      1.0510E+02      1.0000E+00
      8.1036E-01      1.3019E+00      1.1079E+00      1.6524E+00      5.5827E-01      6.6467E+01      1.0493E+02      1.0000E+00
      1.1784E+00      1.6831E+00      1.4814E+00      2.4385E+00      6.2658E-01      4.8558E+01      1.2350E+02      1.0000E+00
      1.5281E+00      1.6065E+00      1.5661E+00      2.2595E+00      8.0897E-01      5.3761E+01      1.3385E+02      1.0000E+00
      1.4254E+00      1.4917E+00      1.3323E+00      2.0344E+00      9.1419E-01      5.5483E+01      1.2174E+02      1.0000E+00
      8.4836E-01      1.0808E+00      1.0288E+00      1.1904E+00      7.2181E-01      8.4122E+01      1.0305E+02      1.0000E+00
      1.7062E+00      1.6701E+00      1.5617E+00      2.2861E+00      8.6960E-01      5.3511E+01      1.3521E+02      1.0000E+00
      3.9208E+00      1.1753E+00      1.0338E+00      1.3234E+00      3.2831E+00      7.9534E+01      1.0294E+02      1.0000E+00
      3.9340E+00      1.1714E+00      1.0316E+00      1.3234E+00      3.2931E+00      7.9947E+01      1.0259E+02      1.0000E+00
      5.4757E+00      1.0224E+00      1.0092E+00      1.0330E+00      5.3231E+00      8.2266E+01      9.6161E+01      1.0000E+00
      8.8632E-01      1.0564E+00      1.0243E+00      1.0981E+00      7.9676E-01      8.3224E+01      1.0250E+02      1.0000E+00
      1.7050E+00      1.5563E+00      1.3922E+00      2.1381E+00      9.7419E-01      5.7809E+01      1.2838E+02      1.0000E+00
      1.7022E+00      1.5648E+00      1.4047E+00      2.1365E+00      9.6766E-01      5.7268E+01      1.2913E+02      1.0000E+00
      3.3567E+00      1.0873E+00      1.0299E+00      1.1785E+00      2.8776E+00      8.4265E+01      1.0360E+02      1.0000E+00
      6.2383E+00      1.5753E+00      1.4193E+00      2.1155E+00      3.4297E+00      5.7537E+01      1.3085E+02      1.0000E+00
      5.7641E+00      1.4868E+00      1.3425E+00      2.0269E+00      3.5276E+00      5.9065E+01      1.2556E+02      1.0000E+00
      5.2322E+00      1.6676E+00      1.4030E+00      2.4998E+00      2.9341E+00      5.5294E+01      1.2325E+02      1.0000E+00
      3.3274E+00      1.2259E+00      1.0726E+00      1.5414E+00      2.3637E+00      7.2640E+01      1.0586E+02      1.0000E+00
      6.1301E+00      1.5708E+00      1.4299E+00      2.1450E+00      3.3195E+00      5.7877E+01      1.3089E+02      1.0000E+00
      3.2212E+00      1.2491E+00      1.0922E+00      1.5935E+00      2.2789E+00      6.9982E+01      1.0343E+02      1.0000E+00
      4.8078E+00      1.6442E+00      1.4401E+00      2.4298E+00      2.5097E+00      5.0129E+01      1.2019E+02      1.0000E+00
      6.4370E+00      1.6880E+00      1.6242E+00      2.3513E+00      3.2104E+00      5.2263E+01      1.3638E+02      1.0000E+00
      5.6477E+00      1.4884E+00      1.3353E+00      2.0373E+00      3.6191E+00      5.5511E+01      1.2171E+02      1.0000E+00
      3.3121E+00      1.0803E+00      1.0300E+00      1.1850E+00      2.8286E+00      8.3736E+01      1.0339E+02      1.0000E+00
      6.6479E+00      1.6863E+00      1.5590E+00      2.2983E+00      3.4494E+00      5.2697E+01      1.3491E+02      1.0000E+00
      3.3842E+00      1.0887E+00      1.0287E+00      1.1847E+00      2.9008E+00      8.4560E+01      1.0326E+02      1.0000E+00
      5.7752E+00      1.4844E+00      1.3421E+00      2.0252E+00      3.5375E+00      5.9120E+01      1.2549E+02      1.0000E+00
      6.2739E+00      1.5754E+00      1.4257E+00      2.1076E+00      3.4355E+00      5.7424E+01      1.3125E+02      1.0000E+00
      2.4420E-03      1.2460E+00      1.2687E+00      1.9668E+00      1.5820E-03      7.2662E+01      1.1106E+02      1.0000E+00
      1.4785E-03      1.5104E+00      1.2301E+00      1.8018E+00      9.3938E-04      5.6899E+01      1.1284E+02      1.0000E+00
      1.4220E-03      1.3374E+00      1.1591E+00      1.5652E+00      1.0252E-03      6.0498E+01      1.1123E+02      1.0000E+00
      1.4561E-03      1.3171E+00      1.1435E+00      1.4968E+00      1.0652E-03      6.1884E+01      1.0874E+02      1.0000E+00
      1.5008E-03      1.5174E+00      1.3014E+00      1.9415E+00      9.2628E-04      5.0810E+01      1.1166E+02      1.0000E+00
      1.0641E-03      1.8657E+00      1.4832E+00      2.2516E+00      5.8407E-04      4.5661E+01      1.2637E+02      1.0000E+00
      5.8604E-04      1.0663E+00      1.0507E+00      1.1247E+00      5.3130E-04      7.6371E+01      1.0731E+02      1.0000E+00
      6.2754E-04      1.0994E+00      1.0302E+00      1.2482E+00      5.5640E-04      8.4068E+01      1.0056E+02      1.0000E+00
      3.9760E-04      1.2285E+00      1.1201E+00      1.4935E+00      2.7403E-04      7.9696E+01      1.1544E+02      1.0000E+00
      4.6154E-04      1.3558E+00      1.1663E+00      1.7579E+00      3.2541E-04      6.6561E+01      1.1548E+02      1.0000E+00
      6.1520E-04      1.1775E+00      1.0670E+00      1.3444E+00      4.6316E-04      6.9603E+01      9.8054E+01      1.0000E+00
      3.2361E-04      1.2242E+00      1.0449E+00      1.4648E+00      2.5256E-04      7.8446E+01      1.0418E+02      1.0000E+00
      1.4886E-04      1.2460E+00      1.1577E+00      1.5478E+00      8.9343E-05      7.3059E+01      1.1970E+02      1.0000E+00
      1.5968E-04      1.3764E+00      1.2301E+00      1.7522E+00      1.0334E-04      6.5237E+01      1.2235E+02      1.0000E+00
      2.2514E-04      1.1985E+00      1.0575E+00      1.3689E+00      1.6649E-04      7.1266E+01      1.0152E+02      1.0000E+00
      1.2480E-04      1.1917E+00      1.0986E+00      1.5168E+00      8.4032E-05      7.4682E+01      1.1203E+02      1.0000E+00
      1.3924E-04      1.1929E+00      1.2025E+00      1.5927E+00      9.3467E-05      7.4387E+01      1.1808E+02      1.0000E+00
      1.4732E-04      1.4270E+00      1.7009E+00      1.7884E+00      7.5664E-05      6.3459E+01      1.4084E+02      1.0000E+00
      1.3439E-04      1.9077E+00      1.5984E+00      2.1977E+00      7.8248E-05      4.4727E+01      1.3817E+02      1.0000E+00
      4.2103E-04      2.0718E+00      1.6526E+00      2.8723E+00      2.5618E-04      4.2219E+01      1.2989E+02      1.0000E+00
      6.0308E-04      1.6968E+00      1.6753E+00      2.7163E+00      2.6390E-04      4.2105E+01      1.1299E+02      1.0000E+00
      3.3602E-04      1.6154E+00      1.3792E+00      1.9998E+00      2.5501E-04      6.4994E+01      1.2152E+02      1.0000E+00
      3.5179E-04      1.4512E+00      1.2105E+00      1.7373E+00      3.1162E-04      6.9038E+01      1.1176E+02      1.0000E+00
      7.9599E-04      1.5981E+00      1.3989E+00      2.7055E+00      3.9018E-04      5.9207E+01      1.1838E+02      1.0000E+00
      2.7188E-03      1.2575E+00      1.2501E+00      1.4942E+00      1.7005E-03      7.4764E+01      1.2605E+02      1.0000E+00
      5.8690E-03      1.4147E+00      1.1897E+00      1.8183E+00      3.0926E-03      5.7323E+01      1.1374E+02      1.0000E+00
      5.6994E-03      1.4460E+00      1.2374E+00      1.8657E+00      3.4533E-03      5.4333E+01      1.0577E+02      1.0000E+00
      5.4918E-03      1.7052E+00      1.5264E+00      2.4503E+00      2.9335E-03      4.3416E+01      1.1182E+02      1.0000E+00
      3.8212E-03      2.1319E+00      1.6892E+00      2.9307E+00      1.7482E-03      3.8711E+01      1.2623E+02      1.0000E+00
      1.9842E-03      1.1839E+00      1.0713E+00      1.3749E+00      1.8031E-03      7.4572E+01      1.0115E+02      1.0000E+00
      2.1483E-03      1.1629E+00      1.1009E+00      1.5577E+00      1.5910E-03      7.8077E+01      1.0557E+02      1.0000E+00
      1.4100E-03      1.3150E+00      1.1097E+00      1.5813E+00      1.1471E-03      6.9173E+01      1.0450E+02      1.0000E+00
      1.9343E-03      1.7125E+00      1.4117E+00      2.4076E+00      1.0346E-03      5.0220E+01      1.1207E+02      1.0000E+00
      2.9224E-03      1.3534E+00      1.5121E+00      2.3563E+00      1.6396E-03      5.9323E+01      1.1315E+02      1.0000E+00
      5.7358E-04      1.1462E+00      1.0740E+00      1.4557E+00      4.7364E-04      8.1782E+01      9.9673E+01      1.0000E+00
      5.9783E-04      1.2428E+00      1.1148E+00      1.6006E+00      4.7612E-04      7.5984E+01      9.8384E+01      1.0000E+00
      9.0518E-04      1.3795E+00      1.3492E+00      2.1489E+00      5.4385E-04      6.0534E+01      1.0434E+02      1.0000E+00
      6.9070E-04      1.6100E+00      1.3167E+00      2.1716E+00      4.0325E-04      5.4751E+01      1.0990E+02      1.0000E+00
      5.0969E-04      1.2640E+00      1.1085E+00      1.3896E+00      4.5454E-04      6.8172E+01      1.1045E+02      1.0000E+00
      6.9599E-04      1.1132E+00      1.0484E+00      1.2701E+00      5.8159E-04      7.9166E+01      1.0570E+02      1.0000E+00
      5.5826E-04      1.1832E+00      1.0988E+00      1.4527E+00      4.0065E-04      8.0287E+01      1.1231E+02      1.0000E+00
      7.3602E-04      1.4055E+00      1.1639E+00      1.9414E+00      4.0111E-04      6.3176E+01      1.1718E+02      1.0000E+00
      2.1083E-03      1.5362E+00      1.2411E+00      1.8648E+00      1.1467E-03      6.3149E+01      1.2098E+02      1.0000E+00
      3.5367E-03      1.2243E+00      1.1491E+00      1.6154E+00      2.6095E-03      6.7633E+01      1.0820E+02      1.0000E+00
      2.9158E-03      1.1021E+00      1.0164E+00      1.1873E+00      2.4654E-03      8.2508E+01      1.0032E+02      1.0000E+00
      2.0276E-03      1.1603E+00      1.0810E+00      1.3088E+00      1.4974E-03      8.2148E+01      1.1223E+02      1.0000E+00
      3.0048E-03      1.5171E+00      1.2732E+00      2.0155E+00      1.8615E-03      6.0860E+01      1.2329E+02      1.0000E+00
      7.1650E-03      1.1710E+00      1.0432E+00      1.3609E+00      5.5406E-03      7.9429E+01      1.0562E+02      1.0000E+00
      1.0012E-02      1.1104E+00      1.0225E+00      1.2171E+00      9.1763E-03      8.0138E+01      9.5628E+01      1.0000E+00
      1.3477E-02      1.1178E+00      1.0470E+00      1.2931E+00      1.2642E-02      8.0861E+01      9.9306E+01      1.0000E+00
      1.9933E-02      1.1632E+00      1.0860E+00      1.4437E+00      1.7916E-02      7.9541E+01      1.0040E+02      1.0000E+00
      3.0178E-02      1.2090E+00      1.0898E+00      1.5045E+00      2.7719E-02      8.2774E+01      9.5580E+01      1.0000E+00
      3.7982E-02      1.2091E+00      1.0741E+00      1.4618E+00      3.6262E-02      8.6002E+01      9.2697E+01      1.0000E+00
      4.2167E-02      1.1773E+00      1.0560E+00      1.3952E+00      4.0749E-02      8.8164E+01      9.2201E+01      1.0000E+00
      4.4341E-02      1.1403E+00      1.0366E+00      1.3066E+00      4.3426E-02      8.8055E+01      9.1952E+01      1.0000E+00
      4.3266E-02      1.1254E+00      1.0240E+00      1.2428E+00      4.2358E-02      8.6566E+01      9.2837E+01      1.0000E+00
      3.6204E-02      1.1185E+00      1.0271E+00      1.2591E+00      3.2939E-02      8.3319E+01      9.3542E+01      1.0000E+00
      2.6075E-02      1.2062E+00      1.0712E+00      1.3229E+00      1.9928E-02      7.8641E+01      1.1101E+02      1.0000E+00
      1.0776E-02      1.4524E+00      1.2212E+00      2.1359E+00      6.4541E-03      6.8579E+01      1.1609E+02      1.0000E+00
      7.1029E-03      1.3486E+00      1.1640E+00      1.6255E+00      5.1715E-03      7.4263E+01      1.1656E+02      1.0000E+00
      1.0097E-02      1.1547E+00      1.0642E+00      1.4003E+00      9.3618E-03      8.3556E+01      9.6547E+01      1.0000E+00
      1.1351E-02      1.1271E+00      1.0287E+00      1.2611E+00      1.0596E-02      8.6717E+01      9.6679E+01      1.0000E+00
      1.1700E-02      1.2508E+00      1.0714E+00      1.3323E+00      9.8933E-03      7.6429E+01      1.0548E+02      1.0000E+00
      5.6433E-03      1.3870E+00      1.4064E+00      2.1995E+00      3.0755E-03      6.6027E+01      1.2374E+02      1.0000E+00
      3.1729E-03      1.2973E+00      1.1109E+00      1.5774E+00      2.4353E-03      7.6455E+01      1.0484E+02      1.0000E+00
      3.7788E-03      1.1330E+00      1.0396E+00      1.2338E+00      3.5185E-03      7.9718E+01      1.0349E+02      1.0000E+00
      3.6910E-03      1.0884E+00      1.0150E+00      1.1200E+00      3.4552E-03      8.2566E+01      9.8572E+01      1.0000E+00
      3.5635E-03      1.1759E+00      1.0437E+00      1.3313E+00      2.9879E-03      7.6869E+01      1.0512E+02      1.0000E+00
      1.6629E-03      1.5226E+00      1.3952E+00      2.1368E+00      8.9846E-04      6.0708E+01      1.2894E+02      1.0000E+00
      9.4970E-04      1.1651E+00      1.0469E+00      1.2869E+00      7.3614E-04      8.1102E+01      1.0721E+02      1.0000E+00
      1.1070E-03      1.0378E+00      1.0111E+00      1.0891E+00      1.0349E-03      8.4682E+01      9.8140E+01      1.0000E+00
      1.0644E-03      1.0581E+00      1.0140E+00      1.1742E+00      9.9665E-04      8.6593E+01      9.3368E+01      1.0000E+00
      9.7903E-04      1.1887E+00      1.1809E+00      1.5210E+00      7.2067E-04      6.9652E+01      1.1633E+02      1.0000E+00
      4.5250E-04      1.6790E+00      1.2593E+00      2.3911E+00      2.4954E-04      6.2512E+01      1.2122E+02      1.0000E+00
      2.1994E-04      1.5893E+00      1.2255E+00      1.8894E+00      1.5197E-04      6.5250E+01      1.1486E+02      1.0000E+00
      5.1234E-04      1.5031E+00      1.2854E+00      2.3910E+00      2.7508E-04      6.4590E+01      1.1789E+02      1.0000E+00
      1.0119E-03      1.1319E+00      1.0901E+00      1.1867E+00      8.9097E-04      7.0087E+01      1.1287E+02      1.0000E+00
      6.9729E-04      1.2612E+00      1.1878E+00      1.7776E+00      5.3980E-04      7.4264E+01      9.9924E+01      1.0000E+00
      7.8806E-04      1.0935E+00      1.0147E+00      1.1738E+00      7.6871E-04      8.6568E+01      9.4118E+01      1.0000E+00
      8.9295E-04      1.1361E+00      1.0338E+00      1.2949E+00      8.4225E-04      8.5910E+01      9.2220E+01      1.0000E+00
      6.8478E-04      1.3582E+00      1.3079E+00      1.6110E+00      5.0158E-04      6.6725E+01      1.2590E+02      1.0000E+00
      5.7553E-04      1.4409E+00      1.2396E+00      1.7879E+00      3.6105E-04      5.4245E+01      1.0861E+02      1.0000E+00
      7.2654E-04      1.3424E+00      1.5118E+00      1.8673E+00      4.1927E-04      5.9869E+01      1.3169E+02      1.0000E+00
      1.0721E-03      1.1616E+00      1.0301E+00      1.2887E+00      8.6256E-04      7.9986E+01      1.0281E+02      1.0000E+00
      7.7635E-04      1.0902E+00      1.0584E+00      1.2893E+00      6.6645E-04      7.7565E+01      1.0414E+02      1.0000E+00
      4.9225E-04      1.3268E+00      1.1473E+00      1.6546E+00      3.2982E-04      7.6209E+01      1.1544E+02      1.0000E+00
      6.4289E-04      1.3904E+00      1.1655E+00      1.9620E+00      3.6227E-04      6.5248E+01      1.1641E+02      1.0000E+00
      2.1632E-03      1.4814E+00      1.1789E+00      1.9362E+00      1.1800E-03      5.9616E+01      1.1512E+02      1.0000E+00
      3.5391E-03      1.1685E+00      1.0644E+00      1.4318E+00      2.7079E-03      7.3529E+01      1.0000E+02      1.0000E+00
      2.7312E-03      1.1012E+00      1.0493E+00      1.3146E+00      2.2782E-03      8.0514E+01      1.0300E+02      1.0000E+00
      1.7626E-03      1.3584E+00      1.1796E+00      1.7244E+00      1.1624E-03      7.7528E+01      1.1798E+02      1.0000E+00
      2.3519E-03      1.3791E+00      1.2264E+00      2.0050E+00      1.3136E-03      6.1437E+01      1.1228E+02      1.0000E+00
      7.8788E-03      1.3981E+00      1.1718E+00      1.8637E+00      4.5316E-03      6.8414E+01      1.1916E+02      1.0000E+00
      1.5154E-02      1.1795E+00      1.0459E+00      1.3322E+00      1.2531E-02      7.7230E+01      1.0590E+02      1.0000E+00
      1.7597E-02      1.0822E+00      1.0116E+00      1.1570E+00      1.6722E-02      8.3976E+01      9.3789E+01      1.0000E+00
      1.6897E-02      1.2314E+00      1.0809E+00      1.3334E+00      1.3365E-02      7.4965E+01      1.1224E+02      1.0000E+00
      2.8048E-02      1.5122E+00      1.2082E+00      2.0566E+00      1.8267E-02      6.3115E+01      1.1719E+02      1.0000E+00
      5.2508E-02      1.1913E+00      1.0784E+00      1.3825E+00      4.3445E-02      7.0211E+01      1.0810E+02      1.0000E+00
      5.2041E-02      1.0380E+00      1.0028E+00      1.0732E+00      4.9204E-02      8.5825E+01      9.2080E+01      1.0000E+00
      5.5826E-02      1.0215E+00      1.0026E+00      1.0427E+00      5.3789E-02      8.5900E+01      9.2056E+01      1.0000E+00
      5.4083E-02      1.0380E+00      1.0038E+00      1.0854E+00      5.1296E-02      8.5242E+01      9.3492E+01      1.0000E+00
      4.7034E-02      1.0441E+00      1.0097E+00      1.1198E+00      4.4128E-02      8.3641E+01      9.4605E+01      1.0000E+00
      3.8085E-02      1.0622E+00      1.0072E+00      1.1233E+00      3.4658E-02      8.3289E+01      9.3618E+01      1.0000E+00
      2.7997E-02      1.1458E+00      1.0673E+00      1.3559E+00      2.1329E-02      8.0773E+01      1.0893E+02      1.0000E+00
      1.1696E-02      1.5584E+00      1.2415E+00      2.0486E+00      7.2090E-03      6.1719E+01      1.2207E+02      1.0000E+00
      7.8778E-03      1.1892E+00      1.1027E+00      1.3245E+00      5.8494E-03      7.8110E+01      1.1481E+02      1.0000E+00
      1.1073E-02      1.0683E+00      1.0132E+00      1.1745E+00      9.8654E-03      8.4098E+01      9.6449E+01      1.0000E+00
      1.2729E-02      1.2056E+00      1.0686E+00      1.4261E+00      1.0348E-02      7.2174E+01      1.0632E+02      1.0000E+00
      6.7772E-03      1.4934E+00      1.2445E+00      2.0823E+00      4.3893E-03      6.1945E+01      1.1818E+02      1.0000E+00
      4.0570E-03      1.2355E+00      1.0756E+00      1.3700E+00      3.1910E-03      7.7465E+01      1.1019E+02      1.0000E+00
      4.3216E-03      1.0853E+00      1.0151E+00      1.1305E+00      4.1580E-03      8.2407E+01      9.7360E+01      1.0000E+00
      3.9877E-03      1.1652E+00      1.0399E+00      1.3546E+00      3.3812E-03      7.7438E+01      1.0238E+02      1.0000E+00
      2.1966E-03      1.4168E+00      1.1628E+00      1.8294E+00      1.5428E-03      6.4579E+01      1.1485E+02      1.0000E+00
      1.6979E-03      1.1479E+00      1.1211E+00      1.3098E+00      1.4655E-03      6.6722E+01      1.1280E+02      1.0000E+00
      1.2808E-03      1.3237E+00      1.2213E+00      1.8324E+00      8.8533E-04      6.5715E+01      1.1589E+02      1.0000E+00
      8.7590E-04      1.1523E+00      1.0821E+00      1.3316E+00      7.3844E-04      6.9068E+01      1.0578E+02      1.0000E+00
      5.9676E-04      1.3655E+00      1.2105E+00      1.8054E+00      4.1525E-04      6.4025E+01      1.1768E+02      1.0000E+00
      4.9108E-04      1.2022E+00      1.1331E+00      1.4564E+00      3.8897E-04      6.8624E+01      1.1355E+02      1.0000E+00
      4.3957E-04      1.2907E+00      1.2663E+00      1.6576E+00      3.1364E-04      6.2079E+01      1.2158E+02      1.0000E+00
      3.7807E-04      1.2493E+00      1.0635E+00      1.5202E+00      2.6667E-04      7.0955E+01      1.0538E+02      1.0000E+00
      6.8449E-04      1.2217E+00      1.1006E+00      1.5294E+00      4.5305E-04      7.4161E+01      1.1322E+02      1.0000E+00
      5.2565E-04      1.4408E+00      1.2310E+00      1.6309E+00      3.8791E-04      5.6253E+01      1.1818E+02      1.0000E+00
      5.2457E-04      1.5018E+00      1.2171E+00      1.8107E+00      3.6090E-04      5.9409E+01      1.1297E+02      1.0000E+00
      7.2376E-04      1.2547E+00      1.2144E+00      1.8106E+00      4.8592E-04      6.6798E+01      1.0339E+02      1.0000E+00
      8.1470E-03      1.4822E+00      1.2235E+00      1.8332E+00      4.6438E-03      6.6420E+01      1.2020E+02      1.0000E+00
      1.3989E-02      1.1508E+00      1.0960E+00      1.4510E+00      1.1336E-02      7.3484E+01      1.0568E+02      1.0000E+00
      1.3843E-02      1.0429E+00      1.0110E+00      1.1212E+00      1.3015E-02      8.5017E+01      9.6568E+01      1.0000E+00
      1.2727E-02      1.0647E+00      1.0107E+00      1.1713E+00      1.1573E-02      8.4484E+01      9.4643E+01      1.0000E+00
      1.0040E-02      1.1396E+00      1.0467E+00      1.3372E+00      8.4944E-03      8.4043E+01      1.0329E+02      1.0000E+00
      7.5591E-03      1.1724E+00      1.0679E+00      1.3351E+00      6.5997E-03      7.9375E+01      1.0730E+02      1.0000E+00
      5.6336E-03      1.2162E+00      1.1406E+00      1.2927E+00      4.6936E-03      6.9623E+01      1.1790E+02      1.0000E+00
      3.1662E-03      1.2668E+00      1.1596E+00      1.3690E+00      2.6129E-03      5.9943E+01      1.1256E+02      1.0000E+00
      2.3283E-03      1.3837E+00      1.8690E+00      1.6398E+00      1.1345E-03      5.9226E+01      1.4537E+02      1.0000E+00
      2.8936E-03      1.5747E+00      1.3741E+00      2.1244E+00      2.2489E-03      7.0779E+01      1.1693E+02      1.0000E+00
      5.9887E-03      1.6760E+00      2.0881E+00      1.3677E+00      3.6067E-03      4.0629E+01      1.5099E+02      1.0000E+00
      9.3958E-03      1.3571E+00      1.2214E+00      1.8459E+00      6.5420E-03      6.2014E+01      1.0219E+02      1.0000E+00
      1.0076E-02      1.3067E+00      1.4068E+00      1.8080E+00      7.2214E-03      6.0568E+01      1.2295E+02      1.0000E+00
      1.1859E-02      1.2286E+00      1.1018E+00      1.4773E+00      8.7355E-03      8.0982E+01      1.1288E+02      1.0000E+00
      6.9962E-03      1.1920E+00      1.1349E+00      1.4692E+00      5.8755E-03      6.8825E+01      1.0871E+02      1.0000E+00
      4.4539E-03      1.2485E+00      1.1490E+00      1.6330E+00      3.7226E-03      7.3137E+01      1.0228E+02      1.0000E+00
      2.3766E-03      1.3450E+00      1.1806E+00      1.7370E+00      1.6103E-03      7.8375E+01      1.1705E+02      1.0000E+00
      2.5755E-03      1.3358E+00      1.1262E+00      1.8018E+00      1.7981E-03      7.1989E+01      1.0983E+02      1.0000E+00
      3.7603E-03      1.2263E+00      1.0809E+00      1.4333E+00      2.9506E-03      6.8534E+01      1.0643E+02      1.0000E+00
      2.8850E-03      1.0954E+00      1.0183E+00      1.2099E+00      2.4414E-03      8.2486E+01      1.0012E+02      1.0000E+00
      2.0177E-03      1.0943E+00      1.0512E+00      1.3174E+00      1.6781E-03      8.1486E+01      1.0275E+02      1.0000E+00
      1.1292E-03      1.1181E+00      1.0972E+00      1.4814E+00      9.0657E-04      7.8697E+01      1.0067E+02      1.0000E+00
      5.2693E-04      1.3361E+00      1.2676E+00      1.6807E+00      3.1797E-04      7.4370E+01      1.2596E+02      1.0000E+00
      6.0284E-04      1.4664E+00      1.1445E+00      1.9683E+00      3.8226E-04      6.8923E+01      1.1429E+02      1.0000E+00
      1.0296E-03      1.2231E+00      1.1134E+00      1.4144E+00      8.3963E-04      6.5939E+01      1.1213E+02      1.0000E+00
      8.8848E-04      1.0645E+00      1.0155E+00      1.1287E+00      8.1063E-04      8.0034E+01      9.5203E+01      1.0000E+00
      7.8590E-04      1.0576E+00      1.0144E+00      1.1511E+00      7.4754E-04      8.3879E+01      9.5385E+01      1.0000E+00
      6.8125E-04      1.0685E+00      1.0167E+00      1.1584E+00      6.5363E-04      8.2958E+01      9.6167E+01      1.0000E+00
      5.6069E-04      1.0599E+00      1.0151E+00      1.0957E+00      5.2988E-04      8.0397E+01      9.8426E+01      1.0000E+00
      4.4340E-04      1.1832E+00      1.1235E+00      1.5720E+00      3.4947E-04      7.9791E+01      1.0596E+02      1.0000E+00
      4.2702E-04      1.5336E+00      1.5505E+00      2.7313E+00      2.4599E-04      7.1407E+01      1.1471E+02      1.0000E+00
      6.7921E-04      1.8658E+00      2.2654E+00      4.2845E+00      2.5927E-04      5.5562E+01      1.2335E+02      1.0000E+00
      9.9459E-04      1.5000E+00      2.3211E+00      3.7858E+00      4.2254E-04      5.7575E+01      1.1926E+02      1.0000E+00
      5.1128E-04      1.8022E+00      1.4811E+00      2.5717E+00      2.7261E-04      4.6524E+01      1.1658E+02      1.0000E+00
      4.3862E-04      1.2942E+00      1.1414E+00      1.4569E+00      3.5028E-04      6.2345E+01      1.1062E+02      1.0000E+00
      4.3479E-04      1.2848E+00      1.1153E+00      1.6336E+00      3.1260E-04      6.7180E+01      1.0731E+02      1.0000E+00
      4.3595E-04      1.2257E+00      1.1909E+00      1.5454E+00      3.3808E-04      6.3435E+01      1.1475E+02      1.0000E+00
      4.5366E-04      1.1886E+00      1.1529E+00      1.5782E+00      3.4249E-04      6.8753E+01      1.0788E+02      1.0000E+00
      4.5619E-04      1.1841E+00      1.1812E+00      1.5715E+00      3.5475E-04      6.8032E+01      1.1195E+02      1.0000E+00
      4.9598E-04      1.1653E+00      1.1854E+00      1.5019E+00      3.9052E-04      6.8587E+01      1.1388E+02      1.0000E+00
      5.6821E-04      1.2715E+00      1.1412E+00      1.7614E+00      3.6229E-04      6.9559E+01      1.1038E+02      1.0000E+00
      1.5452E-03      1.2558E+00      1.1129E+00      1.6288E+00      9.5029E-04      6.8798E+01      1.1360E+02      1.0000E+00
      1.6797E-03      1.2154E+00      1.1522E+00      1.4300E+00      1.3665E-03      6.3744E+01      1.1466E+02      1.0000E+00
      1.9070E-03      1.3065E+00      1.1055E+00      1.6555E+00      1.4332E-03      7.0485E+01      1.0968E+02      1.0000E+00
      2.3195E-03      1.2135E+00      1.2077E+00      1.3486E+00      1.8844E-03      6.1795E+01      1.2142E+02      1.0000E+00
      2.8576E-03      1.4805E+00      1.1718E+00      1.8378E+00      1.7598E-03      6.2012E+01      1.1027E+02      1.0000E+00
      7.4156E-03      1.0296E+00      1.0035E+00      1.0597E+00      7.0830E-03      8.7826E+01      9.4693E+01      1.0000E+00
      1.9466E-03      1.1110E+00      1.0391E+00      1.2255E+00      1.8864E-03      7.9329E+01      1.0079E+02      1.0000E+00
      3.0140E-02      1.0272E+00      1.0057E+00      1.0517E+00      2.8720E-02      8.6560E+01      9.6108E+01      1.0000E+00
